thema,stufe,frage,antworten,erklaerung,merksatz,quelle,bild,status
pol_welt,2,"In welchem Bündner Ort wird seit 1926 die Ozonschicht gemessen, so lange wie nirgends sonst auf der Welt?","[""Arosa"", ""Davos"", ""St. Moritz"", ""Chur""]",Der Forscher Paul Götz begann in Arosa mit den Ozonmessungen. Heute führt MeteoSchweiz die längste Ozon-Messreihe der Welt weiter.,Die längste Ozon-Messreihe der Welt stammt aus Arosa.,Montreal-Protokoll,,ok
pol_welt,2,"Wofür erhielten Paul Crutzen, Mario Molina und Sherwood Rowland 1995 den Nobelpreis für Chemie?","[""Für die Erforschung des Ozonabbaus"", ""Für die Erfindung der Solarzelle"", ""Für die Entdeckung des Treibhauseffekts"", ""Für die Herstellung von Kunststoff""]","Die drei Forscher erklärten, wie chemische Stoffe das Ozon in der Atmosphäre zerstören. Ihre Arbeit war eine wichtige Grundlage für das Montreal-Protokoll.",Drei Chemiker erhielten für die Ozonforschung den Nobelpreis.,Montreal-Protokoll,,ok
pol_welt,2,An welcher Weltklimakonferenz wurde das Abkommen von Paris im Dezember 2015 beschlossen?,"[""COP21"", ""COP1"", ""COP15"", ""COP26""]",Die 21. Vertragsstaatenkonferenz der Klimarahmenkonvention fand 2015 in Paris statt. Dort einigten sich fast 200 Staaten auf das neue Abkommen.,Das Pariser Abkommen entstand an der COP21.,Übereinkommen von Paris,,ok
pol_welt,2,Auf welchen Wert soll die Erderwärmung gemäss dem Pariser Abkommen nach Möglichkeit begrenzt werden?,"[""1,5 Grad"", ""0,5 Grad"", ""3 Grad"", ""4 Grad""]","Das Abkommen will die Erwärmung deutlich unter 2 Grad halten. Die Staaten wollen sich zudem bemühen, sie auf 1,5 Grad zu begrenzen.","Paris strebt an, die Erwärmung auf 1,5 Grad zu begrenzen.",Übereinkommen von Paris,,ok
pol_welt,2,"Mit welcher Zeit wird die Erwärmung beim 1,5-Grad-Ziel verglichen?","[""Mit der vorindustriellen Zeit"", ""Mit dem Jahr 2000"", ""Mit dem Mittelalter"", ""Mit der letzten Eiszeit""]","Gemessen wird gegenüber dem Durchschnitt vor der Industrialisierung, meist 1850 bis 1900. Seither hat die Verbrennung von Kohle, Öl und Gas stark zugenommen.",Die Erwärmung wird mit der Zeit vor der Industrialisierung verglichen.,Übereinkommen von Paris,,ok
pol_welt,2,"Wie heissen die Klimapläne, die jedes Land unter dem Pariser Abkommen einreichen muss?","[""National festgelegte Beiträge"", ""Nationale Klimasteuern"", ""Weltweite Ausstosskarten"", ""Grüne Staatsanleihen""]","Jedes Land legt selbst fest, wie stark es seine Emissionen senken will. Diese Pläne heissen national festgelegte Beiträge, auf Englisch NDC.",Jedes Land legt seinen eigenen Klimabeitrag fest.,Übereinkommen von Paris,,ok
pol_welt,2,Alle wie viele Jahre sollen die Länder ihre Klimapläne unter dem Pariser Abkommen erneuern?,"[""Alle 5 Jahre"", ""Jedes Jahr"", ""Alle 10 Jahre"", ""Alle 20 Jahre""]",Alle fünf Jahre sollen die Staaten neue und möglichst ehrgeizigere Ziele vorlegen. Man spricht vom Ambitionsmechanismus.,Die Klimapläne werden alle fünf Jahre erneuert.,Übereinkommen von Paris,,ok
pol_welt,2,In welchem Jahr trat das Pariser Klimaabkommen in Kraft?,"[""2016"", ""2015"", ""2018"", ""2020""]","Das Abkommen trat am 4. November 2016 in Kraft, nachdem genügend Staaten es ratifiziert hatten. Das ging für einen so grossen Vertrag sehr schnell.",Das Pariser Abkommen gilt seit November 2016.,Übereinkommen von Paris,,ok
pol_welt,2,Welches Land ist unter Präsident Donald Trump gleich zweimal aus dem Pariser Abkommen ausgetreten?,"[""Die USA"", ""Kanada"", ""Australien"", ""Brasilien""]","Die USA verliessen das Abkommen 2020, traten 2021 unter Joe Biden wieder bei und kündigten im Januar 2025 erneut den Austritt an. Sie gehören zu den grössten Verursachern von Treibhausgasen.",Die USA sind zweimal aus dem Pariser Abkommen ausgetreten.,Übereinkommen von Paris,,ok
pol_welt,2,Um wie viel will die Schweiz ihren Treibhausgas-Ausstoss bis 2030 gegenüber 1990 senken?,"[""Um die Hälfte"", ""Um ein Zehntel"", ""Um ein Viertel"", ""Auf null""]",Die Schweiz hat unter dem Pariser Abkommen eine Halbierung ihrer Emissionen bis 2030 angemeldet. Ein Teil davon darf durch Projekte im Ausland erreicht werden.,Die Schweiz will ihren Ausstoss bis 2030 halbieren.,Übereinkommen von Paris,,ok
pol_welt,2,Für welches Gas steht die Formel CO2?,"[""Kohlendioxid"", ""Kohlenmonoxid"", ""Ozon"", ""Methan""]","CO2 besteht aus einem Kohlenstoffatom und zwei Sauerstoffatomen. Es entsteht vor allem beim Verbrennen von Kohle, Öl und Gas.",CO2 ist die chemische Formel von Kohlendioxid.,CO2-Gesetz,,ok
pol_welt,2,In welchem Jahr trat das erste CO2-Gesetz der Schweiz in Kraft?,"[""2000"", ""1985"", ""2010"", ""2015""]",Das erste CO2-Gesetz wurde 1999 vom Parlament beschlossen und trat am 1. Mai 2000 in Kraft. Es setzte Ziele zur Senkung des Ausstosses.,Das erste CO2-Gesetz der Schweiz gilt seit dem Jahr 2000.,CO2-Gesetz,,ok
pol_welt,2,Auf welche Produkte wird in der Schweiz die CO2-Abgabe erhoben?,"[""Auf Heizöl und Erdgas"", ""Auf Benzin und Diesel"", ""Auf Strom aus Wasserkraft"", ""Auf Fleisch und Milch""]","Die CO2-Abgabe gilt für fossile Brennstoffe, die zum Heizen oder für Prozesswärme verwendet werden. Treibstoffe wie Benzin sind davon ausgenommen.",Die CO2-Abgabe verteuert Heizöl und Erdgas.,CO2-Gesetz,,ok
pol_welt,2,Wie hoch ist die CO2-Abgabe der Schweiz pro Tonne CO2 (Stand 2025)?,"[""120 Franken"", ""12 Franken"", ""60 Franken"", ""300 Franken""]",Seit 2022 beträgt die Abgabe 120 Franken pro Tonne CO2. Für einen Liter Heizöl macht das rund 30 Rappen aus.,Die CO2-Abgabe beträgt 120 Franken pro Tonne.,CO2-Gesetz,,ok
pol_welt,2,Wie erhält die Bevölkerung einen grossen Teil der CO2-Abgabe zurück?,"[""Über tiefere Krankenkassenprämien"", ""Über einen Gutschein für den Zug"", ""Über eine tiefere Mehrwertsteuer"", ""Über ein jährliches Geschenk""]","Rund zwei Drittel der Einnahmen werden zurückverteilt, jede Person erhält gleich viel über die Krankenkasse. Wer wenig CO2 verursacht, profitiert deshalb.",Die CO2-Abgabe fliesst über die Krankenkasse an die Bevölkerung zurück.,CO2-Gesetz,,ok
pol_welt,2,Wie entschied das Schweizer Stimmvolk am 13. Juni 2021 über das revidierte CO2-Gesetz?,"[""Es lehnte es knapp ab"", ""Es nahm es klar an"", ""Es nahm es knapp an"", ""Es lehnte es klar ab""]","Die Revision wurde mit rund 51,6 Prozent Nein-Stimmen abgelehnt. Das Parlament erarbeitete danach eine neue Vorlage ohne neue Abgaben.",Das revidierte CO2-Gesetz scheiterte 2021 knapp an der Urne.,CO2-Gesetz,,ok
pol_welt,2,Wie viele Franken hätte die geplante Flugticketabgabe im CO2-Gesetz von 2021 höchstens betragen?,"[""120 Franken"", ""20 Franken"", ""500 Franken"", ""1000 Franken""]",Die Abgabe hätte je nach Klasse und Distanz zwischen 30 und 120 Franken pro Flugticket betragen. Mit dem Nein an der Urne wurde sie nicht eingeführt.,Die Flugticketabgabe hätte höchstens 120 Franken betragen.,CO2-Gesetz,,ok
pol_welt,2,Welches Programm wird mit einem Teil der CO2-Abgabe bezahlt?,"[""Das Gebäudeprogramm"", ""Das Raumfahrtprogramm"", ""Das Strassenbauprogramm"", ""Das Sportförderprogramm""]",Bis zu einem Drittel der Abgabe fliesst ins Gebäudeprogramm. Es unterstützt zum Beispiel bessere Wärmedämmung und erneuerbare Heizungen.,"Das Gebäudeprogramm hilft, Häuser klimafreundlicher zu machen.",CO2-Gesetz,,ok
pol_welt,2,Seit welchem Jahr gibt es in der Schweiz die CO2-Abgabe auf Brennstoffe?,"[""Seit 2008"", ""Seit 1990"", ""Seit 2000"", ""Seit 2020""]","Die Abgabe wurde 2008 mit 12 Franken pro Tonne eingeführt. Weil die Ziele verfehlt wurden, stieg sie schrittweise an.",Die CO2-Abgabe auf Brennstoffe gibt es seit 2008.,CO2-Gesetz,,ok
pol_welt,2,Aus welchem Land stammt die Klimaaktivistin Greta Thunberg?,"[""Aus Schweden"", ""Aus Norwegen"", ""Aus Dänemark"", ""Aus Finnland""]",Greta Thunberg wurde 2003 in Stockholm geboren. Mit ihrem Protest wurde sie weltweit bekannt.,Greta Thunberg kommt aus Schweden.,Greta Thunberg,,ok
pol_welt,2,In welchem Jahr begann Greta Thunberg mit ihrem Schulstreik für das Klima?,"[""2018"", ""2014"", ""2016"", ""2020""]","Im August 2018 setzte sich die damals 15-Jährige erstmals mit einem Schild auf die Strasse, statt zur Schule zu gehen. Bald machten Jugendliche auf der ganzen Welt mit.",Greta Thunbergs Klimastreik begann im Jahr 2018.,Greta Thunberg,,ok
pol_welt,2,Vor welchem Gebäude sass Greta Thunberg bei ihrem Schulstreik?,"[""Vor dem schwedischen Parlament"", ""Vor dem Königsschloss"", ""Vor ihrer Schule"", ""Vor dem UNO-Sitz""]","Sie protestierte vor dem Reichstag in Stockholm, dem Parlament Schwedens. So wollte sie die Politik zu mehr Klimaschutz bewegen.",Greta Thunberg streikte vor dem schwedischen Parlament.,Greta Thunberg,,ok
pol_welt,2,"Wie heisst die weltweite Jugendbewegung, die aus Greta Thunbergs Schulstreiks entstand?","[""Fridays for Future"", ""Mondays for Nature"", ""Earth First"", ""Youth for Peace""]","Weil die Streiks freitags stattfanden, nannte sich die Bewegung Fridays for Future. In der Schweiz entstand daraus der Klimastreik.",Aus den Schulstreiks entstand Fridays for Future.,Greta Thunberg,,ok
pol_welt,2,Wie reiste Greta Thunberg 2019 über den Atlantik zum UNO-Klimagipfel in New York?,"[""Mit einem Segelboot"", ""Mit einem Flugzeug"", ""Mit einem Kreuzfahrtschiff"", ""Mit einem U-Boot""]","Sie überquerte den Atlantik auf der Rennjacht «Malizia II». So wollte sie zeigen, dass man ohne Flugzeug reisen kann.",Greta Thunberg segelte 2019 über den Atlantik.,Greta Thunberg,,ok
pol_welt,2,Mit welchem Ausruf wurde Greta Thunbergs Rede am UNO-Klimagipfel 2019 berühmt?,"[""«How dare you!»"", ""«Yes we can!»"", ""«Never give up!»"", ""«Let it be!»""]","Mit «How dare you!», auf Deutsch «Wie könnt ihr es wagen!», warf sie den Staatschefs vor, die Jugend im Stich zu lassen. Die Worte gingen um die Welt.",Greta Thunberg rief den Staatschefs «How dare you!» zu.,Greta Thunberg,,ok
pol_welt,2,Welches Magazin wählte Greta Thunberg 2019 zur Person des Jahres?,"[""Time"", ""National Geographic"", ""Der Spiegel"", ""Forbes""]","Das US-Magazin «Time» kürte sie 2019 zur Person des Jahres. Sie war mit 16 Jahren die jüngste Person, die diese Auszeichnung erhielt.",Greta Thunberg war 2019 die Person des Jahres von «Time».,Greta Thunberg,,ok
pol_welt,2,An welchem Treffen in der Schweiz sagte Greta Thunberg 2019 «Unser Haus brennt»?,"[""Am Weltwirtschaftsforum in Davos"", ""An der Olympiade in Lausanne"", ""Am Filmfestival in Locarno"", ""An der Basler Fasnacht""]","Im Januar 2019 sprach sie am Weltwirtschaftsforum in Davos vor Wirtschaftsführern. Sie forderte, so zu handeln, als ob das eigene Haus in Flammen stünde.","In Davos warnte Greta Thunberg, dass unser Haus brennt.",Greta Thunberg,,ok
pol_welt,2,In welchem Jahr nahm das Schweizer Stimmvolk das Klimaschutzgesetz an?,"[""2023"", ""2019"", ""2021"", ""2025""]",Am 18. Juni 2023 sagte das Stimmvolk Ja zum Bundesgesetz über die Ziele im Klimaschutz. Zuvor war ein Referendum dagegen ergriffen worden.,Das Klimaschutzgesetz wurde 2023 vom Volk angenommen.,Klimaschutzgesetz,,ok
pol_welt,2,Mit welchem Ja-Anteil wurde das Klimaschutzgesetz angenommen?,"[""Mit rund 59 Prozent"", ""Mit rund 51 Prozent"", ""Mit rund 75 Prozent"", ""Mit rund 90 Prozent""]",Rund 59 Prozent der Stimmenden sagten Ja. Damit stimmte eine klare Mehrheit zu.,Das Klimaschutzgesetz erhielt rund 59 Prozent Ja-Stimmen.,Klimaschutzgesetz,,ok
pol_welt,2,Welche Partei ergriff das Referendum gegen das Klimaschutzgesetz?,"[""Die SVP"", ""Die SP"", ""Die Grünen"", ""Die GLP""]",Die SVP befürchtete höhere Kosten und Engpässe beim Strom. Sie sammelte deshalb Unterschriften für eine Volksabstimmung.,Die SVP ergriff das Referendum gegen das Klimaschutzgesetz.,Klimaschutzgesetz,,ok
pol_welt,2,Bis zu welchem Jahr soll die Schweiz gemäss Klimaschutzgesetz netto null Treibhausgase ausstossen?,"[""Bis 2050"", ""Bis 2030"", ""Bis 2040"", ""Bis 2100""]","Das Gesetz legt das Ziel netto null bis 2050 fest. Dazu gibt es Zwischenziele und Richtwerte für Gebäude, Verkehr und Industrie.",Die Schweiz soll bis 2050 klimaneutral werden.,Klimaschutzgesetz,,ok
pol_welt,2,Was bedeutet das Ziel «netto null» beim Klimaschutz?,"[""Nicht mehr Treibhausgase ausstossen, als entfernt werden"", ""Gar kein Auto mehr fahren"", ""Keine Steuern auf Benzin mehr"", ""Null Grad Erwärmung""]","Restliche Emissionen, die sich kaum vermeiden lassen, müssen durch Speicher in Wäldern, Böden oder Technik ausgeglichen werden. Unter dem Strich bleibt dann null.","Netto null heisst, dass Ausstoss und Entfernung von Treibhausgasen gleich gross sind.",Klimaschutzgesetz,,ok
pol_welt,2,Als Gegenvorschlag zu welcher Volksinitiative entstand das Klimaschutzgesetz?,"[""Zur Gletscher-Initiative"", ""Zur Alpen-Initiative"", ""Zur Trinkwasser-Initiative"", ""Zur Konzernverantwortungs-Initiative""]","Die Gletscher-Initiative wollte fossile Energien langfristig verbieten. Das Parlament stellte ihr das Klimaschutzgesetz gegenüber, und die Initiative wurde daraufhin zurückgezogen.",Das Klimaschutzgesetz ist der Gegenvorschlag zur Gletscher-Initiative.,Klimaschutzgesetz,,ok
pol_welt,2,Wofür stellt das Klimaschutzgesetz während zehn Jahren insgesamt 2 Milliarden Franken bereit?,"[""Für den Ersatz alter Öl-, Gas- und Elektroheizungen"", ""Für neue Autobahnen"", ""Für den Bau von Skiliften"", ""Für Gratis-Flugreisen""]","Hausbesitzer erhalten Beiträge, wenn sie fossile Heizungen oder Elektroheizungen durch klimafreundliche ersetzen. Dafür stehen jährlich 200 Millionen Franken zur Verfügung.",Das Klimaschutzgesetz fördert den Ersatz alter Heizungen.,Klimaschutzgesetz,,ok
pol_welt,2,Seit wann ist das Klimaschutzgesetz der Schweiz in Kraft?,"[""Seit dem 1. Januar 2025"", ""Seit dem 1. Juli 2023"", ""Seit dem 1. Januar 2024"", ""Seit dem 1. Januar 2030""]",Nach der Abstimmung brauchte es noch Verordnungen zur Umsetzung. Das Gesetz trat deshalb am 1. Januar 2025 in Kraft.,Das Klimaschutzgesetz gilt seit Anfang 2025.,Klimaschutzgesetz,,ok
pol_welt,2,Was bedeutet das Wort Biodiversität?,"[""Die Vielfalt des Lebens"", ""Die Menge an Biogemüse"", ""Die Zahl der Bauernhöfe"", ""Die Sauberkeit des Wassers""]","Biodiversität umfasst die Vielfalt der Arten, der Lebensräume und der Gene. Je vielfältiger die Natur, desto widerstandsfähiger ist sie.",Biodiversität ist die Vielfalt des Lebens auf der Erde.,Biodiversitätskonvention,,ok
pol_welt,2,Was ist neben Schutz und nachhaltiger Nutzung der Vielfalt das dritte Ziel der Biodiversitätskonvention?,"[""Gerechte Aufteilung der Vorteile aus genetischen Ressourcen"", ""Senkung des CO2-Ausstosses"", ""Verbot jeder Jagd weltweit"", ""Bau neuer Zoos in jedem Land""]","Wenn zum Beispiel ein Medikament aus einer Pflanze entwickelt wird, soll auch das Herkunftsland davon profitieren. Das ist das dritte Ziel der Konvention.",Die Biodiversitätskonvention will die Vorteile der Natur gerecht teilen.,Biodiversitätskonvention,,ok
pol_welt,2,In welcher Stadt hat das Sekretariat der Biodiversitätskonvention seinen Sitz?,"[""In Montreal"", ""In Genf"", ""In Nairobi"", ""In Bonn""]",Das Sekretariat der Konvention befindet sich in der kanadischen Stadt Montreal. Es organisiert die Vertragsstaatenkonferenzen.,Das Sekretariat der Biodiversitätskonvention liegt in Montreal.,Biodiversitätskonvention,,ok
pol_welt,2,Wie viel Prozent der Land- und Meeresflächen sollen gemäss dem Weltnaturabkommen von 2022 bis 2030 geschützt werden?,"[""30 Prozent"", ""10 Prozent"", ""50 Prozent"", ""75 Prozent""]",Das Abkommen von Kunming-Montreal wurde im Dezember 2022 beschlossen. Sein bekanntestes Ziel heisst «30 bis 30».,Bis 2030 sollen 30 Prozent der Erde geschützt werden.,Biodiversitätskonvention,,ok
pol_welt,2,Welcher grosse Staat ist der Biodiversitätskonvention nie beigetreten?,"[""Die USA"", ""China"", ""Brasilien"", ""Indien""]","Die USA haben die Konvention zwar unterzeichnet, aber nie ratifiziert. Fast alle anderen Staaten der Welt sind Vertragspartei.",Die USA sind nicht Mitglied der Biodiversitätskonvention.,Biodiversitätskonvention,,ok
pol_welt,2,Welches Protokoll zur Biodiversitätskonvention regelt den sicheren Umgang mit gentechnisch veränderten Organismen?,"[""Das Cartagena-Protokoll"", ""Das Kyoto-Protokoll"", ""Das Montreal-Protokoll"", ""Das Göteborg-Protokoll""]",Das Cartagena-Protokoll über die biologische Sicherheit wurde 2000 angenommen. Es regelt den grenzüberschreitenden Handel mit gentechnisch veränderten Organismen.,Das Cartagena-Protokoll regelt die Biosicherheit.,Biodiversitätskonvention,,ok
pol_welt,2,An welchem Tag ist der Internationale Tag der biologischen Vielfalt?,"[""Am 22. Mai"", ""Am 1. Januar"", ""Am 5. Juni"", ""Am 31. Oktober""]",Die UNO hat den 22. Mai zum Tag der biologischen Vielfalt erklärt. Er erinnert an die Annahme des Vertragstextes der Konvention.,Der Tag der biologischen Vielfalt ist am 22. Mai.,Biodiversitätskonvention,,ok
pol_welt,2,In welcher japanischen Stadt wurde 2010 ein Protokoll über den Zugang zu genetischen Ressourcen beschlossen?,"[""Nagoya"", ""Kyoto"", ""Osaka"", ""Sapporo""]","Das Nagoya-Protokoll regelt, wer genetische Ressourcen nutzen darf und wie die Gewinne geteilt werden. Es trat 2014 in Kraft.",Das Nagoya-Protokoll regelt den Zugang zu genetischen Ressourcen.,Biodiversitätskonvention,,ok
pol_welt,2,Wie entschied das Schweizer Stimmvolk im September 2024 über die Biodiversitätsinitiative?,"[""Es lehnte sie ab"", ""Es nahm sie knapp an"", ""Es nahm sie klar an"", ""Die Abstimmung wurde verschoben""]",Die Initiative wollte mehr Flächen und Geld für den Schutz der Natur. Rund 63 Prozent der Stimmenden sagten Nein.,Die Biodiversitätsinitiative wurde 2024 abgelehnt.,Biodiversitätskonvention,,ok
pol_welt,2,Was schützt die Ramsar-Konvention?,"[""Feuchtgebiete"", ""Wüsten"", ""Hochgebirge"", ""Korallenriffe in Städten""]","Die Ramsar-Konvention ist ein internationaler Vertrag zum Schutz von Feuchtgebieten wie Mooren, Sümpfen und Flussauen. Sie ist eines der ältesten Umweltabkommen.",Die Ramsar-Konvention schützt Feuchtgebiete.,Ramsar-Konvention,,ok
pol_welt,2,"In welchem Land liegt die Stadt Ramsar, nach der die Konvention benannt ist?","[""Im Iran"", ""In Indien"", ""In der Türkei"", ""In Ägypten""]",Ramsar liegt am Kaspischen Meer im Norden des Iran. Dort wurde der Vertrag unterzeichnet.,Die Ramsar-Konvention ist nach einer Stadt im Iran benannt.,Ramsar-Konvention,,ok
pol_welt,2,In welchem Jahr wurde die Ramsar-Konvention unterzeichnet?,"[""1971"", ""1951"", ""1991"", ""2001""]",Die Konvention wurde am 2. Februar 1971 angenommen und trat 1975 in Kraft. Sie ist damit älter als die meisten anderen Umweltverträge.,Die Ramsar-Konvention stammt aus dem Jahr 1971.,Ramsar-Konvention,,ok
pol_welt,2,In welcher Waadtländer Gemeinde hat das Sekretariat der Ramsar-Konvention seinen Sitz?,"[""Gland"", ""Montreux"", ""Nyon"", ""Vevey""]",Das Sekretariat befindet sich in Gland am Genfersee. Dort sitzt auch die Weltnaturschutzunion IUCN.,Das Ramsar-Sekretariat liegt in Gland am Genfersee.,Ramsar-Konvention,,ok
pol_welt,2,An welchem Tag wird jedes Jahr der Welttag der Feuchtgebiete gefeiert?,"[""Am 2. Februar"", ""Am 21. März"", ""Am 22. April"", ""Am 16. September""]",Der Welttag erinnert an die Unterzeichnung der Ramsar-Konvention. Er wird seit 1997 jedes Jahr begangen.,Der Welttag der Feuchtgebiete ist am 2. Februar.,Ramsar-Konvention,,ok
pol_welt,2,Wie viele Ramsar-Gebiete gibt es in der Schweiz (Stand 2025)?,"[""11"", ""3"", ""25"", ""48""]",Die Schweiz hat 11 Gebiete als international wichtige Feuchtgebiete gemeldet. Dazu gehören etwa die Bolle di Magadino im Tessin.,Die Schweiz hat 11 Ramsar-Gebiete.,Ramsar-Konvention,,ok
pol_welt,2,Welches Gebiet am Neuenburgersee ist das älteste Ramsar-Gebiet der Schweiz?,"[""Fanel"", ""Aletsch"", ""Greina"", ""Rheinfall""]",Der Fanel wurde 1976 als erstes Schweizer Gebiet in die Ramsar-Liste aufgenommen. Er ist ein wichtiger Rastplatz für Wasservögel.,Der Fanel ist das älteste Ramsar-Gebiet der Schweiz.,Ramsar-Konvention,,ok
pol_welt,2,Für welche Tiere war die Ramsar-Konvention ursprünglich vor allem gedacht?,"[""Für Wasser- und Watvögel"", ""Für Bergziegen"", ""Für Bienen"", ""Für Wölfe""]","Der volle Name lautet «Übereinkommen über Feuchtgebiete, insbesondere als Lebensraum für Wasser- und Watvögel». Heute schützt sie Feuchtgebiete als ganze Lebensräume.",Die Ramsar-Konvention schützte zuerst vor allem Wasservögel.,Ramsar-Konvention,,ok
pol_welt,2,Warum sind viele kleine Inselstaaten durch den Klimawandel besonders bedroht?,"[""Weil der Meeresspiegel steigt"", ""Weil ihre Vulkane ausbrechen"", ""Weil es dort zu kalt wird"", ""Weil die Inseln sich bewegen""]","Viele Inseln liegen nur wenige Meter über dem Meer. Steigt der Meeresspiegel, drohen Überschwemmungen und Salzwasser im Trinkwasser.",Der steigende Meeresspiegel bedroht flache Inselstaaten.,Kleine Inselstaaten,,ok
pol_welt,2,Welche zwei Hauptgründe hat der Anstieg des Meeresspiegels?,"[""Wärmeausdehnung des Wassers und schmelzendes Landeis"", ""Mehr Regen und mehr Flüsse"", ""Ebbe und Flut"", ""Schmelzendes Meereis und mehr Schiffe""]",Wärmeres Wasser dehnt sich aus und braucht mehr Platz. Dazu fliesst Schmelzwasser von Gletschern und Eisschilden ins Meer.,Wärmeres Wasser und schmelzendes Landeis lassen das Meer steigen.,Kleine Inselstaaten,,ok
pol_welt,2,Um wie viel ist der mittlere Meeresspiegel von 1901 bis 2018 etwa gestiegen?,"[""Um rund 20 Zentimeter"", ""Um rund 2 Zentimeter"", ""Um rund 2 Meter"", ""Um rund 10 Meter""]","Laut Weltklimarat stieg der Meeresspiegel in dieser Zeit um rund 0,2 Meter. Der Anstieg wird zudem immer schneller.",Seit 1901 ist das Meer um rund 20 Zentimeter gestiegen.,Kleine Inselstaaten,,ok
pol_welt,2,Wie heisst das Bündnis der kleinen Inselstaaten in den Klimaverhandlungen?,"[""AOSIS"", ""OPEC"", ""ASEAN"", ""NATO""]",AOSIS steht für «Alliance of Small Island States». Das Bündnis wurde 1990 gegründet und setzt sich für strengen Klimaschutz ein.,Die kleinen Inselstaaten verhandeln gemeinsam als AOSIS.,Kleine Inselstaaten,,ok
pol_welt,2,Welches Land im Indischen Ozean gilt als das flachste Land der Welt?,"[""Die Malediven"", ""Madagaskar"", ""Sri Lanka"", ""Mauritius""]",Der höchste natürliche Punkt der Malediven liegt nur gut 2 Meter über dem Meer. Deshalb ist das Land besonders gefährdet.,Die Malediven sind das flachste Land der Welt.,Kleine Inselstaaten,,ok
pol_welt,2,"Wo hielt die Regierung der Malediven 2009 eine Sitzung ab, um auf den Klimawandel aufmerksam zu machen?","[""Unter Wasser"", ""Auf einem Gletscher"", ""In einem Flugzeug"", ""Auf einem Leuchtturm""]",Die Minister tauchten mit Taucherausrüstung auf den Meeresgrund und unterschrieben dort eine Erklärung. Die Bilder gingen um die Welt.,Die Malediven hielten 2009 eine Kabinettssitzung unter Wasser ab.,Kleine Inselstaaten,,ok
pol_welt,2,Wie hielt der Aussenminister von Tuvalu 2021 seine Videobotschaft an die Klimakonferenz?,"[""Knietief im Meer stehend"", ""Auf einem Kamel reitend"", ""In einem Schneesturm"", ""Auf einem Baum sitzend""]","Simon Kofe stand im Anzug knietief im Wasser, wo früher Land war. So zeigte er, wie stark der Meeresspiegel seine Heimat bedroht.",Tuvalus Aussenminister sprach 2021 knietief im Meer.,Kleine Inselstaaten,,ok
pol_welt,2,Welcher Inselstaat brachte die Frage nach den Klimapflichten der Staaten vor den Internationalen Gerichtshof?,"[""Vanuatu"", ""Fidschi"", ""Samoa"", ""Tonga""]",Auf Initiative von Vanuatu bat die UNO-Generalversammlung 2023 den Internationalen Gerichtshof um ein Gutachten. Es wurde im Juli 2025 veröffentlicht.,Vanuatu brachte den Klimaschutz vor den Internationalen Gerichtshof.,Kleine Inselstaaten,,ok
pol_welt,2,"Welcher Inselstaat kaufte 2014 Land auf Fidschi, um seine Ernährung zu sichern?","[""Kiribati"", ""Tuvalu"", ""Nauru"", ""Palau""]",Kiribati erwarb ein grosses Stück Land auf der Insel Vanua Levu. Viele seiner Atolle liegen nur knapp über dem Meer.,Kiribati kaufte Land auf Fidschi als Vorsorge.,Kleine Inselstaaten,,ok
pol_welt,2,Wie nennt man das Prinzip des Emissionshandels mit einer Obergrenze und handelbaren Zertifikaten?,"[""Cap and Trade"", ""Pay as you go"", ""Buy and hold"", ""First come, first served""]",Der Staat legt eine Obergrenze (Cap) für den Ausstoss fest und verteilt oder versteigert Zertifikate. Diese können die Firmen untereinander handeln (Trade).,Beim Emissionshandel gibt es eine Obergrenze und handelbare Zertifikate.,Emissionshandel,,ok
pol_welt,2,Wie viel CO2 darf eine Firma mit einem einzelnen Emissionszertifikat ausstossen?,"[""Eine Tonne"", ""Ein Kilogramm"", ""Hundert Tonnen"", ""Einen Liter""]",Jedes Zertifikat berechtigt zum Ausstoss von einer Tonne CO2 oder einer gleich wirksamen Menge anderer Treibhausgase. Am Jahresende muss jede Firma genug Zertifikate abgeben.,Ein Emissionszertifikat erlaubt eine Tonne CO2.,Emissionshandel,,ok
pol_welt,2,Seit welchem Jahr gibt es den Emissionshandel der Europäischen Union?,"[""Seit 2005"", ""Seit 1992"", ""Seit 2015"", ""Seit 2023""]",Das EU-Emissionshandelssystem startete 2005. Es ist eines der grössten Systeme dieser Art auf der Welt.,Der EU-Emissionshandel begann im Jahr 2005.,Emissionshandel,,ok
pol_welt,2,Seit welchem Jahr ist der Schweizer Emissionshandel mit jenem der EU verknüpft?,"[""Seit 2020"", ""Seit 2005"", ""Seit 2010"", ""Seit 2024""]",Seit dem 1. Januar 2020 werden Schweizer und EU-Zertifikate gegenseitig anerkannt. Schweizer Firmen können so am grösseren EU-Markt handeln.,Seit 2020 ist der Schweizer Emissionshandel mit der EU verbunden.,Emissionshandel,,ok
pol_welt,2,Was geschieht im Emissionshandel mit der Obergrenze im Lauf der Jahre?,"[""Sie wird gesenkt"", ""Sie bleibt immer gleich"", ""Sie wird erhöht"", ""Sie wird abgeschafft""]","Die Obergrenze sinkt jedes Jahr, damit es weniger Zertifikate gibt. So geht der Ausstoss insgesamt zurück.",Im Emissionshandel sinkt die Obergrenze jedes Jahr.,Emissionshandel,,ok
pol_welt,2,Welche Betriebe nehmen in der Schweiz am Emissionshandel teil?,"[""Grosse Industrieanlagen wie Zementwerke"", ""Kleine Bäckereien"", ""Bauernhöfe"", ""Schulen""]","Am Emissionshandel nehmen Anlagen mit hohem Ausstoss teil, zum Beispiel Zementwerke, Raffinerien und Chemiefabriken. Seit 2020 gehört auch die Luftfahrt dazu.",In der Schweiz handeln vor allem grosse Industrieanlagen mit Emissionsrechten.,Emissionshandel,,ok
pol_welt,2,Welches Land startete 2021 einen landesweiten Emissionshandel und ist der grösste CO2-Verursacher der Welt?,"[""China"", ""Japan"", ""Russland"", ""Indonesien""]","China begann 2021 mit einem nationalen Emissionshandel, zuerst für Kohlekraftwerke. Gemessen am erfassten Ausstoss ist es das grösste System der Welt.",China hat seit 2021 einen landesweiten Emissionshandel.,Emissionshandel,,ok
pol_welt,2,Mit welchem Land schloss die Schweiz 2020 als erstes Land ein Abkommen über Klimaschutzprojekte nach Artikel 6 des Pariser Abkommens?,"[""Mit Peru"", ""Mit Ghana"", ""Mit Thailand"", ""Mit Chile""]",Im Oktober 2020 unterzeichneten die Schweiz und Peru das weltweit erste solche Abkommen. Die Schweiz kann sich damit Emissionsminderungen aus Projekten im Ausland anrechnen lassen.,Das erste Klimaabkommen nach Artikel 6 schloss die Schweiz mit Peru.,Emissionshandel,,ok
pol_welt,2,Wer sind die Mitglieder des Vereins KlimaSeniorinnen Schweiz?,"[""Frauen im Rentenalter"", ""Pensionierte Bergführer"", ""Schülerinnen und Schüler"", ""Ehemalige Bundesräte""]","Der Verein vereint ältere Frauen, die sich für mehr Klimaschutz einsetzen. Gemeinsam fordern sie von der Politik einen stärkeren Klimaschutz.",Die KlimaSeniorinnen sind Frauen im Rentenalter.,KlimaSeniorinnen,,ok
pol_welt,2,In welchem Jahr wurde der Verein KlimaSeniorinnen Schweiz gegründet?,"[""2016"", ""2006"", ""2011"", ""2020""]",Der Verein wurde im August 2016 gegründet und reichte noch im selben Jahr ein Gesuch bei den Bundesbehörden ein. Der Weg durch alle Instanzen dauerte danach mehrere Jahre.,Die KlimaSeniorinnen wurden im Jahr 2016 gegründet.,KlimaSeniorinnen,,ok
pol_welt,2,"In welcher Stadt sitzt der Gerichtshof, der 2024 über die Klage der KlimaSeniorinnen urteilte?","[""Strassburg"", ""Den Haag"", ""Luxemburg"", ""Brüssel""]","Der Europäische Gerichtshof für Menschenrechte hat seinen Sitz in Strassburg in Frankreich. Er gehört zum Europarat, nicht zur EU.",Der Europäische Gerichtshof für Menschenrechte sitzt in Strassburg.,KlimaSeniorinnen,,ok
pol_welt,2,In welchem Monat des Jahres 2024 wurde das Urteil zu den KlimaSeniorinnen verkündet?,"[""Im April"", ""Im Januar"", ""Im August"", ""Im Dezember""]","Die Grosse Kammer des Gerichtshofs verkündete das Urteil am 9. April 2024. Es war das erste Urteil dieses Gerichtshofs, das einem Staat zu wenig Klimaschutz vorwarf.",Das KlimaSeniorinnen-Urteil fiel im April 2024.,KlimaSeniorinnen,,ok
pol_welt,2,Warum sind gemäss den KlimaSeniorinnen gerade ältere Frauen besonders vom Klimawandel betroffen?,"[""Hitzewellen gefährden ihre Gesundheit besonders"", ""Sie fahren besonders viel Auto"", ""Sie wohnen meist am Meer"", ""Sie leiden besonders unter Kälte""]","Studien zeigen, dass ältere Menschen und besonders ältere Frauen bei Hitzewellen häufiger krank werden oder sterben. Damit begründete der Verein seine Klage.",Hitzewellen sind für ältere Frauen besonders gefährlich.,KlimaSeniorinnen,,ok
pol_welt,2,Welche Umweltorganisation half bei der Gründung der KlimaSeniorinnen?,"[""Greenpeace"", ""WWF"", ""Pro Natura"", ""BirdLife""]",Der Verein entstand auf Initiative von Greenpeace Schweiz. Greenpeace unterstützte die Klage auch danach.,Greenpeace Schweiz stand am Anfang der KlimaSeniorinnen.,KlimaSeniorinnen,,ok
pol_welt,2,Welches Schweizer Gericht hatte die Beschwerde der KlimaSeniorinnen im Jahr 2020 abgewiesen?,"[""Das Bundesgericht"", ""Das Bundesstrafgericht"", ""Das Zürcher Obergericht"", ""Das Bundespatentgericht""]","Das Bundesgericht in Lausanne fand, die Frauen seien nicht stark genug betroffen. Darum zogen sie den Fall nach Strassburg weiter.",Vor dem Gang nach Strassburg scheiterten die KlimaSeniorinnen am Bundesgericht.,KlimaSeniorinnen,,ok
pol_welt,2,Was erklärte das Schweizer Parlament im Juni 2024 zum Urteil der KlimaSeniorinnen?,"[""Die Schweiz müsse dem Urteil keine weitere Folge geben"", ""Die Schweiz trete aus dem Europarat aus"", ""Das Urteil werde sofort ins Gesetz geschrieben"", ""Die Klägerinnen erhielten eine Entschädigung""]","Beide Kammern verabschiedeten eine Erklärung, wonach der Gerichtshof zu weit gegangen sei. Die Schweiz erfülle ihre Klimapflichten bereits.",Das Parlament kritisierte 2024 das Urteil der KlimaSeniorinnen.,KlimaSeniorinnen,,ok
pol_welt,2,"Wie heisst die Gruppe von sieben grossen Industrieländern, deren Regierungschefs sich jedes Jahr zu einem Gipfel treffen?","[""G7"", ""G20"", ""BRICS"", ""OPEC""]",Die G7 besteht aus sieben grossen Industriestaaten. Ihre Staats- und Regierungschefs besprechen an jährlichen Gipfeltreffen Fragen der Weltwirtschaft und Weltpolitik.,Die G7 ist ein Treffen von sieben grossen Industrieländern.,G7,,ok
pol_welt,2,Wofür steht der Buchstabe «G» in der Abkürzung G7?,"[""Gruppe"", ""Gipfel"", ""Geld"", ""Gemeinschaft""]","Das «G» steht für «Gruppe», auf Englisch «Group». G7 heisst also «Gruppe der Sieben».",G7 bedeutet «Gruppe der Sieben».,G7,,ok
pol_welt,2,Welches dieser Länder gehört zur G7?,"[""Japan"", ""China"", ""Indien"", ""Brasilien""]","Japan ist das einzige asiatische Mitglied der G7. China, Indien und Brasilien sind grosse Volkswirtschaften, gehören aber nicht dazu.",Japan ist das einzige asiatische Land in der G7.,G7,,ok
pol_welt,2,Welches dieser Länder gehört nicht zur G7?,"[""Spanien"", ""Kanada"", ""Italien"", ""Deutschland""]","Spanien ist zwar eine grosse Volkswirtschaft in Europa, aber kein Mitglied der G7. Kanada, Italien und Deutschland gehören dazu.",Spanien gehört nicht zur Gruppe der Sieben.,G7,,ok
pol_welt,2,"Wie hiess die Gruppe, solange Russland von 1998 bis 2014 an den Treffen teilnahm?","[""G8"", ""G6"", ""G9"", ""G10""]","Mit Russland als achtem Teilnehmer sprach man von der G8. Seit 2014 nimmt Russland nicht mehr teil, und die Gruppe heisst wieder G7.",Mit Russland hiess die Gruppe G8.,G7,,ok
pol_welt,2,Welche Organisation nimmt neben den sieben Staaten regelmässig an den G7-Gipfeln teil?,"[""Die Europäische Union"", ""Die NATO"", ""Die OPEC"", ""Die Afrikanische Union""]","Die Europäische Union ist bei allen G7-Gipfeln dabei, obwohl sie kein Staat ist. Sie wird durch die Präsidenten der EU-Kommission und des Europäischen Rates vertreten.",Die EU sitzt an den G7-Gipfeln mit am Tisch.,G7,,ok
pol_welt,2,In welchem Jahrzehnt fand der erste Gipfel der heutigen G7 statt?,"[""In den 1970er-Jahren"", ""In den 1950er-Jahren"", ""In den 1960er-Jahren"", ""In den 1990er-Jahren""]","Das erste Treffen fand 1975 im Schloss Rambouillet in Frankreich statt, damals noch mit sechs Ländern. Anlass waren die Wirtschaftsprobleme nach der Ölkrise.",Der erste Gipfel der Gruppe fand 1975 statt.,G7,,ok
pol_welt,2,Welches Land kam 1976 als siebtes Mitglied zur Gruppe dazu?,"[""Kanada"", ""Japan"", ""Italien"", ""Australien""]","Beim ersten Gipfel 1975 waren sechs Länder dabei. Ein Jahr später kam Kanada dazu, und aus der G6 wurde die G7.",Kanada machte 1976 aus der G6 die G7.,G7,,ok
pol_welt,2,Ist die Schweiz Mitglied der G7?,"[""Nein, sie ist kein Mitglied"", ""Ja, seit 1975"", ""Ja, seit 2002"", ""Ja, als Gründungsland""]",Die Schweiz gehört nicht zur G7. Sie kann aber wie andere Länder gelegentlich als Gast zu einzelnen Gesprächen eingeladen werden.,Die Schweiz ist kein Mitglied der G7.,G7,,ok
pol_welt,2,Für welches Land steht das «B» in BRICS?,"[""Brasilien"", ""Belgien"", ""Bolivien"", ""Bangladesch""]","BRICS ist aus den Anfangsbuchstaben der Mitglieder gebildet. Das «B» steht für Brasilien, das grösste Land Südamerikas.",Das B in BRICS steht für Brasilien.,BRICS-Staaten,,ok
pol_welt,2,Für welches Land steht das «S» am Ende von BRICS?,"[""Südafrika"", ""Singapur"", ""Schweden"", ""Spanien""]","Südafrika kam 2010 dazu, worauf aus BRIC die Abkürzung BRICS wurde. Das «S» steht für «South Africa».",Mit Südafrika wurde aus BRIC die Gruppe BRICS.,BRICS-Staaten,,ok
pol_welt,2,Für welche zwei Länder stehen die Buchstaben «I» und «C» in BRICS?,"[""Indien und China"", ""Indonesien und Chile"", ""Italien und Kanada"", ""Iran und Kuba""]",«I» steht für Indien und «C» für China. Die beiden Länder haben zusammen fast drei Milliarden Einwohnerinnen und Einwohner.,In BRICS stehen I und C für Indien und China.,BRICS-Staaten,,ok
pol_welt,2,Wer erfand im Jahr 2001 die Abkürzung «BRIC»?,"[""Ein Ökonom einer Investmentbank"", ""Der Präsident Brasiliens"", ""Die UNO-Generalversammlung"", ""Die Weltbank""]",Der britische Ökonom Jim O'Neill von der Bank Goldman Sachs prägte 2001 den Begriff BRIC. Er wollte damit auf schnell wachsende Volkswirtschaften hinweisen.,Der Name BRIC stammt von einem Bankökonomen.,BRICS-Staaten,,ok
pol_welt,2,In welchem Land fand 2009 der erste Gipfel der BRIC-Staaten statt?,"[""Russland"", ""China"", ""Brasilien"", ""Indien""]",Der erste Gipfel fand im Juni 2009 in Jekaterinburg in Russland statt. Seither treffen sich die Staaten regelmässig.,Der erste BRIC-Gipfel war 2009 in Russland.,BRICS-Staaten,,ok
pol_welt,2,Welches dieser Länder ist seit 2024 Mitglied der BRICS-Gruppe?,"[""Ägypten"", ""Mexiko"", ""Argentinien"", ""Türkei""]","Anfang 2024 wurde die Gruppe erweitert, unter anderem um Ägypten, Äthiopien, Iran und die Vereinigten Arabischen Emirate. Argentinien wurde eingeladen, verzichtete aber auf den Beitritt.",Ägypten gehört seit 2024 zu den BRICS-Staaten.,BRICS-Staaten,,ok
pol_welt,2,Welches südostasiatische Land wurde Anfang 2025 Mitglied der BRICS-Gruppe?,"[""Indonesien"", ""Vietnam"", ""Thailand"", ""Philippinen""]",Indonesien wurde im Januar 2025 als Vollmitglied aufgenommen. Es ist das bevölkerungsreichste Land Südostasiens.,Indonesien trat 2025 den BRICS-Staaten bei.,BRICS-Staaten,,ok
pol_welt,2,"Wie heisst die Bank, die die BRICS-Staaten gemeinsam gegründet haben?","[""Neue Entwicklungsbank"", ""Weltbank"", ""Internationaler Währungsfonds"", ""Europäische Zentralbank""]","Die Neue Entwicklungsbank hat ihren Sitz in Shanghai. Sie finanziert zum Beispiel Strassen, Kraftwerke und andere Infrastruktur.",Die BRICS-Staaten haben eine eigene Entwicklungsbank in Shanghai.,BRICS-Staaten,,ok
pol_welt,2,Welcher Anteil der Weltbevölkerung lebt ungefähr in den BRICS-Staaten (Stand 2025)?,"[""Fast die Hälfte"", ""Etwa ein Zehntel"", ""Etwa ein Viertel"", ""Rund drei Viertel""]","Allein China und Indien haben je über 1,4 Milliarden Einwohner. Zusammen mit den übrigen Mitgliedern kommt die Gruppe auf fast die Hälfte der Weltbevölkerung.",In den BRICS-Staaten lebt fast die Hälfte der Menschheit.,BRICS-Staaten,,ok
pol_welt,2,Wie heisst die ASEAN auf Deutsch?,"[""Verband Südostasiatischer Nationen"", ""Asiatische Entwicklungsbank"", ""Bund der Pazifikstaaten"", ""Union Ostasiatischer Länder""]",ASEAN steht für «Association of Southeast Asian Nations». Auf Deutsch heisst das Verband Südostasiatischer Nationen.,Die ASEAN ist der Verband Südostasiatischer Nationen.,ASEAN,,ok
pol_welt,2,In welchem Jahr wurde die ASEAN gegründet?,"[""1967"", ""1957"", ""1975"", ""1991""]",Die ASEAN wurde am 8. August 1967 von fünf Staaten gegründet. Später kamen weitere Länder Südostasiens dazu.,Die ASEAN gibt es seit 1967.,ASEAN,,ok
pol_welt,2,In welcher Stadt wurde die ASEAN gegründet?,"[""Bangkok"", ""Manila"", ""Kuala Lumpur"", ""Hanoi""]","Die Gründungserklärung wurde in Bangkok, der Hauptstadt Thailands, unterschrieben. Sie heisst deshalb auch «Bangkok-Erklärung».",Die ASEAN wurde in Bangkok gegründet.,ASEAN,,ok
pol_welt,2,In welcher Stadt hat das Sekretariat der ASEAN seinen Sitz?,"[""Jakarta"", ""Singapur"", ""Bangkok"", ""Manila""]","Das ständige Sekretariat der ASEAN befindet sich in Jakarta, der Hauptstadt Indonesiens. Dort wird die Zusammenarbeit der Mitglieder organisiert.",Das ASEAN-Sekretariat liegt in Jakarta.,ASEAN,,ok
pol_welt,2,Welches dieser Länder ist Mitglied der ASEAN?,"[""Vietnam"", ""China"", ""Japan"", ""Südkorea""]","Vietnam ist seit 1995 Mitglied der ASEAN. China, Japan und Südkorea liegen in Ostasien und sind Partner, aber keine Mitglieder.","Vietnam gehört zur ASEAN, China dagegen nicht.",ASEAN,,ok
pol_welt,2,Wie viele Mitglieder hat die ASEAN seit der Aufnahme von Osttimor (Stand 2025)?,"[""11"", ""10"", ""9"", ""12""]",Lange hatte die ASEAN zehn Mitglieder. Mit Osttimor kam im Oktober 2025 das elfte Mitglied dazu.,Die ASEAN hat seit 2025 elf Mitglieder.,ASEAN,,ok
pol_welt,2,Welcher Stadtstaat ist Mitglied der ASEAN?,"[""Singapur"", ""Hongkong"", ""Macau"", ""Monaco""]","Singapur ist ein unabhängiger Stadtstaat und Gründungsmitglied der ASEAN. Hongkong und Macau gehören zu China, Monaco liegt in Europa.",Der Stadtstaat Singapur ist ein ASEAN-Gründungsmitglied.,ASEAN,,ok
pol_welt,2,Über das Freihandelsabkommen mit welchem ASEAN-Land stimmte das Schweizer Stimmvolk 2021 ab?,"[""Indonesien"", ""Malaysia"", ""Thailand"", ""Philippinen""]",Am 7. März 2021 nahm das Stimmvolk das Wirtschaftsabkommen der EFTA-Staaten mit Indonesien knapp an. Umstritten war vor allem der Handel mit Palmöl.,Die Schweiz stimmte 2021 über Freihandel mit Indonesien ab.,ASEAN,,ok
pol_welt,2,Auf welchem Kontinent liegt der gemeinsame Markt Mercosur?,"[""Südamerika"", ""Afrika"", ""Asien"", ""Nordamerika""]",Der Mercosur ist ein Zusammenschluss südamerikanischer Staaten. Er soll den Handel zwischen den Mitgliedern erleichtern.,Der Mercosur ist ein Wirtschaftsbund in Südamerika.,Mercosur,,ok
pol_welt,2,Was bedeutet der Name Mercosur (Mercado Común del Sur) auf Deutsch?,"[""Gemeinsamer Markt des Südens"", ""Bank des Südens"", ""Bund der Küstenstaaten"", ""Handelsweg nach Süden""]","«Mercado» heisst Markt, «común» gemeinsam und «sur» Süden. Auf Portugiesisch heisst die Organisation Mercosul.",Mercosur bedeutet «Gemeinsamer Markt des Südens».,Mercosur,,ok
pol_welt,2,In welcher Stadt wurde der Mercosur 1991 gegründet?,"[""Asunción"", ""Buenos Aires"", ""Montevideo"", ""Brasília""]","Der Gründungsvertrag wurde am 26. März 1991 in Asunción, der Hauptstadt Paraguays, unterzeichnet. Er heisst deshalb Vertrag von Asunción.",Der Mercosur wurde 1991 in Asunción gegründet.,Mercosur,,ok
pol_welt,2,Welches dieser Länder war kein Gründungsmitglied des Mercosur?,"[""Chile"", ""Argentinien"", ""Brasilien"", ""Uruguay""]","Gegründet wurde der Mercosur von Argentinien, Brasilien, Paraguay und Uruguay. Chile ist nur assoziiertes Mitglied.",Chile gehört nicht zu den Gründern des Mercosur.,Mercosur,,ok
pol_welt,2,Welches Land ist seit 2016 vom Mercosur ausgeschlossen (suspendiert)?,"[""Venezuela"", ""Kolumbien"", ""Peru"", ""Ecuador""]","Venezuela war seit 2012 Mitglied. Im Dezember 2016 wurde das Land suspendiert, weil es Regeln des Bundes nicht einhielt.",Venezuela ist im Mercosur seit 2016 suspendiert.,Mercosur,,ok
pol_welt,2,Welches Andenland ist das neueste Vollmitglied des Mercosur (Stand 2025)?,"[""Bolivien"", ""Peru"", ""Ecuador"", ""Kolumbien""]",Bolivien unterzeichnete das Beitrittsprotokoll 2015 und wurde 2024 Vollmitglied. Damit hat der Mercosur fünf aktive Vollmitglieder.,Bolivien ist das jüngste Vollmitglied des Mercosur.,Mercosur,,ok
pol_welt,2,Welche zwei Sprachen werden im Mercosur hauptsächlich gesprochen?,"[""Spanisch und Portugiesisch"", ""Spanisch und Englisch"", ""Portugiesisch und Französisch"", ""Englisch und Französisch""]","In Brasilien spricht man Portugiesisch, in den anderen Mitgliedsländern vor allem Spanisch. In Paraguay ist zudem Guaraní weit verbreitet.",Im Mercosur spricht man vor allem Spanisch und Portugiesisch.,Mercosur,,ok
pol_welt,2,Welches Land hat die grösste Wirtschaft im Mercosur?,"[""Brasilien"", ""Argentinien"", ""Paraguay"", ""Uruguay""]",Brasilien ist das flächengrösste und bevölkerungsreichste Land Südamerikas. Seine Wirtschaft ist deutlich grösser als die aller anderen Mitglieder zusammen.,Brasilien ist die stärkste Wirtschaftsmacht im Mercosur.,Mercosur,,ok
pol_welt,2,Welche drei Länder gehören zum Freihandelsabkommen USMCA?,"[""USA, Mexiko und Kanada"", ""USA, Kanada und Kuba"", ""Mexiko, Kanada und Brasilien"", ""USA, Mexiko und Guatemala""]","USMCA steht für «United States, Mexico, Canada Agreement». Die drei Länder bilden zusammen einen grossen Wirtschaftsraum in Nordamerika.","Das USMCA verbindet die USA, Mexiko und Kanada.",USMCA,,ok
pol_welt,2,Welches ältere Freihandelsabkommen wurde durch das USMCA ersetzt?,"[""NAFTA"", ""EFTA"", ""GATT"", ""CETA""]",Das Nordamerikanische Freihandelsabkommen NAFTA verband dieselben drei Länder. Es wurde durch das neu ausgehandelte USMCA abgelöst.,Das USMCA hat NAFTA ersetzt.,USMCA,,ok
pol_welt,2,In welchem Jahr trat das USMCA in Kraft?,"[""2020"", ""2016"", ""2018"", ""2022""]",Das USMCA trat am 1. Juli 2020 in Kraft. Die Verhandlungen dazu hatten 2017 begonnen.,Das USMCA gilt seit dem Jahr 2020.,USMCA,,ok
pol_welt,2,Seit welchem Jahr galt das Vorgängerabkommen NAFTA?,"[""1994"", ""1984"", ""1989"", ""1999""]",NAFTA trat am 1. Januar 1994 in Kraft. Es schuf damals eine der grössten Freihandelszonen der Welt.,NAFTA galt ab 1994.,USMCA,,ok
pol_welt,2,Unter welcher Abkürzung ist das USMCA in Mexiko bekannt?,"[""T-MEC"", ""TLCAN"", ""ALENA"", ""CUSMA""]","In Mexiko heisst das Abkommen «Tratado entre México, Estados Unidos y Canadá», kurz T-MEC. In Kanada nennt man es CUSMA.",In Mexiko heisst das USMCA T-MEC.,USMCA,,ok
pol_welt,2,"Für welche Branche verlangt das USMCA, dass rund 75 Prozent der Teile aus Nordamerika stammen, damit keine Zölle anfallen?","[""Autoindustrie"", ""Kaffeeanbau"", ""Uhrenindustrie"", ""Schokoladenherstellung""]",Für Autos gelten strenge Ursprungsregeln: Rund 75 Prozent des Wertes müssen aus der Region stammen. So sollen Arbeitsplätze in Nordamerika gesichert werden.,Für zollfreie Autos verlangt das USMCA viele Teile aus Nordamerika.,USMCA,,ok
pol_welt,2,Was regelt ein Freihandelsabkommen wie das USMCA vor allem?,"[""Den Abbau von Zöllen zwischen den Mitgliedern"", ""Eine gemeinsame Währung"", ""Eine gemeinsame Armee"", ""Freies Reisen ohne Pass""]",Ein Freihandelsabkommen senkt oder streicht Zölle auf Waren zwischen den Partnerländern. Eine gemeinsame Währung oder offene Grenzen für Personen gehören nicht dazu.,Ein Freihandelsabkommen baut vor allem Zölle ab.,USMCA,,ok
pol_welt,2,Nach wie vielen Jahren müssen die drei Staaten das USMCA jeweils gemeinsam überprüfen?,"[""Nach 6 Jahren"", ""Nach 2 Jahren"", ""Nach 10 Jahren"", ""Nach 25 Jahren""]",Das Abkommen sieht alle sechs Jahre eine gemeinsame Überprüfung vor. Die erste war für Juli 2026 angesetzt.,Das USMCA wird alle sechs Jahre überprüft.,USMCA,,ok
pol_welt,2,Warum erheben viele Staaten Zölle auf ausländische Waren?,"[""Um einheimische Produkte zu schützen"", ""Um ausländische Waren billiger zu machen"", ""Um den Tourismus zu fördern"", ""Um die Grenze zu öffnen""]","Zölle machen eingeführte Waren teurer. So haben einheimische Produzenten weniger Konkurrenz, und der Staat nimmt zusätzlich Geld ein.",Zölle sollen oft die eigene Wirtschaft schützen.,Freihandel,,ok
pol_welt,2,Ab welchem Datum schaffte die Schweiz die Zölle auf Industrieprodukte ab?,"[""1. Januar 2024"", ""1. Januar 2014"", ""1. Januar 2020"", ""1. Januar 2002""]","Seit dem 1. Januar 2024 erhebt die Schweiz keine Zölle mehr auf Industrieprodukte wie Velos, Kleider oder Autos. Das soll Waren für Firmen und Konsumenten günstiger machen.",Seit 2024 gibt es in der Schweiz keine Industriezölle mehr.,Freihandel,,ok
pol_welt,2,Für welche Waren erhebt die Schweiz auch heute noch teilweise hohe Zölle?,"[""Für Landwirtschaftsprodukte wie Fleisch"", ""Für Computer und Handys"", ""Für Velos und Autos"", ""Für Kleider und Schuhe""]","Die Schweiz schützt ihre Bauernbetriebe mit Zöllen auf viele Agrarprodukte, zum Beispiel Fleisch oder Milchprodukte. Für Industrieprodukte wurden die Zölle dagegen abgeschafft.",Agrarprodukte sind in der Schweiz durch Zölle geschützt.,Freihandel,,ok
pol_welt,2,Welche internationale Organisation mit Sitz in Genf regelt den Welthandel?,"[""Die Welthandelsorganisation WTO"", ""Die Weltgesundheitsorganisation WHO"", ""Das Internationale Rote Kreuz"", ""Der Internationale Währungsfonds""]",Die Welthandelsorganisation WTO hat ihren Sitz in Genf. Sie legt Regeln für den Handel fest und schlichtet Streit zwischen Ländern.,Die WTO in Genf wacht über die Regeln des Welthandels.,Freihandel,,ok
pol_welt,2,Seit welchem Jahr gibt es die Welthandelsorganisation WTO?,"[""1995"", ""1945"", ""1971"", ""2001""]",Die WTO wurde 1995 gegründet. Sie löste das Allgemeine Zoll- und Handelsabkommen GATT von 1947 ab.,Die WTO wurde 1995 gegründet.,Freihandel,,ok
pol_welt,2,"Welcher Freihandelsorganisation gehört die Schweiz zusammen mit Norwegen, Island und Liechtenstein an?","[""EFTA"", ""EU"", ""NAFTA"", ""OECD""]",Die Europäische Freihandelsassoziation EFTA wurde 1960 gegründet. Die Schweiz ist Gründungsmitglied und schliesst über die EFTA viele Freihandelsabkommen ab.,Die Schweiz ist Mitglied der EFTA.,Freihandel,,ok
pol_welt,2,In welchem Jahr schloss die Schweiz mit der damaligen Europäischen Wirtschaftsgemeinschaft ein Freihandelsabkommen für Industriewaren ab?,"[""1972"", ""1958"", ""1992"", ""2002""]",Das Freihandelsabkommen von 1972 wurde im Dezember 1972 vom Stimmvolk deutlich angenommen. Es ist bis heute eine wichtige Grundlage für den Handel mit der EU.,Seit 1972 gilt ein Freihandelsabkommen zwischen der Schweiz und der EU.,Freihandel,,ok
pol_welt,2,"Wie hoch war der Zusatzzoll, den die USA ab August 2025 auf viele Schweizer Waren erhoben?","[""39 Prozent"", ""10 Prozent"", ""25 Prozent"", ""50 Prozent""]","Die US-Regierung belegte ab dem 7. August 2025 viele Schweizer Exporte mit einem Zoll von 39 Prozent, betroffen waren zum Beispiel Maschinen und Uhren. Nach Verhandlungen wurde der Satz im November 2025 auf 15 Prozent gesenkt.",Im August 2025 erhoben die USA hohe Zölle auf Schweizer Waren.,Freihandel,,ok
pol_welt,2,Was ist ein Embargo?,"[""Ein Verbot, mit einem Land bestimmte Waren zu handeln"", ""Ein Vertrag über tiefere Zölle"", ""Ein Kredit an ein armes Land"", ""Eine Abgabe auf Importe""]",Bei einem Embargo verbietet ein Staat oder eine Staatengruppe den Handel mit einem bestimmten Land ganz oder teilweise. Damit will man Druck auf die Regierung dieses Landes ausüben.,Ein Embargo verbietet den Handel mit einem Land.,Embargo,,ok
pol_welt,2,Was verbietet ein Waffenembargo?,"[""Die Lieferung von Waffen an ein Land"", ""Den Besitz von Waffen im eigenen Land"", ""Die Herstellung von Spielzeugwaffen"", ""Den Militärdienst im Ausland""]","Ein Waffenembargo verbietet, Waffen und Rüstungsgüter in ein bestimmtes Land zu liefern. Es soll verhindern, dass Konflikte weiter angeheizt werden.",Ein Waffenembargo stoppt Waffenlieferungen an ein Land.,Embargo,,ok
pol_welt,2,Gegen welches Land halten die USA seit 1962 ein umfassendes Handelsembargo aufrecht?,"[""Kuba"", ""Mexiko"", ""Venezuela"", ""Jamaika""]",Die USA verhängten 1962 ein umfassendes Handelsembargo gegen Kuba. Es ist eines der am längsten dauernden Embargos der Geschichte.,Die USA haben seit 1962 ein Embargo gegen Kuba.,Embargo,,ok
pol_welt,2,Aus welcher Sprache stammt das Wort «Embargo»?,"[""Aus dem Spanischen"", ""Aus dem Englischen"", ""Aus dem Arabischen"", ""Aus dem Russischen""]","Das Wort kommt vom spanischen «embargar», das «beschlagnahmen» oder «behindern» bedeutet. Früher hielt man mit einem Embargo vor allem fremde Schiffe im Hafen fest.",Das Wort Embargo kommt aus dem Spanischen.,Embargo,,ok
pol_welt,2,"Welches UNO-Organ kann Embargos beschliessen, die für alle Mitgliedstaaten verbindlich sind?","[""Der Sicherheitsrat"", ""Die Generalversammlung"", ""Der Menschenrechtsrat"", ""Der Internationale Gerichtshof""]","Nur der UNO-Sicherheitsrat kann Sanktionen beschliessen, an die sich alle UNO-Mitglieder halten müssen. Die Generalversammlung kann nur Empfehlungen abgeben.",Verbindliche UNO-Embargos beschliesst der Sicherheitsrat.,Embargo,,ok
pol_welt,2,Gegen welches Land verhängte der UNO-Sicherheitsrat 1977 ein verbindliches Waffenembargo wegen der Rassentrennung?,"[""Südafrika"", ""Simbabwe"", ""Nigeria"", ""Namibia""]","In Südafrika herrschte damals die Apartheid, eine Politik der Rassentrennung. Der Sicherheitsrat reagierte 1977 mit einem verbindlichen Waffenembargo.",Wegen der Apartheid gab es ab 1977 ein Waffenembargo gegen Südafrika.,Embargo,,ok
pol_welt,2,Nach welchem Ereignis verhängte die UNO 1990 ein umfassendes Embargo gegen den Irak?,"[""Nach dem Einmarsch in Kuwait"", ""Nach einem Erdbeben"", ""Nach einer Präsidentenwahl"", ""Nach dem Austritt aus der UNO""]","Der Irak marschierte im August 1990 in Kuwait ein. Die Schweiz übernahm dieses Embargo damals, obwohl sie noch nicht UNO-Mitglied war.",Nach dem Überfall auf Kuwait 1990 verhängte die UNO ein Embargo gegen den Irak.,Embargo,,ok
pol_welt,2,"Wie heisst das Schweizer Gesetz, mit dem der Bundesrat internationale Zwangsmassnahmen umsetzen kann?","[""Embargogesetz"", ""Zollgesetz"", ""Neutralitätsgesetz"", ""Aussenhandelsgesetz""]",Mit dem Embargogesetz kann der Bundesrat Sanktionen der UNO und wichtiger Handelspartner wie der EU übernehmen. Es gilt seit 2003.,"Das Embargogesetz erlaubt dem Bundesrat, Sanktionen umzusetzen.",Embargo,,ok
pol_welt,2,"Wann begann Russland den grossen Angriff auf die Ukraine, worauf viele Staaten umfassende Sanktionen verhängten?","[""Im Februar 2022"", ""Im März 2014"", ""Im August 2008"", ""Im Dezember 2019""]","Am 24. Februar 2022 griff Russland die Ukraine in grossem Umfang an. Danach beschlossen die EU, die USA und weitere Staaten zahlreiche Sanktionen.",Seit Februar 2022 gelten umfassende Sanktionen gegen Russland.,Sanktionen gegen Russland,,ok
pol_welt,2,Wessen Sanktionen gegen Russland übernahm die Schweiz Ende Februar 2022?,"[""Die Sanktionen der EU"", ""Die Sanktionen Chinas"", ""Die Sanktionen der OPEC"", ""Die Sanktionen der Afrikanischen Union""]","Der Bundesrat beschloss am 28. Februar 2022, die Sanktionen der Europäischen Union zu übernehmen. Seither übernimmt die Schweiz auch die meisten weiteren EU-Sanktionspakete.",Die Schweiz übernimmt die Russland-Sanktionen der EU.,Sanktionen gegen Russland,,ok
pol_welt,2,Welche Bundesstelle ist in der Schweiz für die Umsetzung von Wirtschaftssanktionen zuständig?,"[""Das Staatssekretariat für Wirtschaft SECO"", ""Das Bundesamt für Gesundheit"", ""Die Schweizerische Nationalbank"", ""Das Bundesamt für Umwelt""]",Das SECO setzt die Sanktionen um und kontrolliert ihre Einhaltung. Firmen und Banken müssen ihm zum Beispiel gesperrte Vermögen melden.,Das SECO setzt in der Schweiz Sanktionen um.,Sanktionen gegen Russland,,ok
pol_welt,2,Aus welchem internationalen Nachrichtensystem für Zahlungen wurden viele russische Banken 2022 ausgeschlossen?,"[""SWIFT"", ""TWINT"", ""IBAN"", ""PayPal""]",Über SWIFT tauschen Banken weltweit Nachrichten für Überweisungen aus. Ohne Zugang wird der Zahlungsverkehr mit dem Ausland für die betroffenen Banken sehr schwierig.,Viele russische Banken wurden aus SWIFT ausgeschlossen.,Sanktionen gegen Russland,,ok
pol_welt,2,"Welchen Höchstpreis pro Fass legten die G7 Ende 2022 für russisches Rohöl fest, das per Schiff transportiert wird?","[""60 Dollar"", ""20 Dollar"", ""100 Dollar"", ""150 Dollar""]","Der Preisdeckel von 60 US-Dollar pro Fass sollte Russlands Einnahmen senken, ohne das Öl ganz vom Weltmarkt zu nehmen. Die EU senkte ihren Deckel 2025 weiter.",Für russisches Öl gab es ab 2022 einen Preisdeckel.,Sanktionen gegen Russland,,ok
pol_welt,2,"Wie nennt man Waren, die sowohl zivil als auch militärisch genutzt werden können und deshalb nicht nach Russland geliefert werden dürfen?","[""Dual-Use-Güter"", ""Luxusgüter"", ""Konsumgüter"", ""Rohstoffgüter""]","Dual-Use-Güter haben einen doppelten Verwendungszweck, zum Beispiel bestimmte Elektronik oder Werkzeugmaschinen. Ihr Export nach Russland ist verboten, damit sie nicht in Waffen landen.",Dual-Use-Güter können zivil und militärisch genutzt werden.,Sanktionen gegen Russland,,ok
pol_welt,2,"Wie nennt man sehr reiche und einflussreiche russische Geschäftsleute, deren Vermögen teilweise gesperrt wurden?","[""Oligarchen"", ""Monarchen"", ""Diplomaten"", ""Gouverneure""]","Oligarchen sind sehr reiche Personen mit grossem Einfluss auf Wirtschaft und Politik. Viele von ihnen stehen auf Sanktionslisten, und ihre Konten und Jachten wurden gesperrt.",Reiche russische Geschäftsleute mit viel Macht nennt man Oligarchen.,Sanktionen gegen Russland,,ok
pol_welt,2,Welcher Grundsatz der Schweizer Aussenpolitik wurde bei der Übernahme der Russland-Sanktionen 2022 besonders diskutiert?,"[""Die Neutralität"", ""Der Föderalismus"", ""Die Konkordanz"", ""Das Milizsystem""]","Die Schweiz ist ein neutraler Staat. Der Bundesrat begründete die Übernahme damit, dass Wirtschaftssanktionen mit dem Neutralitätsrecht vereinbar sind, was politisch umstritten war.",Bei den Sanktionen gegen Russland ging es auch um die Schweizer Neutralität.,Sanktionen gegen Russland,,ok
pol_welt,2,Was schützt das Bankgeheimnis?,"[""Die Daten der Bankkunden"", ""Die Tresore der Banken"", ""Die Löhne der Bankangestellten"", ""Die Gebäude der Banken""]","Das Bankgeheimnis verbietet Banken, Informationen über ihre Kundinnen und Kunden an Dritte weiterzugeben. Es schützt also die finanzielle Privatsphäre.",Das Bankgeheimnis schützt die Daten von Bankkunden.,Bankgeheimnis,,ok
pol_welt,2,In welchem Jahr wurde das Schweizer Bankgeheimnis im Bankengesetz unter Strafe gestellt?,"[""1934"", ""1848"", ""1914"", ""1971""]",Das Bankengesetz von 1934 macht die Verletzung des Bankgeheimnisses strafbar. Die Pflicht zur Verschwiegenheit gab es aber schon vorher.,Seit 1934 ist das Bankgeheimnis im Gesetz geschützt.,Bankgeheimnis,,ok
pol_welt,2,"Was droht Bankangestellten in der Schweiz, die das Bankgeheimnis verletzen?","[""Eine Strafe"", ""Ein Lob vom Chef"", ""Eine Lohnerhöhung"", ""Nichts, es ist erlaubt""]","Wer das Bankgeheimnis verletzt, kann mit einer Geld- oder Freiheitsstrafe bestraft werden. Das steht im Bankengesetz.","Wer das Bankgeheimnis bricht, macht sich strafbar.",Bankgeheimnis,,ok
pol_welt,2,"Wie heisst das Verfahren, mit dem die Schweiz Kontodaten ausländischer Kunden an deren Heimatländer meldet?","[""Automatischer Informationsaustausch"", ""Amtshilfe nach Anfrage"", ""Datenschutzabkommen"", ""Kontoregister-Verfahren""]","Seit 2017 sammeln Schweizer Banken Daten für den automatischen Informationsaustausch, 2018 wurden sie erstmals ausgetauscht. So erfahren Steuerbehörden anderer Länder von Konten ihrer Bürger in der Schweiz.",Der automatische Informationsaustausch hat das Bankgeheimnis für Ausländer gelockert.,Bankgeheimnis,,ok
pol_welt,2,Welche Schweizer Grossbank lieferte 2009 Kundendaten an die US-Behörden?,"[""UBS"", ""Postfinance"", ""Raiffeisen"", ""Zürcher Kantonalbank""]","Die UBS hatte US-Kunden beim Verstecken von Geld vor dem Fiskus geholfen. 2009 wurden auf Druck der USA Daten von Kunden übergeben, was das Bankgeheimnis stark erschütterte.",Der Fall UBS 2009 erschütterte das Bankgeheimnis.,Bankgeheimnis,,ok
pol_welt,2,"Wie heisst das US-Gesetz, das ausländische Banken verpflichtet, Konten von US-Bürgern zu melden?","[""FATCA"", ""NAFTA"", ""USMCA"", ""NATO""]",FATCA steht für «Foreign Account Tax Compliance Act». Auch Schweizer Banken müssen den US-Steuerbehörden Konten von US-Personen melden.,Wegen FATCA melden Schweizer Banken Konten von US-Bürgern.,Bankgeheimnis,,ok
pol_welt,2,Welche Organisation mit Sitz in Paris setzte sich stark für den Austausch von Steuerdaten zwischen Staaten ein?,"[""Die OECD"", ""Die UNESCO"", ""Die WTO"", ""Die OPEC""]",Die OECD erarbeitete den internationalen Standard für den automatischen Austausch von Kontodaten. Die Schweiz stand 2009 sogar kurz auf einer «grauen Liste» der OECD.,Die OECD drängte auf mehr Austausch von Steuerdaten.,Bankgeheimnis,,ok
pol_welt,2,Gegenüber welchen Behörden gilt das Bankgeheimnis für Personen mit Wohnsitz in der Schweiz weiterhin weitgehend?,"[""Gegenüber den Schweizer Steuerbehörden"", ""Gegenüber der Polizei bei Verbrechen"", ""Gegenüber Gerichten bei Strafverfahren"", ""Gegenüber niemandem mehr""]",Schweizer Steuerbehörden können für Einwohner der Schweiz in der Regel nicht direkt Kontodaten bei der Bank verlangen. Bei Strafverfahren müssen Banken jedoch Auskunft geben.,Im Inland schützt das Bankgeheimnis weiter vor den Steuerbehörden.,Bankgeheimnis,,ok
pol_welt,2,Wofür steht die Abkürzung OPEC?,"[""Organisation erdölexportierender Länder"", ""Organisation europäischer Chemiefirmen"", ""Ordnung für Preise und Energiekosten"", ""Organisation der Pazifikstaaten""]","OPEC steht für «Organization of the Petroleum Exporting Countries». Die Mitglieder sind Staaten, die viel Erdöl fördern und verkaufen.",Die OPEC ist die Organisation erdölexportierender Länder.,OPEC,,ok
pol_welt,2,In welcher Stadt wurde die OPEC 1960 gegründet?,"[""Bagdad"", ""Riad"", ""Teheran"", ""Kuwait-Stadt""]","Die OPEC wurde im September 1960 in Bagdad im Irak gegründet. Gründer waren Irak, Iran, Kuwait, Saudi-Arabien und Venezuela.",Die OPEC entstand 1960 in Bagdad.,OPEC,,ok
pol_welt,2,In welcher Stadt hat die OPEC heute ihren Sitz?,"[""Wien"", ""Genf"", ""Riad"", ""Dubai""]","Die OPEC hat seit 1965 ihren Hauptsitz in Wien, der Hauptstadt Österreichs. Dort treffen sich die Ölminister regelmässig.",Der Hauptsitz der OPEC ist in Wien.,OPEC,,ok
pol_welt,2,"In welcher Schweizer Stadt hatte die OPEC ihren Sitz, bevor sie 1965 umzog?","[""Genf"", ""Zürich"", ""Bern"", ""Basel""]","Die OPEC war von 1961 bis 1965 in Genf ansässig. Weil die Schweiz ihr damals keinen Diplomatenstatus gab, zog sie nach Österreich.",Die OPEC war anfangs in Genf zu Hause.,OPEC,,ok
pol_welt,2,Welches afrikanische Land ist Mitglied der OPEC?,"[""Nigeria"", ""Südafrika"", ""Kenia"", ""Marokko""]","Nigeria trat der OPEC 1971 bei und ist einer der grössten Ölproduzenten Afrikas. Südafrika, Kenia und Marokko fördern kaum Erdöl.",Nigeria ist ein afrikanisches OPEC-Mitglied.,OPEC,,ok
pol_welt,2,Was versteht man unter «OPEC+»?,"[""Die OPEC zusammen mit weiteren Ölstaaten wie Russland"", ""Die reichsten OPEC-Länder"", ""Ein Ölfeld im Meer"", ""Eine Ölsorte mit besonders viel Energie""]","Seit 2016 sprechen sich die OPEC-Länder mit weiteren Förderländern ab, etwa Russland, Kasachstan und Mexiko. Gemeinsam kontrollieren sie einen grossen Teil der Ölförderung.",OPEC+ umfasst die OPEC und weitere Ölstaaten.,OPEC,,ok
pol_welt,2,"Wie viele Liter Erdöl passen in ein Fass (Barrel), in dem der Ölpreis angegeben wird?","[""Rund 159 Liter"", ""Rund 100 Liter"", ""Rund 200 Liter"", ""Rund 50 Liter""]",Ein Barrel ist eine Masseinheit für Erdöl und entspricht rund 159 Litern. Ölpreise werden meist in US-Dollar pro Barrel angegeben.,Ein Barrel Erdöl hat rund 159 Liter.,OPEC,,ok
pol_welt,2,"Was führte die Schweiz während der Ölkrise im Herbst 1973 ein, um Benzin zu sparen?","[""Autofreie Sonntage"", ""Gratis-Busse"", ""Ein Velo-Verbot"", ""Eine Heizpflicht""]","Als die arabischen Ölstaaten 1973 weniger Öl lieferten, stieg der Preis stark. Die Schweiz verordnete im November und Dezember 1973 drei autofreie Sonntage.",In der Ölkrise 1973 gab es in der Schweiz autofreie Sonntage.,OPEC,,ok
pol_welt,2,"Was geschieht mit dem Ölpreis meistens, wenn die OPEC beschliesst, weniger Öl zu fördern?","[""Er steigt"", ""Er sinkt"", ""Er bleibt immer gleich"", ""Er wird abgeschafft""]","Wenn weniger Öl auf den Markt kommt, die Nachfrage aber gleich bleibt, wird Öl knapper. Deshalb steigt der Preis in der Regel.",Weniger Ölförderung lässt den Ölpreis meist steigen.,OPEC,,ok
pol_welt,2,Was ist eine Lieferkette?,"[""Alle Schritte vom Rohstoff bis zum fertigen Produkt beim Kunden"", ""Eine Kette, mit der Lastwagen gesichert werden"", ""Eine Reihe von Läden einer Firma"", ""Ein Vertrag zwischen zwei Banken""]","Zu einer Lieferkette gehören Rohstoffgewinnung, Herstellung, Transport und Verkauf. Oft sind dabei Firmen aus vielen Ländern beteiligt.",Eine Lieferkette führt vom Rohstoff bis zum Kunden.,Lieferkette,,ok
pol_welt,2,"Wie hiess das grosse Containerschiff, das im März 2021 den Suezkanal tagelang blockierte?","[""Ever Given"", ""Titanic"", ""Queen Mary"", ""Maersk Alabama""]","Die «Ever Given» lief im März 2021 im Suezkanal auf Grund und blockierte ihn sechs Tage lang. Hunderte Schiffe stauten sich, und viele Lieferungen verspäteten sich.","Die Ever Given zeigte 2021, wie verletzlich Lieferketten sind.",Lieferkette,,ok
pol_welt,2,"Wie lang ist der Standardcontainer, nach dem man die Ladung von Containerschiffen misst (TEU)?","[""20 Fuss"", ""10 Fuss"", ""30 Fuss"", ""50 Fuss""]","TEU steht für «Twenty-foot Equivalent Unit», also die Grösse eines 20-Fuss-Containers. Das sind rund 6 Meter Länge.",Ein TEU entspricht einem Container von 20 Fuss Länge.,Lieferkette,,ok
pol_welt,2,"Wie nennt man eine Produktion, bei der Teile genau dann angeliefert werden, wenn sie gebraucht werden?","[""Just-in-time"", ""Fast Food"", ""Print on Demand"", ""Open Source""]","Bei Just-in-time braucht eine Fabrik kaum ein Lager. Fällt aber eine Lieferung aus, steht die Produktion schnell still.",Just-in-time bedeutet Lieferung genau zur richtigen Zeit.,Lieferkette,,ok
pol_welt,2,Welche Bauteile fehlten 2021 und 2022 weltweit und bremsten die Herstellung von Autos stark?,"[""Computerchips"", ""Autoreifen"", ""Lenkräder"", ""Sitzbezüge""]",Während der Coronapandemie wurden Computerchips (Halbleiter) knapp. Viele Autofabriken mussten deshalb ihre Produktion zeitweise stoppen.,Fehlende Computerchips bremsten 2021 die Autoindustrie.,Lieferkette,,ok
pol_welt,2,Auf welchem Fluss gelangen Frachtschiffe von der Nordsee bis in die Schweiz?,"[""Auf dem Rhein"", ""Auf der Aare"", ""Auf der Rhone"", ""Auf dem Inn""]",Der Rhein ist bis Basel für grosse Frachtschiffe befahrbar. Über die Schweizerischen Rheinhäfen kommen zum Beispiel Container und Heizöl ins Land.,Über den Rhein ist die Schweiz mit dem Meer verbunden.,Lieferkette,,ok
pol_welt,2,"Woran scheiterte 2020 die Konzernverantwortungsinitiative, die Firmen für ihre Lieferketten haftbar machen wollte?","[""Am Ständemehr"", ""Am Volksmehr"", ""Am Veto des Bundesrates"", ""An zu wenigen Unterschriften""]",Die Initiative erhielt am 29. November 2020 eine knappe Mehrheit der Stimmen. Sie wurde aber von der Mehrheit der Kantone abgelehnt und war damit gescheitert.,Die Konzernverantwortungsinitiative scheiterte 2020 am Ständemehr.,Lieferkette,,ok
pol_welt,2,Welche Schweizer Stadt ist ein besonders wichtiger Handelsplatz für Erdöl?,"[""Genf"", ""Bern"", ""St. Gallen"", ""Chur""]",In Genf haben mehrere der weltweit grössten Ölhandelsfirmen ihren Sitz. Die Stadt gehört zu den wichtigsten Rohstoffhandelsplätzen der Welt.,Genf ist ein Zentrum des weltweiten Ölhandels.,Rohstoffhandel in der Schweiz,,ok
pol_welt,2,"In welchem Kanton haben viele Rohstofffirmen ihren Sitz, darunter Glencore in Baar?","[""Zug"", ""Uri"", ""Jura"", ""Thurgau""]",Der Kanton Zug ist wegen tiefer Steuern ein beliebter Firmenstandort. Der Rohstoffkonzern Glencore hat seinen Hauptsitz in Baar.,Der Kanton Zug ist ein wichtiger Standort für Rohstofffirmen.,Rohstoffhandel in der Schweiz,,ok
pol_welt,2,Was bedeutet Transithandel?,"[""Waren werden gekauft und verkauft, ohne in die Schweiz zu kommen"", ""Waren werden mit dem Zug durch die Schweiz transportiert"", ""Waren werden an der Grenze verzollt"", ""Waren werden nur in der Schweiz verkauft""]",Beim Transithandel kauft eine Schweizer Firma zum Beispiel Kupfer in Chile und verkauft es nach China. Die Ware sieht die Schweiz dabei nie.,Im Transithandel überqueren die Waren die Schweizer Grenze nie.,Rohstoffhandel in der Schweiz,,ok
pol_welt,2,Welcher Rohstoff wird in grossen Raffinerien im Tessin verarbeitet?,"[""Gold"", ""Erdöl"", ""Kohle"", ""Baumwolle""]","Im Tessin stehen mehrere der grössten Goldraffinerien der Welt. Dort wird Gold zu Barren gegossen, die weltweit gehandelt werden.",Im Tessin wird viel Gold zu Barren verarbeitet.,Rohstoffhandel in der Schweiz,,ok
pol_welt,2,Aus welchem Grund haben sich viele Rohstofffirmen in der Schweiz niedergelassen?,"[""Wegen tiefer Steuern und politischer Stabilität"", ""Wegen grosser Ölvorkommen"", ""Wegen eigener Erzminen"", ""Wegen eines Meerhafens""]","Die Schweiz besitzt selbst kaum Rohstoffe. Firmen schätzen aber tiefe Steuern, Stabilität, einen starken Finanzplatz und die zentrale Lage in Europa.","Die Schweiz ist ein Handelsplatz für Rohstoffe, obwohl sie selbst kaum welche hat.",Rohstoffhandel in der Schweiz,,ok
pol_welt,2,In welcher Tessiner Stadt gibt es neben Genf und Zug ebenfalls viele Rohstoffhandelsfirmen?,"[""Lugano"", ""Bellinzona"", ""Airolo"", ""Biasca""]",Lugano ist der dritte wichtige Rohstoffhandelsplatz der Schweiz. Dort sind vor allem Firmen für Metalle und Agrargüter tätig.,Lugano ist ein Rohstoffhandelsplatz im Tessin.,Rohstoffhandel in der Schweiz,,ok
pol_welt,2,Welcher dieser Rohstoffe ist ein Agrarrohstoff?,"[""Kaffee"", ""Kupfer"", ""Erdöl"", ""Aluminium""]","Agrarrohstoffe stammen aus der Landwirtschaft, zum Beispiel Kaffee, Weizen oder Zucker. Kupfer und Aluminium sind Metalle, Erdöl ist ein Energierohstoff.",Kaffee ist ein Rohstoff aus der Landwirtschaft.,Rohstoffhandel in der Schweiz,,ok
pol_welt,2,Wie nennt man an der Börse gehandelte Rohstoffe auf Englisch?,"[""Commodities"", ""Securities"", ""Equities"", ""Currencies""]","Commodities sind einheitliche Rohstoffe wie Öl, Weizen oder Kupfer, die in grossen Mengen gehandelt werden. Securities sind dagegen Wertpapiere.",Rohstoffe heissen im Handel auf Englisch Commodities.,Rohstoffhandel in der Schweiz,,ok
pol_welt,2,Nach welchem Präsidenten ist ein berühmtes Gästeschlafzimmer im Weissen Haus benannt?,"[""Abraham Lincoln"", ""George Washington"", ""John F. Kennedy"", ""Barack Obama""]",Das Lincoln Bedroom diente Abraham Lincoln als Arbeitszimmer. Dort unterzeichnete er 1863 die Emanzipationsproklamation.,Das Lincoln Bedroom ist nach Abraham Lincoln benannt.,Weisses Haus,,ok
pol_welt,2,"Wie heisst der Raum im Weissen Haus, in dem der Präsident Krisen mit Militär und Geheimdiensten bespricht?","[""Situation Room"", ""War Cabinet"", ""Crisis Hall"", ""Command Deck""]",Der Situation Room liegt im Untergeschoss des Westflügels. Dort laufen in Krisen alle wichtigen Informationen zusammen.,Im Situation Room bespricht der Präsident Krisen.,Weisses Haus,,ok
pol_welt,2,Wie heisst das berühmte Arbeitszimmer des US-Präsidenten im Weissen Haus?,"[""Oval Office"", ""Round Room"", ""Golden Hall"", ""Blue Chamber""]",Das Oval Office hat eine ovale Form und liegt im Westflügel des Weissen Hauses. Dort empfängt der Präsident Gäste und unterzeichnet Gesetze.,"Der Präsident der USA arbeitet im ovalen Büro, dem Oval Office.",Weisses Haus,,ok
pol_welt,2,"Wie heisst der Garten neben dem Oval Office, in dem oft Feiern und Pressetermine stattfinden?","[""Rose Garden"", ""Tulip Garden"", ""Lily Garden"", ""Orchid Garden""]",Der Rose Garden grenzt direkt an das Oval Office. Er wurde 1913 angelegt und dient für Empfänge und Ansprachen.,Der Rosengarten des Weissen Hauses heisst Rose Garden.,Weisses Haus,,ok
pol_welt,2,"Wie heisst der grösste Raum im Wohngebäude des Weissen Hauses, in dem Empfänge und Konzerte stattfinden?","[""East Room"", ""Blue Room"", ""Green Room"", ""Red Room""]","Der East Room ist der grösste Raum im Hauptgebäude des Weissen Hauses. Dort finden Empfänge, Konzerte, Pressekonferenzen und Vereidigungen statt.",Der East Room ist der grösste Raum im Weissen Haus.,Weisses Haus,,ok
pol_welt,2,Wie lautet die Adresse des Weissen Hauses?,"[""1600 Pennsylvania Avenue"", ""10 Downing Street"", ""221B Baker Street"", ""5th Avenue 350""]","Das Weisse Haus hat die Adresse 1600 Pennsylvania Avenue NW in Washington, D.C. Die Strasse verbindet es mit dem Kapitol.",Das Weisse Haus liegt an der 1600 Pennsylvania Avenue.,Weisses Haus,,ok
pol_welt,2,Welcher Präsident machte den Namen «White House» im Jahr 1901 offiziell?,"[""Theodore Roosevelt"", ""Franklin D. Roosevelt"", ""John F. Kennedy"", ""Woodrow Wilson""]",Theodore Roosevelt liess 1901 den Namen «White House» auf das offizielle Briefpapier drucken. Vorher hiess das Gebäude meist «Executive Mansion».,Theodore Roosevelt machte den Namen «White House» offiziell.,Weisses Haus,,ok
pol_welt,2,"Aus welchem Land stammte James Hoban, der Architekt des Weissen Hauses?","[""Irland"", ""Frankreich"", ""Italien"", ""Deutschland""]",Der in Irland geborene Architekt James Hoban gewann 1792 den Wettbewerb für den Bau. Sein Entwurf erinnert an ein Landhaus in Dublin.,Das Weisse Haus wurde vom irischen Architekten James Hoban entworfen.,Weisses Haus,,ok
pol_welt,2,"Wie heisst der berühmte Schreibtisch im Oval Office, der aus dem Holz eines britischen Schiffes gebaut wurde?","[""Resolute Desk"", ""Victory Desk"", ""Liberty Desk"", ""Mayflower Desk""]",Der Resolute Desk wurde aus dem Holz des britischen Schiffs HMS Resolute gefertigt. Königin Victoria schenkte ihn 1880 dem US-Präsidenten.,Der Resolute Desk war ein Geschenk von Königin Victoria an die USA.,Weisses Haus,,ok
pol_welt,2,Was ist die Staatsduma?,"[""Das Unterhaus des russischen Parlaments"", ""Die russische Regierung"", ""Das oberste Gericht Russlands"", ""Der russische Geheimdienst""]","Die Staatsduma ist die untere Kammer der Föderalversammlung, des russischen Parlaments. Sie berät und beschliesst Gesetze.",Die Staatsduma ist das Unterhaus des russischen Parlaments.,Staatsduma,,ok
pol_welt,2,Wie viele Abgeordnete hat die russische Staatsduma?,"[""450"", ""200"", ""600"", ""325""]","Die Staatsduma zählt 450 Abgeordnete. Die Hälfte wird über Parteilisten, die andere Hälfte direkt in Wahlkreisen gewählt.",In der russischen Staatsduma sitzen 450 Abgeordnete.,Staatsduma,,ok
pol_welt,2,In welcher Stadt tagt die Staatsduma?,"[""Moskau"", ""Sankt Petersburg"", ""Nowosibirsk"", ""Kasan""]","Die Staatsduma hat ihren Sitz in der russischen Hauptstadt Moskau, in einem Gebäude an der Strasse Ochotny Rjad nahe dem Kreml.",Die Staatsduma tagt in Moskau.,Staatsduma,,ok
pol_welt,2,Wie heisst die obere Kammer des russischen Parlaments neben der Staatsduma?,"[""Föderationsrat"", ""Volkskammer"", ""Oberster Sowjet"", ""Staatsrat""]","Das russische Parlament heisst Föderalversammlung und besteht aus zwei Kammern. Neben der Staatsduma gibt es den Föderationsrat, der die Regionen vertritt.",Der Föderationsrat ist die zweite Kammer des russischen Parlaments.,Staatsduma,,ok
pol_welt,2,Unter welchem Herrscher trat im Jahr 1906 die erste russische Duma zusammen?,"[""Zar Nikolaus II."", ""Zar Peter der Grosse"", ""Zarin Katharina II."", ""Zar Alexander I.""]","Nach der Revolution von 1905 musste Zar Nikolaus II. ein Parlament zulassen. Die erste Duma trat 1906 zusammen, hatte aber wenig Macht.",Die erste russische Duma gab es 1906 unter Zar Nikolaus II.,Staatsduma,,ok
pol_welt,2,Für wie viele Jahre wird die Staatsduma heute gewählt?,"[""5 Jahre"", ""3 Jahre"", ""4 Jahre"", ""7 Jahre""]",Seit der Wahl 2011 dauert eine Wahlperiode der Staatsduma fünf Jahre. Früher waren es vier Jahre.,Die Staatsduma wird für fünf Jahre gewählt.,Staatsduma,,ok
pol_welt,2,Seit welchem Jahr gibt es die heutige Staatsduma gemäss der neuen russischen Verfassung?,"[""1993"", ""1917"", ""1961"", ""2000""]",Die heutige Staatsduma wurde mit der russischen Verfassung von 1993 geschaffen. Sie ersetzte das Parlament aus der Zeit der Sowjetunion.,Die heutige Staatsduma besteht seit der Verfassung von 1993.,Staatsduma,,ok
pol_welt,2,Welche Aufgabe hat die Staatsduma bei der Wahl des russischen Regierungschefs?,"[""Sie muss dem Kandidaten zustimmen"", ""Sie wählt ihn ohne Vorschlag"", ""Sie hat dabei kein Mitspracherecht"", ""Sie lost ihn unter allen Abgeordneten aus""]",Der russische Präsident schlägt den Ministerpräsidenten vor. Die Staatsduma muss diesem Vorschlag zustimmen.,Die Staatsduma muss dem vorgeschlagenen Ministerpräsidenten zustimmen.,Staatsduma,,ok
pol_welt,2,Was ist die Lok Sabha?,"[""Das Unterhaus des indischen Parlaments"", ""Der höchste Tempel Indiens"", ""Die indische Zentralbank"", ""Das oberste Gericht Indiens""]",Die Lok Sabha ist die vom Volk direkt gewählte Kammer des indischen Parlaments. Ihr Name bedeutet «Haus des Volkes».,Die Lok Sabha ist das Unterhaus des indischen Parlaments.,Lok Sabha,,ok
pol_welt,2,Was bedeutet der Name «Lok Sabha» auf Deutsch?,"[""Haus des Volkes"", ""Haus der Fürsten"", ""Haus der Staaten"", ""Haus der Weisen""]",«Lok» heisst Volk und «Sabha» heisst Versammlung oder Haus. Die Lok Sabha wird direkt vom Volk gewählt.,«Lok Sabha» bedeutet «Haus des Volkes».,Lok Sabha,,ok
pol_welt,2,Wie heisst die zweite Kammer des indischen Parlaments neben der Lok Sabha?,"[""Rajya Sabha"", ""Raj Bhavan"", ""Maha Sabha"", ""Jan Sangh""]",Die Rajya Sabha ist das Oberhaus und vertritt die Bundesstaaten Indiens. Ihr Name bedeutet «Haus der Staaten».,Die Rajya Sabha ist die Kammer der indischen Bundesstaaten.,Lok Sabha,,ok
pol_welt,2,Wie viele Sitze der Lok Sabha werden in Wahlkreisen vom Volk gewählt?,"[""543"", ""245"", ""650"", ""435""]",Indien ist in 543 Wahlkreise eingeteilt. In jedem Wahlkreis wird ein Mitglied der Lok Sabha gewählt.,Die Lok Sabha hat 543 gewählte Sitze.,Lok Sabha,,ok
pol_welt,2,"Wie alt muss man mindestens sein, um in die Lok Sabha gewählt zu werden?","[""25 Jahre"", ""18 Jahre"", ""21 Jahre"", ""30 Jahre""]",Die indische Verfassung verlangt für Mitglieder der Lok Sabha ein Mindestalter von 25 Jahren. Wählen darf man dagegen schon mit 18.,Mitglied der Lok Sabha kann man ab 25 Jahren werden.,Lok Sabha,,ok
pol_welt,2,Für wie viele Jahre wird die Lok Sabha normalerweise gewählt?,"[""5 Jahre"", ""4 Jahre"", ""6 Jahre"", ""3 Jahre""]","Die Lok Sabha wird für fünf Jahre gewählt, wenn sie nicht vorher aufgelöst wird. Die letzte Wahl fand 2024 statt.",Die Lok Sabha wird alle fünf Jahre neu gewählt.,Lok Sabha,,ok
pol_welt,2,"Wie viele Wochen dauerte die Wahl zur Lok Sabha im Jahr 2024 ungefähr, weil in mehreren Phasen gewählt wurde?","[""Etwa 6 Wochen"", ""Einen Tag"", ""Etwa 1 Woche"", ""Etwa 6 Monate""]",Die Wahl 2024 fand in sieben Phasen vom 19. April bis 1. Juni statt. Wegen der riesigen Zahl von Wählenden wird in Indien gestaffelt gewählt.,Die indische Parlamentswahl 2024 dauerte rund sechs Wochen.,Lok Sabha,,ok
pol_welt,2,In welcher Stadt tagt die Lok Sabha?,"[""Neu-Delhi"", ""Mumbai"", ""Kalkutta"", ""Bangalore""]",Das indische Parlament hat seinen Sitz in der Hauptstadt Neu-Delhi. Seit 2023 tagt es in einem neuen Parlamentsgebäude.,Die Lok Sabha tagt in Neu-Delhi.,Lok Sabha,,ok
pol_welt,2,Welche Länder gehören vor allem zum Commonwealth of Nations?,"[""Ehemalige Gebiete des Britischen Weltreichs"", ""Alle Länder Europas"", ""Alle Länder mit Königen"", ""Alle Inselstaaten der Welt""]",Die meisten Mitglieder des Commonwealth waren früher britische Kolonien oder Gebiete. Heute arbeiten sie freiwillig als gleichberechtigte Staaten zusammen.,Das Commonwealth ist vor allem ein Bund ehemaliger britischer Gebiete.,Commonwealth of Nations,,ok
pol_welt,2,Wie viele Mitgliedstaaten hat das Commonwealth of Nations (Stand 2026)?,"[""56"", ""27"", ""35"", ""193""]",Das Commonwealth hat 56 Mitglieder (Stand 2026). Als letzte traten 2022 Gabun und Togo bei.,Zum Commonwealth gehören 56 Staaten.,Commonwealth of Nations,,ok
pol_welt,2,Wer ist das Oberhaupt des Commonwealth of Nations (Stand 2026)?,"[""König Charles III."", ""Der britische Premierminister"", ""Der UNO-Generalsekretär"", ""Der Präsident Indiens""]","Das Oberhaupt des Commonwealth ist der britische Monarch, heute König Charles III. Das Amt hat vor allem symbolische Bedeutung.",Charles III. ist das Oberhaupt des Commonwealth.,Commonwealth of Nations,,ok
pol_welt,2,Welche Sportveranstaltung findet für die Länder des Commonwealth alle vier Jahre statt?,"[""Commonwealth Games"", ""Asian Games"", ""Panamerikanische Spiele"", ""Mittelmeerspiele""]",Die Commonwealth Games sind ein grosser Multisportanlass für die Mitgliedsländer. Sie finden wie die Olympischen Spiele alle vier Jahre statt.,Die Commonwealth Games finden alle vier Jahre statt.,Commonwealth of Nations,,ok
pol_welt,2,In welcher Stadt befindet sich das Sekretariat des Commonwealth of Nations?,"[""London"", ""Ottawa"", ""Neu-Delhi"", ""Canberra""]",Das Commonwealth-Sekretariat hat seinen Sitz im Marlborough House in London. Es organisiert die Zusammenarbeit der Mitglieder.,Das Sekretariat des Commonwealth ist in London.,Commonwealth of Nations,,ok
pol_welt,2,"Welches dieser Länder ist Mitglied im Commonwealth, obwohl es nie eine britische Kolonie war?","[""Mosambik"", ""Kenia"", ""Jamaika"", ""Neuseeland""]","Mosambik war eine portugiesische Kolonie und trat 1995 dem Commonwealth bei. Kenia, Jamaika und Neuseeland gehörten früher zum Britischen Weltreich.","Mosambik ist Mitglied im Commonwealth, obwohl es nie britisch war.",Commonwealth of Nations,,ok
pol_welt,2,"Mit welcher Erklärung wurde 1949 das moderne Commonwealth gegründet, in dem alle Mitglieder gleichberechtigt sind?","[""Londoner Erklärung"", ""Pariser Erklärung"", ""Genfer Erklärung"", ""Delhier Erklärung""]",Mit der Londoner Erklärung von 1949 durften auch Republiken wie Indien Mitglied bleiben. Seither sind alle Mitglieder freie und gleichberechtigte Staaten.,Die Londoner Erklärung von 1949 begründete das moderne Commonwealth.,Commonwealth of Nations,,ok
pol_welt,2,Welches dieser Länder ist Mitglied im Commonwealth?,"[""Kanada"", ""Irland"", ""Ägypten"", ""Vereinigte Staaten""]","Kanada ist Mitglied im Commonwealth. Irland trat 1949 aus, Ägypten und die USA sind keine Mitglieder.",Kanada gehört zum Commonwealth of Nations.,Commonwealth of Nations,,ok
pol_welt,2,Welche Stadt war im Jahr 2026 Gastgeberin der Commonwealth Games?,"[""Glasgow"", ""Melbourne"", ""Toronto"", ""Kapstadt""]",Die Commonwealth Games 2026 fanden im schottischen Glasgow statt. Glasgow war bereits 2014 Gastgeberstadt.,Glasgow war 2026 Gastgeber der Commonwealth Games.,Commonwealth of Nations,,ok
pol_welt,2,Bei welcher Teilstreitkraft diente Charles in den 1970er-Jahren als Offizier?,"[""Royal Navy"", ""Royal Air Force"", ""British Army"", ""Royal Marines""]","Charles diente von 1971 bis 1976 in der britischen Marine, der Royal Navy. Zuletzt befehligte er ein Minenjagdboot.",Charles III. diente in jungen Jahren in der Royal Navy.,Charles III.,,ok
pol_welt,2,Welche Rolle hat König Charles III. in der Kirche von England?,"[""Er ist ihr weltliches Oberhaupt"", ""Er ist ihr Erzbischof"", ""Er hat dort keine Rolle"", ""Er ist ihr oberster Richter""]","Der britische Monarch ist «Supreme Governor», also weltliches Oberhaupt der Church of England. Geistlich führt sie der Erzbischof von Canterbury.",Der britische König ist weltliches Oberhaupt der Kirche von England.,Charles III.,,ok
pol_welt,2,In welcher Kirche wurde Charles III. im Mai 2023 gekrönt?,"[""Westminster Abbey"", ""St Paul's Cathedral"", ""Canterbury Cathedral"", ""York Minster""]",Die Krönung fand am 6. Mai 2023 in der Westminster Abbey in London statt. Dort werden englische und britische Monarchen seit 1066 gekrönt.,Charles III. wurde in der Westminster Abbey gekrönt.,Charles III.,,ok
pol_welt,2,"Wie heisst die Rede, in der der König bei der Eröffnung des Parlaments die Pläne der Regierung vorliest?","[""King's Speech"", ""State of the Union"", ""Throne Address"", ""Royal Charter""]","In der King's Speech liest der König vor, welche Gesetze die Regierung plant. Den Text schreibt aber die Regierung.",In der King's Speech stellt der König die Pläne der Regierung vor.,Charles III.,,ok
pol_welt,2,Wer ist der Thronfolger von König Charles III. (Stand 2026)?,"[""Prinz William"", ""Prinz Harry"", ""Prinz George"", ""Prinz Edward""]","Thronfolger ist Charles' älterer Sohn William, der den Titel Prince of Wales trägt. Nach ihm folgt dessen Sohn George.",Prinz William ist der Thronfolger von Charles III.,Charles III.,,ok
pol_welt,2,Welchen Titel trug Charles als Thronfolger so lange wie niemand vor ihm?,"[""Prince of Wales"", ""Duke of York"", ""Lord Mayor"", ""Earl of Essex""]","Charles war von 1958 bis 2022 Prince of Wales, also über 60 Jahre. Kein anderer Thronfolger trug diesen Titel so lange.",Charles war so lange Prince of Wales wie niemand vor ihm.,Charles III.,,ok
pol_welt,2,In wie vielen unabhängigen Staaten ist Charles III. Staatsoberhaupt (Stand 2026)?,"[""15"", ""1"", ""56"", ""30""]","Charles III. ist König in 15 Staaten, den sogenannten Commonwealth Realms, zum Beispiel in Kanada, Australien und Neuseeland. Die meisten Commonwealth-Mitglieder sind dagegen Republiken.",Charles III. ist in 15 Staaten König.,Charles III.,,ok
pol_welt,2,Für welches Thema setzt sich Charles III. seit Jahrzehnten besonders ein?,"[""Umweltschutz"", ""Raumfahrt"", ""Autorennen"", ""Computerspiele""]",Charles warnte schon in den 1970er-Jahren vor Umweltproblemen. Er fördert biologische Landwirtschaft und Klimaschutz.,König Charles III. engagiert sich stark für den Umweltschutz.,Charles III.,,ok
pol_welt,2,Wie viele Abgeordnete hat das Unterhaus des japanischen Parlaments?,"[""465"", ""200"", ""650"", ""120""]",Das japanische Unterhaus (Shugiin) zählt 465 Abgeordnete. Sie werden für höchstens vier Jahre gewählt.,Das japanische Unterhaus hat 465 Abgeordnete.,Politisches System Japans,,ok
pol_welt,2,Welche Rolle hat der japanische Kaiser laut der Verfassung von 1947?,"[""Er ist Symbol des Staates"", ""Er führt die Regierung"", ""Er befehligt die Armee"", ""Er macht die Gesetze""]",Die Verfassung von 1947 nennt den Kaiser «Symbol des Staates und der Einheit des Volkes». Politische Macht hat er keine.,Der japanische Kaiser ist ein Symbol des Staates ohne politische Macht.,Politisches System Japans,,ok
pol_welt,2,"Wie heisst die Ära, die in Japan 2019 mit Kaiser Naruhito begann?","[""Reiwa"", ""Heisei"", ""Showa"", ""Meiji""]","Mit jedem neuen Kaiser beginnt in Japan eine neue Ära mit eigenem Namen. Seit 2019 gilt die Reiwa-Ära, davor war es die Heisei-Ära.",Seit 2019 lebt Japan in der Reiwa-Ära.,Politisches System Japans,,ok
pol_welt,2,Wie heisst das japanische Parlament?,"[""Kokkai"", ""Knesset"", ""Bundestag"", ""Storting""]","Das japanische Parlament heisst Kokkai, auf Deutsch oft «Reichstag» oder «Nationalversammlung». Es hat seinen Sitz in Tokio.",Das Parlament Japans heisst Kokkai.,Politisches System Japans,,ok
pol_welt,2,Aus wie vielen Kammern besteht das japanische Parlament?,"[""Aus zwei Kammern"", ""Aus einer Kammer"", ""Aus drei Kammern"", ""Aus vier Kammern""]",Das japanische Parlament besteht aus dem Unterhaus (Shugiin) und dem Oberhaus (Sangiin). Wie in der Schweiz gibt es also zwei Kammern.,Das japanische Parlament hat zwei Kammern.,Politisches System Japans,,ok
pol_welt,2,Wer wählt in Japan den Premierminister?,"[""Das Parlament"", ""Das Volk direkt"", ""Der Kaiser allein"", ""Das oberste Gericht""]",In Japan bestimmt das Parlament den Premierminister. Der Kaiser ernennt ihn danach nur formell.,In Japan wählt das Parlament den Premierminister.,Politisches System Japans,,ok
pol_welt,2,Wer wurde im Oktober 2025 als erste Frau Premierministerin Japans?,"[""Sanae Takaichi"", ""Yuriko Koike"", ""Tomomi Inada"", ""Seiko Noda""]",Sanae Takaichi wurde im Oktober 2025 vom Parlament zur Premierministerin gewählt. Sie ist die erste Frau in diesem Amt.,Sanae Takaichi ist die erste Premierministerin Japans.,Politisches System Japans,,ok
pol_welt,2,Wie nennt man den japanischen Kaiserthron in einem bildhaften Ausdruck?,"[""Chrysanthementhron"", ""Lotosthron"", ""Drachenthron"", ""Pfauenthron""]",Die Chrysantheme ist das Wappen der japanischen Kaiserfamilie. Deshalb spricht man vom Chrysanthementhron.,Der japanische Kaiserthron heisst Chrysanthementhron.,Politisches System Japans,,ok
pol_welt,2,Warum trat Naruhitos Vater Akihito 2019 vom Thron zurück?,"[""Wegen seines hohen Alters"", ""Wegen einer verlorenen Wahl"", ""Wegen eines Krieges"", ""Wegen eines Volksaufstands""]","Akihito war 85 Jahre alt und fürchtete, seine Aufgaben wegen Alter und Gesundheit nicht mehr erfüllen zu können. Für seinen Rücktritt brauchte es ein eigenes Gesetz.",Kaiser Akihito trat 2019 aus Altersgründen zurück.,Politisches System Japans,,ok
pol_welt,2,In welcher Stadt hat die Arabische Liga ihren Hauptsitz?,"[""Kairo"", ""Riad"", ""Bagdad"", ""Damaskus""]","Die Arabische Liga hat ihren Sitz in Kairo, der Hauptstadt Ägyptens. Das Hauptquartier liegt am Tahrir-Platz.",Die Arabische Liga hat ihren Sitz in Kairo.,Arabische Liga,,ok
pol_welt,2,In welchem Jahr wurde die Arabische Liga gegründet?,"[""1945"", ""1918"", ""1967"", ""1990""]","Die Arabische Liga wurde im März 1945 gegründet, also noch vor der UNO. Sie gehört zu den ältesten Staatenbünden der Welt.",Die Arabische Liga wurde 1945 gegründet.,Arabische Liga,,ok
pol_welt,2,Wie viele Mitglieder hat die Arabische Liga?,"[""22"", ""12"", ""35"", ""55""]",Die Arabische Liga hat 22 Mitglieder in Nordafrika und Westasien. Dazu gehört auch Palästina.,Die Arabische Liga hat 22 Mitglieder.,Arabische Liga,,ok
pol_welt,2,Welche Sprache verbindet die Mitglieder der Arabischen Liga und ist ihre Amtssprache?,"[""Arabisch"", ""Englisch"", ""Französisch"", ""Türkisch""]",In allen Mitgliedstaaten wird Arabisch gesprochen. Es ist die Amtssprache der Arabischen Liga.,Die Amtssprache der Arabischen Liga ist Arabisch.,Arabische Liga,,ok
pol_welt,2,Wie viele Staaten gründeten 1945 die Arabische Liga?,"[""7"", ""3"", ""12"", ""22""]","Gründungsmitglieder waren Ägypten, Irak, Transjordanien, Libanon, Saudi-Arabien, Syrien und Jemen. Später kamen weitere Staaten hinzu.",Sieben Staaten gründeten die Arabische Liga.,Arabische Liga,,ok
pol_welt,2,Welcher Staat wurde 2011 von der Mitarbeit in der Arabischen Liga ausgeschlossen und 2023 wieder aufgenommen?,"[""Syrien"", ""Libyen"", ""Irak"", ""Jordanien""]",Syrien wurde 2011 wegen der Gewalt gegen Demonstrierende suspendiert. Im Mai 2023 durfte es wieder teilnehmen.,Syrien war von 2011 bis 2023 aus der Arabischen Liga ausgeschlossen.,Arabische Liga,,ok
pol_welt,2,Welche Inselgruppe im Indischen Ozean ist Mitglied der Arabischen Liga?,"[""Komoren"", ""Malediven"", ""Seychellen"", ""Mauritius""]",Die Komoren liegen zwischen Afrika und Madagaskar und traten 1993 der Arabischen Liga bei. Die anderen genannten Inselstaaten sind keine Mitglieder.,Die Komoren sind Mitglied der Arabischen Liga.,Arabische Liga,,ok
pol_welt,2,Wohin wurde der Sitz der Arabischen Liga von 1979 bis 1990 verlegt?,"[""Nach Tunis"", ""Nach Beirut"", ""Nach Amman"", ""Nach Rabat""]",Ägypten wurde wegen seines Friedensvertrags mit Israel von 1979 bis 1989 suspendiert. In dieser Zeit war der Sitz in Tunis.,Von 1979 bis 1990 hatte die Arabische Liga ihren Sitz in Tunis.,Arabische Liga,,ok
pol_welt,2,In welcher Stadt wurde die Afrikanische Union gegründet?,"[""Durban"", ""Addis Abeba"", ""Lagos"", ""Accra""]",Die Afrikanische Union wurde bei einem Gipfel im südafrikanischen Durban gegründet. Ihr Sitz liegt aber in Äthiopien.,Die Afrikanische Union wurde in Durban gegründet.,Afrikanische Union,,ok
pol_welt,2,Welche Farbe hat der Hintergrund der Flagge der Afrikanischen Union?,"[""Grün"", ""Rot"", ""Blau"", ""Schwarz""]",Die Flagge der Afrikanischen Union zeigt auf grünem Grund eine Karte Afrikas in einer weissen Sonne. Ringsum stehen goldene Sterne.,Die Flagge der Afrikanischen Union hat einen grünen Hintergrund.,Afrikanische Union,,ok
pol_welt,2,Was soll die 2018 beschlossene Afrikanische Freihandelszone erreichen?,"[""Mehr Handel zwischen afrikanischen Ländern"", ""Eine gemeinsame Armee"", ""Eine einzige Amtssprache"", ""Gleiche Steuern für alle Bürger""]",Die Afrikanische Freihandelszone (AfCFTA) soll Zölle zwischen den Staaten Afrikas abbauen. So soll der Handel auf dem Kontinent wachsen.,Die Afrikanische Freihandelszone soll den Handel in Afrika stärken.,Afrikanische Union,,ok
pol_welt,2,"Wie heisst das Gremium der Afrikanischen Union, das sich um Konflikte und Kriege kümmert?","[""Friedens- und Sicherheitsrat"", ""Afrikanischer Gerichtshof"", ""Wirtschaftsrat"", ""Panafrikanisches Parlament""]",Der Friedens- und Sicherheitsrat kann Friedensmissionen beschliessen und Sanktionen verhängen. Er besteht aus 15 Mitgliedstaaten.,Der Friedens- und Sicherheitsrat der Afrikanischen Union kümmert sich um Konflikte.,Afrikanische Union,,ok
pol_welt,2,"Welches Land trat 2017 wieder der Afrikanischen Union bei, nachdem es die Vorgängerorganisation 1984 verlassen hatte?","[""Marokko"", ""Algerien"", ""Nigeria"", ""Ägypten""]","Marokko verliess 1984 die OAU, weil diese die Westsahara aufgenommen hatte. Im Jahr 2017 kehrte Marokko zurück.",Marokko ist seit 2017 wieder Mitglied der Afrikanischen Union.,Afrikanische Union,,ok
pol_welt,2,Welcher wichtigen Gruppe grosser Wirtschaftsmächte gehört die Afrikanische Union seit 2023 als Mitglied an?,"[""G20"", ""G7"", ""OPEC"", ""NATO""]",Beim Gipfel in Neu-Delhi 2023 wurde die Afrikanische Union ständiges Mitglied der G20. Vorher war die EU die einzige Staatengruppe darin.,Die Afrikanische Union ist seit 2023 Mitglied der G20.,Afrikanische Union,,ok
pol_welt,2,Wie heisst der langfristige Entwicklungsplan der Afrikanischen Union?,"[""Agenda 2063"", ""Vision 2000"", ""Plan 2050"", ""Projekt 2100""]","Die Agenda 2063 beschreibt, wie sich Afrika bis zum Jahr 2063 entwickeln soll. 2063 ist der 100. Jahrestag der Gründung der OAU.",Der Zukunftsplan der Afrikanischen Union heisst Agenda 2063.,Afrikanische Union,,ok
pol_welt,2,In welchem Land tagt das Panafrikanische Parlament der Afrikanischen Union?,"[""Südafrika"", ""Äthiopien"", ""Ghana"", ""Senegal""]",Das Panafrikanische Parlament hat seinen Sitz in Midrand bei Johannesburg in Südafrika. Es berät die Afrikanische Union.,Das Panafrikanische Parlament tagt in Südafrika.,Afrikanische Union,,ok
pol_welt,2,Wo hat die Organisation Amerikanischer Staaten (OAS) ihren Sitz?,"[""Washington, D.C."", ""Mexiko-Stadt"", ""Bogotá"", ""Buenos Aires""]","Der Hauptsitz der OAS befindet sich in Washington, D.C., in der Nähe des Weissen Hauses.","Die OAS hat ihren Sitz in Washington, D.C.",Organisation Amerikanischer Staaten,,ok
pol_welt,2,In welcher Stadt wurde 1948 die Charta der Organisation Amerikanischer Staaten unterzeichnet?,"[""Bogotá"", ""Lima"", ""Havanna"", ""Santiago de Chile""]",Die Charta der OAS wurde 1948 auf einer Konferenz in Bogotá unterzeichnet. Damit wurde die Organisation gegründet.,Die OAS wurde 1948 in Bogotá gegründet.,Organisation Amerikanischer Staaten,,ok
pol_welt,2,Welche Staaten können Mitglied der Organisation Amerikanischer Staaten sein?,"[""Unabhängige Staaten Amerikas"", ""Alle Länder mit Küste am Atlantik"", ""Nur spanischsprachige Länder"", ""Nur Länder Südamerikas""]","Die OAS vereint unabhängige Staaten in Nord-, Mittel- und Südamerika sowie in der Karibik. Dazu gehören zum Beispiel Kanada, die USA und Brasilien.",Die OAS ist ein Bund der Staaten Amerikas.,Organisation Amerikanischer Staaten,,ok
pol_welt,2,Wie viele Amtssprachen hat die Organisation Amerikanischer Staaten?,"[""4"", ""2"", ""1"", ""6""]","Die Amtssprachen der OAS sind Spanisch, Englisch, Portugiesisch und Französisch. Das sind die wichtigsten Sprachen der Mitgliedstaaten.",Die OAS hat vier Amtssprachen.,Organisation Amerikanischer Staaten,,ok
pol_welt,2,Welcher Staat wurde 1962 von der Teilnahme an der Organisation Amerikanischer Staaten ausgeschlossen?,"[""Kuba"", ""Mexiko"", ""Panama"", ""Haiti""]","Nach der kommunistischen Revolution wurde Kuba 1962 von der OAS ausgeschlossen. Der Ausschluss wurde 2009 aufgehoben, Kuba kehrte aber nicht zurück.",Kuba wurde 1962 aus der OAS ausgeschlossen.,Organisation Amerikanischer Staaten,,ok
pol_welt,2,"Wie heisst das Gremium der OAS, das die Einhaltung der Menschenrechte in Amerika überwacht?","[""Interamerikanische Menschenrechtskommission"", ""Amerikanischer Sicherheitsrat"", ""Panamerikanisches Parlament"", ""Interamerikanische Zentralbank""]","Die Interamerikanische Menschenrechtskommission prüft Beschwerden über Menschenrechtsverletzungen. Sie hat ihren Sitz in Washington, D.C.",Die Interamerikanische Menschenrechtskommission schützt die Menschenrechte in Amerika.,Organisation Amerikanischer Staaten,,ok
pol_welt,2,Welches mittelamerikanische Land verliess die Organisation Amerikanischer Staaten im Jahr 2023?,"[""Nicaragua"", ""Costa Rica"", ""Guatemala"", ""Honduras""]","Nicaragua kündigte 2021 seinen Austritt an, der im November 2023 wirksam wurde. Die Regierung hatte Kritik der OAS zurückgewiesen.",Nicaragua ist 2023 aus der OAS ausgetreten.,Organisation Amerikanischer Staaten,,ok
pol_welt,2,In welchem Jahr trat Kanada der Organisation Amerikanischer Staaten bei?,"[""1990"", ""1948"", ""1962"", ""2005""]",Kanada blieb der OAS lange fern und wurde erst 1990 Mitglied. Heute ist es einer der wichtigsten Geldgeber.,Kanada ist seit 1990 Mitglied der OAS.,Organisation Amerikanischer Staaten,,ok
pol_welt,2,Wie viele Staaten gehören zum Golf-Kooperationsrat?,"[""6"", ""4"", ""10"", ""22""]","Mitglieder sind Saudi-Arabien, Kuwait, Bahrain, Katar, die Vereinigten Arabischen Emirate und Oman. Alle liegen an der Arabischen Halbinsel.",Der Golf-Kooperationsrat hat sechs Mitglieder.,Golf-Kooperationsrat,,ok
pol_welt,2,In welcher Stadt hat der Golf-Kooperationsrat seinen Sitz?,"[""Riad"", ""Dubai"", ""Doha"", ""Maskat""]","Das Generalsekretariat des Golf-Kooperationsrats befindet sich in Riad, der Hauptstadt Saudi-Arabiens.",Der Golf-Kooperationsrat hat seinen Sitz in Riad.,Golf-Kooperationsrat,,ok
pol_welt,2,In welchem Jahr wurde der Golf-Kooperationsrat gegründet?,"[""1981"", ""1945"", ""1967"", ""2001""]",Der Golf-Kooperationsrat wurde 1981 in Abu Dhabi gegründet. Ein Grund war die Sorge um die Sicherheit in der Region.,Der Golf-Kooperationsrat wurde 1981 gegründet.,Golf-Kooperationsrat,,ok
pol_welt,2,Welches dieser Länder ist KEIN Mitglied des Golf-Kooperationsrats?,"[""Irak"", ""Kuwait"", ""Oman"", ""Bahrain""]","Der Irak liegt zwar am Persischen Golf, gehört aber nicht zum Golf-Kooperationsrat. Kuwait, Oman und Bahrain sind Mitglieder.",Der Irak gehört nicht zum Golf-Kooperationsrat.,Golf-Kooperationsrat,,ok
pol_welt,2,Welche Staatsform haben alle Mitglieder des Golf-Kooperationsrats?,"[""Monarchie"", ""Bundesrepublik"", ""Volksrepublik"", ""Direkte Demokratie""]","Alle sechs Mitglieder werden von Königen, Emiren oder einem Sultan regiert. Es sind also alles Monarchien.",Alle Golfstaaten im Kooperationsrat sind Monarchien.,Golf-Kooperationsrat,,ok
pol_welt,2,"Gegen welches Mitglied brachen Saudi-Arabien, die Emirate und Bahrain 2017 die Beziehungen ab?","[""Katar"", ""Oman"", ""Kuwait"", ""Jemen""]","Von 2017 bis 2021 blockierten Saudi-Arabien, die Emirate, Bahrain und Ägypten das Land Katar. Mit der Erklärung von al-Ula im Januar 2021 wurde der Streit beigelegt.",Katar wurde von 2017 bis 2021 von Nachbarn blockiert.,Golf-Kooperationsrat,,ok
pol_welt,2,Welcher Rohstoff hat die Mitglieder des Golf-Kooperationsrats besonders reich gemacht?,"[""Erdöl"", ""Gold"", ""Kupfer"", ""Kohle""]",Unter den Golfstaaten liegen riesige Erdöl- und Erdgasvorräte. Der Verkauf brachte ihnen grossen Wohlstand.,Die Golfstaaten sind vor allem durch Erdöl reich geworden.,Golf-Kooperationsrat,,ok
pol_welt,2,"An welchem Gewässer liegen die meisten Mitglieder des Golf-Kooperationsrats, das ihm den Namen gibt?","[""Persischer Golf"", ""Rotes Meer"", ""Mittelmeer"", ""Kaspisches Meer""]",Der Golf-Kooperationsrat ist nach dem Persischen Golf benannt. Fast alle Mitglieder haben dort eine Küste.,Der Golf-Kooperationsrat ist nach dem Persischen Golf benannt.,Golf-Kooperationsrat,,ok
pol_welt,2,In welchem Jahr wurde die Shanghaier Organisation für Zusammenarbeit gegründet?,"[""2001"", ""1991"", ""1996"", ""2010""]",Die Shanghaier Organisation für Zusammenarbeit wurde 2001 in Shanghai gegründet. Sie ging aus der Gruppe der «Shanghai Five» von 1996 hervor.,Die Shanghaier Organisation für Zusammenarbeit wurde 2001 gegründet.,Shanghaier Organisation für Zusammenarbeit,,ok
pol_welt,2,Welche zwei grossen Staaten gehören zu den Gründern der Shanghaier Organisation für Zusammenarbeit?,"[""China und Russland"", ""Indien und Pakistan"", ""Japan und Korea"", ""Iran und Türkei""]",China und Russland waren 2001 unter den sechs Gründerstaaten. Indien und Pakistan kamen erst später dazu.,China und Russland sind Gründungsmitglieder der Shanghaier Organisation.,Shanghaier Organisation für Zusammenarbeit,,ok
pol_welt,2,In welcher Stadt befindet sich das Sekretariat der Shanghaier Organisation für Zusammenarbeit?,"[""Peking"", ""Shanghai"", ""Moskau"", ""Taschkent""]","Obwohl die Organisation nach Shanghai benannt ist, liegt ihr Sekretariat in Peking. In Taschkent befindet sich ihre Stelle gegen Terrorismus.",Das Sekretariat der Shanghaier Organisation ist in Peking.,Shanghaier Organisation für Zusammenarbeit,,ok
pol_welt,2,Welche zwei südasiatischen Staaten wurden 2017 Mitglieder der Shanghaier Organisation für Zusammenarbeit?,"[""Indien und Pakistan"", ""Nepal und Bhutan"", ""Bangladesch und Sri Lanka"", ""Afghanistan und Myanmar""]",Indien und Pakistan wurden 2017 als volle Mitglieder aufgenommen. Damit wuchs die Organisation von sechs auf acht Mitglieder.,Indien und Pakistan sind seit 2017 Mitglieder der Shanghaier Organisation.,Shanghaier Organisation für Zusammenarbeit,,ok
pol_welt,2,Welches Land wurde 2023 Mitglied der Shanghaier Organisation für Zusammenarbeit?,"[""Iran"", ""Türkei"", ""Mongolei"", ""Ägypten""]",Der Iran wurde im Juli 2023 als neuntes Mitglied aufgenommen. Die Türkei und die Mongolei sind keine Vollmitglieder.,Der Iran ist seit 2023 Mitglied der Shanghaier Organisation.,Shanghaier Organisation für Zusammenarbeit,,ok
pol_welt,2,Welches europäische Land wurde 2024 Mitglied der Shanghaier Organisation für Zusammenarbeit?,"[""Belarus"", ""Serbien"", ""Ungarn"", ""Ukraine""]",Belarus wurde im Juli 2024 beim Gipfel in Astana aufgenommen. Damit hat die Organisation zehn Mitglieder.,Belarus ist seit 2024 Mitglied der Shanghaier Organisation.,Shanghaier Organisation für Zusammenarbeit,,ok
pol_welt,2,Was sind die zwei Amtssprachen der Shanghaier Organisation für Zusammenarbeit?,"[""Chinesisch und Russisch"", ""Englisch und Chinesisch"", ""Russisch und Englisch"", ""Chinesisch und Hindi""]","Die Amtssprachen sind Chinesisch und Russisch, die Sprachen der beiden grössten Gründerstaaten. In ihnen werden die Dokumente verfasst.",Die Shanghaier Organisation hat Chinesisch und Russisch als Amtssprachen.,Shanghaier Organisation für Zusammenarbeit,,ok
pol_welt,2,In welcher Region liegen vier der sechs Gründerstaaten der Shanghaier Organisation für Zusammenarbeit?,"[""Zentralasien"", ""Südostasien"", ""Naher Osten"", ""Osteuropa""]","Neben China und Russland gründeten Kasachstan, Kirgisistan, Tadschikistan und Usbekistan die Organisation. Diese vier Länder liegen in Zentralasien.",Vier Gründerstaaten der Shanghaier Organisation liegen in Zentralasien.,Shanghaier Organisation für Zusammenarbeit,,ok
pol_welt,2,Wie heisst der höchste Berg von Liechtenstein?,"[""Grauspitz"", ""Säntis"", ""Piz Bernina"", ""Pizol""]",Der Grauspitz ist mit 2599 Metern der höchste Gipfel Liechtensteins. Er liegt an der Grenze zum Kanton Graubünden.,Der Grauspitz ist der höchste Berg Liechtensteins.,Liechtenstein,,ok
pol_welt,2,Wie heisst der Hauptort von Liechtenstein?,"[""Vaduz"", ""Schaan"", ""Balzers"", ""Triesen""]","Vaduz ist der Hauptort und Sitz von Regierung und Landtag. Über dem Ort thront das Schloss Vaduz, der Wohnsitz der Fürstenfamilie.",Vaduz ist der Hauptort von Liechtenstein.,Liechtenstein,,ok
pol_welt,2,Wie viele Abgeordnete hat der Landtag von Liechtenstein?,"[""25"", ""46"", ""100"", ""12""]",Der Landtag zählt 25 Abgeordnete. Davon kommen 15 aus dem Oberland und 10 aus dem Unterland.,Der Landtag von Liechtenstein hat 25 Abgeordnete.,Liechtenstein,,ok
pol_welt,2,Seit welchem Jahr ist Liechtenstein Mitglied der UNO?,"[""1990"", ""1945"", ""2002"", ""1971""]","Liechtenstein trat 1990 der UNO bei, als 160. Mitglied. Damit war es früher Mitglied als die Schweiz.",Liechtenstein ist seit 1990 in der UNO.,Liechtenstein,,ok
pol_welt,2,Wie heisst das Parlament von Liechtenstein?,"[""Landtag"", ""Grosser Rat"", ""Nationalrat"", ""Bundesrat""]",Das Parlament Liechtensteins heisst Landtag. Seine Mitglieder werden alle vier Jahre vom Volk gewählt.,Das Parlament Liechtensteins heisst Landtag.,Liechtenstein,,ok
pol_welt,2,Mit welchem Land schloss Liechtenstein 1923 einen Zollvertrag ab?,"[""Schweiz"", ""Österreich"", ""Deutschland"", ""Frankreich""]",Seit dem Zollvertrag von 1923 bilden Liechtenstein und die Schweiz ein gemeinsames Zollgebiet. Deshalb gibt es zwischen den beiden Ländern keine Zollkontrollen.,Liechtenstein und die Schweiz sind seit 1923 durch einen Zollvertrag verbunden.,Liechtenstein,,ok
pol_welt,2,Welcher Fluss bildet die Grenze zwischen Liechtenstein und der Schweiz?,"[""Rhein"", ""Inn"", ""Aare"", ""Ill""]",Der Rhein fliesst im Westen von Liechtenstein und trennt es vom Kanton St. Gallen. Mehrere Brücken verbinden die beiden Länder.,Der Rhein trennt Liechtenstein von der Schweiz.,Liechtenstein,,ok
pol_welt,2,In welchem Jahr erhielten die Frauen in Liechtenstein das Stimm- und Wahlrecht auf Landesebene?,"[""1984"", ""1919"", ""1971"", ""1999""]",Liechtenstein führte das Frauenstimmrecht auf Landesebene erst 1984 nach einer Volksabstimmung ein. Es war eines der letzten Länder Europas.,Die Frauen in Liechtenstein dürfen seit 1984 abstimmen und wählen.,Liechtenstein,,ok
pol_welt,2,Was ist das Besondere an der Lage von Liechtenstein?,"[""Es grenzt nur an Binnenstaaten"", ""Es liegt auf einer Insel"", ""Es hat eine Küste am Mittelmeer"", ""Es liegt vollständig über 2000 Metern""]",Liechtenstein hat keinen Zugang zum Meer und ist nur von Ländern ohne Meerzugang umgeben. Ausser ihm gilt das weltweit nur noch für Usbekistan.,Liechtenstein ist ein doppelter Binnenstaat.,Liechtenstein,,ok
