thema,stufe,frage,antworten,erklaerung,merksatz,quelle,bild,status
g_antike,1,Was stand oft ganz oben auf einer Maya-Pyramide?,"[""Ein Tempel"", ""Ein Wasserturm"", ""Eine Glocke"", ""Ein Garten""]",Auf der Spitze stand ein kleiner Tempel. Dort feierten Priester Zeremonien für die Götter.,Oben auf Maya-Pyramiden stand oft ein Tempel.,Maya-Architektur,,ok
g_antike,1,Wie heisst eine berühmte Maya-Stadt mit einer grossen Pyramide?,"[""Chichén Itzá"", ""Machu Picchu"", ""Kairo"", ""Babylon""]",Chichén Itzá liegt in Mexiko. Machu Picchu dagegen wurde von den Inka in Peru gebaut.,Chichén Itzá ist eine berühmte Maya-Stadt.,Maya-Architektur,,ok
g_antike,1,In welcher Weltgegend bauten die Maya ihre Pyramiden?,"[""In Mittelamerika"", ""In Afrika"", ""In Europa"", ""In Australien""]","Die Maya lebten im heutigen Mexiko, in Guatemala und in Nachbarländern. Diese Gegend nennt man Mittelamerika.",Die Maya bauten ihre Pyramiden in Mittelamerika.,Maya-Architektur,,ok
g_antike,1,Die Pyramide von Chichén Itzá hat 4 Treppen mit je 91 Stufen und oben noch eine Stufe. Wie viele Stufen sind das?,"[""365"", ""364"", ""361"", ""92""]","4 mal 91 sind 364, und mit der obersten Stufe sind es 365. So viele Tage hat ein Jahr.",Die Pyramide von Chichén Itzá hat so viele Stufen wie das Jahr Tage.,Maya-Architektur,,ok
g_antike,1,Was sieht man im Frühling und im Herbst an der Pyramide von Chichén Itzá?,"[""Eine Schlange aus Schatten"", ""Einen Regenbogen"", ""Einen Wasserfall"", ""Ein Feuerwerk""]","An zwei Tagen im Jahr wirft die Sonne Schatten auf die Treppe. Es sieht aus, als ob eine Schlange die Pyramide hinunterkriecht.",An der Pyramide von Chichén Itzá erscheint eine Schattenschlange.,Maya-Architektur,,ok
g_antike,1,Wo liegen viele alte Maya-Pyramiden heute?,"[""Im Regenwald"", ""In der Wüste"", ""Im ewigen Schnee"", ""Unter dem Meer""]",Viele Maya-Städte wurden vom Regenwald überwachsen. Manche Pyramiden werden noch heute im Dschungel entdeckt.,Viele Maya-Pyramiden liegen im Regenwald.,Maya-Architektur,,ok
g_antike,1,Welches Spiel spielten die Maya auf Plätzen neben ihren Pyramiden?,"[""Ein Ballspiel"", ""Schach"", ""Tennis"", ""Golf""]",Die Maya bauten Ballspielplätze mit hohen Wänden. Der schwere Gummiball durfte nicht mit den Händen berührt werden.,Die Maya spielten auf eigenen Plätzen ein Ballspiel.,Maya-Architektur,,ok
g_antike,1,Welchen Wert hat ein Punkt in der Zahlschrift der Maya?,"[""1"", ""5"", ""10"", ""20""]",Die Maya schrieben die Eins als Punkt. Zwei Punkte bedeuten 2.,Ein Punkt bedeutet bei den Maya eins.,Maya-Zahlen,,ok
g_antike,1,Welchen Wert hat ein Strich in der Zahlschrift der Maya?,"[""5"", ""1"", ""10"", ""100""]",Ein waagrechter Strich bedeutet bei den Maya 5. Er ersetzt fünf Punkte.,Ein Strich bedeutet bei den Maya fünf.,Maya-Zahlen,,ok
g_antike,1,Wie schrieben die Maya die Null?,"[""Mit einer Muschel"", ""Mit einem Stern"", ""Mit einem Herz"", ""Mit einem Pfeil""]","Für die Null zeichneten die Maya ein Zeichen, das wie eine Muschel aussieht. Viele andere Völker kannten damals noch keine Null.",Die Maya schrieben die Null als Muschel.,Maya-Zahlen,,ok
g_antike,1,Welche Zahl bedeuten bei den Maya drei Punkte?,"[""3"", ""15"", ""30"", ""8""]","Jeder Punkt zählt 1. Drei Punkte sind also 1 plus 1 plus 1, das gibt 3.",Drei Punkte bedeuten bei den Maya drei.,Maya-Zahlen,,ok
g_antike,1,Welche Zahl bedeuten bei den Maya zwei Striche und ein Punkt?,"[""11"", ""3"", ""7"", ""12""]","Jeder Strich ist 5 und der Punkt ist 1. Also 5 plus 5 plus 1, das gibt 11.",Zwei Striche und ein Punkt ergeben bei den Maya elf.,Maya-Zahlen,,ok
g_antike,1,Welche Zahl bedeuten bei den Maya drei Striche?,"[""15"", ""3"", ""13"", ""30""]","Jeder Strich ist 5. Drei Striche sind 5 plus 5 plus 5, das gibt 15.",Drei Striche bedeuten bei den Maya fünfzehn.,Maya-Zahlen,,ok
g_antike,1,Wie viele Punkte stehen bei einer Maya-Zahl höchstens nebeneinander?,"[""4"", ""5"", ""9"", ""10""]","Fünf Punkte schreibt man nicht, denn dafür gibt es einen Strich. Darum stehen höchstens 4 Punkte nebeneinander.",Bei den Maya stehen höchstens vier Punkte nebeneinander.,Maya-Zahlen,,ok
g_antike,1,Die Maya zählten in Zwanzigergruppen. Womit hängt das vermutlich zusammen?,"[""Mit Fingern und Zehen"", ""Mit den Tagen einer Woche"", ""Mit den Monaten eines Jahres"", ""Mit den Beinen eines Käfers""]","Ein Mensch hat 10 Finger und 10 Zehen, zusammen 20. Damit konnte man gut zählen.",Die Maya zählten vermutlich mit Fingern und Zehen bis zwanzig.,Maya-Zahlen,,ok
g_antike,1,Wie viele Tage hatte das Sonnenjahr der Maya?,"[""365"", ""300"", ""100"", ""500""]","Das Sonnenjahr der Maya heisst Haab. Es hatte 365 Tage, fast so wie unser Jahr.",Das Sonnenjahr der Maya hatte 365 Tage.,Maya-Kalender,,ok
g_antike,1,Wie viele Tage hatte ein Monat im Sonnenjahr der Maya?,"[""20"", ""30"", ""7"", ""10""]",Im Sonnenjahr der Maya hatte jeder Monat genau 20 Tage. Das passt zu ihrer Zählweise in Zwanzigern.,Ein Maya-Monat dauerte zwanzig Tage.,Maya-Kalender,,ok
g_antike,1,Ein Maya-Jahr hatte 18 Monate mit je 20 Tagen. Wie viele Tage sind das?,"[""360"", ""380"", ""340"", ""180""]",18 mal 20 sind 360 Tage. Dazu kamen am Ende des Jahres noch einige Zusatztage.,Achtzehn Monate mit je zwanzig Tagen ergeben 360 Tage.,Maya-Kalender,,ok
g_antike,1,Wie galten die fünf Zusatztage am Ende des Maya-Jahres?,"[""Als Unglückstage"", ""Als Geburtstage"", ""Als Ferientage"", ""Als Glückstage""]","Die fünf Tage gehörten zu keinem Monat. Die Maya glaubten, dass sie Unglück bringen.",Die letzten fünf Tage des Maya-Jahres galten als Unglückstage.,Maya-Kalender,,ok
g_antike,1,Wie viele Tage hatte der heilige Kalender der Maya?,"[""260"", ""365"", ""100"", ""52""]",Der heilige Kalender heisst Tzolkin. Er hatte 260 Tage und wurde für Feste und Rituale gebraucht.,Der heilige Kalender der Maya hatte 260 Tage.,Maya-Kalender,,ok
g_antike,1,Nach wie vielen Jahren begannen die beiden Maya-Kalender wieder am gleichen Tag?,"[""Nach 52 Jahren"", ""Nach 10 Jahren"", ""Nach 100 Jahren"", ""Nach 2 Jahren""]",Erst nach 52 Jahren trafen beide Kalender wieder auf den gleichen Starttag. Diese Zeit nennt man Kalenderrunde.,Eine Kalenderrunde der Maya dauerte 52 Jahre.,Maya-Kalender,,ok
g_antike,1,Welchen Planeten beobachteten die Maya besonders genau?,"[""Die Venus"", ""Den Saturn"", ""Den Neptun"", ""Den Uranus""]",Die Venus ist am Himmel sehr hell. Die Maya berechneten ihren Lauf sehr genau und schrieben ihn in Büchern auf.,Die Maya beobachteten die Venus sehr genau.,Maya-Kalender,,ok
g_antike,1,"Was geschah am 21. Dezember 2012, als ein grosser Abschnitt des Maya-Kalenders endete?","[""Nichts Besonderes"", ""Die Welt ging unter"", ""Die Sonne ging nicht auf"", ""Es gab kein Wasser mehr""]","Manche Leute glaubten, die Welt gehe an diesem Tag unter. Doch für die Maya begann einfach ein neuer Zeitabschnitt.",Am Ende eines Maya-Zeitabschnitts beginnt einfach ein neuer.,Maya-Kalender,,ok
g_antike,1,In welchem Land liegen die Nazca-Linien?,"[""Peru"", ""Mexiko"", ""China"", ""Ägypten""]",Die Nazca-Linien liegen in einer Wüste im Süden von Peru. Sie gehören zum Welterbe der UNESCO.,Die Nazca-Linien liegen in Peru.,Nazca-Linien,,ok
g_antike,1,Was sind die Nazca-Linien?,"[""Riesige Bilder im Wüstenboden"", ""Alte Strassen aus Stein"", ""Hohe Mauern aus Lehm"", ""Ausgetrocknete Flüsse""]","Die Linien sind riesige Zeichnungen auf dem Boden der Wüste. Sie zeigen Tiere, Pflanzen und Formen.",Die Nazca-Linien sind riesige Bilder im Wüstenboden.,Nazca-Linien,,ok
g_antike,1,Welcher Vogel ist als Nazca-Bild berühmt?,"[""Der Kolibri"", ""Der Pinguin"", ""Der Strauss"", ""Der Papagei""]",Der Kolibri ist eines der bekanntesten Bilder in der Wüste von Nazca. Er ist fast hundert Meter lang.,Ein riesiger Kolibri ist in die Wüste von Nazca gezeichnet.,Nazca-Linien,,ok
g_antike,1,Von wo aus sieht man die Nazca-Bilder am besten?,"[""Aus der Luft"", ""Aus einer Höhle"", ""Vom Boden aus"", ""Unter Wasser""]","Die Bilder sind so gross, dass man sie vom Boden kaum erkennt. Aus einem Flugzeug sieht man sie gut.",Die Nazca-Bilder erkennt man am besten aus der Luft.,Nazca-Linien,,ok
g_antike,1,Wie machten die Menschen von Nazca die Linien?,"[""Sie räumten dunkle Steine weg"", ""Sie malten mit weisser Farbe"", ""Sie gruben tiefe Gräben"", ""Sie pflanzten Bäume in Reihen""]","Der Boden ist mit dunklen Steinen bedeckt. Darunter ist heller Sand, und so entstanden helle Linien.",Für die Nazca-Linien wurden dunkle Steine weggeräumt.,Nazca-Linien,,ok
g_antike,1,Warum sind die Nazca-Linien bis heute erhalten?,"[""Weil es dort kaum regnet"", ""Weil sie aus Beton sind"", ""Weil Wächter sie putzen"", ""Weil sie unter einem Dach liegen""]",Die Wüste von Nazca gehört zu den trockensten Orten der Erde. Ohne Regen und mit wenig Wind blieben die Linien lange erhalten.,In der trockenen Wüste blieben die Nazca-Linien erhalten.,Nazca-Linien,,ok
g_antike,1,Wie alt sind die Nazca-Linien ungefähr?,"[""Rund 2000 Jahre"", ""Rund 200 Jahre"", ""Rund 20 Jahre"", ""Rund 20 000 Jahre""]",Die Nazca-Kultur zeichnete die Linien vor etwa 2000 Jahren. Das war ungefähr zur Zeit der alten Römer.,Die Nazca-Linien sind rund 2000 Jahre alt.,Nazca-Linien,,ok
g_antike,1,Welche deutsche Forscherin erforschte die Nazca-Linien ihr Leben lang?,"[""Maria Reiche"", ""Marie Curie"", ""Anne Frank"", ""Johanna Spyri""]",Maria Reiche vermass die Linien jahrzehntelang und setzte sich für ihren Schutz ein. In Peru wird sie sehr verehrt.,Maria Reiche widmete ihr Leben den Nazca-Linien.,Nazca-Linien,,ok
g_antike,1,Wer war der Vater des Helden Herakles?,"[""Zeus"", ""Poseidon"", ""Apollon"", ""Hermes""]",Herakles war ein Sohn des Göttervaters Zeus und der Menschenfrau Alkmene. Darum war er ein Halbgott mit riesigen Kräften.,Herakles war ein Sohn von Zeus.,Herakles,,ok
g_antike,1,Wie viele grosse Aufgaben musste Herakles erledigen?,"[""12"", ""7"", ""5"", ""20""]",Die Sage erzählt von den zwölf Arbeiten des Herakles. Jede Aufgabe war gefährlich und schien fast unmöglich.,Herakles musste zwölf Aufgaben lösen.,Herakles,,ok
g_antike,1,Welches Tier besiegte Herakles bei der Stadt Nemea?,"[""Einen Löwen"", ""Einen Bären"", ""Einen Wolf"", ""Einen Tiger""]","Der Nemeische Löwe hatte ein Fell, das keine Waffe durchdringen konnte. Herakles erwürgte ihn und trug danach sein Fell als Umhang.",Herakles trug das Fell des Nemeischen Löwen.,Herakles,,ok
g_antike,1,"Was geschah, wenn man der Hydra einen Kopf abschlug?","[""Zwei neue wuchsen nach"", ""Sie fiel sofort um"", ""Sie wurde unsichtbar"", ""Sie verwandelte sich""]","Die Hydra war eine Wasserschlange mit vielen Köpfen. Für jeden abgeschlagenen Kopf wuchsen zwei neue nach, bis die Wunden mit Feuer verschlossen wurden.",Bei der Hydra wuchsen für jeden Kopf zwei neue nach.,Herakles,,ok
g_antike,1,Wessen riesige Ställe musste Herakles an einem einzigen Tag ausmisten?,"[""Die Ställe des Augias"", ""Die Ställe des Minos"", ""Die Ställe des Priamos"", ""Die Ställe des Kreon""]","König Augias hatte sehr viele Rinder, und seine Ställe waren seit Jahren nicht geputzt worden. Herakles schaffte es trotzdem an einem Tag.",Herakles mistete die Ställe des Augias aus.,Herakles,,ok
g_antike,1,Wie machte Herakles die Ställe des Augias sauber?,"[""Er leitete Flüsse hindurch"", ""Er zündete sie an"", ""Er rief viele Helfer"", ""Er trug den Mist weg""]",Herakles leitete zwei Flüsse durch die Ställe. Das Wasser spülte allen Mist auf einmal hinaus.,Herakles liess Flusswasser durch die Ställe fliessen.,Herakles,,ok
g_antike,1,Welchen Hund holte Herakles aus der Unterwelt?,"[""Kerberos"", ""Argos"", ""Laelaps"", ""Orthos""]","Kerberos war ein Hund mit drei Köpfen, der den Eingang zur Unterwelt bewachte. Herakles bezwang ihn mit blossen Händen.",Kerberos bewachte mit drei Köpfen die Unterwelt.,Herakles,,ok
g_antike,1,Wie heisst Herakles bei den alten Römern?,"[""Herkules"", ""Hektor"", ""Hermes"", ""Horatius""]",Die Römer übernahmen viele griechische Sagen. Aus Herakles wurde bei ihnen Herkules.,Die Römer nannten Herakles Herkules.,Herakles,,ok
g_antike,1,"Wie hiess das Ungeheuer mit sechs Köpfen, an dem Odysseus vorbeisegeln musste?","[""Skylla"", ""Hydra"", ""Chimära"", ""Gorgo""]",Skylla lauerte an einer engen Meeresstrasse und packte Seeleute von den Schiffen. Gegenüber drohte ein gefährlicher Strudel.,Skylla war ein Ungeheuer mit sechs Köpfen.,Odyssee,,ok
g_antike,1,Auf welcher Insel war Odysseus König?,"[""Ithaka"", ""Kreta"", ""Sizilien"", ""Zypern""]",Odysseus herrschte über die kleine griechische Insel Ithaka. Dorthin wollte er nach dem Krieg zurück.,Odysseus war König von Ithaka.,Odyssee,,ok
g_antike,1,Wie hiess die Ehefrau von Odysseus?,"[""Penelope"", ""Helena"", ""Ariadne"", ""Medea""]","Penelope wartete viele Jahre treu auf Odysseus. Sie wies alle Männer ab, die sie heiraten wollten.",Penelope wartete treu auf Odysseus.,Odyssee,,ok
g_antike,1,Wie hiess der Sohn von Odysseus?,"[""Telemachos"", ""Patroklos"", ""Perseus"", ""Theseus""]","Telemachos war noch ein Baby, als sein Vater in den Krieg zog. Als Odysseus heimkehrte, war er ein junger Mann.",Telemachos ist der Sohn von Odysseus.,Odyssee,,ok
g_antike,1,"Wie hörte Odysseus den Gesang der Sirenen, ohne ihm zu folgen?","[""Er war an den Mast gebunden"", ""Er hielt die Augen zu"", ""Er sang selber laut"", ""Er schlief tief""]","Die Sirenen lockten Seeleute mit ihrem Gesang ins Verderben. Die Gefährten hatten Wachs in den Ohren, und Odysseus liess sich am Mast festbinden.",Odysseus liess sich am Mast festbinden.,Odyssee,,ok
g_antike,1,In welche Tiere verwandelte die Zauberin Kirke die Gefährten von Odysseus?,"[""In Schweine"", ""In Hunde"", ""In Esel"", ""In Vögel""]","Kirke gab den Männern einen Zaubertrank, und sie wurden zu Schweinen. Odysseus zwang sie, die Gefährten zurückzuverwandeln.",Kirke verwandelte die Gefährten in Schweine.,Odyssee,,ok
g_antike,1,Welches Tier erkannte Odysseus nach 20 Jahren sofort wieder?,"[""Sein Hund Argos"", ""Sein Pferd"", ""Seine Katze"", ""Sein Falke""]","Odysseus kam als Bettler verkleidet heim, und niemand erkannte ihn. Nur sein alter Hund Argos wedelte mit dem Schwanz.",Der Hund Argos erkannte Odysseus wieder.,Odyssee,,ok
g_antike,1,Bei welcher Nymphe musste Odysseus sieben Jahre lang auf einer Insel bleiben?,"[""Kalypso"", ""Ariadne"", ""Medusa"", ""Helena""]","Die Nymphe Kalypso hielt Odysseus auf ihrer Insel fest, weil sie ihn heiraten wollte. Erst auf Befehl der Götter liess sie ihn weiterfahren.",Kalypso hielt Odysseus sieben Jahre fest.,Odyssee,,ok
g_antike,1,"Womit bewies Odysseus zu Hause, wer er wirklich war?","[""Mit seinem Bogen"", ""Mit seinem Helm"", ""Mit seinem Ring"", ""Mit seinem Schiff""]",Nur Odysseus konnte seinen alten Bogen spannen. Er schoss den Pfeil sogar durch zwölf Axtlöcher hindurch.,Nur Odysseus konnte seinen Bogen spannen.,Odyssee,,ok
g_antike,1,Was schenkte der Windgott Aiolos dem Odysseus?,"[""Einen Sack voller Winde"", ""Ein neues Schiff"", ""Eine Landkarte"", ""Einen Zaubertrank""]","Im Sack waren die stürmischen Winde eingesperrt. Die neugierigen Gefährten öffneten ihn, und ein Sturm trieb das Schiff weit weg.",Aiolos schenkte Odysseus einen Sack voller Winde.,Odyssee,,ok
g_antike,1,Woraus war das Trojanische Pferd gebaut?,"[""Aus Holz"", ""Aus Stein"", ""Aus Gold"", ""Aus Eisen""]",Die Griechen bauten ein riesiges Pferd aus Holz. Innen war es hohl.,Das Trojanische Pferd war aus Holz.,Trojanisches Pferd,,ok
g_antike,1,Wer versteckte sich im Bauch des Trojanischen Pferdes?,"[""Griechische Krieger"", ""Trojanische Kinder"", ""Wilde Tiere"", ""Die Götter""]",Im hohlen Bauch des Pferdes sassen griechische Kämpfer. Die Trojaner ahnten nichts davon.,Im Pferd versteckten sich griechische Krieger.,Trojanisches Pferd,,ok
g_antike,1,Wer hatte die Idee mit dem Trojanischen Pferd?,"[""Odysseus"", ""Achilles"", ""Herakles"", ""Agamemnon""]",Der listige Odysseus erfand den Trick mit dem Holzpferd. So konnten die Griechen in die Stadt gelangen.,Odysseus erfand die List mit dem Holzpferd.,Trojanisches Pferd,,ok
g_antike,1,Welche Stadt wurde mit dem Holzpferd überlistet?,"[""Troja"", ""Athen"", ""Sparta"", ""Rom""]","Die Griechen belagerten Troja lange ohne Erfolg. Erst mit dem Holzpferd gelang es ihnen, die Stadt einzunehmen.",Mit dem Holzpferd wurde Troja überlistet.,Trojanisches Pferd,,ok
g_antike,1,"Was taten die Krieger, nachdem sie aus dem Holzpferd geklettert waren?","[""Sie öffneten die Stadttore"", ""Sie gingen schlafen"", ""Sie bauten ein Schiff"", ""Sie versteckten sich""]",Die Krieger schlichen zu den Toren und öffneten sie von innen. So konnte das ganze griechische Heer in die Stadt.,Die Krieger öffneten die Tore von innen.,Trojanisches Pferd,,ok
g_antike,1,"Welche Königstochter warnte die Trojaner, doch niemand glaubte ihr?","[""Kassandra"", ""Ariadne"", ""Athene"", ""Penelope""]","Kassandra konnte die Zukunft vorhersagen. Aber ein Fluch sorgte dafür, dass ihr niemand glaubte.",Niemand glaubte den Warnungen von Kassandra.,Trojanisches Pferd,,ok
g_antike,1,Was taten die Trojaner mit dem Holzpferd?,"[""Sie zogen es in die Stadt"", ""Sie verbrannten es"", ""Sie warfen es ins Meer"", ""Sie liessen es stehen""]",Die Trojaner hielten das Pferd für ein Geschenk an die Götter. Darum holten sie es selber durch das Tor.,Die Trojaner zogen das Pferd selber in die Stadt.,Trojanisches Pferd,,ok
g_antike,1,"Was taten die übrigen Griechen, damit Troja an ihre Abreise glaubte?","[""Sie segelten weg"", ""Sie gruben sich ein"", ""Sie verkleideten sich"", ""Sie bauten eine Mauer""]",Die griechischen Schiffe fuhren weg und versteckten sich hinter einer Insel. In der Nacht kehrten sie zurück.,"Die Griechen taten so, als würden sie wegsegeln.",Trojanisches Pferd,,ok
g_antike,1,Was wuchs Medusa auf dem Kopf statt Haaren?,"[""Schlangen"", ""Federn"", ""Blätter"", ""Flammen""]",Medusa war ein Ungeheuer mit lebenden Schlangen auf dem Kopf. Sie zischten und wanden sich.,Medusa hatte Schlangen statt Haaren.,Medusa,,ok
g_antike,1,"Was geschah mit allen, die Medusa direkt ansahen?","[""Sie wurden zu Stein"", ""Sie schliefen ein"", ""Sie wurden blind"", ""Sie wurden klein""]","Der Blick der Medusa war so schrecklich, dass jeder sofort versteinerte. Darum war sie so gefürchtet.","Wer Medusa ansah, wurde zu Stein.",Medusa,,ok
g_antike,1,Welcher Held besiegte Medusa?,"[""Perseus"", ""Theseus"", ""Jason"", ""Achilles""]","Perseus wurde ausgeschickt, um den Kopf der Medusa zu holen. Mit Hilfe der Götter gelang es ihm.",Perseus besiegte Medusa.,Medusa,,ok
g_antike,1,"Wie schaute Perseus Medusa an, ohne zu versteinern?","[""Im Spiegel seines Schildes"", ""Durch ein Fernrohr"", ""Mit einer Augenbinde"", ""Durch einen Vorhang""]",Perseus blickte nur auf das Spiegelbild in seinem glänzenden Schild. So sah er Medusa nie direkt an.,Perseus sah Medusa nur im Spiegelbild an.,Medusa,,ok
g_antike,1,Welche Göttin half Perseus im Kampf gegen Medusa?,"[""Athene"", ""Hera"", ""Aphrodite"", ""Demeter""]",Athene gab Perseus einen blank polierten Schild. Sie half gerne klugen Helden.,Athene half Perseus gegen Medusa.,Medusa,,ok
g_antike,1,Zu welcher Gruppe von Ungeheuern gehörte Medusa?,"[""Zu den Gorgonen"", ""Zu den Zyklopen"", ""Zu den Titanen"", ""Zu den Kentauren""]",Medusa war eine Gorgone. So nannte man Ungeheuer mit schrecklichem Blick.,Medusa war eine Gorgone.,Medusa,,ok
g_antike,1,Wie viele Gorgonen-Schwestern gab es?,"[""Drei"", ""Zwei"", ""Sieben"", ""Zwölf""]","Es gab drei Gorgonen: Stheno, Euryale und Medusa. Nur Medusa war sterblich.",Es gab drei Gorgonen-Schwestern.,Medusa,,ok
g_antike,1,Wozu benutzte Perseus den Kopf der Medusa später?,"[""Er versteinerte Feinde"", ""Er trank daraus"", ""Er baute ein Haus"", ""Er verschenkte ihn""]","Auch abgeschlagen versteinerte der Kopf jeden, der ihn ansah. Perseus hielt ihn seinen Feinden entgegen.",Der Kopf der Medusa versteinerte auch später noch.,Medusa,,ok
g_antike,1,Was für ein Wesen ist Pegasus?,"[""Ein Pferd mit Flügeln"", ""Ein Pferd mit Horn"", ""Ein Löwe mit Flügeln"", ""Ein Fisch mit Beinen""]",Pegasus ist ein geflügeltes Pferd aus den griechischen Sagen. Er konnte hoch durch die Lüfte fliegen.,Pegasus ist ein Pferd mit Flügeln.,Pegasos,,ok
g_antike,1,Aus welchem Ungeheuer kam Pegasus der Sage nach hervor?,"[""Aus Medusa"", ""Aus der Hydra"", ""Aus dem Minotaurus"", ""Aus Kerberos""]","Als Perseus der Medusa den Kopf abschlug, sprang Pegasus aus ihrem Hals hervor. So erzählt es die Sage.",Pegasus sprang aus dem Hals der Medusa.,Pegasos,,ok
g_antike,1,Welcher Held ritt auf Pegasus?,"[""Bellerophon"", ""Odysseus"", ""Theseus"", ""Paris""]",Bellerophon zähmte das geflügelte Pferd. Gemeinsam erlebten sie viele Abenteuer.,Bellerophon ritt auf Pegasus.,Pegasos,,ok
g_antike,1,Welches Ungeheuer besiegten Bellerophon und Pegasus?,"[""Die Chimära"", ""Die Hydra"", ""Den Kerberos"", ""Die Medusa""]","Die Chimära war ein Feuer speiendes Ungeheuer, ein Mischwesen aus Löwe, Ziege und Schlange. Bellerophon griff sie von Pegasus aus der Luft an.",Bellerophon besiegte auf Pegasus die Chimära.,Pegasos,,ok
g_antike,1,Womit konnte Bellerophon Pegasus zähmen?,"[""Mit goldenem Zaumzeug"", ""Mit einem Apfel"", ""Mit einer Flöte"", ""Mit einer Peitsche""]",Die Göttin Athene schenkte Bellerophon ein goldenes Zaumzeug. Damit liess sich Pegasus reiten.,Ein goldenes Zaumzeug zähmte Pegasus.,Pegasos,,ok
g_antike,1,Was wurde Pegasus am Ende der Sage?,"[""Ein Sternbild"", ""Ein Berg"", ""Ein Fluss"", ""Ein Baum""]",Zeus versetzte Pegasus an den Himmel. Dort kann man ihn als Sternbild Pegasus sehen.,Pegasus ist heute ein Sternbild am Himmel.,Pegasos,,ok
g_antike,1,"Was entstand der Sage nach, als Pegasus mit dem Huf auf einen Berg stampfte?","[""Eine Quelle"", ""Ein Vulkan"", ""Ein Tal"", ""Eine Höhle""]","Durch den Hufschlag sprudelte auf dem Berg Helikon eine Quelle hervor. Sie hiess Hippokrene, die Pferdequelle.",Der Huf von Pegasus liess eine Quelle sprudeln.,Pegasos,,ok
g_antike,1,Wohin wollte Bellerophon zu übermütig mit Pegasus fliegen?,"[""Auf den Olymp"", ""Zum Mond"", ""Unter das Meer"", ""Zur Sonne""]",Bellerophon wollte zu den Göttern auf den Olymp reiten. Zeus liess ihn darum von Pegasus abwerfen.,Bellerophon wollte zu hoch hinaus zum Olymp.,Pegasos,,ok
g_antike,1,Was ist ein Labyrinth?,"[""Ein Irrgarten"", ""Ein Turm"", ""Ein Tempel"", ""Ein Brunnen""]",Ein Labyrinth hat viele verschlungene Gänge und Sackgassen. Darin verirrt man sich leicht.,Ein Labyrinth ist ein Irrgarten.,Minotauros,,ok
g_antike,1,Wo war der Minotaurus eingesperrt?,"[""In einem Labyrinth"", ""In einem Turm"", ""In einer Höhle"", ""Auf einem Schiff""]","Der Minotaurus lebte in einem riesigen Irrgarten. Wer hineinging, fand den Weg nicht mehr hinaus.",Der Minotaurus lebte im Labyrinth.,Minotauros,,ok
g_antike,1,Welche Segelfarbe bedeutete auf dem Schiff von Theseus eine schlechte Nachricht?,"[""Schwarz"", ""Weiss"", ""Rot"", ""Blau""]",Mit schwarzen Segeln war das Schiff nach Kreta gefahren. Bei einem Sieg sollte Theseus auf der Heimfahrt ein helles Segel setzen.,Ein schwarzes Segel brachte schlechte Nachricht.,Minotauros,,ok
g_antike,1,Welcher König liess den Minotaurus einsperren?,"[""Minos"", ""Priamos"", ""Ägeus"", ""Augias""]",König Minos von Kreta liess das Ungeheuer verstecken. Der Name Minotaurus bedeutet Stier des Minos.,König Minos sperrte den Minotaurus ein.,Minotauros,,ok
g_antike,1,Wie viele junge Leute mussten jedes Mal zum Minotaurus geschickt werden?,"[""Je sieben Jungen und Mädchen"", ""Je zwei Jungen und Mädchen"", ""Je zehn Jungen und Mädchen"", ""Je hundert Jungen und Mädchen""]",Nach der Sage waren es sieben junge Männer und sieben junge Frauen. Sie wurden als Opfer ins Labyrinth geschickt.,Jedes Mal mussten vierzehn junge Leute zum Minotaurus.,Minotauros,,ok
g_antike,1,Womit fand Theseus den Weg aus dem Labyrinth?,"[""Mit einem Faden"", ""Mit einer Landkarte"", ""Mit einer Fackel"", ""Mit einem Kompass""]",Theseus band einen Faden am Eingang fest und wickelte ihn ab. Auf dem Rückweg folgte er einfach dem Faden.,Ein Faden zeigte Theseus den Weg hinaus.,Minotauros,,ok
g_antike,1,Wer gab Theseus den rettenden Faden?,"[""Ariadne"", ""Penelope"", ""Helena"", ""Kassandra""]",Ariadne war die Tochter von König Minos. Sie verliebte sich in Theseus und half ihm.,Ariadne gab Theseus den Faden.,Minotauros,,ok
g_antike,1,Aus welcher Stadt mussten junge Leute zum Minotaurus geschickt werden?,"[""Athen"", ""Sparta"", ""Troja"", ""Theben""]",Athen musste regelmässig junge Männer und Frauen nach Kreta schicken. Theseus wollte das beenden.,Athen musste junge Leute nach Kreta schicken.,Minotauros,,ok
g_antike,1,Welches Meer ist der Sage nach nach dem Vater von Theseus benannt?,"[""Die Ägäis"", ""Die Nordsee"", ""Das Schwarze Meer"", ""Die Ostsee""]","Theseus vergass bei der Heimkehr, das Segel zu wechseln. Sein Vater Ägeus glaubte ihn tot und stürzte sich ins Meer, das seither Ägäis heisst.",Die Ägäis ist nach König Ägeus benannt.,Minotauros,,ok
g_antike,1,Wie hiess der Vater von Ikarus?,"[""Dädalus"", ""Theseus"", ""Minos"", ""Perseus""]",Ikarus war der Sohn des klugen Dädalus. Gemeinsam wollten sie fliehen.,Dädalus war der Vater von Ikarus.,Ikarus,,ok
g_antike,1,Woraus baute Dädalus die Flügel?,"[""Aus Federn und Wachs"", ""Aus Holz und Leim"", ""Aus Stoff und Seil"", ""Aus Blättern und Ästen""]",Dädalus sammelte Vogelfedern. Er klebte sie mit Wachs zu grossen Flügeln zusammen.,Die Flügel waren aus Federn und Wachs.,Ikarus,,ok
g_antike,1,Warum stürzte Ikarus ab?,"[""Das Wachs schmolz"", ""Der Wind war zu stark"", ""Ein Vogel griff an"", ""Er wurde müde""]","Ikarus flog zu nah an die Sonne. Die Hitze liess das Wachs schmelzen, und die Federn lösten sich.",Die Sonne liess das Wachs von Ikarus schmelzen.,Ikarus,,ok
g_antike,1,"Wohin fiel Ikarus, als er abstürzte?","[""Ins Meer"", ""In einen Wald"", ""Auf einen Berg"", ""In einen See""]",Die beiden flogen über das Meer. Ikarus stürzte in die Wellen.,Ikarus stürzte ins Meer.,Ikarus,,ok
g_antike,1,Was riet Dädalus seinem Sohn vor dem Flug?,"[""Nicht zu hoch, nicht zu tief"", ""So schnell wie möglich"", ""Immer ganz hoch"", ""Immer ganz tief""]","Dädalus wusste um die Gefahren. Zu hoch war die Sonne zu heiss, zu tief wurden die Federn nass.",Dädalus riet zur Mitte zwischen Sonne und Meer.,Ikarus,,ok
g_antike,1,Warum sollte Ikarus nicht zu tief über dem Meer fliegen?,"[""Die Federn würden nass"", ""Fische würden springen"", ""Es war zu kalt"", ""Schiffe würden ihn sehen""]",Die Gischt des Meeres hätte die Federn nass und schwer gemacht. Dann hätte Ikarus nicht mehr fliegen können.,Nasse Federn sind zum Fliegen zu schwer.,Ikarus,,ok
g_antike,1,Von welcher Insel wollten Dädalus und Ikarus wegfliegen?,"[""Kreta"", ""Rhodos"", ""Ithaka"", ""Zypern""]","König Minos hielt Dädalus und seinen Sohn auf der Insel Kreta fest. Weil der König die Schiffe bewachen liess, flohen die beiden durch die Luft.",Dädalus und Ikarus flohen von Kreta.,Ikarus,,ok
g_antike,1,"Wie heisst das Meer, das nach Ikarus benannt ist?","[""Ikarisches Meer"", ""Ionisches Meer"", ""Tyrrhenisches Meer"", ""Rotes Meer""]",Ein Teil des Meeres in Griechenland heisst Ikarisches Meer. Auch die Insel Ikaria trägt seinen Namen.,Das Ikarische Meer erinnert an Ikarus.,Ikarus,,ok
g_antike,1,Wovon war Poseidon der Gott?,"[""Vom Meer"", ""Vom Feuer"", ""Vom Himmel"", ""Vom Wald""]",Poseidon herrschte über alle Meere. Er konnte Stürme aufziehen lassen oder das Wasser beruhigen.,Poseidon war der Gott des Meeres.,Poseidon,,ok
g_antike,1,Welche Waffe trug Poseidon?,"[""Einen Dreizack"", ""Einen Blitz"", ""Einen Bogen"", ""Einen Hammer""]",Ein Dreizack ist eine Art Speer mit drei Spitzen. Er war das Zeichen von Poseidon.,Poseidon trug einen Dreizack.,Poseidon,,ok
g_antike,1,Welcher Gott war Poseidons Bruder und König der Götter?,"[""Zeus"", ""Apollon"", ""Ares"", ""Hermes""]",Zeus herrschte über den Himmel und die Götter. Er und Poseidon waren Brüder.,Zeus und Poseidon waren Brüder.,Poseidon,,ok
g_antike,1,Wie heisst Poseidon bei den Römern?,"[""Neptun"", ""Jupiter"", ""Mars"", ""Merkur""]",Die Römer nannten den Meeresgott Neptun. Nach ihm ist auch ein Planet benannt.,Bei den Römern hiess Poseidon Neptun.,Poseidon,,ok
g_antike,1,Neben dem Meer war Poseidon auch Gott von welchen Tieren?,"[""Von den Pferden"", ""Von den Katzen"", ""Von den Vögeln"", ""Von den Bienen""]","Poseidon galt auch als Gott der Pferde. Oft fuhr er mit einem Wagen, den Pferde zogen.",Poseidon war auch der Gott der Pferde.,Poseidon,,ok
g_antike,1,Welches Naturereignis konnte Poseidon ausser Stürmen auslösen?,"[""Erdbeben"", ""Schnee"", ""Regenbogen"", ""Blitze""]","Die Griechen glaubten, dass Poseidon die Erde erschüttern konnte. Darum nannten sie ihn auch Erderschütterer.",Poseidon konnte die Erde beben lassen.,Poseidon,,ok
g_antike,1,Wo wohnte Poseidon laut der Sage?,"[""In einem Palast im Meer"", ""In einer Höhle im Berg"", ""In einem Wald"", ""In einer Wüste""]",Poseidon hatte einen prächtigen Palast tief unten im Meer. Von dort aus herrschte er über das Wasser.,Poseidon wohnte in einem Palast im Meer.,Poseidon,,ok
g_antike,1,Wie hiess die Ehefrau von Poseidon?,"[""Amphitrite"", ""Hera"", ""Thetis"", ""Demeter""]",Amphitrite war eine Meeresgöttin. Zusammen mit Poseidon herrschte sie über das Meer.,Amphitrite war die Frau von Poseidon.,Poseidon,,ok
g_antike,1,Wovon war Athene die Göttin?,"[""Von der Weisheit"", ""Von der Liebe"", ""Vom Meer"", ""Von der Jagd""]",Athene war die Göttin der Weisheit und der klugen Kriegsführung. Sie half oft schlauen Helden.,Athene war die Göttin der Weisheit.,Athene,,ok
g_antike,1,Welcher Vogel gehört zu Athene?,"[""Die Eule"", ""Der Adler"", ""Der Pfau"", ""Die Taube""]",Die Eule galt als kluger Vogel und war das Tier der Athene. Sie ist darum bis heute ein Zeichen für Weisheit.,Die Eule ist der Vogel der Athene.,Athene,,ok
g_antike,1,Welche Stadt trägt laut Sage den Namen der Göttin Athene?,"[""Athen"", ""Sparta"", ""Korinth"", ""Delphi""]","Laut Sage stritten Athene und Poseidon um eine Stadt, und Athene gewann. Die Stadt wurde nach ihr benannt und heisst bis heute Athen.",Athen trägt laut Sage den Namen der Athene.,Athene,,ok
g_antike,1,Was schenkte Athene den Menschen von Athen?,"[""Einen Olivenbaum"", ""Eine Goldmine"", ""Ein Pferd"", ""Eine Quelle""]","Athene und Poseidon stritten um die Stadt. Athenes Geschenk, der Olivenbaum, gefiel den Menschen besser.",Athene schenkte Athen den Olivenbaum.,Athene,,ok
g_antike,1,Woraus wurde Athene der Sage nach geboren?,"[""Aus dem Kopf von Zeus"", ""Aus einer Muschel"", ""Aus einem Ei"", ""Aus einer Blume""]",Zeus hatte starke Kopfschmerzen. Da sprang Athene aus seinem Kopf hervor.,Athene sprang aus dem Kopf von Zeus.,Athene,,ok
g_antike,1,Wie heisst Athene bei den Römern?,"[""Minerva"", ""Venus"", ""Diana"", ""Juno""]",Die Römer verehrten die Göttin der Weisheit als Minerva. Sie hatte ähnliche Aufgaben wie Athene.,Bei den Römern hiess Athene Minerva.,Athene,,ok
g_antike,1,Welche Waffe trägt Athene auf Bildern und Statuen meistens?,"[""Einen Speer"", ""Einen Dreizack"", ""Eine Keule"", ""Ein Beil""]","Athene wird meist mit Helm und Speer gezeigt. Das zeigt, dass sie auch eine Kriegsgöttin war.",Athene trägt meistens einen Speer.,Athene,,ok
g_antike,1,In welches Tier verwandelte Athene die Weberin Arachne?,"[""In eine Spinne"", ""In eine Raupe"", ""In eine Biene"", ""In eine Schnecke""]","Arachne prahlte, sie webe besser als Athene. Zur Strafe musste sie als Spinne für immer weiterweben.",Arachne wurde zur Spinne.,Athene,,ok
g_antike,1,Wer war Pandora laut der Sage?,"[""Die erste Frau"", ""Eine Meeresgöttin"", ""Eine Kriegerin"", ""Ein Ungeheuer""]",Die Götter erschufen Pandora als erste Frau. Jeder Gott gab ihr eine besondere Gabe.,Pandora war laut Sage die erste Frau.,Büchse der Pandora,,ok
g_antike,1,Was durfte Pandora mit dem Gefäss nicht tun?,"[""Es öffnen"", ""Es tragen"", ""Es zeigen"", ""Es abstellen""]","Pandora bekam ein verschlossenes Gefäss mit dem Verbot, es zu öffnen. Doch sie war zu neugierig.",Pandora durfte das Gefäss nicht öffnen.,Büchse der Pandora,,ok
g_antike,1,Was kam aus der Büchse der Pandora heraus?,"[""Alle Übel der Welt"", ""Viele Goldmünzen"", ""Bunte Schmetterlinge"", ""Süsse Früchte""]","Als Pandora den Deckel hob, flogen Krankheit, Not und Leid heraus. Seither gibt es sie auf der Welt.",Aus der Büchse kamen alle Übel.,Büchse der Pandora,,ok
g_antike,1,Was blieb in der Büchse der Pandora zurück?,"[""Die Hoffnung"", ""Die Liebe"", ""Das Glück"", ""Die Freude""]",Pandora schloss den Deckel schnell wieder. Nur die Hoffnung blieb darin zurück.,Die Hoffnung blieb in der Büchse.,Büchse der Pandora,,ok
g_antike,1,Welcher Gott schickte Pandora mit dem Gefäss zu den Menschen?,"[""Zeus"", ""Poseidon"", ""Hades"", ""Apollon""]",Der Göttervater wollte die Menschen bestrafen. Darum schickte er Pandora mit dem gefährlichen Gefäss.,Zeus schickte Pandora zu den Menschen.,Büchse der Pandora,,ok
g_antike,1,Wofür wollte Zeus die Menschen mit Pandora bestrafen?,"[""Sie hatten das Feuer"", ""Sie hatten Gold gestohlen"", ""Sie waren zu laut"", ""Sie bauten Schiffe""]",Prometheus hatte den Göttern das Feuer gestohlen und es den Menschen gebracht. Das machte Zeus wütend.,Prometheus brachte den Menschen das Feuer.,Büchse der Pandora,,ok
g_antike,1,Was war die Büchse der Pandora in der ältesten Erzählung?,"[""Ein grosser Krug"", ""Eine Holzkiste"", ""Ein Lederbeutel"", ""Ein Korb""]",Der Dichter Hesiod erzählte von einem grossen Vorratskrug. Erst viel später wurde daraus eine Büchse.,Die Büchse war ursprünglich ein Krug.,Büchse der Pandora,,ok
g_antike,1,Was meint man heute mit «die Büchse der Pandora öffnen»?,"[""Viel Unheil auslösen"", ""Ein Geschenk auspacken"", ""Ein Rätsel lösen"", ""Einen Schatz finden""]","Der Ausdruck bedeutet, etwas zu tun, das viele Probleme mit sich bringt. Er geht auf die Sage zurück.","Wer die Büchse der Pandora öffnet, löst viel Unheil aus.",Büchse der Pandora,,ok
g_antike,1,In welchem berühmten Gedicht ist Achilles die Hauptfigur?,"[""Ilias"", ""Odyssee"", ""Aeneis"", ""Edda""]",Die Ilias erzählt vom Zorn des Achilles im Krieg um Troja. Sie gehört zu den ältesten Werken der europäischen Dichtung.,Die Ilias erzählt von Achilles.,Achilleus,,ok
g_antike,1,Warum war Achilles fast unverwundbar?,"[""Er wurde in einen Zauberfluss getaucht"", ""Er trank Zaubermilch"", ""Er trug einen Zauberring"", ""Er ass Götterspeise""]","Seine Mutter tauchte ihn als Baby in den Unterweltfluss Styx. Dabei hielt sie ihn an der Ferse fest, die trocken blieb.",Das Wasser des Styx machte Achilles fast unverwundbar.,Achilleus,,ok
g_antike,1,Wer war die Mutter von Achilles?,"[""Thetis, eine Meeresnymphe"", ""Hera, die Götterkönigin"", ""Athene, die Kriegsgöttin"", ""Helena, die Königin""]",Thetis war eine Nymphe aus dem Meer. Sie wollte ihren Sohn vor dem Tod schützen.,Thetis war die Mutter von Achilles.,Achilleus,,ok
g_antike,1,Welchen trojanischen Helden besiegte Achilles?,"[""Hektor"", ""Paris"", ""Priamos"", ""Äneas""]",Hektor war der stärkste Kämpfer Trojas. Achilles besiegte ihn vor den Mauern der Stadt.,Achilles besiegte Hektor.,Achilleus,,ok
g_antike,1,Wer traf Achilles mit einem Pfeil an der verwundbaren Stelle?,"[""Paris"", ""Hektor"", ""Odysseus"", ""Ajax""]",Der Trojaner Paris schoss einen Pfeil ab. Der Gott Apollon lenkte ihn genau auf die Ferse.,Paris traf Achilles mit einem Pfeil.,Achilleus,,ok
g_antike,1,Wie hiess der beste Freund von Achilles?,"[""Patroklos"", ""Telemachos"", ""Bellerophon"", ""Theseus""]",Patroklos kämpfte in der Rüstung von Achilles und fiel im Kampf. Achilles war darüber tief traurig und wütend.,Patroklos war der beste Freund von Achilles.,Achilleus,,ok
g_antike,1,Welcher Teil unseres Körpers ist nach Achilles benannt?,"[""Eine Sehne am Fuss"", ""Ein Knochen im Arm"", ""Ein Muskel am Bauch"", ""Ein Zahn im Mund""]",Die Achillessehne verbindet die Wade mit der Ferse. Sie trägt den Namen des Helden.,Die Achillessehne ist nach Achilles benannt.,Achilleus,,ok
g_antike,1,Auf welcher Seite kämpfte Achilles im Trojanischen Krieg?,"[""Bei den Griechen"", ""Bei den Trojanern"", ""Bei den Römern"", ""Bei den Persern""]",Achilles war der stärkste Krieger der Griechen. Ohne ihn hatten sie es vor Troja schwer.,Achilles kämpfte für die Griechen.,Achilleus,,ok
g_antike,1,"Was für ein Wesen war Cheiron, der Lehrer von Achilles?","[""Ein Kentaur"", ""Ein Zyklop"", ""Ein Riese"", ""Eine Nymphe""]","Cheiron war ein Kentaur, also halb Mensch und halb Pferd. Er war sehr weise und unterrichtete viele Helden.",Der Kentaur Cheiron war Lehrer von Achilles.,Achilleus,,ok
g_antike,1,Wie viele Augen hatte der Zyklop Polyphem?,"[""Eines"", ""Zwei"", ""Drei"", ""Hundert""]",Zyklopen waren Riesen mit nur einem Auge mitten auf der Stirn. Polyphem war einer von ihnen.,Ein Zyklop hat nur ein Auge.,Polyphem,,ok
g_antike,1,Was für ein Wesen war Polyphem?,"[""Ein einäugiger Riese"", ""Ein Meeresdrache"", ""Ein Zwerg"", ""Ein Wolf""]",Polyphem war ein riesiger Zyklop. Er lebte als Hirte auf einer Insel.,Polyphem war ein einäugiger Riese.,Polyphem,,ok
g_antike,1,Wer war der Vater von Polyphem?,"[""Poseidon"", ""Zeus"", ""Hades"", ""Hermes""]",Polyphem war ein Sohn des Meeresgottes. Darum rächte sich dieser später an Odysseus.,Polyphem war ein Sohn von Poseidon.,Polyphem,,ok
g_antike,1,Wo hielt Polyphem Odysseus und seine Männer gefangen?,"[""In seiner Höhle"", ""In einem Turm"", ""In einem Käfig"", ""Auf seinem Schiff""]",Polyphem wälzte einen riesigen Stein vor den Eingang. So konnte niemand hinaus.,Polyphem sperrte die Männer in seiner Höhle ein.,Polyphem,,ok
g_antike,1,Welchen Namen nannte Odysseus dem Polyphem?,"[""Niemand"", ""Jemand"", ""Keiner"", ""Alle""]","Als Polyphem um Hilfe rief, schrie er: «Niemand tut mir etwas!» Darum kam ihm kein anderer Zyklop zu Hilfe.",Odysseus nannte sich Niemand.,Polyphem,,ok
g_antike,1,Was gab Odysseus dem Polyphem zu trinken?,"[""Starken Wein"", ""Frische Milch"", ""Kaltes Wasser"", ""Heissen Tee""]",Odysseus gab dem Riesen Wein. Polyphem trank viel davon und schlief tief ein.,Mit Wein machte Odysseus Polyphem müde.,Polyphem,,ok
g_antike,1,Womit blendete Odysseus den Zyklopen?,"[""Mit einem glühenden Pfahl"", ""Mit einem Spiegel"", ""Mit Sand"", ""Mit einem Pfeil""]",Odysseus und seine Männer machten einen Holzpfahl im Feuer glühend. Damit stachen sie in das eine Auge.,Ein glühender Pfahl blendete Polyphem.,Polyphem,,ok
g_antike,1,Wie entkamen Odysseus und seine Männer aus der Höhle?,"[""Unter dem Bauch von Schafen"", ""In einem Fass"", ""Durch einen Tunnel"", ""Auf dem Rücken eines Adlers""]",Der blinde Polyphem tastete nur den Rücken seiner Schafe ab. Die Männer klammerten sich unten an die Bäuche.,Unter den Schafen entkamen die Männer.,Polyphem,,ok
g_antike,1,Welcher Göttin war der Parthenon geweiht?,"[""Athena"", ""Hera"", ""Aphrodite"", ""Artemis""]",Der Parthenon war der Tempel der Göttin Athena. Sie war die Schutzgöttin der Stadt Athen.,Der Parthenon ist der Tempel der Göttin Athena.,Parthenon,,ok
g_antike,1,Aus welchem Stein wurde der Parthenon gebaut?,"[""Marmor"", ""Granit"", ""Sandstein"", ""Backstein""]",Der Parthenon wurde aus hellem Marmor gebaut. Der Marmor kam aus einem Berg in der Nähe von Athen.,Der Parthenon ist aus weissem Marmor gebaut.,Parthenon,,ok
g_antike,1,Vor etwa wie vielen Jahren wurde der Parthenon gebaut?,"[""Vor rund 2500 Jahren"", ""Vor rund 500 Jahren"", ""Vor rund 10 000 Jahren"", ""Vor rund 100 Jahren""]",Der Parthenon wurde von 447 bis 432 vor Christus gebaut. Das ist fast 2500 Jahre her.,Der Parthenon ist fast 2500 Jahre alt.,Parthenon,,ok
g_antike,1,Wie viele Säulen stehen an der Vorderseite des Parthenons?,"[""8"", ""4"", ""2"", ""20""]",An der schmalen Vorderseite des Parthenons stehen acht Säulen nebeneinander. An den langen Seiten sind es je 17 Säulen.,Vorne am Parthenon stehen acht Säulen.,Parthenon,,ok
g_antike,1,Am Erechtheion auf der Akropolis tragen Figuren statt Säulen das Dach. Was stellen diese Figuren dar?,"[""Junge Frauen"", ""Pferde"", ""Löwen"", ""Soldaten""]",Am Erechtheion tragen sechs Figuren von jungen Frauen das Dach einer Vorhalle. Man nennt sie Karyatiden.,Am Erechtheion tragen Frauenfiguren das Dach.,Akropolis,,ok
g_antike,1,Wer spielte im alten griechischen Theater die Frauenrollen?,"[""Männer"", ""Frauen"", ""Kinder"", ""Priesterinnen""]",Im antiken griechischen Theater durften nur Männer auf der Bühne spielen. Sie spielten mit Masken auch die Frauenrollen.,Im griechischen Theater spielten nur Männer.,Theater im antiken Griechenland,,ok
g_antike,1,Wo sass das Publikum im griechischen Theater?,"[""Auf Steinstufen am Hang"", ""In einem Saal mit Dach"", ""Auf Stühlen im Garten"", ""Auf Booten im Hafen""]","Griechische Theater wurden unter freiem Himmel an einen Hang gebaut. Die Zuschauer sassen auf Sitzreihen aus Stein, die im Halbkreis anstiegen.",Griechische Theater lagen unter freiem Himmel an einem Hang.,Theater im antiken Griechenland,,ok
g_antike,1,Wie nennt man ein lustiges Theaterstück?,"[""Komödie"", ""Tragödie"", ""Hymne"", ""Fabel""]","Eine Komödie ist ein lustiges Theaterstück, das die Leute zum Lachen bringt. Die Griechen haben diese Art Theaterstück erfunden.",Eine Komödie ist ein lustiges Theaterstück.,Theater im antiken Griechenland,,ok
g_antike,1,"Wie nennt man ein ernstes, trauriges Theaterstück?","[""Tragödie"", ""Komödie"", ""Märchen"", ""Ballade""]","Eine Tragödie ist ein ernstes Theaterstück, das meist traurig endet. Schon im alten Athen wurden Tragödien aufgeführt.",Eine Tragödie ist ein trauriges Theaterstück.,Theater im antiken Griechenland,,ok
g_antike,1,Warum hört man im Theater von Epidauros auch in der obersten Reihe sehr gut?,"[""Wegen der klugen Bauform"", ""Wegen Lautsprechern"", ""Wegen eines Daches"", ""Wegen Mikrofonen""]","Das Theater von Epidauros ist so geschickt gebaut, dass man sogar leise Worte bis in die oberen Reihen hört. Damals gab es noch keine Technik dafür.",Im Theater von Epidauros trägt die Bauform den Schall bis nach oben.,Theater im antiken Griechenland,,ok
g_antike,1,"Wie heisst die Gruppe, die im griechischen Theater gemeinsam sang und tanzte?","[""Chor"", ""Band"", ""Orchester"", ""Team""]","Im griechischen Theater gab es einen Chor. Er sang, tanzte und erklärte dem Publikum, was in der Geschichte passierte.",Der Chor sang und tanzte im griechischen Theater.,Theater im antiken Griechenland,,ok
g_antike,1,Was ist eine Amphore?,"[""Ein grosses Gefäss"", ""Ein kleines Boot"", ""Ein kleiner Tempel"", ""Ein runder Schild""]","Eine Amphore ist ein grosses Gefäss, in dem man Vorräte aufbewahrt und transportiert hat.",Eine Amphore ist ein Vorratsgefäss.,Amphore,,ok
g_antike,1,Wie viele Henkel hat eine Amphore?,"[""Zwei"", ""Einen"", ""Drei"", ""Keinen""]","Eine Amphore hat zwei Henkel, einen auf jeder Seite. Das Wort bedeutet ungefähr «auf beiden Seiten getragen».",Eine Amphore hat zwei Henkel.,Amphore,,ok
g_antike,1,Woraus wurden Amphoren meistens gemacht?,"[""Aus Ton"", ""Aus Glas"", ""Aus Eisen"", ""Aus Holz""]",Amphoren wurden aus Ton geformt und dann in einem Ofen gebrannt.,Amphoren sind aus gebranntem Ton.,Amphore,,ok
g_antike,1,Was transportierten die Griechen oft in Amphoren?,"[""Wein und Olivenöl"", ""Holz und Steine"", ""Kleider und Schuhe"", ""Papier und Bücher""]","In Amphoren wurden flüssige Waren wie Wein und Olivenöl, aber auch Getreide transportiert, zum Beispiel auf Schiffen.",In Amphoren reisten Wein und Olivenöl.,Amphore,,ok
g_antike,1,Warum hatten viele Transport-Amphoren unten eine Spitze?,"[""Man konnte sie in Sand stecken"", ""Damit sie schneller rollten"", ""Damit sie lauter klangen"", ""Damit sie leichter zerbrachen""]",Mit der Spitze konnte man die Amphoren in Sand oder Erde stecken. Auf Schiffen liessen sie sich so gut stapeln.,"Die Spitze half, Amphoren aufzustellen und zu stapeln.",Amphore,,ok
g_antike,1,Welche Farben haben viele bemalte griechische Vasen?,"[""Schwarz und Rotbraun"", ""Blau und Grün"", ""Gelb und Lila"", ""Weiss und Rosa""]",Viele griechische Gefässe zeigen schwarze Figuren auf rotbraunem Ton oder rotbraune Figuren auf schwarzem Grund.,Griechische Vasen sind oft schwarz und rotbraun bemalt.,Amphore,,ok
g_antike,1,Was bekamen Sieger bei den Spielen am Panathenäen-Fest in Athen als Preis?,"[""Amphoren voll Olivenöl"", ""Säcke voll Salz"", ""Körbe voll Äpfel"", ""Kisten voll Fische""]","Die Sieger erhielten bemalte Preis-Amphoren, die mit Olivenöl gefüllt waren. Das Öl war sehr wertvoll.",Sieger in Athen bekamen Amphoren mit Olivenöl.,Amphore,,ok
g_antike,1,Wie viele Hauptarten von Säulen gab es bei den alten Griechen?,"[""Drei"", ""Zwei"", ""Fünf"", ""Zehn""]","Die Griechen bauten Säulen in drei Stilen: dorisch, ionisch und korinthisch.",Die Griechen kannten drei Säulenarten.,Säulenordnung,,ok
g_antike,1,Welche griechische Säule hat oben zwei Schnecken?,"[""Die ionische"", ""Die dorische"", ""Die korinthische"", ""Die römische""]",Die ionische Säule erkennt man an den zwei schneckenförmigen Rollen am oberen Ende.,Die ionische Säule hat oben Schnecken.,Säulenordnung,,ok
g_antike,1,Welche griechische Säule ist oben mit Blättern geschmückt?,"[""Die korinthische"", ""Die dorische"", ""Die ionische"", ""Die römische""]",Die korinthische Säule ist oben mit Blättern einer Pflanze namens Akanthus verziert. Sie ist die prächtigste der griechischen Säulen.,Die korinthische Säule trägt oben Blätter.,Säulenordnung,,ok
g_antike,1,Welche griechische Säule ist am einfachsten und hat oben keinen Schmuck?,"[""Die dorische"", ""Die ionische"", ""Die korinthische"", ""Die gotische""]",Die dorische Säule ist schlicht und kräftig. Oben hat sie nur einen einfachen Wulst mit einer flachen Platte darauf.,Die dorische Säule ist die einfachste.,Säulenordnung,,ok
g_antike,1,Welche Säulen hat vor allem der Parthenon in Athen?,"[""Dorische Säulen"", ""Ionische Säulen"", ""Korinthische Säulen"", ""Gotische Säulen""]","Der Parthenon hat aussen ringsum dorische Säulen. Das passt zu seinem kräftigen, schlichten Aussehen.",Der Parthenon hat dorische Säulen.,Säulenordnung,,ok
g_antike,1,Was haben griechische Säulen oft von oben bis unten?,"[""Senkrechte Rillen"", ""Kleine Fenster"", ""Viele Treppen"", ""Bunte Türen""]",Viele griechische Säulen haben senkrechte Rillen. Man nennt sie Kanneluren.,Griechische Säulen haben oft senkrechte Rillen.,Säulenordnung,,ok
g_antike,1,Wie nennt man das obere Ende einer Säule?,"[""Kapitell"", ""Sockel"", ""Giebel"", ""Fundament""]","Das obere Ende einer Säule heisst Kapitell. An ihm erkennt man, zu welcher Art die Säule gehört.",Das Kapitell ist der Kopf einer Säule.,Säulenordnung,,ok
g_antike,1,Was trugen die Säulen bei griechischen Tempeln?,"[""Das Dach"", ""Die Glocken"", ""Die Fahnen"", ""Die Fenster""]",Die Säulen stehen rund um den Tempel und tragen das schwere Dach mit den Balken aus Stein.,Bei griechischen Tempeln tragen Säulen das Dach.,Säulenordnung,,ok
g_antike,1,Wie heisst der letzte Buchstabe im griechischen Alphabet?,"[""Omega"", ""Alpha"", ""Zeta"", ""Sigma""]",Omega ist der letzte Buchstabe des griechischen Alphabets. Es ist ein langes O.,Omega ist der letzte griechische Buchstabe.,Griechisches Alphabet,,ok
g_antike,1,Wie viele Buchstaben hat das griechische Alphabet?,"[""24"", ""26"", ""30"", ""12""]",Das griechische Alphabet hat 24 Buchstaben. Unser Alphabet hat 26 Buchstaben ohne Umlaute.,Das griechische Alphabet hat 24 Buchstaben.,Griechisches Alphabet,,ok
g_antike,1,"Welcher griechische Buchstabe ist auch der Name der Kreiszahl 3,14?","[""Pi"", ""Sigma"", ""Theta"", ""Lambda""]","Die Kreiszahl, ungefähr 3,14, wird mit dem griechischen Buchstaben Pi geschrieben.",Die Kreiszahl heisst Pi.,Griechisches Alphabet,,ok
g_antike,1,Welcher griechische Buchstabe sieht als Grossbuchstabe aus wie ein Dreieck?,"[""Delta"", ""Omega"", ""Sigma"", ""Rho""]",Das grosse Delta wird wie ein Dreieck geschrieben. Darum nennt man auch dreieckige Flussmündungen Delta.,Das grosse Delta sieht aus wie ein Dreieck.,Griechisches Alphabet,,ok
g_antike,1,"Was soll Archimedes gerufen haben, als ihm im Bad eine gute Idee kam?","[""Heureka!"", ""Bravo!"", ""Ahoi!"", ""Hurra!""]",Der Sage nach rief Archimedes «Heureka!». Das ist Griechisch und heisst «Ich habe es gefunden!».,Heureka heisst «Ich habe es gefunden».,Archimedes,,ok
g_antike,1,Auf welcher Insel lebte Archimedes?,"[""Sizilien"", ""Kreta"", ""Zypern"", ""Rhodos""]",Archimedes lebte in der Stadt Syrakus auf der Insel Sizilien. Dort lebten damals viele Griechen.,Archimedes lebte in Syrakus auf Sizilien.,Archimedes,,ok
g_antike,1,Mit welchem einfachen Werkzeug wollte Archimedes sogar die Erde bewegen?,"[""Mit einem Hebel"", ""Mit einem Hammer"", ""Mit einer Säge"", ""Mit einer Schaufel""]","Archimedes erforschte den Hebel. Er soll gesagt haben, mit einem festen Punkt könne er die Welt bewegen.",Mit einem langen Hebel hebt man schwere Lasten.,Archimedes,,ok
g_antike,1,Wozu dient die archimedische Schraube?,"[""Um Wasser hochzuheben"", ""Um Holz zu sägen"", ""Um Brot zu backen"", ""Um Steine zu malen""]",Die archimedische Schraube dreht sich in einem Rohr und hebt dabei Wasser nach oben. So konnte man Felder bewässern.,Die archimedische Schraube fördert Wasser nach oben.,Archimedes,,ok
g_antike,1,"Was bemerkte Archimedes der Sage nach, als er in die Badewanne stieg?","[""Das Wasser stieg an"", ""Das Wasser wurde kalt"", ""Die Wanne hatte ein Loch"", ""Das Wasser wurde grün""]","Archimedes sah, dass das Wasser höher stieg, als er in die Wanne stieg. Sein Körper verdrängte Wasser.",Ein Körper im Wasser verdrängt Wasser.,Archimedes,,ok
g_antike,1,Was sollte Archimedes für den König von Syrakus prüfen?,"[""Ob eine Krone aus reinem Gold war"", ""Ob ein Pferd schnell war"", ""Ob ein Brot frisch war"", ""Ob ein Turm hoch genug war""]","Der König wollte wissen, ob seine Krone aus reinem Gold war oder ob man billigeres Silber hineingemischt hatte.",Archimedes prüfte die goldene Krone des Königs.,Archimedes,,ok
g_antike,1,Was war Archimedes von Beruf?,"[""Mathematiker und Erfinder"", ""Koch und Bäcker"", ""König und Feldherr"", ""Schauspieler und Sänger""]",Archimedes war einer der grössten Mathematiker der Antike. Er erfand auch viele Maschinen.,Archimedes war ein grosser Mathematiker und Erfinder.,Archimedes,,ok
g_antike,1,Vor etwa wie vielen Jahren lebte Archimedes?,"[""Vor rund 2200 Jahren"", ""Vor rund 200 Jahren"", ""Vor rund 800 Jahren"", ""Vor rund 5000 Jahren""]",Archimedes lebte etwa von 287 bis 212 vor Christus. Das ist rund 2200 Jahre her.,Archimedes lebte vor rund 2200 Jahren.,Archimedes,,ok
g_antike,1,Auf welcher griechischen Insel wurde Pythagoras geboren?,"[""Samos"", ""Kreta"", ""Sizilien"", ""Rhodos""]",Pythagoras stammte von der Insel Samos in der östlichen Ägäis.,Pythagoras kam von der Insel Samos.,Pythagoras,,ok
g_antike,1,Für welche Dreiecke gilt der Satz des Pythagoras?,"[""Für rechtwinklige"", ""Für gleichseitige"", ""Für spitzwinklige"", ""Für stumpfwinklige""]","Der Satz des Pythagoras gilt nur für Dreiecke mit einem rechten Winkel, also einer Ecke wie bei einem Blatt Papier.",Der Satz des Pythagoras gilt im rechtwinkligen Dreieck.,Pythagoras,,ok
g_antike,1,In welcher Gegend gründete Pythagoras seine Schule?,"[""In Süditalien"", ""In Ägypten"", ""In Spanien"", ""In Britannien""]",Pythagoras zog nach Kroton in Süditalien. Dort gründete er eine Gemeinschaft von Schülern.,Pythagoras lehrte in Süditalien.,Pythagoras,,ok
g_antike,1,Was war für Pythagoras und seine Schüler der Ursprung von allem?,"[""Die Zahlen"", ""Das Feuer"", ""Die Farben"", ""Das Gold""]","Pythagoras und seine Schüler glaubten, dass sich die ganze Welt mit Zahlen erklären lässt.",Für Pythagoras war alles Zahl.,Pythagoras,,ok
g_antike,1,Welche drei Zahlen sind ein berühmtes Beispiel für den Satz des Pythagoras?,"[""3, 4 und 5"", ""1, 2 und 3"", ""2, 4 und 6"", ""5, 10 und 15""]","Ein Dreieck mit den Seiten 3, 4 und 5 hat einen rechten Winkel, denn 3 mal 3 plus 4 mal 4 ist 25, und das ist 5 mal 5.","Ein Dreieck mit den Seiten 3, 4 und 5 hat einen rechten Winkel.",Pythagoras,,ok
g_antike,1,Womit beschäftigte sich Pythagoras neben den Zahlen auch?,"[""Mit Musik und Tönen"", ""Mit Schiffbau"", ""Mit Pferdezucht"", ""Mit Kochrezepten""]","Pythagoras soll entdeckt haben, dass schöne Zusammenklänge mit einfachen Zahlenverhältnissen zu tun haben, zum Beispiel bei der Länge von Saiten.",Pythagoras erforschte die Zahlen in der Musik.,Pythagoras,,ok
g_antike,1,Vor etwa wie vielen Jahren lebte Pythagoras?,"[""Vor rund 2500 Jahren"", ""Vor rund 500 Jahren"", ""Vor rund 1000 Jahren"", ""Vor rund 6000 Jahren""]",Pythagoras lebte etwa von 570 bis nach 510 vor Christus. Das ist rund 2500 Jahre her.,Pythagoras lebte vor rund 2500 Jahren.,Pythagoras,,ok
g_antike,1,In welcher Sprache dichtete Homer?,"[""Griechisch"", ""Latein"", ""Ägyptisch"", ""Persisch""]",Homer dichtete in einer alten Form des Griechischen. Seine Werke werden bis heute in vielen Schulen gelesen.,Homer dichtete auf Griechisch.,Homer,,ok
g_antike,1,Was bedeutet das Wort «Odyssee» heute auch?,"[""Eine lange Irrfahrt"", ""Ein kurzer Spaziergang"", ""Ein grosses Fest"", ""Ein schneller Sieg""]","Weil Odysseus so lange herumirrte, nennt man heute jede lange, mühsame Reise eine Odyssee.",Eine Odyssee ist eine lange Irrfahrt.,Homer,,ok
g_antike,1,Wie wurden die Geschichten von Homer zuerst weitergegeben?,"[""Durch Erzählen und Singen"", ""Als gedruckte Bücher"", ""Auf Plakaten"", ""In Briefen""]",Sänger trugen die langen Gedichte auswendig vor. Erst später wurden sie aufgeschrieben.,Homers Geschichten wurden zuerst gesungen und erzählt.,Homer,,ok
g_antike,1,Was weiss man über den Geburtsort von Homer?,"[""Man kennt ihn nicht sicher"", ""Er lag in Rom"", ""Er lag in Ägypten"", ""Er lag auf dem Olymp""]","Mehrere Orte behaupteten, Homer stamme von dort, zum Beispiel Smyrna und die Insel Chios. Sicher weiss man es bis heute nicht.",Homers Geburtsort ist unbekannt.,Homer,,ok
g_antike,1,Wie stellte man sich Homer seit alter Zeit oft vor?,"[""Als blinden Sänger"", ""Als jungen König"", ""Als starken Ringer"", ""Als reichen Händler""]","Schon in der Antike erzählte man, Homer sei ein blinder Sänger gewesen. Ob das stimmt, weiss man nicht genau.",Homer wird oft als blinder Sänger dargestellt.,Homer,,ok
g_antike,1,Vor etwa wie vielen Jahren sind die Werke von Homer entstanden?,"[""Vor rund 2700 Jahren"", ""Vor rund 270 Jahren"", ""Vor rund 700 Jahren"", ""Vor rund 7000 Jahren""]","Die Fachleute meinen, dass die Werke von Homer etwa im 8. oder 7. Jahrhundert vor Christus entstanden sind. Das ist rund 2700 Jahre her.",Homers Werke sind rund 2700 Jahre alt.,Homer,,ok
g_antike,1,Wie lang ist ein Marathonlauf heute?,"[""42,195 Kilometer"", ""12,5 Kilometer"", ""30 Kilometer"", ""50 Kilometer""]","Seit 1921 ist die Strecke eines Marathons genau 42,195 Kilometer lang.","Ein Marathon ist 42,195 Kilometer lang.",Marathonlauf,,ok
g_antike,1,Woher hat der Marathonlauf seinen Namen?,"[""Von einem Ort in Griechenland"", ""Von einem König"", ""Von einem Pferd"", ""Von einem Gott""]","Marathon ist ein Ort in Griechenland, nordöstlich von Athen. Dort fand vor langer Zeit eine berühmte Schlacht statt.",Der Marathonlauf ist nach dem Ort Marathon benannt.,Marathonlauf,,ok
g_antike,1,Was soll der Läufer in der Marathon-Sage in Athen gemeldet haben?,"[""Einen Sieg"", ""Eine Hochzeit"", ""Ein Gewitter"", ""Einen Geburtstag""]","Der Sage nach rannte ein Bote von Marathon nach Athen, um den Sieg zu melden. Danach soll er erschöpft zusammengebrochen sein.",Der Marathon-Bote brachte die Siegesnachricht nach Athen.,Marathonlauf,,ok
g_antike,1,Vor etwa wie vielen Jahren war die Schlacht bei Marathon?,"[""Vor rund 2500 Jahren"", ""Vor rund 250 Jahren"", ""Vor rund 1000 Jahren"", ""Vor rund 5000 Jahren""]",Die Schlacht bei Marathon war im Jahr 490 vor Christus. Das ist rund 2500 Jahre her.,Die Schlacht bei Marathon war vor rund 2500 Jahren.,Marathonlauf,,ok
g_antike,1,Wie heisst der Läufer aus der Marathon-Sage meistens?,"[""Pheidippides"", ""Perikles"", ""Sokrates"", ""Leonidas""]","Der Bote aus der Sage wird meist Pheidippides genannt. Ob er wirklich von Marathon nach Athen lief, ist nicht sicher.",Der Läufer der Marathon-Sage heisst meist Pheidippides.,Marathonlauf,,ok
g_antike,1,Wie lang ist ein Halbmarathon ungefähr?,"[""21 Kilometer"", ""10 Kilometer"", ""5 Kilometer"", ""30 Kilometer""]","Ein Halbmarathon ist halb so lang wie ein Marathon, also etwa 21,1 Kilometer.",Ein Halbmarathon ist etwa 21 Kilometer lang.,Marathonlauf,,ok
g_antike,1,Worauf schrieben Schüler im alten Athen oft?,"[""Auf Wachstafeln"", ""Auf Wandtafeln"", ""Auf Bildschirmen"", ""Auf Glasplatten""]","Die Schüler ritzten Buchstaben in eine Holztafel, die mit Wachs bedeckt war. Danach konnte man das Wachs wieder glatt streichen.",Griechische Schüler schrieben auf Wachstafeln.,Bildung im antiken Griechenland,,ok
g_antike,1,Womit schrieben Schüler in das Wachs der Schreibtafel?,"[""Mit einem Griffel"", ""Mit einem Kugelschreiber"", ""Mit Kreide"", ""Mit Wasserfarbe""]",Mit einem spitzen Griffel ritzte man die Buchstaben ins Wachs. Mit dem flachen anderen Ende konnte man sie wieder wegstreichen.,Ins Wachs schrieb man mit einem Griffel.,Bildung im antiken Griechenland,,ok
g_antike,1,"Wie hiess der Diener, der einen Jungen in Athen zur Schule begleitete?","[""Pädagoge"", ""Gladiator"", ""Pharao"", ""Senator""]","Ein Pädagoge war ein Sklave, der den Jungen zur Schule brachte und auf ihn aufpasste. Heute bedeutet das Wort Erzieher oder Lehrer.",Der Pädagoge begleitete den Jungen zur Schule.,Bildung im antiken Griechenland,,ok
g_antike,1,Welches Musikinstrument lernten Schüler in Athen oft spielen?,"[""Die Leier"", ""Das Klavier"", ""Die Trompete"", ""Die Gitarre""]","Zum Unterricht gehörte Musik. Die Jungen lernten, die Leier zu spielen und dazu zu singen.",Athener Schüler lernten die Leier spielen.,Bildung im antiken Griechenland,,ok
g_antike,1,"Wie hiess der Ort, an dem junge Griechen Sport trieben?","[""Gymnasion"", ""Theater"", ""Tempel"", ""Hafen""]","Im Gymnasion trainierten junge Männer Laufen, Ringen und Werfen. Von diesem Wort kommt unser Wort Gymnasium.",Im Gymnasion trieben junge Griechen Sport.,Bildung im antiken Griechenland,,ok
g_antike,1,Was lernten die meisten Mädchen im alten Athen zu Hause?,"[""Spinnen und Weben"", ""Reiten und Jagen"", ""Segeln und Rudern"", ""Ringen und Boxen""]","Die meisten Mädchen gingen nicht zur Schule. Sie lernten zu Hause von der Mutter Spinnen, Weben und den Haushalt.",Mädchen in Athen lernten zu Hause Spinnen und Weben.,Bildung im antiken Griechenland,,ok
g_antike,1,Was ist eine Triere?,"[""Ein Kriegsschiff mit Rudern"", ""Ein Tempel mit Säulen"", ""Ein Wagen mit Pferden"", ""Ein Krug mit Henkeln""]","Eine Triere war ein schnelles griechisches Kriegsschiff, das vor allem von Ruderern angetrieben wurde.",Eine Triere ist ein griechisches Ruderkriegsschiff.,Triere,,ok
g_antike,1,In wie vielen Reihen übereinander sassen die Ruderer einer Triere?,"[""Drei"", ""Eine"", ""Fünf"", ""Zehn""]",Die Ruderer sassen in drei Reihen übereinander. Der Name kommt vom griechischen Wort für drei.,Bei der Triere ruderten drei Reihen übereinander.,Triere,,ok
g_antike,1,Was hatte eine Triere vorne knapp unter dem Wasser?,"[""Einen Rammsporn"", ""Ein Fenster"", ""Ein Rad"", ""Eine Glocke""]",Vorne hatte die Triere einen Rammsporn aus Bronze. Damit rammte sie feindliche Schiffe und schlug Löcher hinein.,Mit dem Rammsporn rammte die Triere andere Schiffe.,Triere,,ok
g_antike,1,Etwa wie viele Ruderer hatte eine Triere?,"[""170"", ""10"", ""1000"", ""30""]","Eine Triere hatte etwa 170 Ruderer. Dazu kamen noch Matrosen, Soldaten und der Kapitän.",Eine Triere hatte etwa 170 Ruderer.,Triere,,ok
g_antike,1,Was nutzte eine Triere ausser den Rudern zum Fahren?,"[""Segel"", ""Einen Motor"", ""Pferde"", ""Räder""]",Bei gutem Wind konnte die Triere Segel setzen. In der Schlacht fuhr sie aber nur mit Rudern.,Eine Triere hatte auch Segel.,Triere,,ok
g_antike,1,Wer ruderte die Trieren von Athen meistens?,"[""Freie, ärmere Bürger"", ""Nur Sklaven"", ""Nur Kinder"", ""Nur Priester""]","Die Ruderer der Athener Flotte waren meistens freie Bürger, die wenig Geld hatten. Sie bekamen für ihre Arbeit einen Lohn.",In Athen ruderten meist freie Bürger.,Triere,,ok
g_antike,1,Welchem Gott war das Orakel von Delphi geweiht?,"[""Apollon"", ""Zeus"", ""Poseidon"", ""Hades""]",In Delphi stand ein grosser Tempel des Gottes Apollon. Durch das Orakel sollte Apollon zu den Menschen sprechen.,Das Orakel von Delphi gehörte dem Gott Apollon.,Orakel von Delphi,,ok
g_antike,1,"Wie hiess die Priesterin, die in Delphi die Antworten gab?","[""Pythia"", ""Athena"", ""Medusa"", ""Helena""]",Die Priesterin in Delphi hiess Pythia. Sie verkündete den Menschen die Antworten des Gottes.,Die Priesterin von Delphi hiess Pythia.,Orakel von Delphi,,ok
g_antike,1,Was glaubten die alten Griechen über den Ort Delphi?,"[""Er sei der Mittelpunkt der Welt"", ""Er sei der kälteste Ort"", ""Er liege unter dem Meer"", ""Er sei der älteste Hafen""]",Die Griechen hielten Delphi für den Nabel der Welt. Ein besonderer Stein namens Omphalos zeigte diese Mitte an.,Delphi galt als Nabel der Welt.,Orakel von Delphi,,ok
g_antike,1,Welcher Spruch stand am Tempel von Delphi?,"[""Erkenne dich selbst"", ""Lerne jeden Tag"", ""Iss mehr Gemüse"", ""Bleib immer still""]",Am Apollontempel in Delphi stand der Spruch «Erkenne dich selbst». Er ist bis heute berühmt.,In Delphi stand «Erkenne dich selbst».,Orakel von Delphi,,ok
g_antike,1,Wie waren die Antworten des Orakels von Delphi oft?,"[""Rätselhaft und mehrdeutig"", ""Immer ganz einfach"", ""Immer nur Zahlen"", ""Immer nur Bilder""]",Die Antworten des Orakels waren oft wie Rätsel. Man konnte sie auf verschiedene Arten verstehen.,Das Orakel antwortete oft rätselhaft.,Orakel von Delphi,,ok
g_antike,1,An welchem Berg liegt Delphi?,"[""Am Parnass"", ""Am Olymp"", ""Am Ätna"", ""Am Vesuv""]",Delphi liegt an einem steilen Hang des Gebirges Parnass in Mittelgriechenland.,Delphi liegt am Parnass.,Orakel von Delphi,,ok
g_antike,1,Was ist der Olymp?,"[""Der höchste Berg Griechenlands"", ""Die grösste Insel Griechenlands"", ""Der längste Fluss Griechenlands"", ""Die älteste Stadt Griechenlands""]",Der Olymp ist ein Gebirge im Norden Griechenlands. Sein höchster Gipfel ist der höchste Punkt des Landes.,Der Olymp ist der höchste Berg Griechenlands.,Olymp,,ok
g_antike,1,Etwa wie hoch ist der Olymp?,"[""Rund 2900 Meter"", ""Rund 900 Meter"", ""Rund 4800 Meter"", ""Rund 8800 Meter""]",Der höchste Gipfel des Olymp ist rund 2918 Meter hoch. Das sind rund 400 Meter mehr als beim Säntis in der Ostschweiz.,Der Olymp ist rund 2900 Meter hoch.,Olymp,,ok
g_antike,1,Was assen die Götter auf dem Olymp laut Sage?,"[""Ambrosia"", ""Honigbrot"", ""Gerstenbrei"", ""Ziegenkäse""]",Die Götter assen Ambrosia. Diese Speise sollte sie unsterblich halten.,Die Götterspeise heisst Ambrosia.,Olymp,,ok
g_antike,1,Seit 1987 gehört die Akropolis zu einer besonderen Liste. Zu welcher?,"[""Zum Welterbe der UNESCO"", ""Zu den sieben Weltwundern"", ""Zu den Schweizer Pärken"", ""Zu den Olympiastätten""]",Die Akropolis von Athen ist seit 1987 Welterbe der UNESCO. Solche Orte sollen für alle Menschen geschützt werden.,Die Akropolis ist ein Welterbe der UNESCO.,Akropolis,,ok
g_antike,1,Wie sahen die Figuren am Parthenon früher aus?,"[""Bunt bemalt"", ""Ganz schwarz"", ""Mit Gold überzogen"", ""Mit Moos bedeckt""]",Die Figuren und Verzierungen am Parthenon waren früher bunt bemalt. Die Farben sind mit der Zeit fast ganz verschwunden.,Griechische Tempelfiguren waren früher bunt bemalt.,Parthenon,,ok
g_antike,1,In welchem Museum ausserhalb Griechenlands sind heute viele Figuren vom Parthenon?,"[""Im British Museum in London"", ""Im Louvre in Paris"", ""Im Landesmuseum in Zürich"", ""Im Vatikan in Rom""]","Um 1800 liess ein Engländer namens Lord Elgin viele Figuren vom Parthenon nach England bringen. Sie stehen heute im British Museum, und Griechenland möchte sie zurück.",Viele Parthenon-Figuren stehen heute in London.,Parthenon,,ok
g_antike,1,"Wie hiess der runde Platz vor der Bühne, auf dem der Chor tanzte?","[""Orchestra"", ""Arena"", ""Agora"", ""Palast""]",Der runde Tanzplatz im griechischen Theater hiess Orchestra. Daher kommt unser Wort Orchester.,Auf der Orchestra tanzte der Chor.,Theater im antiken Griechenland,,ok
g_antike,1,Etwa wie viele Zuschauer fanden im Theater von Epidauros Platz?,"[""Über 10 000"", ""Etwa 100"", ""Etwa 1000"", ""Über 100 000""]",Nach einer Erweiterung bot das Theater von Epidauros bis zu rund 14 000 Menschen Platz. Es wird bis heute für Aufführungen genutzt.,Im Theater von Epidauros sassen über 10 000 Menschen.,Theater im antiken Griechenland,,ok
g_antike,1,In welche Richtung schreibt man Griechisch heute?,"[""Von links nach rechts"", ""Von rechts nach links"", ""Von oben nach unten"", ""Von unten nach oben""]",Griechisch schreibt man heute wie Deutsch von links nach rechts. In ganz alter Zeit schrieb man manchmal auch andersherum.,Griechisch schreibt man von links nach rechts.,Griechisches Alphabet,,ok
g_antike,1,"Welche Laute schrieben die Griechen mit eigenen Buchstaben, was viele ältere Schriften nicht taten?","[""Die Selbstlaute"", ""Die Zahlen"", ""Die Tierlaute"", ""Die Musiknoten""]","Die Griechen schrieben auch Selbstlaute wie A, E und O mit eigenen Buchstaben. So konnte man Wörter viel leichter lesen.",Die Griechen schrieben auch die Selbstlaute auf.,Griechisches Alphabet,,ok
g_antike,1,Welcher kleine griechische Buchstabe sieht ähnlich aus wie ein w?,"[""Omega"", ""Alpha"", ""Delta"", ""Pi""]",Das kleine Omega wird wie ein rundes w geschrieben: ω. Trotzdem spricht man es wie ein langes O.,Das kleine Omega sieht aus wie ein w.,Griechisches Alphabet,,ok
g_antike,1,Wen bittet der Dichter ganz am Anfang der Ilias und der Odyssee um Hilfe?,"[""Die Muse"", ""Den König"", ""Die Sirene"", ""Die Gorgo""]",Beide Werke beginnen mit einer Bitte an die Muse. Die Musen sind Göttinnen der Dichtkunst und sollen beim Erzählen helfen.,Homer ruft am Anfang die Muse an.,Homer,,ok
g_antike,1,Etwa wie viele Verszeilen hat die Ilias?,"[""Über 15 000"", ""Etwa 150"", ""Etwa 1500"", ""Über 1 Million""]","Die Ilias hat über 15 000 Verszeilen. Wer sie ganz vortragen wollte, brauchte dafür viele Stunden.",Die Ilias hat über 15 000 Verse.,Homer,,ok
g_antike,1,Etwa wie weit ist es von Marathon nach Athen?,"[""Rund 40 Kilometer"", ""Rund 4 Kilometer"", ""Rund 400 Kilometer"", ""Rund 4000 Kilometer""]",Von Marathon bis Athen sind es rund 40 Kilometer. Darum ist der Marathonlauf heute über 40 Kilometer lang.,Marathon liegt rund 40 Kilometer von Athen entfernt.,Marathonlauf,,ok
g_antike,1,"Wie nennt man einen Lauf, der noch länger ist als ein Marathon?","[""Ultramarathon"", ""Sprint"", ""Staffellauf"", ""Hürdenlauf""]","Ein Ultramarathon ist jeder Lauf, der länger als ein Marathon ist. Manche gehen über 100 Kilometer.",Ein Ultramarathon ist länger als ein Marathon.,Marathonlauf,,ok
g_antike,1,Mit etwa wie vielen Jahren kamen Jungen in Athen in die Schule?,"[""Mit etwa 7 Jahren"", ""Mit etwa 3 Jahren"", ""Mit etwa 12 Jahren"", ""Mit etwa 16 Jahren""]",Jungen aus Bürgerfamilien begannen mit etwa sieben Jahren beim Lehrer zu lernen. Das ist ähnlich wie bei uns heute.,Jungen in Athen begannen mit etwa sieben Jahren mit der Schule.,Bildung im antiken Griechenland,,ok
g_antike,1,"Was bedeutete das griechische Wort, von dem unser Wort «Schule» kommt?","[""Freie Zeit"", ""Harte Arbeit"", ""Grosses Haus"", ""Strenger Lehrer""]","Das griechische Wort «scholé» bedeutet freie Zeit. Lernen konnte nur, wer Zeit hatte und nicht arbeiten musste.",Schule kommt vom griechischen Wort für freie Zeit.,Bildung im antiken Griechenland,,ok
g_antike,1,Woraus wurde eine Triere vor allem gebaut?,"[""Aus Holz"", ""Aus Eisen"", ""Aus Stein"", ""Aus Glas""]",Trieren waren aus Holz gebaut und dadurch leicht und schnell. Nur der Rammsporn vorne war aus Metall.,Trieren waren leichte Schiffe aus Holz.,Triere,,ok
g_antike,1,"Worauf sass die Pythia, wenn sie weissagte?","[""Auf einem Dreifuss"", ""Auf einem Pferd"", ""Auf einem Thron aus Gold"", ""Auf einem Teppich""]","Die Pythia sass auf einem hohen Hocker mit drei Beinen, einem Dreifuss. So wird sie auch auf alten Vasen gezeigt.",Die Pythia sass auf einem Dreifuss.,Orakel von Delphi,,ok
g_antike,1,In welchem Teil Griechenlands liegt der Olymp?,"[""Im Norden"", ""Im Süden"", ""Auf Kreta"", ""Auf Rhodos""]","Der Olymp liegt im Norden Griechenlands, nicht weit vom Meer, zwischen den Gegenden Thessalien und Makedonien.",Der Olymp liegt im Norden Griechenlands.,Olymp,,ok
g_antike,1,Was tranken die Götter auf dem Olymp laut Sage?,"[""Nektar"", ""Milch"", ""Tee"", ""Bier""]","Laut Sage tranken die Götter Nektar. Er sollte sie, wie ihre Speise, für immer jung halten.",Der Göttertrank heisst Nektar.,Olymp,,ok
g_antike,1,Wie heisst der höchste Gipfel des Olymp?,"[""Mytikas"", ""Säntis"", ""Ätna"", ""Parnass""]","Der höchste Gipfel des Olymp heisst Mytikas. Er wurde 1913 zum ersten Mal bestiegen, mit dabei waren zwei Schweizer aus Genf, Fred Boissonnas und Daniel Baud-Bovy.",Der Mytikas ist der höchste Gipfel des Olymp.,Olymp,,ok
g_antike,1,Was ist das Gebiet rund um den Olymp seit 1938?,"[""Ein Nationalpark"", ""Ein Flughafen"", ""Eine Grossstadt"", ""Ein Stausee""]",Das Gebiet am Olymp wurde 1938 der erste Nationalpark Griechenlands. Dort sind Pflanzen und Tiere geschützt.,Am Olymp liegt Griechenlands erster Nationalpark.,Olymp,,ok
g_antike,1,Wie nennt man die Schüler und Anhänger von Pythagoras?,"[""Pythagoreer"", ""Spartaner"", ""Athener"", ""Olympioniken""]",Die Schüler von Pythagoras hiessen Pythagoreer. Sie lebten in einer Gemeinschaft mit strengen Regeln.,Die Anhänger von Pythagoras heissen Pythagoreer.,Pythagoras,,ok
g_antike,1,Wer stellte Amphoren her?,"[""Töpfer"", ""Schmiede"", ""Weber"", ""Fischer""]",Amphoren wurden von Töpfern auf der Töpferscheibe geformt und dann gebrannt.,Töpfer stellten Amphoren her.,Amphore,,ok
g_antike,1,Was waren die Thermen im alten Rom?,"[""Grosse Badehäuser"", ""Grosse Theater"", ""Grosse Kornspeicher"", ""Grosse Tempel""]",Thermen waren öffentliche Bäder. Dort badeten viele Römerinnen und Römer fast jeden Tag.,Die Thermen waren die grossen Badehäuser der Römer.,Thermen,,ok
g_antike,1,Wie heisst der heisse Raum in den römischen Thermen?,"[""Caldarium"", ""Frigidarium"", ""Atrium"", ""Forum""]",Im Caldarium war das Wasser heiss und die Luft warm und feucht. Das Wort kommt vom lateinischen «calidus» für heiss.,Im Caldarium war es in den Thermen am heissesten.,Thermen,,ok
g_antike,1,Was gab es im Frigidarium der Thermen?,"[""Ein kaltes Bad"", ""Ein heisses Bad"", ""Eine Küche"", ""Einen Schlafraum""]",Das Frigidarium war der kalte Raum. Dort kühlte man sich nach dem warmen Baden ab.,Im Frigidarium badete man in kaltem Wasser.,Thermen,,ok
g_antike,1,Wie hiess der lauwarme Raum zwischen heiss und kalt?,"[""Tepidarium"", ""Caldarium"", ""Peristyl"", ""Triclinium""]",Im Tepidarium war es angenehm lauwarm. So gewöhnte sich der Körper langsam an die Wärme.,Das Tepidarium war der lauwarme Raum der Thermen.,Thermen,,ok
g_antike,1,Womit kratzten die Römer im Bad Öl und Schmutz von der Haut?,"[""Mit einem Schaber"", ""Mit einer Bürste"", ""Mit einem Kamm"", ""Mit einem Schwamm""]","Seife kannten die Römer kaum. Sie rieben sich mit Öl ein und schabten es mit einem gebogenen Schaber, der Strigilis, wieder ab.",Die Römer reinigten sich mit Öl und einem Schaber.,Thermen,,ok
g_antike,1,Was konnte man in den Thermen ausser Baden noch tun?,"[""Sport treiben und plaudern"", ""Wagenrennen fahren"", ""Schiffe bauen"", ""Getreide mahlen""]",Zu vielen Thermen gehörte ein Sportplatz. Man traf dort auch Freunde und erzählte sich Neuigkeiten.,Die Thermen waren auch ein Treffpunkt für Sport und Gespräche.,Thermen,,ok
g_antike,1,In welcher Schweizer Stadt badeten schon die Römer in heissen Quellen?,"[""Baden"", ""Basel"", ""Bern"", ""Lugano""]",In Baden im Aargau sprudelt warmes Wasser aus dem Boden. Die Römer nannten den Ort Aquae Helveticae und bauten dort Bäder.,Schon die Römer badeten im warmen Wasser von Baden.,Thermen,,ok
g_antike,1,Was mussten die meisten Leute für den Eintritt in die Thermen bezahlen?,"[""Nur wenig Geld"", ""Sehr viel Geld"", ""Ein ganzes Schaf"", ""Einen Silberbecher""]",Der Eintritt in die öffentlichen Thermen war sehr billig. So konnten auch arme Leute baden gehen.,Fast alle Römer konnten sich die Thermen leisten.,Thermen,,ok
g_antike,1,Wer kämpfte im Kolosseum vor den Zuschauern?,"[""Gladiatoren"", ""Ritter"", ""Samurai"", ""Wikinger""]","Gladiatoren waren Kämpfer, die zur Unterhaltung des Publikums gegeneinander antraten. Viele von ihnen waren Sklaven.",Im Kolosseum kämpften Gladiatoren.,Kolosseum,,ok
g_antike,1,"Welche Form hat das Kolosseum, von oben gesehen?","[""Oval"", ""Quadratisch"", ""Dreieckig"", ""Sternförmig""]","Das Kolosseum ist ein Amphitheater. Es hat die Form eines Ovals, also eines in die Länge gezogenen Kreises.",Das Kolosseum hat eine ovale Form.,Kolosseum,,ok
g_antike,1,Was lag unter dem Boden der Arena im Kolosseum?,"[""Gänge und Käfige"", ""Ein grosser See"", ""Ein Kornfeld"", ""Eine Bibliothek""]","Unter der Arena gab es ein Netz aus Gängen und Räumen. Dort warteten Tiere und Kämpfer, bis sie mit Aufzügen nach oben kamen.",Unter der Arena des Kolosseums lagen Gänge und Käfige.,Kolosseum,,ok
g_antike,1,Welche Tiere wurden im Kolosseum unter anderem gezeigt?,"[""Löwen und Bären"", ""Pinguine und Robben"", ""Kängurus und Koalas"", ""Lamas und Alpakas""]",Bei den Tierhetzen brachte man wilde Tiere aus vielen Ländern nach Rom. Löwen kamen zum Beispiel aus Afrika.,Im Kolosseum zeigte man auch wilde Tiere wie Löwen.,Kolosseum,,ok
g_antike,1,Was spannte man über das Kolosseum gegen die Sonne?,"[""Ein grosses Sonnensegel"", ""Ein Glasdach"", ""Ein Holzdach"", ""Ein Netz aus Blättern""]",Seeleute spannten an Masten ein riesiges Tuch über die Zuschauerränge. Es hiess Velarium und spendete Schatten.,Ein grosses Segel schützte die Zuschauer im Kolosseum vor der Sonne.,Kolosseum,,ok
g_antike,1,Ungefähr wann wurde das Kolosseum eröffnet?,"[""Vor fast 2000 Jahren"", ""Vor 200 Jahren"", ""Vor 500 Jahren"", ""Vor 10'000 Jahren""]",Das Kolosseum wurde im Jahr 80 nach Christus eröffnet. Das ist fast 2000 Jahre her.,Das Kolosseum ist fast 2000 Jahre alt.,Kolosseum,,ok
g_antike,1,Wie viele Stockwerke hat die Aussenmauer des Kolosseums?,"[""Vier"", ""Zwei"", ""Acht"", ""Zwölf""]","Die Aussenmauer hat drei Stockwerke mit Bögen und darüber ein viertes, geschlossenes Stockwerk. Sie ist fast 50 Meter hoch.",Die Aussenmauer des Kolosseums hat vier Stockwerke.,Kolosseum,,ok
g_antike,1,Was bekam der Sieger eines Wagenrennens als Zeichen für den Sieg?,"[""Einen Palmzweig"", ""Einen Tannenzweig"", ""Eine Rose"", ""Einen Apfel""]",Der Palmzweig war bei den Römern ein Siegeszeichen. Erfolgreiche Wagenlenker bekamen zudem oft viel Geld.,Der Sieger eines Wagenrennens erhielt einen Palmzweig.,Circus Maximus,,ok
g_antike,1,Welche Tiere zogen die Rennwagen im Circus Maximus?,"[""Pferde"", ""Ochsen"", ""Esel"", ""Kamele""]",Die leichten Rennwagen wurden von schnellen Pferden gezogen. Die Wagenlenker standen auf dem Wagen.,Pferde zogen die Rennwagen der Römer.,Circus Maximus,,ok
g_antike,1,Wie viele Pferde zogen eine Quadriga?,"[""Vier"", ""Zwei"", ""Drei"", ""Sechs""]",Das Wort Quadriga kommt vom lateinischen Wort für vier. Eine Quadriga ist ein Wagen mit vier Pferden nebeneinander.,Eine Quadriga hatte vier Pferde.,Circus Maximus,,ok
g_antike,1,Wie viele Runden fuhr man meistens bei einem Rennen im Circus Maximus?,"[""Sieben"", ""Drei"", ""Zehn"", ""Zwanzig""]","Ein Rennen dauerte meistens sieben Runden. Man zählte die Runden mit Figuren, die nach jeder Runde umgedreht oder abgenommen wurden.",Ein Wagenrennen hatte meistens sieben Runden.,Circus Maximus,,ok
g_antike,1,Wie unterschieden sich die Rennmannschaften im Circus Maximus?,"[""An ihren Farben"", ""An ihren Hüten"", ""An ihren Hunden"", ""An ihren Schiffen""]","Es gab vier Mannschaften: die Roten, die Weissen, die Blauen und die Grünen. Die Fans hielten zu ihrer Farbe, wie heute im Fussball.",Die Rennteams in Rom erkannte man an ihren Farben.,Circus Maximus,,ok
g_antike,1,Was trennte die beiden Seiten der Rennbahn in der Mitte?,"[""Eine lange Mauer"", ""Ein Fluss"", ""Ein Zaun aus Speeren"", ""Ein tiefer Graben""]",In der Mitte der Bahn lag eine lange Mauer mit Statuen und Säulen. Die Wagen fuhren rund um diese Mauer.,Die Wagen fuhren um eine lange Mauer in der Mitte herum.,Circus Maximus,,ok
g_antike,1,Warum war die Kurve beim Wagenrennen besonders gefährlich?,"[""Wagen konnten umkippen"", ""Dort lagen Löwen"", ""Dort war es dunkel"", ""Dort gab es Wasser""]",In den engen Kurven stiessen Wagen oft zusammen oder kippten um. Solche Unfälle waren gefürchtet.,Die engen Kurven waren beim Wagenrennen gefährlich.,Circus Maximus,,ok
g_antike,1,Was ist der Circus Maximus heute?,"[""Eine grosse Wiese"", ""Ein Einkaufszentrum"", ""Ein Flughafen"", ""Ein Bahnhof""]",Von den Tribünen ist fast nichts mehr übrig. Heute sieht man in Rom eine lange Wiese in der Form der alten Rennbahn.,Der Circus Maximus ist heute eine lange Wiese in Rom.,Circus Maximus,,ok
g_antike,1,Welche Zahl ist das römische XX?,"[""20"", ""11"", ""2"", ""200""]","X steht für zehn. Zweimal X ergibt 10 + 10, also 20.",Das römische XX bedeutet zwanzig.,Römische Zahlschrift,,ok
g_antike,1,Wie schreibt man die Zahl 3 mit römischen Zahlen?,"[""III"", ""IV"", ""VI"", ""XXX""]",Man schreibt dreimal das Zeichen I für eins. 1 + 1 + 1 ergibt 3.,Die Zahl drei schreibt man römisch als III.,Römische Zahlschrift,,ok
g_antike,1,Welche Zahl ist das römische IV?,"[""4"", ""6"", ""5"", ""3""]","Steht das kleinere Zeichen I vor dem V, zieht man ab. 5 - 1 ergibt 4.",Das römische IV bedeutet vier.,Römische Zahlschrift,,ok
g_antike,1,Welche Zahl ist das römische XII?,"[""12"", ""7"", ""21"", ""102""]",X ist zehn und II ist zwei. 10 + 2 ergibt 12.,Das römische XII bedeutet zwölf.,Römische Zahlschrift,,ok
g_antike,1,Welches römische Zeichen steht für 100?,"[""C"", ""M"", ""L"", ""D""]",C steht für hundert. Das passt zum lateinischen Wort «centum» für hundert.,Das römische C bedeutet hundert.,Römische Zahlschrift,,ok
g_antike,1,Welches römische Zeichen steht für 1000?,"[""M"", ""C"", ""D"", ""X""]",M steht für tausend. Das lateinische Wort dafür ist «mille».,Das römische M bedeutet tausend.,Römische Zahlschrift,,ok
g_antike,1,Welche Zahl fehlt in der römischen Zahlschrift?,"[""Die Null"", ""Die Eins"", ""Die Fünf"", ""Die Zehn""]",Die Römer hatten kein Zeichen für null. Diese Zahl kam erst viel später aus Indien über die arabische Welt nach Europa.,Die Römer kannten kein Zeichen für die Null.,Römische Zahlschrift,,ok
g_antike,1,Was bedeutet das lateinische Wort «terra»?,"[""Erde"", ""Himmel"", ""Meer"", ""Sonne""]",«Terra» heisst Erde oder Land. Davon kommt zum Beispiel das Wort Terrasse.,Das lateinische Wort «terra» bedeutet Erde.,Latein,,ok
g_antike,1,Was bedeutet das lateinische Wort «aqua»?,"[""Wasser"", ""Feuer"", ""Erde"", ""Luft""]",«Aqua» heisst Wasser. Davon kommen Wörter wie Aquarium oder Aquarell.,Das lateinische Wort «aqua» bedeutet Wasser.,Latein,,ok
g_antike,1,Was bedeutet der lateinische Gruss «Salve»?,"[""Sei gegrüsst"", ""Auf Wiedersehen"", ""Gute Nacht"", ""Vielen Dank""]",Mit «Salve» begrüssten sich die Römer. Es bedeutet so viel wie «Sei gesund» oder «Sei gegrüsst».,Die Römer grüssten mit «Salve».,Latein,,ok
g_antike,1,Wofür steht das Autokennzeichen CH?,"[""Confoederatio Helvetica"", ""Canton Helvetia"", ""Centrum Helveticum"", ""Civitas Hominum""]",CH ist die Abkürzung für den lateinischen Namen der Schweiz. Er bedeutet Schweizerische Eidgenossenschaft.,CH steht für den lateinischen Namen Confoederatio Helvetica.,Latein,,ok
g_antike,1,Welches deutsche Wort kommt vom lateinischen «murus»?,"[""Mauer"", ""Maus"", ""Mond"", ""Mutter""]",Die Germanen lernten von den Römern das Bauen mit Stein. Dabei übernahmen sie auch das Wort «murus» und machten daraus Mauer.,Das Wort Mauer stammt aus dem Latein.,Latein,,ok
g_antike,1,"Welche Schrift benutzen wir heute, die schon die Römer hatten?","[""Das lateinische Alphabet"", ""Die Keilschrift"", ""Die Hieroglyphen"", ""Die Runenschrift""]","Unsere Buchstaben A, B, C und so weiter stammen von den Römern. Wir nennen sie das lateinische Alphabet.",Unsere Buchstaben kommen von den Römern.,Latein,,ok
g_antike,1,Was bedeutet das lateinische Wort «mater»?,"[""Mutter"", ""Vater"", ""Bruder"", ""Lehrer""]",«Mater» heisst Mutter. Man hört die Ähnlichkeit zum deutschen Wort.,Das lateinische Wort «mater» bedeutet Mutter.,Latein,,ok
g_antike,1,Was bedeutet das lateinische Wort «rex»?,"[""König"", ""Pferd"", ""Stadt"", ""Krieger""]",«Rex» heisst König. Rom wurde in seiner frühesten Zeit von Königen regiert.,Das lateinische Wort «rex» bedeutet König.,Latein,,ok
g_antike,1,Was war eine Toga?,"[""Ein grosses Wolltuch"", ""Ein Lederhelm"", ""Ein Paar Sandalen"", ""Ein Holzschild""]",Die Toga war ein langes Tuch aus Wolle. Man wickelte es kunstvoll um den Körper.,Die Toga war ein grosses Tuch aus Wolle.,Toga,,ok
g_antike,1,Wer durfte im alten Rom eine Toga tragen?,"[""Römische Bürger"", ""Alle Sklaven"", ""Nur Kinder"", ""Fremde Soldaten""]",Die Toga war das Kleid der römischen Bürger. Sklaven und Fremde durften sie nicht tragen.,"Die Toga zeigte, dass jemand römischer Bürger war.",Toga,,ok
g_antike,1,Welche Farbe hatte die gewöhnliche Toga?,"[""Weiss"", ""Schwarz"", ""Grün"", ""Gelb""]",Die normale Toga war weiss oder hatte die helle Farbe der ungefärbten Wolle.,Die gewöhnliche Toga war weiss.,Toga,,ok
g_antike,1,Was trug ein Römer unter der Toga?,"[""Eine Tunika"", ""Einen Pullover"", ""Eine Jeans"", ""Einen Mantel""]",Die Tunika war ein einfaches Hemdkleid. Viele Leute trugen bei der Arbeit nur die Tunika.,Unter der Toga trug man eine Tunika.,Toga,,ok
g_antike,1,Was hatte die Toga von Knaben und hohen Beamten am Rand?,"[""Einen Purpurstreifen"", ""Goldene Glöckchen"", ""Bunte Federn"", ""Kleine Spiegel""]",Diese Toga hiess Toga praetexta. Ihr Rand war mit einem rötlichen Purpurstreifen verziert.,Knaben trugen eine Toga mit Purpurstreifen.,Toga,,ok
g_antike,1,Warum brauchte man oft Hilfe beim Anziehen der Toga?,"[""Sie war sehr lang"", ""Sie hatte viele Knöpfe"", ""Sie war aus Metall"", ""Sie war ganz klein""]","Die Toga war mehrere Meter lang. Damit sie schöne Falten warf, half oft ein Sklave beim Umlegen.",Die lange Toga war schwer anzuziehen.,Toga,,ok
g_antike,1,Was trugen verheiratete Römerinnen statt einer Toga?,"[""Eine Stola"", ""Eine Rüstung"", ""Eine Hose"", ""Einen Kilt""]","Verheiratete Römerinnen trugen ein langes Kleid, die Stola. Darüber legten sie oft einen Umhang.",Römische Frauen trugen eine Stola.,Toga,,ok
g_antike,1,Welches heutige Wort stammt von der weissen Toga der Bewerber?,"[""Kandidat"", ""Kaiser"", ""Konzert"", ""Kalender""]","Wer sich für ein Amt bewarb, trug eine besonders weisse Toga. Das lateinische Wort «candidus» heisst strahlend weiss.",Das Wort Kandidat kommt von der weissen Toga.,Toga,,ok
g_antike,1,Was war eine Insula im alten Rom?,"[""Ein Mietshaus"", ""Ein Tempel"", ""Ein Schiff"", ""Ein Bauernhof""]",Eine Insula war ein Wohnblock mit mehreren Stockwerken. Darin wohnten viele Familien zur Miete.,Eine Insula war ein römisches Mietshaus.,Insula,,ok
g_antike,1,Was bedeutet das lateinische Wort «insula» eigentlich?,"[""Insel"", ""Haus"", ""Dach"", ""Strasse""]","«Insula» heisst Insel. Ein Wohnblock war ringsum von Strassen umgeben, wie eine Insel vom Wasser.",Das Wort «insula» bedeutet Insel.,Insula,,ok
g_antike,1,Was befand sich im Erdgeschoss vieler Insulae?,"[""Läden und Werkstätten"", ""Ställe für Elefanten"", ""Grosse Schwimmbecken"", ""Gefängnisse""]","Unten zur Strasse hin gab es kleine Läden, Imbisse und Werkstätten. Darüber lagen die Wohnungen.",Im Erdgeschoss einer Insula gab es oft Läden.,Insula,,ok
g_antike,1,Wer wohnte meistens ganz oben in einer Insula?,"[""Ärmere Leute"", ""Der Kaiser"", ""Reiche Händler"", ""Die Senatoren""]",Die oberen Stockwerke waren eng und billig. Dort wohnten Leute mit wenig Geld.,Ganz oben in der Insula wohnten die Ärmeren.,Insula,,ok
g_antike,1,Welche Gefahr gab es in den Insulae besonders oft?,"[""Feuer"", ""Lawinen"", ""Erdrutsch"", ""Hochwasser""]",Die Häuser waren teils aus Holz gebaut und man kochte mit offenem Feuer. Darum brannte es oft.,In den Mietshäusern Roms brach oft Feuer aus.,Insula,,ok
g_antike,1,Woher holten die Leute in den oberen Stockwerken ihr Wasser?,"[""Vom Brunnen auf der Strasse"", ""Aus dem Wasserhahn"", ""Aus dem Kühlschrank"", ""Aus der Dusche""]",Fliessendes Wasser gab es oben nicht. Man trug das Wasser in Krügen vom öffentlichen Brunnen hinauf.,In der Insula musste man Wasser vom Brunnen holen.,Insula,,ok
g_antike,1,Warum bestimmte Kaiser Augustus eine Höchsthöhe für Insulae?,"[""Weil Häuser einstürzten"", ""Weil Vögel störten"", ""Weil es zu warm war"", ""Weil Pferde scheuten""]",Manche Mietshäuser waren schlecht gebaut und stürzten ein. Augustus erlaubte darum nur noch Häuser bis etwa 20 Meter Höhe.,Augustus begrenzte die Höhe der Mietshäuser.,Insula,,ok
g_antike,1,Wo gingen viele Bewohner einer Insula zur Toilette?,"[""In öffentliche Latrinen"", ""In ein eigenes Badezimmer"", ""In den Keller des Kaisers"", ""In den Tempel""]","Die meisten Wohnungen hatten keine Toilette. Man ging in öffentliche Latrinen, wo viele nebeneinander sassen.",Viele Römer benutzten öffentliche Toiletten.,Insula,,ok
g_antike,1,Wer wohnte in einer römischen Villa auf dem Land?,"[""Reiche Familien"", ""Gladiatoren"", ""Wagenlenker"", ""Bettler""]",Eine Villa war ein grosses Landhaus. Es gehörte reichen Familien und hatte oft einen Bauernhof dabei.,In einer Villa lebten reiche Römer.,Römische Villa,,ok
g_antike,1,Wo legten die Römer ihre Mosaike meistens?,"[""Auf den Boden"", ""Auf das Dach"", ""In den Brunnen"", ""Auf die Strasse""]",Viele Mosaike schmückten die Fussböden von Villen und Thermen. Sie halten sehr lange.,Die Römer legten Mosaike oft auf den Fussboden.,Römische Villa,,ok
g_antike,1,Was stand auf einem berühmten Mosaik am Eingang eines Hauses in Pompeji?,"[""Hüte dich vor dem Hund"", ""Willkommen im Zoo"", ""Bitte Schuhe ausziehen"", ""Hier wohnt der Kaiser""]",Auf Latein steht dort «Cave canem». Das Mosaik zeigt einen Hund an der Kette.,«Cave canem» heisst «Hüte dich vor dem Hund».,Römische Villa,,ok
g_antike,1,Was war das Atrium in einem römischen Haus?,"[""Die Eingangshalle"", ""Der Keller"", ""Das Dach"", ""Der Stall""]","Das Atrium war eine grosse Halle hinter dem Eingang. Im Dach war eine Öffnung, durch die Licht und Regen hereinkamen.",Das Atrium war die Eingangshalle eines römischen Hauses.,Römische Villa,,ok
g_antike,1,Wofür war das Becken in der Mitte des Atriums da?,"[""Für Regenwasser"", ""Für Goldfische"", ""Für Wein"", ""Für das Feuer""]",Durch die Dachöffnung fiel Regen in das Becken. Das Wasser wurde gesammelt und genutzt.,Im Atrium sammelte ein Becken das Regenwasser.,Römische Villa,,ok
g_antike,1,Was war das Peristyl in einer Villa?,"[""Ein Garten mit Säulengang"", ""Ein Pferdestall"", ""Ein Weinkeller"", ""Ein Schlafzimmer""]",Das Peristyl war ein Garten im Inneren des Hauses. Rundherum lief ein Gang mit Säulen.,Das Peristyl war ein Garten mit Säulen rundherum.,Römische Villa,,ok
g_antike,1,In welchem Schweizer Ort kann man grosse römische Mosaike einer Villa sehen?,"[""Orbe"", ""Davos"", ""Interlaken"", ""Appenzell""]",Bei Orbe im Kanton Waadt fand man die Reste einer grossen römischen Villa. Ihre schönen Mosaike sind heute noch zu sehen.,In Orbe gibt es römische Mosaike zu sehen.,Römische Villa,,ok
g_antike,1,Was war das Forum Romanum?,"[""Der grosse Platz in Rom"", ""Ein Fluss in Rom"", ""Ein Berg bei Rom"", ""Ein Hafen in Rom""]","Das Forum Romanum war der wichtigste Platz der Stadt Rom. Dort traf man sich, handelte und hörte Reden.",Das Forum Romanum war der Hauptplatz von Rom.,Forum Romanum,,ok
g_antike,1,Was tat man auf dem Forum Romanum unter anderem?,"[""Einkaufen und Reden halten"", ""Skifahren und Rodeln"", ""Fischen und Segeln"", ""Wagenrennen fahren""]","Auf dem Forum gab es Märkte, Läden und Gerichte. Politiker hielten dort Reden vor dem Volk.",Auf dem Forum wurde gehandelt und geredet.,Forum Romanum,,ok
g_antike,1,Welche Gebäude standen auf dem Forum Romanum?,"[""Tempel"", ""Kirchtürme mit Glocken"", ""Burgen mit Zinnen"", ""Wolkenkratzer""]","Auf dem Forum standen mehrere Tempel für die römischen Götter, zum Beispiel für Saturn.",Auf dem Forum Romanum standen Tempel für die Götter.,Forum Romanum,,ok
g_antike,1,Wo versammelte sich der Senat auf dem Forum?,"[""In der Kurie"", ""Im Kolosseum"", ""Im Circus Maximus"", ""In der Arena""]",Die Kurie war das Rathaus der Senatoren. Das Gebäude steht heute noch auf dem Forum.,Der Senat traf sich in der Kurie.,Forum Romanum,,ok
g_antike,1,Was mussten die Vestalinnen im Tempel der Vesta hüten?,"[""Ein heiliges Feuer"", ""Einen Goldschatz"", ""Eine heilige Kuh"", ""Einen Brunnen""]","Die Vestalinnen waren Priesterinnen. Sie sorgten dafür, dass das heilige Feuer der Göttin Vesta nie ausging.",Die Vestalinnen hüteten das heilige Feuer.,Forum Romanum,,ok
g_antike,1,"Was ist ein Triumphbogen, wie er auf dem Forum steht?","[""Ein grosses Tor zum Feiern"", ""Ein Bogen zum Schiessen"", ""Eine Brücke über einen Fluss"", ""Ein Regenbogen aus Glas""]",Triumphbögen wurden für siegreiche Feldherren und Kaiser gebaut. Auf dem Forum steht zum Beispiel der Titusbogen.,Ein Triumphbogen erinnert an einen Sieg.,Forum Romanum,,ok
g_antike,1,Wie sieht das Forum Romanum heute aus?,"[""Es ist ein Ruinenfeld"", ""Es ist ein Parkhaus"", ""Es ist ein See"", ""Es ist ein Wald""]",Von den Gebäuden sind vor allem Säulen und Mauerreste übrig. Heute besuchen Touristen aus aller Welt das Ruinenfeld.,Das Forum Romanum ist heute voller Ruinen.,Forum Romanum,,ok
g_antike,1,"Wie hiess die berühmte Strasse, die über das Forum Romanum führte?","[""Via Sacra"", ""Via Appia"", ""Via Mala"", ""Via Veneto""]",Die Via Sacra heisst «Heilige Strasse». Über sie zogen die Triumphzüge durch das Forum.,Die Via Sacra führte über das Forum Romanum.,Forum Romanum,,ok
g_antike,1,Was war ein Hypokaustum?,"[""Eine Fussbodenheizung"", ""Ein Kühlschrank"", ""Ein Backofen"", ""Ein Wasserrad""]",Das Hypokaustum heizte Räume von unten. Warme Luft strömte unter dem Boden durch.,Das Hypokaustum war eine römische Fussbodenheizung.,Hypokaustum,,ok
g_antike,1,Womit wurde das Feuer für das Hypokaustum gemacht?,"[""Mit Holz"", ""Mit Strom"", ""Mit Erdöl"", ""Mit Sonnenlicht""]",In einem Ofen ausserhalb des Raumes verbrannte man Holz. Die heisse Luft zog dann unter den Boden.,Die Römer heizten das Hypokaustum mit Holz.,Hypokaustum,,ok
g_antike,1,Worauf stand der Boden über dem Hypokaustum?,"[""Auf kleinen Ziegelsäulen"", ""Auf Holzrädern"", ""Auf Wasserkissen"", ""Auf Sandsäcken""]",Der Boden lag auf vielen kleinen Säulen aus Ziegeln. Dazwischen war Platz für die warme Luft.,Beim Hypokaustum stand der Boden auf kleinen Säulen.,Hypokaustum,,ok
g_antike,1,Wo führte die warme Luft nach dem Boden noch hindurch?,"[""Durch hohle Wandziegel"", ""Durch Fenster"", ""Durch Teppiche"", ""Durch Möbel""]",Hohle Ziegel in den Wänden leiteten die warme Luft nach oben. So wurden auch die Wände warm.,Beim Hypokaustum wurden auch die Wände warm.,Hypokaustum,,ok
g_antike,1,Wer musste das Feuer für das Hypokaustum meistens schüren?,"[""Sklaven"", ""Die Hausherrin"", ""Die Kinder"", ""Die Gäste""]",Das Feuer musste lange brennen und dauernd mit Holz gefüttert werden. Diese harte Arbeit erledigten meistens Sklaven.,Sklaven hielten das Feuer im Heizofen am Brennen.,Hypokaustum,,ok
g_antike,1,In welchen Gebäuden gab es oft ein Hypokaustum?,"[""In Thermen und Villen"", ""In Ställen und Scheunen"", ""In Zelten"", ""In Schiffen""]",Die Heizung war teuer. Man baute sie vor allem in Bäder und in die Häuser reicher Leute.,Thermen und Villen hatten oft eine Fussbodenheizung.,Hypokaustum,,ok
g_antike,1,Was bedeutet das Wort Hypokaustum ungefähr?,"[""Von unten geheizt"", ""Von oben gekühlt"", ""Mit Wasser gefüllt"", ""Mit Steinen gebaut""]",Das Wort kommt aus dem Griechischen. «Hypo» heisst unter und «kaiein» heisst brennen oder heizen.,"Hypokaustum bedeutet, dass von unten geheizt wird.",Hypokaustum,,ok
g_antike,1,Wie assen reiche Römer bei einem Gastmahl?,"[""Im Liegen"", ""Im Stehen"", ""Im Gehen"", ""Auf dem Pferd""]",Bei einem feinen Essen lagen die Gäste auf breiten Liegen. Das galt als vornehm.,Reiche Römer assen beim Gastmahl im Liegen.,Römisches Gastmahl,,ok
g_antike,1,Auf welcher Seite lagen die Gäste beim Essen meistens?,"[""Auf der linken Seite"", ""Auf dem Bauch"", ""Auf dem Rücken"", ""Auf der rechten Seite""]",Die Gäste stützten sich auf den linken Ellbogen. So hatten sie die rechte Hand frei zum Essen.,Beim Gastmahl stützte man sich auf den linken Arm.,Römisches Gastmahl,,ok
g_antike,1,Womit assen die Römer vor allem?,"[""Mit den Fingern"", ""Mit Gabeln"", ""Mit Stäbchen"", ""Mit Strohhalmen""]","Die Römer assen viel mit den Fingern. Löffel und Messer gab es, Gabeln zum Essen aber kaum.",Die Römer assen meistens mit den Fingern.,Römisches Gastmahl,,ok
g_antike,1,Wie viele Liegen standen meistens um den Tisch im Speiseraum?,"[""Drei"", ""Eine"", ""Fünf"", ""Zehn""]","Der Speiseraum hiess Triclinium. Das Wort bedeutet, dass drei Liegen um einen Tisch standen.",Im Triclinium standen drei Liegen.,Römisches Gastmahl,,ok
g_antike,1,Welche Sosse aus Fisch mochten die Römer sehr gern?,"[""Garum"", ""Ketchup"", ""Senf"", ""Mayonnaise""]",Garum war eine salzige Sosse aus vergorenem Fisch. Die Römer würzten damit viele Speisen.,Die Römer würzten gern mit der Fischsosse Garum.,Römisches Gastmahl,,ok
g_antike,1,Wer brachte beim Gastmahl reicher Leute die Speisen?,"[""Sklaven"", ""Die Gäste selbst"", ""Die Kinder der Gäste"", ""Soldaten""]",Bei reichen Familien trugen Sklaven das Essen auf und räumten ab. Sie brachten auch Wasser zum Händewaschen.,Beim Gastmahl bedienten Sklaven die Gäste.,Römisches Gastmahl,,ok
g_antike,1,Womit begann ein römisches Festessen oft?,"[""Mit Eiern"", ""Mit Kuchen"", ""Mit Glace"", ""Mit Kaffee""]","Die Vorspeise bestand oft aus Eiern, Oliven oder Salat. Zum Schluss gab es häufig Obst.",Ein römisches Festessen begann oft mit Eiern.,Römisches Gastmahl,,ok
g_antike,1,Worauf schrieben römische Kinder in der Schule oft?,"[""Auf Wachstafeln"", ""Auf Tablets"", ""Auf Wandtafeln aus Kreide"", ""Auf Heften aus Papier""]",Eine Wachstafel war ein Holzbrett mit einer dünnen Schicht Wachs. Man konnte darauf schreiben und wieder löschen.,Römische Schulkinder schrieben auf Wachstafeln.,Wachstafel,,ok
g_antike,1,Womit schrieb man auf einer Wachstafel?,"[""Mit einem Griffel"", ""Mit einem Pinsel"", ""Mit einem Kugelschreiber"", ""Mit einem Filzstift""]","Der Griffel, lateinisch Stilus, war ein spitzer Stift aus Metall, Knochen oder Holz. Damit ritzte man die Buchstaben ins Wachs.",Auf die Wachstafel schrieb man mit einem Griffel.,Wachstafel,,ok
g_antike,1,Wofür war das flache Ende des Griffels da?,"[""Zum Löschen"", ""Zum Malen"", ""Zum Lesen"", ""Zum Spitzen""]",Mit dem flachen Ende strich man das Wachs wieder glatt. So verschwand das Geschriebene.,Mit dem flachen Ende des Griffels löschte man die Schrift.,Wachstafel,,ok
g_antike,1,Aus welchem Material war der Rahmen einer Wachstafel meistens?,"[""Aus Holz"", ""Aus Glas"", ""Aus Plastik"", ""Aus Gummi""]",Die Tafeln waren aus Holz. In eine Vertiefung strich man das Wachs.,Eine Wachstafel hatte einen Rahmen aus Holz.,Wachstafel,,ok
g_antike,1,Warum waren Wachstafeln zum Üben praktisch?,"[""Man konnte sie wiederverwenden"", ""Sie leuchteten im Dunkeln"", ""Sie schrieben von allein"", ""Sie waren essbar""]",Nach dem Löschen konnte man wieder neu schreiben. So brauchte man nicht immer neues Material.,Wachstafeln konnte man immer wieder benutzen.,Wachstafel,,ok
g_antike,1,Was war ein Codex aus Wachstafeln?,"[""Mehrere zusammengebundene Tafeln"", ""Ein einzelner Griffel"", ""Eine Schultasche"", ""Ein Tintenfass""]",Man band mehrere Wachstafeln mit Schnüren zusammen. So entstand eine Art Buch.,Mehrere zusammengebundene Wachstafeln nennt man Codex.,Wachstafel,,ok
g_antike,1,Wo in der Schweiz fand man viele römische Schreibtafeln?,"[""In Windisch"", ""In Zermatt"", ""In St. Moritz"", ""In Locarno""]",In Windisch im Aargau lag das römische Legionslager Vindonissa. Dort fand man viele hölzerne Schreibtäfelchen.,In Windisch fand man viele römische Schreibtafeln.,Wachstafel,,ok
g_antike,1,Womit spielten römische Kinder besonders gern?,"[""Mit Nüssen"", ""Mit Murmeln aus Glas"", ""Mit Plastikautos"", ""Mit Kartenspielen""]","Nüsse waren ein beliebtes Spielzeug. Man warf, rollte oder stapelte sie bei verschiedenen Spielen.",Römische Kinder spielten gern mit Nüssen.,Kinderspiele im alten Rom,,ok
g_antike,1,Was bedeutete die Redewendung «die Nüsse zurücklassen»?,"[""Erwachsen werden"", ""Einschlafen"", ""Krank werden"", ""Reisen gehen""]","Wer erwachsen wurde, hörte mit den Kinderspielen auf. Darum sagten die Römer, er lasse die Nüsse zurück.",«Die Nüsse zurücklassen» hiess bei den Römern erwachsen werden.,Kinderspiele im alten Rom,,ok
g_antike,1,Woraus waren die Knöchelchen beim römischen Knöchelspiel?,"[""Aus Tierknochen"", ""Aus Schokolade"", ""Aus Glas"", ""Aus Gummi""]","Man nahm kleine Fussknochen von Schafen oder Ziegen. Sie wurden geworfen und aufgefangen, ähnlich wie Würfel.",Beim Knöchelspiel spielte man mit kleinen Tierknochen.,Kinderspiele im alten Rom,,ok
g_antike,1,Woraus waren römische Puppen gemacht?,"[""Aus Ton oder Holz"", ""Aus Plastik"", ""Aus Gummi"", ""Aus Styropor""]","Römische Puppen waren aus Ton, Holz, Knochen oder Stoff. Manche hatten sogar bewegliche Arme und Beine.",Römische Puppen waren aus Ton oder Holz.,Kinderspiele im alten Rom,,ok
g_antike,1,Welches Spielzeug trieben römische Kinder mit einem Stock über die Strasse?,"[""Einen Reifen"", ""Einen Drachen"", ""Ein Trottinett"", ""Ein Velo""]",Ein Reifen aus Metall oder Holz wurde mit einem Stock angetrieben. Er rollte so neben dem Kind her.,Römische Kinder trieben Reifen mit einem Stock an.,Kinderspiele im alten Rom,,ok
g_antike,1,"Welches Spielzeug drehte sich, wenn man es mit einer Peitsche antrieb?","[""Ein Kreisel"", ""Ein Ball"", ""Eine Puppe"", ""Ein Würfel""]",Schon die römischen Kinder kannten den Kreisel. Mit einer kleinen Peitsche hielten sie ihn in Bewegung.,Der Kreisel war schon bei römischen Kindern beliebt.,Kinderspiele im alten Rom,,ok
g_antike,1,Was spielten römische Kinder auch gern?,"[""Ballspiele"", ""Computerspiele"", ""Eishockey"", ""Tennis mit Schläger""]",Bälle waren aus Leder und mit Haaren oder Federn gefüllt. Man warf und fing sie in der Gruppe.,Römische Kinder spielten gern mit Bällen.,Kinderspiele im alten Rom,,ok
g_antike,1,In welchem Fluss wurden die Zwillinge Romulus und Remus in einem Korb ausgesetzt?,"[""im Tiber"", ""im Rhein"", ""im Nil"", ""in der Donau""]",Ein böser König liess die Babys in einem Korb auf den Tiber setzen. Der Korb blieb am Ufer hängen.,Der Korb mit den Zwillingen trieb auf dem Tiber.,Romulus und Remus,,ok
g_antike,1,Wer zog Romulus und Remus laut der Sage nach der Wölfin gross?,"[""ein Hirte"", ""ein Fischer"", ""ein Kaiser"", ""ein Bäcker""]",Der Hirte Faustulus fand die Zwillinge bei der Wölfin. Er und seine Frau zogen die Buben auf.,Ein Hirte zog die Zwillinge Romulus und Remus gross.,Romulus und Remus,,ok
g_antike,1,Wie hiess die Mutter von Romulus und Remus laut der Sage?,"[""Rhea Silvia"", ""Kleopatra"", ""Agrippina"", ""Helena""]","Rhea Silvia war eine Königstochter. Ihr Onkel nahm ihr die Zwillinge weg, weil er Angst um seine Macht hatte.",Die Mutter von Romulus und Remus hiess Rhea Silvia.,Romulus und Remus,,ok
g_antike,1,In welchem Jahr wurde Rom laut der Sage gegründet?,"[""753 vor Christus"", ""79 nach Christus"", ""1291 nach Christus"", ""312 vor Christus""]",Die Römer rechneten mit dem Jahr 753 vor Christus als Gründung ihrer Stadt. Das Datum stammt aus der Sage.,Rom wurde laut Sage 753 vor Christus gegründet.,Romulus und Remus,,ok
g_antike,1,Was geschah laut der Sage mit Remus beim Bau der Stadtmauer?,"[""Romulus tötete ihn"", ""er wurde König"", ""er flog davon"", ""er wurde ein Wolf""]","Die Brüder stritten sich um die neue Stadt. Remus sprang über die Mauer, und Romulus tötete ihn.",Im Streit tötete Romulus seinen Bruder Remus.,Romulus und Remus,,ok
g_antike,1,Welcher Gott war laut der Sage der Vater von Romulus und Remus?,"[""der Kriegsgott Mars"", ""der Meeresgott Neptun"", ""der Feuergott Vulcanus"", ""der Weingott Bacchus""]","Laut der Sage war Mars, der römische Gott des Krieges, ihr Vater. Darum galten die Römer als Kinder des Mars.",Der Kriegsgott Mars war laut Sage der Vater der Zwillinge.,Romulus und Remus,,ok
g_antike,1,"Womit entschieden die Brüder laut der Sage, wer die Stadt gründen darf?","[""mit dem Beobachten von Vögeln"", ""mit einem Wettrennen"", ""mit einem Würfelspiel"", ""mit einem Ringkampf""]","Jeder Bruder stand auf einem Hügel und zählte Geier am Himmel. Romulus sah 12 Geier, Remus nur 6.",Die Brüder liessen laut Sage die Vögel entscheiden.,Romulus und Remus,,ok
g_antike,1,Woraus ist die Kapitolinische Wölfin gemacht?,"[""aus Bronze"", ""aus Holz"", ""aus Gold"", ""aus Glas""]",Die Kapitolinische Wölfin ist eine Figur aus Bronze. Bronze ist ein Metall aus Kupfer und Zinn.,Die Kapitolinische Wölfin ist aus Bronze gegossen.,Kapitolinische Wölfin,,ok
g_antike,1,In welcher Stadt steht die echte Kapitolinische Wölfin?,"[""in Rom"", ""in Paris"", ""in Zürich"", ""in London""]",Die Kapitolinische Wölfin ist eine Figur aus Bronze. Bronze ist ein Metall aus Kupfer und Zinn.,Die Kapitolinische Wölfin steht in Rom.,Kapitolinische Wölfin,,ok
g_antike,1,Wen zeigt die Kapitolinische Wölfin unter ihrem Bauch?,"[""zwei Babys"", ""zwei Welpen"", ""zwei Lämmer"", ""zwei Vögel""]",Die echte Figur steht in einem Museum in Rom. Kopien davon gibt es an vielen Orten der Welt.,Unter der Wölfin trinken zwei Babys Milch.,Kapitolinische Wölfin,,ok
g_antike,1,Nach welchem Hügel ist die Kapitolinische Wölfin benannt?,"[""nach dem Kapitol"", ""nach dem Matterhorn"", ""nach dem Vesuv"", ""nach dem Olymp""]",Das Kapitol ist einer der Hügel von Rom. Dort steht das Museum mit der Wölfin.,Die Wölfin ist nach dem Kapitol in Rom benannt.,Kapitolinische Wölfin,,ok
g_antike,1,Wurden die beiden Kinder unter der Wölfin gleichzeitig mit der Wölfin gemacht?,"[""nein, sie kamen viel später dazu"", ""ja, alles am selben Tag"", ""nein, sie sind aus Holz"", ""ja, aber in Griechenland""]",Die zwei Kinderfiguren wurden erst etwa im 15. Jahrhundert dazugefügt. Die Wölfin ist älter.,Die Kinderfiguren unter der Wölfin sind jünger als die Wölfin.,Kapitolinische Wölfin,,ok
g_antike,1,Wofür ist die Wölfin mit den Zwillingen ein Zeichen?,"[""für die Stadt Rom"", ""für die Schweiz"", ""für Ägypten"", ""für den Winter""]",Die Wölfin mit Romulus und Remus erinnert an die Gründungssage von Rom. Man sieht sie in Rom oft als Wappenbild.,Die Wölfin mit den Zwillingen ist ein Zeichen für Rom.,Kapitolinische Wölfin,,ok
g_antike,1,Wie heisst die Wölfin auf Lateinisch?,"[""Lupa"", ""Ursa"", ""Vacca"", ""Aquila""]","Die Wölfin mit Romulus und Remus erinnert an die Gründungssage von Rom. Man sieht sie in Rom bis heute an vielen Orten, zum Beispiel auf Schildern der Stadt.",Lupa ist das lateinische Wort für Wölfin.,Kapitolinische Wölfin,,ok
g_antike,1,Wie steht die Kapitolinische Wölfin da?,"[""auf vier Beinen"", ""auf dem Rücken liegend"", ""schlafend im Nest"", ""auf zwei Beinen""]",Die Wölfin steht auf ihren vier Beinen und schaut wachsam zur Seite. Die Kinder sitzen darunter.,Die Kapitolinische Wölfin steht wachsam auf vier Beinen.,Kapitolinische Wölfin,,ok
g_antike,1,Was war der Senat im alten Rom?,"[""eine Versammlung wichtiger Männer"", ""ein grosser Tempel"", ""eine Pferderennbahn"", ""ein Kriegsschiff""]",Im Senat trafen sich wichtige und erfahrene Männer. Sie berieten über die Politik von Rom.,Im Senat berieten wichtige Männer über Rom.,Römischer Senat,,ok
g_antike,1,Von welchem lateinischen Wort kommt das Wort «Senat»?,"[""von «senex», alter Mann"", ""von «sol», Sonne"", ""von «sanus», gesund"", ""von «septem», sieben""]","«Senex» heisst auf Lateinisch alter Mann. Im Senat sassen nämlich vor allem ältere, erfahrene Männer.",Der Senat war ursprünglich ein Rat der Alten.,Römischer Senat,,ok
g_antike,1,Wofür steht das «S» in der römischen Abkürzung SPQR?,"[""für Senat"", ""für Sonne"", ""für Soldat"", ""für Schiff""]",SPQR heisst «Senatus Populusque Romanus». Das bedeutet «Senat und Volk von Rom».,SPQR bedeutet Senat und Volk von Rom.,Römischer Senat,,ok
g_antike,1,Was trugen römische Senatoren als Kleidung?,"[""eine Toga"", ""eine Rüstung"", ""eine Lederhose"", ""einen Kimono""]",Senatoren trugen bei offiziellen Anlässen die Toga. Darunter trugen sie eine Tunika mit einem breiten farbigen Streifen.,Römische Senatoren trugen eine Toga.,Römischer Senat,,ok
g_antike,1,Welche Farbe hatte der breite Streifen auf der Tunika eines Senators?,"[""Purpur"", ""Grün"", ""Gelb"", ""Blau""]","Der Streifen war purpurrot. Purpur war eine sehr teure Farbe und zeigte, dass jemand wichtig war.",Senatoren erkannte man am breiten Purpurstreifen ihrer Tunika.,Römischer Senat,,ok
g_antike,1,"Wie hiess das Gebäude, in dem sich der Senat in Rom meistens traf?","[""Kurie"", ""Kolosseum"", ""Pantheon"", ""Zirkus""]",Die Kurie stand auf dem Forum Romanum. Das Gebäude steht dort bis heute.,Der Senat traf sich meistens in der Kurie.,Römischer Senat,,ok
g_antike,1,Wie lange blieb man meistens Mitglied im römischen Senat?,"[""ein Leben lang"", ""nur ein Jahr"", ""nur einen Monat"", ""genau zehn Tage""]","Wer in den Senat aufgenommen wurde, blieb meistens bis zu seinem Tod Senator. Nur bei schweren Verfehlungen konnte man ausgeschlossen werden.",Ein römischer Senator blieb meistens ein Leben lang im Senat.,Römischer Senat,,ok
g_antike,1,Wie viele Senatoren hatte Rom laut der Sage unter König Romulus?,"[""100"", ""10"", ""1000"", ""7""]",Laut der Sage wählte Romulus 100 Männer aus. Sie bildeten den ersten Senat.,Der erste Senat hatte laut Sage 100 Mitglieder.,Römischer Senat,,ok
g_antike,1,Aus welcher Stadt kam der Feldherr Hannibal?,"[""aus Karthago"", ""aus Rom"", ""aus Bern"", ""aus Athen""]",Hannibal stammte aus Karthago in Nordafrika. Karthago war lange ein grosser Feind von Rom.,Hannibal kam aus Karthago.,Hannibal,,ok
g_antike,1,Welches Gebirge überquerte Hannibal schon vor den Alpen?,"[""die Pyrenäen"", ""den Kaukasus"", ""die Rocky Mountains"", ""den Himalaja""]","Hannibal startete mit seinem Heer in Spanien. Zuerst zog er über die Pyrenäen, danach durch Gallien bis zu den Alpen.",Hannibal überquerte zuerst die Pyrenäen.,Hannibal,,ok
g_antike,1,Etwa in welchem Jahr zog Hannibal über die Alpen?,"[""218 vor Christus"", ""1291 nach Christus"", ""79 nach Christus"", ""753 vor Christus""]",Der Zug über die Alpen fand im Jahr 218 vor Christus statt. Das war zu Beginn eines langen Krieges.,Hannibal zog 218 vor Christus über die Alpen.,Hannibal,,ok
g_antike,1,Was geschah mit vielen Elefanten von Hannibal in der Kälte?,"[""sie starben"", ""sie wurden grösser"", ""sie flogen weg"", ""sie wurden weiss""]","Die Kälte, der Schnee und der Hunger waren für die Elefanten sehr hart. Viele Tiere überlebten den Krieg nicht.",Viele Elefanten von Hannibal überlebten die Strapazen nicht.,Hannibal,,ok
g_antike,1,"Welchen Satz riefen die Römer vor Angst, wenn Hannibal nahe war?","[""«Hannibal ante portas!»"", ""«Veni, vidi, vici!»"", ""«Carpe diem!»"", ""«Cave canem!»""]",«Hannibal ante portas» heisst «Hannibal steht vor den Toren». Der Satz bedeutet heute: Eine Gefahr ist ganz nah.,"Hannibal ante portas heisst, die Gefahr steht vor der Tür.",Hannibal,,ok
g_antike,1,Wer besiegte Hannibal am Ende in der Schlacht bei Zama?,"[""der Römer Scipio"", ""der Kaiser Nero"", ""der König Romulus"", ""der Kaiser Hadrian""]",Im Jahr 202 vor Christus besiegte der Römer Scipio den Hannibal in Afrika. Scipio bekam darum den Beinamen «Africanus».,Scipio besiegte Hannibal bei Zama.,Hannibal,,ok
g_antike,1,Wozu sollten Hannibals Elefanten im Kampf dienen?,"[""die Feinde erschrecken"", ""Wasser tragen"", ""Brücken bauen"", ""Briefe bringen""]",Die riesigen Tiere machten den Soldaten und Pferden der Gegner grosse Angst. Sie konnten feindliche Reihen durchbrechen.,Kriegselefanten sollten die Feinde erschrecken.,Hannibal,,ok
g_antike,1,Was war Pompeji?,"[""eine römische Stadt"", ""ein römischer Kaiser"", ""ein Schiff"", ""ein Berg""]",Pompeji war eine römische Stadt in Süditalien. Dort lebten Tausende von Menschen.,Pompeji war eine römische Stadt.,Pompeji,,ok
g_antike,1,Was begrub die Stadt Pompeji im Jahr 79 nach Christus?,"[""Asche und Gestein"", ""Schnee und Eis"", ""Sand aus der Wüste"", ""Wasser aus dem Meer""]",Beim Ausbruch des Vulkans fielen Asche und kleine Steine auf die Stadt. Pompeji lag danach meterhoch darunter.,Asche und Gestein begruben Pompeji.,Pompeji,,ok
g_antike,1,In welchem heutigen Land liegt Pompeji?,"[""in Italien"", ""in Griechenland"", ""in Spanien"", ""in der Schweiz""]","Pompeji liegt in Süditalien, nicht weit von der Stadt Neapel. Heute kann man die Ruinen besuchen.",Pompeji liegt in Italien.,Pompeji,,ok
g_antike,1,"Womit füllten Forscher in Pompeji Hohlräume in der Asche, um die Körperformen der Opfer zu zeigen?","[""mit Gips"", ""mit Wasser"", ""mit Sand"", ""mit Erde""]",Die Körper der Opfer hinterliessen Hohlräume in der harten Asche. Forscher gossen flüssigen Gips hinein und erhielten so genaue Abgüsse.,Gipsabgüsse zeigen in Pompeji die Formen der Opfer.,Pompeji,,ok
g_antike,1,Was machen Forscher heute in Pompeji?,"[""sie graben die Stadt aus"", ""sie bauen Hochhäuser"", ""sie pflanzen einen Wald"", ""sie füllen sie mit Wasser""]","Seit etwa 1748 wird Pompeji ausgegraben. Man findet Häuser, Strassen, Bilder und Alltagsgegenstände.",In Pompeji graben Forscher die alte Stadt aus.,Pompeji,,ok
g_antike,1,Welche andere römische Stadt wurde beim gleichen Vulkanausbruch zerstört?,"[""Herculaneum"", ""Karthago"", ""Mailand"", ""Konstantinopel""]",Auch die Stadt Herculaneum wurde verschüttet. Sie liegt ebenfalls am Fuss des Vesuvs.,Auch Herculaneum wurde beim Vesuvausbruch zerstört.,Pompeji,,ok
g_antike,1,Was ist der Vesuv?,"[""ein Vulkan"", ""ein Fluss"", ""ein Kaiser"", ""ein Tempel""]",Der Vesuv ist ein Vulkan in Süditalien. Sein Ausbruch zerstörte im Jahr 79 die Stadt Pompeji.,Der Vesuv ist ein Vulkan in Italien.,Vesuv,,ok
g_antike,1,Neben welcher grossen Stadt liegt der Vesuv?,"[""neben Neapel"", ""neben Rom"", ""neben Venedig"", ""neben Mailand""]",Der Vesuv steht an der Bucht von Neapel. Viele Menschen wohnen bis heute am Fuss des Berges.,Der Vesuv liegt bei Neapel.,Vesuv,,ok
g_antike,1,Ist der Vesuv heute noch ein aktiver Vulkan?,"[""ja, er kann wieder ausbrechen"", ""nein, er ist verschwunden"", ""nein, er ist nur ein Hügel"", ""nein, er ist aus Eis""]","Der Vesuv ist noch aktiv. Sein letzter Ausbruch war im Jahr 1944, und Fachleute beobachten ihn genau.",Der Vesuv kann jederzeit wieder ausbrechen.,Vesuv,,ok
g_antike,1,"Welcher Römer schrieb in Briefen, wie er den Ausbruch des Vesuvs im Jahr 79 erlebte?","[""Plinius der Jüngere"", ""Julius Caesar"", ""Kaiser Nero"", ""Hannibal""]",Plinius der Jüngere sah den Ausbruch von der anderen Seite der Bucht. Seine Briefe gehören zu den wichtigsten Berichten.,Plinius der Jüngere beschrieb den Ausbruch des Vesuvs.,Vesuv,,ok
g_antike,1,"Was kommt aus einem Vulkan wie dem Vesuv, wenn er ausbricht?","[""glühende Lava und Asche"", ""kaltes Wasser und Eis"", ""nur weisser Nebel"", ""Sand und Muscheln""]","Bei einem Ausbruch kommen heisse Gase, Asche, Steine und Lava aus dem Vulkan. Lava ist geschmolzenes Gestein.",Ein Vulkan spuckt Lava und Asche aus.,Vesuv,,ok
g_antike,1,Was war Nero?,"[""ein römischer Kaiser"", ""ein Gladiator"", ""ein Vulkan"", ""ein Feldherr aus Karthago""]",Nero war von 54 bis 68 nach Christus Kaiser von Rom. Er ist einer der bekanntesten Kaiser.,Nero war ein römischer Kaiser.,Nero,,ok
g_antike,1,"Wie alt war Nero ungefähr, als er Kaiser wurde?","[""16 Jahre"", ""6 Jahre"", ""40 Jahre"", ""70 Jahre""]",Nero wurde im Jahr 54 Kaiser. Er war damals erst 16 Jahre alt.,Nero wurde schon als Jugendlicher Kaiser.,Nero,,ok
g_antike,1,"Welches Unglück traf Rom im Jahr 64, als Nero Kaiser war?","[""ein grosser Brand"", ""ein Erdbeben"", ""eine Überschwemmung"", ""ein Vulkanausbruch""]",Im Jahr 64 brannte ein grosser Teil der Stadt Rom. Das Feuer wütete mehrere Tage.,Im Jahr 64 brannte Rom unter Kaiser Nero.,Nero,,ok
g_antike,1,"Was erzählt eine alte Geschichte, das Nero beim Brand von Rom getan habe?","[""gesungen und Musik gemacht"", ""Wasser getragen"", ""geschlafen"", ""Brot gebacken""]","Die Geschichte sagt, Nero habe beim Brand gesungen. Ob das stimmt, ist sehr unsicher, denn er war beim Ausbruch des Feuers nicht in Rom.","Dass Nero beim Brand sang, ist wohl nur eine Erzählung.",Nero,,ok
g_antike,1,"Wie hiess der prächtige Palast, den Nero nach dem Brand bauen liess?","[""Goldenes Haus"", ""Weisses Haus"", ""Eiserne Burg"", ""Gläserner Turm""]","Der Palast hiess auf Lateinisch «Domus Aurea», das Goldene Haus. Er war riesig und sehr prunkvoll.",Nero liess das Goldene Haus bauen.,Nero,,ok
g_antike,1,"Was tat Nero gern, was für einen Kaiser ungewöhnlich war?","[""auf der Bühne singen"", ""im Bergwerk arbeiten"", ""Kühe hüten"", ""Schiffe rudern""]",Nero liebte Musik und das Theater. Er trat sogar selbst als Sänger vor Publikum auf.,Kaiser Nero trat gern als Sänger auf.,Nero,,ok
g_antike,1,Wer war Neros Lehrer?,"[""Seneca"", ""Hannibal"", ""Romulus"", ""Plinius der Jüngere""]",Seneca war ein bekannter Denker und Schriftsteller. Er unterrichtete den jungen Nero und beriet ihn später.,Seneca war der Lehrer von Nero.,Nero,,ok
g_antike,1,Was war Hadrian?,"[""ein römischer Kaiser"", ""ein Gott"", ""ein Fluss"", ""ein Senatsgebäude""]",Hadrian war von 117 bis 138 nach Christus Kaiser von Rom. Er gehört zu den bekannten «guten Kaisern».,Hadrian war ein römischer Kaiser.,Hadrian,,ok
g_antike,1,"Was hatte Kaiser Hadrian im Gesicht, was die Kaiser vor ihm meist nicht hatten?","[""einen Vollbart"", ""eine Brille"", ""eine Maske"", ""eine Tätowierung""]","Die Kaiser vor Hadrian waren meist glatt rasiert. Hadrian trug einen Bart, und viele Kaiser nach ihm machten es nach.",Hadrian machte den Vollbart bei den römischen Kaisern beliebt.,Hadrian,,ok
g_antike,1,Was tat Hadrian sehr oft als Kaiser?,"[""durch sein Reich reisen"", ""im Palast schlafen"", ""nur Theater spielen"", ""Schiffe bauen""]","Hadrian reiste viele Jahre durch das ganze Römische Reich. Er besuchte Provinzen, Soldaten und Städte.",Kaiser Hadrian reiste durch sein ganzes Reich.,Hadrian,,ok
g_antike,1,Welchen berühmten Tempel in Rom liess Hadrian neu bauen?,"[""das Pantheon"", ""das Kolosseum"", ""den Petersdom"", ""den Eiffelturm""]",Das Pantheon hat eine riesige Kuppel mit einem runden Loch oben. Hadrian liess es neu errichten.,Das Pantheon in Rom wurde unter Hadrian neu gebaut.,Hadrian,,ok
g_antike,1,Was wurde aus dem Grabmal von Kaiser Hadrian in Rom?,"[""die Engelsburg"", ""das Kolosseum"", ""der Vatikan"", ""das Forum""]",Das grosse runde Grabmal wurde später zu einer Festung umgebaut. Heute heisst es Engelsburg.,Hadrians Grabmal ist heute die Engelsburg.,Hadrian,,ok
g_antike,1,Was ist der Hadrianswall?,"[""eine lange Mauer"", ""ein Palast"", ""ein Hafen"", ""ein Fluss""]",Der Hadrianswall ist eine lange Mauer aus Stein. Kaiser Hadrian liess sie bauen.,Der Hadrianswall ist eine lange Mauer.,Hadrianswall,,ok
g_antike,1,In welchem heutigen Land steht der Hadrianswall?,"[""in England"", ""in Italien"", ""in der Schweiz"", ""in Ägypten""]",Der Hadrianswall zieht sich quer durch den Norden von England. Damals hiess das Gebiet Britannien.,Der Hadrianswall steht in England.,Hadrianswall,,ok
g_antike,1,Wozu diente der Hadrianswall?,"[""zum Schutz der Grenze"", ""als Rennbahn"", ""als Wasserleitung"", ""als Theater""]","Die Mauer schützte die Grenze des Römischen Reiches. Die Römer kontrollierten dort, wer hinein- und hinausging.",Der Hadrianswall schützte die Grenze des Reiches.,Hadrianswall,,ok
g_antike,1,Wie lang ist der Hadrianswall ungefähr?,"[""rund 117 Kilometer"", ""rund 2 Kilometer"", ""rund 1000 Kilometer"", ""rund 20 Meter""]","Der Wall ist rund 117 Kilometer lang. Zu Fuss braucht man mehrere Tage, um ihn abzulaufen.",Der Hadrianswall ist rund 117 Kilometer lang.,Hadrianswall,,ok
g_antike,1,Wer bewachte den Hadrianswall?,"[""römische Soldaten"", ""Mönche"", ""Bauern"", ""Gladiatoren""]",Entlang der Mauer gab es kleine Festungen und Türme. Dort wohnten römische Soldaten und hielten Wache.,Römische Soldaten bewachten den Hadrianswall.,Hadrianswall,,ok
g_antike,1,Von wo bis wo führt der Hadrianswall?,"[""von Küste zu Küste"", ""von Berg zu Berg"", ""von Rom nach Bern"", ""rund um eine Stadt""]","Der Wall geht quer durch das Land, von der Westküste bis zur Ostküste. So war die ganze Grenze gesperrt.",Der Hadrianswall führt von Küste zu Küste.,Hadrianswall,,ok
g_antike,1,Welchen Beinamen hat Kaiser Konstantin?,"[""der Grosse"", ""der Kleine"", ""der Kahle"", ""der Rote""]",Man nennt ihn Konstantin den Grossen. Er hat das Römische Reich stark verändert.,Kaiser Konstantin heisst auch Konstantin der Grosse.,Konstantin der Grosse,,ok
g_antike,1,Welche Religion förderte Kaiser Konstantin besonders?,"[""das Christentum"", ""den Buddhismus"", ""den Hinduismus"", ""keine Religion""]","Konstantin war der erste römische Kaiser, der das Christentum unterstützte. Kurz vor seinem Tod liess er sich taufen.",Konstantin war der erste christliche Kaiser.,Konstantin der Grosse,,ok
g_antike,1,Welche Stadt gründete Konstantin neu und benannte sie nach sich selbst?,"[""Konstantinopel"", ""Konstanz"", ""Rom"", ""Karthago""]",Konstantin baute die alte Stadt Byzanz gross aus. Er gab ihr seinen eigenen Namen.,Konstantinopel ist nach Kaiser Konstantin benannt.,Konstantin der Grosse,,ok
g_antike,1,Wie heisst die Stadt Konstantinopel heute?,"[""Istanbul"", ""Athen"", ""Kairo"", ""Wien""]",Konstantinopel liegt am Bosporus in der heutigen Türkei. Seit langer Zeit heisst die Stadt Istanbul.,Konstantinopel heisst heute Istanbul.,Konstantin der Grosse,,ok
g_antike,1,An welcher Brücke siegte Konstantin im Jahr 312 in einer berühmten Schlacht?,"[""an der Milvischen Brücke"", ""an der Kapellbrücke"", ""an der Teufelsbrücke"", ""an der Tower Bridge""]",Bei der Milvischen Brücke in Rom besiegte Konstantin seinen Gegner Maxentius. Danach herrschte er über den Westen des Reiches.,Konstantin siegte 312 an der Milvischen Brücke.,Konstantin der Grosse,,ok
g_antike,1,Was soll Konstantin laut der Erzählung vor der Schlacht am Himmel gesehen haben?,"[""ein christliches Zeichen"", ""einen Drachen"", ""einen Regenbogen"", ""einen Elefanten""]",Laut der Erzählung sah er ein Zeichen für Christus. Er liess es auf die Schilde seiner Soldaten malen.,Konstantin sah laut Erzählung ein christliches Zeichen am Himmel.,Konstantin der Grosse,,ok
g_antike,1,Welches Bauwerk in Rom steht neben dem Kolosseum und erinnert an Konstantin?,"[""der Konstantinsbogen"", ""das Pantheon"", ""die Engelsburg"", ""der Hadrianswall""]",Der Konstantinsbogen ist ein grosser Triumphbogen. Er erinnert an den Sieg von Konstantin im Jahr 312.,Der Konstantinsbogen steht beim Kolosseum.,Konstantin der Grosse,,ok
g_antike,1,Wie hiess die Mutter von Kaiser Konstantin?,"[""Helena"", ""Kleopatra"", ""Agrippina"", ""Rhea Silvia""]",Konstantins Mutter hiess Helena. Sie war Christin und wird heute als Heilige verehrt.,Die Mutter von Konstantin hiess Helena.,Konstantin der Grosse,,ok
g_antike,1,Welchen Wochentag machte Konstantin im Jahr 321 zum Ruhetag?,"[""den Sonntag"", ""den Montag"", ""den Mittwoch"", ""den Freitag""]",Konstantin bestimmte den Sonntag als Ruhetag. An diesem Tag sollten zum Beispiel die Gerichte ruhen.,Konstantin machte den Sonntag zum Ruhetag.,Konstantin der Grosse,,ok
g_antike,1,Was war Mark Aurel?,"[""ein römischer Kaiser"", ""ein Sklave"", ""ein Vulkan"", ""ein Feldherr aus Karthago""]",Mark Aurel war von 161 bis 180 nach Christus Kaiser von Rom. Er gilt als kluger und gerechter Kaiser.,Mark Aurel war ein römischer Kaiser.,Mark Aurel,,ok
g_antike,1,Wofür ist Kaiser Mark Aurel ausser als Herrscher besonders bekannt?,"[""als Philosoph"", ""als Koch"", ""als Maler"", ""als Sänger""]",Mark Aurel dachte viel über das Leben nach. Darum nennt man ihn oft den «Philosophenkaiser».,Mark Aurel war ein Philosoph auf dem Kaiserthron.,Mark Aurel,,ok
g_antike,1,Was schrieb Mark Aurel für sich selbst auf?,"[""seine Gedanken über das Leben"", ""Kochrezepte"", ""Liebesbriefe"", ""Abenteuerromane""]",Mark Aurel schrieb seine Gedanken in einem Buch auf. Es heisst «Selbstbetrachtungen» und wird heute noch gelesen.,Mark Aurel schrieb die Selbstbetrachtungen.,Mark Aurel,,ok
g_antike,1,In welcher Sprache schrieb Mark Aurel seine «Selbstbetrachtungen»?,"[""auf Griechisch"", ""auf Deutsch"", ""auf Englisch"", ""auf Arabisch""]","Obwohl er Römer war, schrieb Mark Aurel auf Griechisch. Griechisch war damals die Sprache der Gelehrten.",Mark Aurel schrieb seine Gedanken auf Griechisch.,Mark Aurel,,ok
g_antike,1,Wie zeigt die berühmte Bronzefigur von Mark Aurel in Rom den Kaiser?,"[""auf einem Pferd"", ""auf einem Elefanten"", ""in einem Boot"", ""auf einem Thron""]",Die Reiterfigur zeigt Mark Aurel auf seinem Pferd. Das Original steht heute im Museum auf dem Kapitol.,Eine berühmte Figur zeigt Mark Aurel hoch zu Pferd.,Mark Aurel,,ok
g_antike,1,Warum wurde die Reiterfigur von Mark Aurel nicht eingeschmolzen?,"[""man hielt ihn für Konstantin"", ""sie war zu schwer"", ""sie war versteckt"", ""sie war aus Stein""]","Viele Bronzefiguren wurden später eingeschmolzen. Diese blieb erhalten, weil man glaubte, sie zeige Kaiser Konstantin.",Die Reiterfigur von Mark Aurel blieb durch eine Verwechslung erhalten.,Mark Aurel,,ok
g_antike,1,An welchem grossen Fluss führte Mark Aurel lange Krieg gegen Germanen?,"[""an der Donau"", ""am Nil"", ""am Tiber"", ""am Ganges""]",An der Donau kämpfte Mark Aurel gegen die Markomannen und andere Stämme. Er verbrachte dort viele Jahre.,Mark Aurel kämpfte lange an der Donau.,Mark Aurel,,ok
g_antike,1,Wer wurde nach Mark Aurel Kaiser?,"[""sein Sohn Commodus"", ""sein Bruder Remus"", ""Kaiser Nero"", ""Hannibal""]",Nach dem Tod von Mark Aurel im Jahr 180 wurde sein Sohn Commodus Kaiser. Commodus war ganz anders als sein Vater.,Commodus folgte seinem Vater Mark Aurel.,Mark Aurel,,ok
g_antike,1,Was bedeutet das lateinische Wort «Testudo»?,"[""Schildkröte"", ""Elefant"", ""Mauer"", ""Pfeil""]",«Testudo» heisst Schildkröte. Die Formation erinnert an den harten Panzer einer Schildkröte.,Testudo ist das lateinische Wort für Schildkröte.,Testudo,,ok
g_antike,1,Womit bildeten römische Soldaten die Schildkröte?,"[""mit ihren Schilden"", ""mit Holzbrettern"", ""mit Tierfellen"", ""mit Steinen""]","Die Soldaten hielten ihre Schilde vor sich, neben sich und über den Kopf. So entstand ein Panzer aus Schilden.",Bei der Schildkröte bilden Schilde einen Panzer.,Testudo,,ok
g_antike,1,Wovor schützte die Schildkrötenformation die Soldaten vor allem?,"[""vor Pfeilen und Steinen"", ""vor Regen"", ""vor der Sonne"", ""vor Hunger""]","Die Schilde über den Köpfen hielten Pfeile, Speere und Steine ab. Die Soldaten darunter blieben geschützt.",Die Schildkröte schützte vor Pfeilen und Steinen.,Testudo,,ok
g_antike,1,Wohin hielten die Soldaten in der Mitte der Schildkröte ihre Schilde?,"[""über den Kopf"", ""auf den Boden"", ""hinter den Rücken"", ""in den Himmel geworfen""]",Die Soldaten aussen hielten die Schilde zur Seite und nach vorn. Die Soldaten innen hielten sie wie ein Dach über die Köpfe.,In der Mitte der Schildkröte bilden Schilde ein Dach.,Testudo,,ok
g_antike,1,Wie bewegte sich eine Schildkrötenformation vorwärts?,"[""langsam und dicht beieinander"", ""schnell rennend"", ""einzeln verteilt"", ""auf Pferden""]",Alle Soldaten mussten eng zusammenbleiben. Darum kam die Formation nur langsam voran.,Die Schildkröte bewegte sich langsam und dicht.,Testudo,,ok
g_antike,1,Wann setzten die Römer die Schildkrötenformation gern ein?,"[""beim Angriff auf eine Stadtmauer"", ""beim Schwimmen"", ""beim Essen"", ""bei Pferderennen""]",Von den Mauern schossen Feinde mit Pfeilen und warfen Steine. Unter den Schilden konnten die Soldaten sicher bis zur Mauer kommen.,Die Schildkröte half beim Angriff auf Stadtmauern.,Testudo,,ok
g_antike,1,"Wie hiessen die römischen Fusssoldaten, die die Schildkröte bildeten?","[""Legionäre"", ""Ritter"", ""Samurai"", ""Wikinger""]",Die Fusssoldaten der römischen Armee hiessen Legionäre. Sie waren gut ausgebildet und übten die Schildkröte oft.,Römische Fusssoldaten hiessen Legionäre.,Testudo,,ok
g_antike,1,Was mussten die Soldaten für eine gute Schildkröte viel üben?,"[""im gleichen Takt gehen"", ""schnell schwimmen"", ""laut singen"", ""hoch springen""]","Nur wenn alle Soldaten genau gleich schnell gingen, blieben die Schilde dicht beieinander. Sonst entstanden Lücken.",Für die Schildkröte mussten alle im gleichen Takt gehen.,Testudo,,ok
g_antike,1,Was war ein Denar?,"[""eine römische Münze"", ""ein römischer Soldat"", ""ein Gericht"", ""ein Tempel""]","Der Denar war eine Münze, mit der die Römer bezahlten. Er war lange die wichtigste Münze im Reich.",Der Denar war eine römische Münze.,Denar,,ok
g_antike,1,Aus welchem Metall war der Denar gemacht?,"[""aus Silber"", ""aus Holz"", ""aus Eisen"", ""aus Plastik""]",Der Denar war eine Silbermünze. Später mischten die Römer immer mehr billigeres Metall hinein.,Der Denar war eine Silbermünze.,Denar,,ok
g_antike,1,Wessen Kopf war oft auf römischen Münzen zu sehen?,"[""der Kopf des Kaisers"", ""der Kopf eines Hundes"", ""der Kopf eines Sklaven"", ""gar kein Kopf""]",Die Kaiser liessen ihr Gesicht auf die Münzen prägen. So kannten alle Menschen im Reich ihren Herrscher.,Auf römischen Münzen sieht man oft den Kaiser.,Denar,,ok
g_antike,1,Was bedeutet das lateinische Wort «denarius»?,"[""Zehner"", ""Hunderter"", ""Goldstück"", ""Kleingeld""]",Ein Denar war am Anfang 10 kleine Münzen namens As wert. Darum heisst er «Zehner».,Denar bedeutet Zehner.,Denar,,ok
g_antike,1,Wie hiess die römische Goldmünze?,"[""Aureus"", ""Euro"", ""Taler"", ""Rappen""]",Der Aureus war aus Gold und viel mehr wert als ein Denar. «Aurum» heisst auf Lateinisch Gold.,Die römische Goldmünze hiess Aureus.,Denar,,ok
g_antike,1,Wie viele Sesterzen waren einen Denar wert?,"[""4"", ""2"", ""10"", ""100""]",Ein Sesterz war ein Viertel Denar. Also waren 4 Sesterzen gleich viel wert wie 1 Denar.,Vier Sesterzen waren einen Denar wert.,Denar,,ok
g_antike,1,In welcher römischen Stadt in der Schweiz fand man viele römische Münzen?,"[""Augusta Raurica"", ""Konstantinopel"", ""Pompeji"", ""Karthago""]",Augusta Raurica liegt bei Augst und Kaiseraugst nahe Basel. Dort fand man auch einen grossen Silberschatz.,In Augusta Raurica fand man viele römische Münzen.,Denar,,ok
g_antike,1,"Welche Währung trägt bis heute einen Namen, der vom Denar kommt?","[""der Dinar"", ""der Franken"", ""der Dollar"", ""der Yen""]",Der Dinar ist zum Beispiel die Währung von Serbien. Sein Name stammt vom römischen Denar ab.,Der Name Dinar kommt vom römischen Denar.,Denar,,ok
g_antike,1,Was bedeutet der Spruch «Alle Wege führen nach Rom»?,"[""es gibt viele Wege zum Ziel"", ""man muss nach Rom reisen"", ""Rom hat keine Strassen"", ""alle Strassen sind kaputt""]",Der Spruch sagt: Man kann ein Ziel auf verschiedene Arten erreichen. Es gibt nicht nur einen richtigen Weg.,"Alle Wege führen nach Rom heisst, es gibt viele Wege zum Ziel.",Alle Wege führen nach Rom,,ok
g_antike,1,Warum führten im Römischen Reich viele Strassen nach Rom?,"[""Rom war die Hauptstadt"", ""Rom lag am Nordpol"", ""Rom war ein Dorf"", ""Rom hatte keine Häuser""]",Rom war die Hauptstadt des grossen Reiches. Die Römer bauten Strassen von Rom in alle Provinzen.,Die Römer bauten Strassen von ihrer Hauptstadt in alle Richtungen.,Alle Wege führen nach Rom,,ok
g_antike,1,Woraus bestand die oberste Schicht vieler wichtiger Römerstrassen?,"[""aus grossen flachen Steinen"", ""aus Asphalt"", ""aus Holzbrettern"", ""aus Glasplatten""]","Wichtige Römerstrassen hatten mehrere Schichten. Oben lagen grosse, glatte Steinplatten, damit Wagen gut fahren konnten.",Römerstrassen waren oft mit Steinplatten belegt.,Alle Wege führen nach Rom,,ok
g_antike,1,Was bedeutet das lateinische Wort «via»?,"[""Strasse"", ""Stadt"", ""Haus"", ""Brücke""]",«Via» heisst auf Lateinisch Weg oder Strasse. Viele Römerstrassen tragen darum das Wort «Via» im Namen.,Via ist das lateinische Wort für Strasse.,Alle Wege führen nach Rom,,ok
g_antike,1,Wie viele Doppelschritte hatte eine römische Meile?,"[""1000"", ""10"", ""100"", ""10'000""]","Meile kommt vom lateinischen «mille», das heisst tausend. Eine römische Meile hatte 1000 Doppelschritte, das sind rund 1,5 Kilometer.",Eine römische Meile hatte tausend Doppelschritte.,Alle Wege führen nach Rom,,ok
g_antike,1,Wie heisst der Spruch «Alle Wege führen nach Rom» auf Französisch?,"[""Tous les chemins mènent à Rome"", ""Rome n'est pas loin"", ""Le chemin est à Rome"", ""Toutes les routes sont à Paris""]",Den Spruch gibt es in vielen Sprachen. Auf Französisch heisst er «Tous les chemins mènent à Rome».,Auch auf Französisch führen alle Wege nach Rom.,Alle Wege führen nach Rom,,ok
g_antike,1,Wer baute im Römischen Reich meistens die Strassen?,"[""römische Soldaten"", ""reiche Kaufleute"", ""Kinder"", ""Priester""]","Die Soldaten arbeiteten nicht nur im Krieg. In ruhigen Zeiten bauten sie Strassen, Brücken und Lager.",Römische Soldaten bauten viele Strassen.,Alle Wege führen nach Rom,,ok
g_antike,1,Welcher andere bekannte Spruch handelt auch von Rom?,"[""Rom wurde nicht an einem Tag erbaut"", ""Rom ist aus Schokolade"", ""Rom liegt am Meer"", ""Rom schläft nie""]",Dieser Spruch heisst: Grosse Dinge brauchen Zeit. Man soll also Geduld haben.,"Rom wurde nicht an einem Tag erbaut, heisst, grosse Dinge brauchen Zeit.",Alle Wege führen nach Rom,,ok
g_antike,1,Wie viele Weltwunder zählte man in der Antike?,"[""Sieben"", ""Fünf"", ""Neun"", ""Zwölf""]",Griechische Schriftsteller stellten eine Liste von sieben besonders staunenswerten Bauwerken zusammen. Diese Liste kennen wir bis heute.,Die Antike kannte sieben Weltwunder.,Sieben Weltwunder der Antike,,ok
g_antike,1,Aus welchem Stein besteht die Cheops-Pyramide vor allem?,"[""Aus Kalkstein"", ""Aus Marmor"", ""Aus Basalt"", ""Aus Lehmziegeln""]","Der grösste Teil der Pyramide besteht aus Blöcken aus Kalkstein. Früher war sie zudem mit hellen, glatten Kalksteinplatten verkleidet.",Die Cheops-Pyramide ist vor allem aus Kalkstein gebaut.,Sieben Weltwunder der Antike,,ok
g_antike,1,Wofür wurde die Cheops-Pyramide gebaut?,"[""Als Grab für einen Pharao"", ""Als Tempel für Zeus"", ""Als Leuchtturm"", ""Als Königspalast""]",Die Pyramide war das Grabmal von Pharao Cheops. Sie wurde vor etwa 4500 Jahren gebaut.,Die Cheops-Pyramide ist das Grab eines Pharaos.,Sieben Weltwunder der Antike,,ok
g_antike,1,Welches ist das älteste der sieben Weltwunder?,"[""Die Cheops-Pyramide"", ""Der Koloss von Rhodos"", ""Der Leuchtturm von Alexandria"", ""Das Mausoleum""]",Die Cheops-Pyramide ist rund 2000 Jahre älter als die übrigen Weltwunder. Sie entstand vor etwa 4500 Jahren.,Die Cheops-Pyramide ist das älteste Weltwunder.,Sieben Weltwunder der Antike,,ok
g_antike,1,In welcher alten Stadt sollen die Hängenden Gärten gewesen sein?,"[""Babylon"", ""Rom"", ""Athen"", ""Sparta""]",Die Hängenden Gärten sollen in Babylon im heutigen Irak gewesen sein. Babylon lag am Fluss Euphrat.,Die Hängenden Gärten sollen in Babylon gestanden haben.,Sieben Weltwunder der Antike,,ok
g_antike,1,Welcher König soll die Hängenden Gärten von Babylon angelegt haben?,"[""Nebukadnezar II."", ""Alexander der Grosse"", ""Ramses II."", ""König Minos""]","Eine Legende erzählt, Nebukadnezar II. habe die Gärten für seine Frau anlegen lassen. Sie soll Heimweh nach grünen Bergen gehabt haben.",Die Hängenden Gärten werden König Nebukadnezar II. zugeschrieben.,Sieben Weltwunder der Antike,,ok
g_antike,1,"Von welchem Weltwunder ist bis heute unklar, ob es wirklich existiert hat?","[""Den Hängenden Gärten"", ""Der Cheops-Pyramide"", ""Dem Artemistempel"", ""Dem Mausoleum""]","Von den Hängenden Gärten hat man bisher keine eindeutigen Überreste gefunden. Darum zweifeln manche Forscher, ob es sie gab.","Ob es die Hängenden Gärten wirklich gab, weiss niemand sicher.",Sieben Weltwunder der Antike,,ok
g_antike,1,Wen stellte der Koloss von Rhodos dar?,"[""Den Sonnengott Helios"", ""Den Meeresgott Poseidon"", ""Den Göttervater Zeus"", ""Den Helden Herakles""]",Helios war der Schutzgott der Insel Rhodos. Ihm zu Ehren bauten die Bewohner die riesige Statue.,Der Koloss von Rhodos zeigte den Sonnengott Helios.,Koloss von Rhodos,,ok
g_antike,1,Aus welchem Metall war der Koloss von Rhodos?,"[""Aus Bronze"", ""Aus Gold"", ""Aus Silber"", ""Aus Eisen""]",Die Statue war aus gegossener Bronze. Im Inneren gaben ihr wohl Eisenstangen und Steine Halt.,Der Koloss von Rhodos war aus Bronze.,Koloss von Rhodos,,ok
g_antike,1,Wie hoch war der Koloss von Rhodos ungefähr?,"[""Etwa 30 Meter"", ""Etwa 3 Meter"", ""Etwa 300 Meter"", ""Etwa 10 Meter""]",Der Koloss war etwa 30 Meter hoch. Das ist so hoch wie ein Haus mit zehn Stockwerken.,Der Koloss von Rhodos war etwa 30 Meter hoch.,Koloss von Rhodos,,ok
g_antike,1,Wo liegt die Insel Rhodos heute?,"[""In Griechenland"", ""In Italien"", ""In Spanien"", ""In Ägypten""]",Rhodos ist eine griechische Insel im Mittelmeer. Sie liegt nahe der Küste der Türkei.,Die Insel Rhodos gehört zu Griechenland.,Koloss von Rhodos,,ok
g_antike,1,Wodurch wurde der Koloss von Rhodos zerstört?,"[""Durch ein Erdbeben"", ""Durch einen Blitz"", ""Durch einen Krieg"", ""Durch eine Flut""]",Ein starkes Erdbeben liess die Statue umstürzen. Danach lag sie lange als Trümmer am Boden.,Ein Erdbeben brachte den Koloss von Rhodos zum Einsturz.,Koloss von Rhodos,,ok
g_antike,1,Welches Weltwunder stand am kürzesten?,"[""Der Koloss von Rhodos"", ""Die Cheops-Pyramide"", ""Der Leuchtturm von Alexandria"", ""Das Mausoleum""]",Der Koloss stand nur etwa 60 Jahre lang. Die anderen Weltwunder standen viele Jahrhunderte.,Der Koloss von Rhodos stand nur wenige Jahrzehnte.,Koloss von Rhodos,,ok
g_antike,1,Womit bezahlten die Bewohner von Rhodos den Koloss?,"[""Mit verkauften Kriegsgeräten"", ""Mit Gold aus Ägypten"", ""Mit Steuern aus Rom"", ""Mit einem Schatzfund""]","Ein Feind hatte die Stadt belagert und war abgezogen. Seine zurückgelassenen Belagerungsmaschinen wurden verkauft, um die Statue zu bezahlen.",Der Verkauf von Kriegsgerät bezahlte den Koloss von Rhodos.,Koloss von Rhodos,,ok
g_antike,1,Welche bekannte Geschichte über den Koloss stimmt wohl nicht?,"[""Er stand breitbeinig über der Hafeneinfahrt"", ""Er stellte einen Gott dar"", ""Er war aus Metall"", ""Er stürzte bei einem Beben um""]",Auf vielen Bildern steht der Koloss mit gespreizten Beinen über dem Hafen. Das wäre technisch kaum möglich gewesen und gilt als Sage.,"Dass der Koloss über dem Hafen stand, ist nur eine Sage.",Koloss von Rhodos,,ok
g_antike,1,Auf welcher Insel stand der Leuchtturm von Alexandria?,"[""Auf Pharos"", ""Auf Kreta"", ""Auf Rhodos"", ""Auf Sizilien""]",Der Leuchtturm stand auf der kleinen Insel Pharos vor dem Hafen. Darum heisst er oft einfach «Pharos».,Der Leuchtturm von Alexandria stand auf der Insel Pharos.,Leuchtturm von Alexandria,,ok
g_antike,1,In welchem heutigen Land liegt Alexandria?,"[""Ägypten"", ""Griechenland"", ""Libanon"", ""Tunesien""]",Alexandria ist eine grosse Hafenstadt in Ägypten am Mittelmeer. Sie wurde von Alexander dem Grossen gegründet.,Alexandria liegt in Ägypten.,Leuchtturm von Alexandria,,ok
g_antike,1,Nach wem ist die Stadt Alexandria benannt?,"[""Nach Alexander dem Grossen"", ""Nach einem Pharao"", ""Nach einer Göttin"", ""Nach einem Fluss""]",Alexander der Grosse gründete die Stadt im Jahr 331 vor Christus. Sie trägt bis heute seinen Namen.,Alexandria trägt den Namen von Alexander dem Grossen.,Leuchtturm von Alexandria,,ok
g_antike,1,Wozu diente der Leuchtturm von Alexandria?,"[""Er zeigte Schiffen den Weg"", ""Er war ein Gefängnis"", ""Er war ein Grabmal"", ""Er war eine Sternwarte""]","Oben brannte ein Feuer, das man weit übers Meer sah. So fanden die Schiffe sicher in den Hafen.",Der Leuchtturm zeigte den Schiffen den Weg in den Hafen.,Leuchtturm von Alexandria,,ok
g_antike,1,Wie hoch war der Leuchtturm von Alexandria ungefähr?,"[""Über 100 Meter"", ""Etwa 20 Meter"", ""Etwa 500 Meter"", ""Etwa 10 Meter""]","Man schätzt, dass der Turm über 100 Meter hoch war. Er gehörte damit zu den höchsten Bauwerken seiner Zeit.",Der Leuchtturm von Alexandria war über 100 Meter hoch.,Leuchtturm von Alexandria,,ok
g_antike,1,Was bedeutet das französische Wort «phare»?,"[""Leuchtturm"", ""Hafen"", ""Schiff"", ""Insel""]",Das Wort erinnert an den berühmten Leuchtturm von Alexandria. Auch auf Italienisch heisst Leuchtturm «faro».,Die Insel Pharos gab dem Leuchtturm auf Französisch seinen Namen.,Leuchtturm von Alexandria,,ok
g_antike,1,Was zerstörte den Leuchtturm von Alexandria?,"[""Mehrere Erdbeben"", ""Ein Vulkanausbruch"", ""Ein Wirbelsturm"", ""Ein grosser Brand""]",Im Mittelalter beschädigten mehrere Erdbeben den Turm stark. Am Ende blieben nur Ruinen übrig.,Erdbeben zerstörten den Leuchtturm von Alexandria.,Leuchtturm von Alexandria,,ok
g_antike,1,Was baute man später aus den Steinen des Leuchtturms?,"[""Eine Festung"", ""Eine Kirche"", ""Eine Brücke"", ""Ein Stadion""]",Ein Sultan liess an derselben Stelle die Zitadelle von Qait Bey bauen. Dafür nutzte man Steine des alten Turms.,Aus den Steinen des Leuchtturms entstand eine Festung.,Leuchtturm von Alexandria,,ok
g_antike,1,Wer schuf die Zeusstatue von Olympia?,"[""Phidias"", ""Homer"", ""Archimedes"", ""Sokrates""]",Phidias war einer der berühmtesten Bildhauer Griechenlands. Er schuf die Statue um 430 vor Christus.,Der Bildhauer Phidias schuf die Zeusstatue.,Zeusstatue des Phidias,,ok
g_antike,1,Auf welcher griechischen Halbinsel liegt Olympia?,"[""Peloponnes"", ""Chalkidiki"", ""Krim"", ""Sinai""]",Olympia liegt im Westen der Halbinsel Peloponnes in Griechenland. Dort stand einst die berühmte Zeusstatue.,Olympia liegt auf der Halbinsel Peloponnes.,Zeusstatue des Phidias,,ok
g_antike,1,Wie war Zeus bei der Statue von Olympia dargestellt?,"[""Auf einem Thron sitzend"", ""Auf einem Pferd reitend"", ""Auf einem Schiff stehend"", ""Auf dem Boden liegend""]","Zeus sass auf einem prächtigen Thron. Wäre er aufgestanden, wäre er durch das Dach des Tempels gestossen.",Die Zeusstatue zeigte den Gott auf einem Thron sitzend.,Zeusstatue des Phidias,,ok
g_antike,1,Aus welchen kostbaren Stoffen war die Zeusstatue verziert?,"[""Aus Gold und Elfenbein"", ""Aus Silber und Glas"", ""Aus Kupfer und Holz"", ""Aus Marmor und Jade""]","Die Haut bestand aus Elfenbein, das Gewand aus Gold. Darunter lag ein Gerüst aus Holz.",Die Zeusstatue glänzte aus Gold und Elfenbein.,Zeusstatue des Phidias,,ok
g_antike,1,Wie hoch war die Zeusstatue etwa?,"[""Etwa 12 Meter"", ""Etwa 2 Meter"", ""Etwa 50 Meter"", ""Etwa 100 Meter""]",Die sitzende Figur war rund 12 Meter hoch. Sie füllte den Tempel fast bis zur Decke.,Die Zeusstatue war etwa 12 Meter hoch.,Zeusstatue des Phidias,,ok
g_antike,1,Wofür war Olympia in der Antike berühmt?,"[""Für die Olympischen Spiele"", ""Für seinen grossen Hafen"", ""Für seine Bibliothek"", ""Für seine Silberminen""]",In Olympia fanden alle vier Jahre sportliche Wettkämpfe zu Ehren von Zeus statt. Die heutigen Olympischen Spiele sind nach ihnen benannt.,Olympia war der Ort der antiken Olympischen Spiele.,Zeusstatue des Phidias,,ok
g_antike,1,In welchem Gebäude stand die Zeusstatue?,"[""Im Zeustempel von Olympia"", ""Im Parthenon von Athen"", ""Im Palast von Knossos"", ""Im Kolosseum von Rom""]",Für die Statue baute man einen grossen Tempel in Olympia. Heute sind davon nur noch Ruinen zu sehen.,Die Zeusstatue stand im Zeustempel von Olympia.,Zeusstatue des Phidias,,ok
g_antike,1,"Was fanden Forscher in Olympia, das zur Zeusstatue gehört?","[""Die Werkstatt von Phidias"", ""Den Kopf der Statue"", ""Den goldenen Thron"", ""Das ganze Gewand""]",Archäologen entdeckten die Werkstatt des Bildhauers mit Werkzeugen und Formen. Die Statue selbst ist verloren.,In Olympia fand man die Werkstatt des Bildhauers der Zeusstatue.,Zeusstatue des Phidias,,ok
g_antike,1,Welcher Göttin war der Tempel in Ephesos geweiht?,"[""Artemis"", ""Athene"", ""Aphrodite"", ""Hera""]",Der riesige Tempel gehörte der Göttin Artemis. Er hiess darum auch Artemision.,Der Tempel in Ephesos war der Göttin Artemis geweiht.,Tempel der Artemis in Ephesos,,ok
g_antike,1,Wofür war die Göttin Artemis zuständig?,"[""Für die Jagd"", ""Für den Krieg"", ""Für die Liebe"", ""Für das Meer""]",Artemis war die Göttin der Jagd und der wilden Tiere. Oft wird sie mit Pfeil und Bogen gezeigt.,Artemis war die Göttin der Jagd.,Tempel der Artemis in Ephesos,,ok
g_antike,1,In welchem heutigen Land liegt Ephesos?,"[""In der Türkei"", ""In Griechenland"", ""In Italien"", ""In Syrien""]",Die Ruinen von Ephesos liegen an der Westküste der heutigen Türkei. Früher war dort eine reiche griechische Stadt.,Ephesos liegt in der heutigen Türkei.,Tempel der Artemis in Ephesos,,ok
g_antike,1,Wer zündete den Artemistempel im Jahr 356 vor Christus an?,"[""Herostratos"", ""Phidias"", ""Mausolos"", ""Alexander""]",Herostratos legte im Jahr 356 vor Christus Feuer im Tempel. Der grosse Bau brannte nieder.,Herostratos zündete den Artemistempel an.,Tempel der Artemis in Ephesos,,ok
g_antike,1,Warum zündete Herostratos den Artemistempel an?,"[""Er wollte berühmt werden"", ""Er wollte Gold stehlen"", ""Er hasste die Jagd"", ""Er war ein Feldherr""]","Herostratos wollte, dass sein Name nie vergessen wird. Heute nennt man so etwas eine Herostratentat.","Herostratos legte Feuer, weil er berühmt werden wollte.",Tempel der Artemis in Ephesos,,ok
g_antike,1,Was ist vom Artemistempel heute noch zu sehen?,"[""Eine einzelne Säule"", ""Das ganze Dach"", ""Die Götterstatue"", ""Vier Mauern""]",Von den über hundert Säulen steht heute nur noch eine wieder aufgerichtete. Der Rest liegt in Trümmern.,Vom Artemistempel steht heute nur noch eine Säule.,Tempel der Artemis in Ephesos,,ok
g_antike,1,Aus welchem Stein war der Artemistempel gebaut?,"[""Aus Marmor"", ""Aus Granit"", ""Aus Sandstein"", ""Aus Lehmziegeln""]",Der Tempel war einer der ersten grossen Bauten ganz aus Marmor. Das machte ihn besonders prächtig.,Der Artemistempel war aus Marmor gebaut.,Tempel der Artemis in Ephesos,,ok
g_antike,1,Welcher reiche König half beim Bau des ersten grossen Artemistempels?,"[""Krösus"", ""Nebukadnezar"", ""Mausolos"", ""Cheops""]",König Krösus von Lydien war für seinen Reichtum berühmt. Er spendete Säulen für den Tempel.,Der reiche König Krösus half beim Bau des Artemistempels.,Tempel der Artemis in Ephesos,,ok
g_antike,1,Für wen wurde das Mausoleum von Halikarnassos gebaut?,"[""Für König Mausolos"", ""Für Pharao Cheops"", ""Für Göttin Artemis"", ""Für Kaiser Augustus""]",Das Mausoleum war das Grabmal von König Mausolos. Er starb im Jahr 353 vor Christus.,Das Mausoleum war das Grab von König Mausolos.,Mausoleum von Halikarnassos,,ok
g_antike,1,Was war das Mausoleum von Halikarnassos?,"[""Ein Grabmal"", ""Ein Leuchtturm"", ""Ein Theater"", ""Ein Marktplatz""]","In dem prächtigen Bau lag der tote König. Es war ein riesiges, verziertes Grab.",Das Mausoleum von Halikarnassos war ein Grabmal.,Mausoleum von Halikarnassos,,ok
g_antike,1,Was bedeutet das Wort «Mausoleum» heute?,"[""Ein grosses Grabmal"", ""Ein kleines Museum"", ""Ein Tempel für Götter"", ""Ein Wachturm""]","Weil das Grab des Mausolos so berühmt war, nennt man prächtige Grabbauten heute Mausoleum. Das Wort kommt vom Namen des Königs.",Ein Mausoleum ist ein grosses Grabmal.,Mausoleum von Halikarnassos,,ok
g_antike,1,Wer liess das Mausoleum nach dem Tod des Königs fertig bauen?,"[""Seine Frau Artemisia"", ""Sein Feind Alexander"", ""Der Bildhauer Phidias"", ""Der Pharao Cheops""]","Königin Artemisia trauerte sehr um Mausolos. Sie sorgte dafür, dass das Grabmal weitergebaut wurde.",Königin Artemisia liess das Mausoleum fertig bauen.,Mausoleum von Halikarnassos,,ok
g_antike,1,Wie heisst die Stadt Halikarnassos heute?,"[""Bodrum"", ""Istanbul"", ""Athen"", ""Alexandria""]",Halikarnassos ist die heutige Stadt Bodrum. Sie liegt an der Küste der Türkei.,Halikarnassos heisst heute Bodrum.,Mausoleum von Halikarnassos,,ok
g_antike,1,Wie hoch war das Mausoleum ungefähr?,"[""Etwa 45 Meter"", ""Etwa 5 Meter"", ""Etwa 150 Meter"", ""Etwa 15 Meter""]",Das Grabmal war etwa 45 Meter hoch. Oben stand ein Wagen mit vier Pferden aus Stein.,Das Mausoleum war etwa 45 Meter hoch.,Mausoleum von Halikarnassos,,ok
g_antike,1,Wofür benutzten Ritter später viele Steine des Mausoleums?,"[""Für eine Burg"", ""Für einen Hafen"", ""Für eine Kirche"", ""Für eine Strasse""]",Die Johanniter bauten in Bodrum eine Burg. Dafür holten sie Steine vom zerfallenen Mausoleum.,Ritter bauten mit Steinen des Mausoleums eine Burg.,Mausoleum von Halikarnassos,,ok
g_antike,1,In welchem Museum sind heute viele Figuren vom Mausoleum?,"[""Im British Museum in London"", ""Im Louvre in Paris"", ""Im Landesmuseum in Zürich"", ""Im Vatikan in Rom""]",Forscher brachten im 19. Jahrhundert Statuen und Reliefs nach England. Sie sind heute im British Museum ausgestellt.,Viele Figuren vom Mausoleum sind im British Museum in London.,Mausoleum von Halikarnassos,,ok
g_antike,1,In welcher Stadt war die berühmteste Bibliothek der Antike?,"[""In Alexandria"", ""In Rom"", ""In Athen"", ""In Karthago""]",Die Bibliothek von Alexandria war die grösste Büchersammlung der Antike. Sie stand in Ägypten.,Die berühmteste Bibliothek der Antike stand in Alexandria.,Bibliothek von Alexandria,,ok
g_antike,1,Worauf waren die Texte in der Bibliothek von Alexandria geschrieben?,"[""Auf Papyrusrollen"", ""Auf Papierbüchern"", ""Auf Tontafeln"", ""Auf Holzbrettern""]",Die Texte standen auf langen Rollen aus Papyrus. Bücher mit Seiten wie heute gab es noch nicht.,In Alexandria lagen die Texte auf Papyrusrollen.,Bibliothek von Alexandria,,ok
g_antike,1,Woraus wird Papyrus gemacht?,"[""Aus einer Pflanze"", ""Aus Tierhaut"", ""Aus Stein"", ""Aus Metall""]","Papyrus ist eine Pflanze, die am Nil wächst. Aus ihren Stängeln stellte man Blätter zum Schreiben her.",Papyrus wird aus einer Pflanze vom Nil hergestellt.,Bibliothek von Alexandria,,ok
g_antike,1,Welche Herrscher gründeten die Bibliothek von Alexandria?,"[""Die Ptolemäer"", ""Die Römer"", ""Die Perser"", ""Die Etrusker""]",Die griechischen Könige der Ptolemäer herrschten über Ägypten. Sie gründeten die Bibliothek vor über 2000 Jahren.,Die Ptolemäer gründeten die Bibliothek von Alexandria.,Bibliothek von Alexandria,,ok
g_antike,1,"Was geschah mit Büchern auf Schiffen, die nach Alexandria kamen?","[""Sie wurden abgeschrieben"", ""Sie wurden verbrannt"", ""Sie wurden verkauft"", ""Sie wurden versteckt""]",Bücher auf ankommenden Schiffen wurden eingezogen und kopiert. Die Bibliothek behielt oft das Original und gab eine Abschrift zurück.,Alexandria liess Bücher von Schiffen abschreiben.,Bibliothek von Alexandria,,ok
g_antike,1,Welcher Gelehrte aus der Bibliothek berechnete den Umfang der Erde?,"[""Eratosthenes"", ""Homer"", ""Herodot"", ""Phidias""]",Eratosthenes leitete die Bibliothek. Er mass Schatten an zwei Orten und berechnete daraus ziemlich genau den Umfang der Erde.,Eratosthenes berechnete in Alexandria den Umfang der Erde.,Bibliothek von Alexandria,,ok
g_antike,1,Ist die alte Bibliothek von Alexandria heute noch erhalten?,"[""Nein, sie ist verloren"", ""Ja, ganz"", ""Ja, zur Hälfte"", ""Nur das Dach""]",Die Bibliothek wurde durch Brände und Kriege nach und nach zerstört. Von den Schriftrollen ist nichts erhalten.,Die alte Bibliothek von Alexandria ist verloren.,Bibliothek von Alexandria,,ok
g_antike,1,Was eröffnete im Jahr 2002 in Alexandria?,"[""Eine neue grosse Bibliothek"", ""Ein neuer Leuchtturm"", ""Ein neuer Tempel"", ""Ein neues Stadion""]",Die Bibliotheca Alexandrina erinnert an die berühmte alte Bibliothek. Sie ist eine moderne Bibliothek mit Millionen Büchern Platz.,Seit 2002 hat Alexandria wieder eine grosse Bibliothek.,Bibliothek von Alexandria,,ok
g_antike,1,In welchem heutigen Land liegen die Ruinen von Karthago?,"[""In Tunesien"", ""In Ägypten"", ""In Spanien"", ""In Marokko""]",Karthago lag am Mittelmeer. Die Ruinen liegen heute bei der Hauptstadt Tunis.,Karthago lag im heutigen Tunesien.,Karthago,,ok
g_antike,1,Welche Form hatte der Kriegshafen von Karthago?,"[""Kreisrund"", ""Dreieckig"", ""Sternförmig"", ""Viereckig""]",Der Kriegshafen war ein runder Hafen mit einer Insel in der Mitte. Rundherum lagen Liegeplätze für viele Kriegsschiffe.,Karthago hatte einen kreisrunden Kriegshafen.,Karthago,,ok
g_antike,1,Welche Königin soll Karthago der Sage nach gegründet haben?,"[""Dido"", ""Kleopatra"", ""Artemisia"", ""Helena""]","Die Sage erzählt von Königin Dido, die aus ihrer Heimat floh. An einer fremden Küste gründete sie Karthago.",Der Sage nach gründete Königin Dido Karthago.,Karthago,,ok
g_antike,1,"Welcher Römer forderte immer wieder, Karthago müsse zerstört werden?","[""Cato"", ""Nero"", ""Augustus"", ""Caesar""]",Der Politiker Cato soll jede Rede im Senat mit diesem Satz beendet haben. Er hielt Karthago für eine grosse Gefahr.,Cato forderte immer wieder die Zerstörung Karthagos.,Karthago,,ok
g_antike,1,Wie heissen die Kriege zwischen Rom und Karthago?,"[""Punische Kriege"", ""Trojanische Kriege"", ""Persische Kriege"", ""Gallische Kriege""]",Die Römer nannten die Karthager «Punier». Darum heissen die Kriege Punische Kriege.,Die Kriege zwischen Rom und Karthago heissen Punische Kriege.,Karthago,,ok
g_antike,1,Welcher Feldherr aus Karthago zog mit Elefanten über die Alpen?,"[""Hannibal"", ""Caesar"", ""Alexander"", ""Spartacus""]",Hannibal überquerte im Jahr 218 vor Christus mit seinem Heer und Kriegselefanten die Alpen. So wollte er Rom von Norden her angreifen.,Hannibal zog mit Elefanten über die Alpen.,Karthago,,ok
g_antike,1,Auf welchem Kontinent lag Karthago?,"[""Afrika"", ""Europa"", ""Asien"", ""Amerika""]",Karthago lag an der Nordküste von Afrika. Von dort war es nicht weit bis nach Sizilien.,Karthago lag in Afrika.,Karthago,,ok
g_antike,1,In welchem Jahr zerstörten die Römer Karthago?,"[""146 vor Christus"", ""814 vor Christus"", ""476 nach Christus"", ""44 vor Christus""]",Am Ende des dritten Punischen Krieges eroberten die Römer die Stadt und zerstörten sie. Später bauten sie dort eine römische Stadt.,Rom zerstörte Karthago im Jahr 146 vor Christus.,Karthago,,ok
g_antike,1,Wovon lebten die Karthager vor allem?,"[""Vom Handel übers Meer"", ""Vom Bergbau in den Alpen"", ""Von der Rentierzucht"", ""Vom Bau von Pyramiden""]",Karthago hatte einen grossen Hafen und viele Schiffe. Die Händler trugen Waren durchs ganze Mittelmeer.,Karthago wurde durch Handel übers Meer reich.,Karthago,,ok
g_antike,1,Auf welcher Insel liegt der Palast von Knossos?,"[""Auf Kreta"", ""Auf Rhodos"", ""Auf Zypern"", ""Auf Sizilien""]","Knossos liegt auf Kreta, der grössten Insel Griechenlands. Dort lebten die Minoer.",Der Palast von Knossos liegt auf Kreta.,Palast von Knossos,,ok
g_antike,1,Nach welchem sagenhaften König ist die Kultur von Knossos benannt?,"[""Nach König Minos"", ""Nach König Mausolos"", ""Nach König Krösus"", ""Nach König Priamos""]",Man nennt die Kultur auf Kreta die minoische Kultur. Der Name kommt vom sagenhaften König Minos.,Die minoische Kultur ist nach König Minos benannt.,Palast von Knossos,,ok
g_antike,1,Wer baute der Sage nach das Labyrinth für König Minos?,"[""Daidalos"", ""Theseus"", ""Odysseus"", ""Homer""]",Daidalos war ein genialer Erfinder und Baumeister. Später floh er mit seinem Sohn Ikarus auf Flügeln von Kreta.,Der Erfinder Daidalos baute das Labyrinth.,Palast von Knossos,,ok
g_antike,1,Was ist an den Säulen im Palast von Knossos besonders?,"[""Sie werden nach unten schmaler"", ""Sie sind aus Gold gegossen"", ""Sie sind aus Glas geformt"", ""Sie sind aus Eisen geschmiedet""]",Die roten Säulen aus Holz sind oben breiter als unten. Das ist genau umgekehrt als bei griechischen Tempeln.,Die Säulen von Knossos werden nach unten schmaler.,Palast von Knossos,,ok
g_antike,1,Wie alt sind die Reste des Palastes von Knossos etwa?,"[""Etwa 3500 Jahre"", ""Etwa 350 Jahre"", ""Etwa 35 000 Jahre"", ""Etwa 1000 Jahre""]",Der Palast entstand in der Bronzezeit und wurde mehrmals umgebaut. Seine Blütezeit war vor rund 3500 Jahren.,Der Palast von Knossos ist etwa 3500 Jahre alt.,Palast von Knossos,,ok
g_antike,1,Womit fand Theseus aus dem Labyrinth wieder hinaus?,"[""Mit einem Wollfaden"", ""Mit einer Landkarte"", ""Mit einer Fackel"", ""Mit einem Kompass""]",Die Tochter des Königs gab ihm einen Faden. Er wickelte ihn ab und folgte ihm zurück zum Ausgang.,Theseus fand mit einem Faden aus dem Labyrinth.,Palast von Knossos,,ok
g_antike,1,Wer grub den Palast von Knossos ab dem Jahr 1900 aus?,"[""Arthur Evans"", ""Heinrich Schliemann"", ""Howard Carter"", ""Johann Ludwig Burckhardt""]",Der Engländer Arthur Evans legte den Palast frei. Er baute manche Teile auch wieder auf.,Arthur Evans grub den Palast von Knossos aus.,Palast von Knossos,,ok
g_antike,1,Welches Tier ist auf vielen Bildern in Knossos zu sehen?,"[""Der Stier"", ""Der Elefant"", ""Der Löwe"", ""Das Kamel""]",Auf Wandbildern springen junge Leute über Stiere. Der Stier war auf Kreta ein wichtiges Tier.,Der Stier ist auf vielen Bildern in Knossos zu sehen.,Palast von Knossos,,ok
g_antike,1,In welchem heutigen Land lebten die Etrusker?,"[""In Italien"", ""In Griechenland"", ""In Spanien"", ""In Ägypten""]","Die Etrusker lebten in Mittelitalien. Ihre Blütezeit war, bevor Rom mächtig wurde.",Die Etrusker lebten im heutigen Italien.,Etrusker,,ok
g_antike,1,Welche heutige Region in Italien ist nach den Etruskern benannt?,"[""Die Toskana"", ""Die Lombardei"", ""Sizilien"", ""Venetien""]",Die Römer nannten die Etrusker auch «Tusci». Davon kommt der Name Toskana.,Die Toskana ist nach den Etruskern benannt.,Etrusker,,ok
g_antike,1,Welche Stadt wurde in ihrer Frühzeit von etruskischen Königen regiert?,"[""Rom"", ""Athen"", ""Karthago"", ""Alexandria""]",Die letzten Könige von Rom waren Etrusker. Nach dem letzten König wurde Rom eine Republik.,In der Frühzeit regierten etruskische Könige über Rom.,Etrusker,,ok
g_antike,1,Was haben die Etrusker oft mit Bildern bemalt?,"[""Ihre Gräber"", ""Ihre Schiffe"", ""Ihre Strassen"", ""Ihre Münzen""]",Die Etrusker bauten Grabkammern wie kleine Häuser. Die Wände sind mit fröhlichen Bildern von Festen und Tänzen bemalt.,Die Etrusker bemalten ihre Gräber mit Bildern.,Etrusker,,ok
g_antike,1,Was ist an der Sprache der Etrusker besonders?,"[""Man versteht sie bis heute nicht ganz"", ""Man spricht sie heute noch"", ""Sie hatte keine Schrift"", ""Sie ist gleich wie Latein""]","Man kann die etruskische Schrift lesen, weil sie dem griechischen Alphabet ähnelt. Viele Wörter versteht man aber bis heute nicht.",Die Sprache der Etrusker ist bis heute nicht ganz entschlüsselt.,Etrusker,,ok
g_antike,1,Mit welchem Volk in den Alpen war die Sprache der Etrusker wohl verwandt?,"[""Mit den Rätern"", ""Mit den Helvetiern"", ""Mit den Germanen"", ""Mit den Kelten""]",Die Räter lebten unter anderem im heutigen Graubünden. Ihre Sprache war wohl mit dem Etruskischen verwandt.,Die Sprache der Räter war wohl mit der Sprache der Etrusker verwandt.,Etrusker,,ok
g_antike,1,Worin waren die Etrusker besonders geschickt?,"[""In der Arbeit mit Bronze"", ""Im Bau von Pyramiden"", ""Im Bau von Iglus"", ""In der Seidenweberei""]","Die Etrusker stellten kunstvolle Figuren, Spiegel und Gefässe aus Bronze her. Ein berühmtes Beispiel ist die Chimäre von Arezzo.",Die Etrusker waren geschickte Bronzegiesser.,Etrusker,,ok
g_antike,1,"Was untersuchten etruskische Priester, um die Zukunft vorherzusagen?","[""Die Leber von Tieren"", ""Die Wolken am Himmel"", ""Die Spuren im Sand"", ""Die Farbe des Meeres""]",Die Priester lasen aus der Leber von Opfertieren den Willen der Götter. Ein Bronzemodell einer solchen Leber wurde bei Piacenza gefunden.,Etruskische Priester lasen die Zukunft aus der Leber von Tieren.,Etrusker,,ok
g_antike,1,Welches Volk übernahm viel von den Etruskern?,"[""Die Römer"", ""Die Ägypter"", ""Die Wikinger"", ""Die Perser""]",Die Römer lebten direkt neben den Etruskern. Sie übernahmen zum Beispiel religiöse Bräuche und Zeichen der Macht.,Die Römer übernahmen viel von den Etruskern.,Etrusker,,ok
g_antike,1,Welches Volk baute die Felsenstadt Petra?,"[""Die Nabatäer"", ""Die Etrusker"", ""Die Phönizier"", ""Die Minoer""]",Die Nabatäer waren ein Händlervolk aus Arabien. Petra war ihre Hauptstadt.,Die Nabatäer bauten die Felsenstadt Petra.,Petra (Jordanien),,ok
g_antike,1,Wie wurden die Gebäude von Petra gebaut?,"[""Sie wurden in den Fels gehauen"", ""Sie wurden aus Holz gebaut"", ""Sie wurden aus Eis geformt"", ""Sie wurden aus Glas gegossen""]",Die Fassaden wurden direkt aus den Felswänden herausgemeisselt. Darum heisst Petra Felsenstadt.,In Petra wurden die Gebäude in den Fels gehauen.,Petra (Jordanien),,ok
g_antike,1,Welche Farbe hat der Fels von Petra?,"[""Rötlich"", ""Weiss"", ""Schwarz"", ""Grün""]",Petra ist aus rötlichem Sandstein gehauen. Darum nennt man sie auch die «rosarote Stadt».,Der Fels von Petra leuchtet rötlich.,Petra (Jordanien),,ok
g_antike,1,Wie heisst der berühmteste Bau von Petra?,"[""Schatzhaus des Pharao"", ""Palast des Minos"", ""Tempel der Artemis"", ""Turm von Pharos""]",Das Schatzhaus heisst arabisch Khazne al-Firaun. Eine Sage erzählte von einem Schatz in der Urne oben an der Fassade.,Das Schatzhaus des Pharao ist der berühmteste Bau von Petra.,Petra (Jordanien),,ok
g_antike,1,Wie gelangt man zu Fuss in die Stadt Petra?,"[""Durch eine enge Schlucht"", ""Über eine lange Brücke"", ""Durch einen Tunnel"", ""Mit einem Boot""]","Der Weg führt durch den Siq, eine enge Felsschlucht. Am Ende sieht man plötzlich das Schatzhaus.",Eine enge Schlucht führt in die Felsenstadt Petra.,Petra (Jordanien),,ok
g_antike,1,"Aus welcher Schweizer Stadt kam der Forscher, der Petra 1812 für Europa entdeckte?","[""Aus Basel"", ""Aus Genf"", ""Aus Bern"", ""Aus Luzern""]",Johann Ludwig Burckhardt stammte aus einer Basler Familie und wuchs in Basel auf. Er reiste verkleidet durch die Gegend und sah 1812 als erster Europäer seit Langem Petra.,Der Basler Johann Ludwig Burckhardt entdeckte Petra für Europa.,Petra (Jordanien),,ok
g_antike,1,Zu welcher Liste wurde Petra im Jahr 2007 gewählt?,"[""Zu den neuen sieben Weltwundern"", ""Zu den grössten Städten"", ""Zu den höchsten Bergen"", ""Zu den ältesten Häfen""]",Bei einer weltweiten Abstimmung wurde Petra 2007 eines der neuen sieben Weltwunder. Seit 1985 ist sie auch Unesco-Welterbe.,Petra gehört seit 2007 zu den neuen sieben Weltwundern.,Petra (Jordanien),,ok
g_antike,1,In welchem heutigen Land liegen die Ruinen von Troja?,"[""In der Türkei"", ""In Griechenland"", ""In Italien"", ""In Zypern""]",Troja liegt auf einem Hügel im Nordwesten der Türkei. Der Hügel heisst Hisarlik.,Die Ruinen von Troja liegen in der Türkei.,Troja,,ok
g_antike,1,Welcher Dichter erzählte vom Krieg um Troja?,"[""Homer"", ""Vergil"", ""Phidias"", ""Sokrates""]",Der griechische Dichter Homer beschrieb den Krieg in einem langen Gedicht. Das Werk ist fast 3000 Jahre alt.,Homer erzählte vom Krieg um Troja.,Troja,,ok
g_antike,1,Wie heisst das Werk von Homer über den Krieg um Troja?,"[""Ilias"", ""Aeneis"", ""Edda"", ""Nibelungenlied""]","Die Ilias erzählt von einem Teil des Krieges um Troja. Der Name kommt von «Ilion», einem anderen Namen für Troja.",Homers Werk über Troja heisst Ilias.,Troja,,ok
g_antike,1,Wer war Paris in der Sage von Troja?,"[""Ein Prinz von Troja"", ""Ein König von Sparta"", ""Ein Gott vom Olymp"", ""Ein Bauer aus Kreta""]",Paris war ein Sohn des Königs von Troja. Er entführte eine Königin aus Griechenland und löste so den Krieg aus.,Paris war ein Prinz von Troja.,Troja,,ok
g_antike,1,Was fanden die Forscher im Hügel von Troja?,"[""Viele Städte übereinander"", ""Nur eine einzige Burg"", ""Eine Pyramide"", ""Einen Leuchtturm""]",Im Hügel liegen die Reste vieler Siedlungen übereinander. Immer wieder wurde auf den Trümmern neu gebaut.,Im Hügel von Troja liegen viele Städte übereinander.,Troja,,ok
g_antike,1,Was wollte Heinrich Schliemann finden?,"[""Die Stadt Troja"", ""Den Schatz von Karthago"", ""Die Hängenden Gärten"", ""Die Stadt Petra""]","Schliemann glaubte, dass die Geschichten von Homer wahr sind. Er suchte darum die Stadt aus der Sage.",Heinrich Schliemann suchte die Stadt Troja.,Heinrich Schliemann,,ok
g_antike,1,Aus welchem Land stammte Heinrich Schliemann?,"[""Aus Deutschland"", ""Aus England"", ""Aus Frankreich"", ""Aus der Schweiz""]",Schliemann wurde 1822 in Mecklenburg in Deutschland geboren. Er wurde als Kaufmann sehr reich.,Heinrich Schliemann stammte aus Deutschland.,Heinrich Schliemann,,ok
g_antike,1,Womit verdiente Heinrich Schliemann zuerst sein Geld?,"[""Als Kaufmann"", ""Als Bauer"", ""Als Seemann"", ""Als Lehrer""]",Schliemann wurde mit Handelsgeschäften reich. Mit diesem Geld bezahlte er später seine Ausgrabungen.,Schliemann wurde als Kaufmann reich.,Heinrich Schliemann,,ok
g_antike,1,Was fand Schliemann im Jahr 1873 in Troja?,"[""Einen Goldschatz"", ""Ein Holzpferd"", ""Eine Bibliothek"", ""Ein Schiff""]","Schliemann nannte den Fund «Schatz des Priamos» nach dem König von Troja. Später zeigte sich, dass der Schatz viel älter ist.",Schliemann fand in Troja einen Goldschatz.,Heinrich Schliemann,,ok
g_antike,1,Wo fand Schliemann eine berühmte goldene Totenmaske?,"[""In Mykene"", ""In Rom"", ""In Karthago"", ""In Petra""]",In Mykene in Griechenland grub Schliemann Königsgräber aus. Eine Goldmaske nannte er «Maske des Agamemnon».,Schliemann fand in Mykene eine goldene Totenmaske.,Heinrich Schliemann,,ok
g_antike,1,Nach welchem Fundort am Neuenburgersee ist eine Zeit der Kelten benannt?,"[""La Tène"", ""Pompeji"", ""Troja"", ""Stonehenge""]",In La Tène bei Marin fand man sehr viele keltische Waffen und Schmuck. Darum heisst die späte Keltenzeit La-Tène-Zeit.,Eine Epoche der Kelten heisst nach La Tène.,Helvetier,,ok
g_antike,1,Wo lebten die Helvetier vor allem?,"[""Im Schweizer Mittelland"", ""In Skandinavien"", ""Auf Sizilien"", ""In Ägypten""]",Die Helvetier wohnten vor allem im Mittelland zwischen Jura und Alpen. Dort gab es gutes Land für Felder und Vieh.,Die Helvetier wohnten vor allem im Mittelland.,Helvetier,,ok
g_antike,1,Was ist ein Oppidum der Kelten?,"[""Eine befestigte Siedlung"", ""Ein römisches Schiff"", ""Ein Musikinstrument"", ""Ein Wagenrennen""]",Ein Oppidum war eine grosse Siedlung mit Mauern oder Wällen. Die Kelten bauten sie oft auf Hügeln oder an Flüssen.,Ein Oppidum war eine geschützte Keltensiedlung.,Helvetier,,ok
g_antike,1,Auf welchem Hügel am Murtensee hatten die Helvetier eine befestigte Siedlung?,"[""Mont Vully"", ""Rigi"", ""Säntis"", ""Pilatus""]",Auf dem Mont Vully zwischen Murtensee und Neuenburgersee lag ein Oppidum der Helvetier. Man fand dort Reste einer grossen Mauer.,Auf dem Mont Vully stand eine Keltensiedlung.,Helvetier,,ok
g_antike,1,Auf welcher Halbinsel in Bern hatten die Helvetier eine grosse Siedlung?,"[""Engehalbinsel"", ""Au-Halbinsel"", ""Halbinsel Hurden"", ""Halbinsel Sirmione""]",Auf der Engehalbinsel in einer Aareschlaufe lag ein Oppidum der Helvetier. Später gab es dort auch eine kleine Römersiedlung.,In Bern lebten Helvetier auf der Engehalbinsel.,Helvetier,,ok
g_antike,1,In wie viele Teilstämme waren die Helvetier aufgeteilt?,"[""Vier"", ""Zwei"", ""Zehn"", ""Zwölf""]","Caesar berichtet, dass die Helvetier aus vier Gauen bestanden. Ein Gau ist ein Teilstamm mit eigenem Gebiet.",Die Helvetier hatten vier Teilstämme.,Helvetier,,ok
g_antike,1,Die Helvetier waren in mehrere Teilstämme aufgeteilt. Wie hiess einer davon?,"[""Tiguriner"", ""Wikinger"", ""Etrusker"", ""Vandalen""]",Ein Teilstamm der Helvetier hiess Tiguriner. Ihr bekanntester Anführer war ein Kriegsheld gegen die Römer.,Die Tiguriner waren ein Teilstamm der Helvetier.,Helvetier,,ok
g_antike,1,Womit bezahlten die Helvetier beim Handeln?,"[""Mit Münzen"", ""Mit Banknoten"", ""Mit Briefmarken"", ""Mit Kreditkarten""]",Die Helvetier hatten eigene Münzen aus Metall. In Zürich fand man 1890 sogar einen grossen Klumpen aus solchen Münzen.,Die Helvetier bezahlten mit Münzen.,Helvetier,,ok
g_antike,1,In welchem Jahr zogen die Helvetier aus ihrer Heimat weg?,"[""58 v. Chr."", ""1291"", ""800 n. Chr."", ""1515""]",Im Jahr 58 vor Christus brachen die Helvetier nach Westen auf. Das war vor über 2000 Jahren.,Die Helvetier zogen 58 vor Christus aus.,Auszug der Helvetier,,ok
g_antike,1,Welcher römische Feldherr stellte sich den Helvetiern 58 v. Chr. in den Weg?,"[""Julius Caesar"", ""Kaiser Nero"", ""Kaiser Augustus"", ""Spartacus""]","Julius Caesar war damals Statthalter in Gallien. Er wollte nicht, dass die Helvetier durch römisches Gebiet ziehen.",Julius Caesar hielt die Helvetier auf.,Auszug der Helvetier,,ok
g_antike,1,"Was taten die Helvetier laut Caesar mit ihren Dörfern, bevor sie wegzogen?","[""Sie brannten sie nieder"", ""Sie verkauften sie"", ""Sie bauten sie grösser"", ""Sie schenkten sie Freunden""]",Laut Caesar zündeten die Helvetier ihre Häuser an. So konnten sie nicht einfach wieder umkehren.,Die Helvetier brannten vor dem Auszug ihre Dörfer nieder.,Auszug der Helvetier,,ok
g_antike,1,Wohin wollten die Helvetier beim Auszug ziehen?,"[""Nach Westfrankreich"", ""Nach Ägypten"", ""Nach England"", ""Nach Russland""]","Die Helvetier wollten in den Westen Galliens, ins heutige Frankreich. Dort lebte der Stamm der Santonen.",Die Helvetier wollten nach Westen ziehen.,Auszug der Helvetier,,ok
g_antike,1,Bei welchem Ort wurden die Helvetier 58 v. Chr. besiegt?,"[""Bibracte"", ""Rom"", ""Athen"", ""Karthago""]",Bei Bibracte in Gallien verloren die Helvetier eine grosse Schlacht. Bibracte liegt im heutigen Frankreich.,Bei Bibracte wurden die Helvetier besiegt.,Auszug der Helvetier,,ok
g_antike,1,Was mussten die Helvetier nach ihrer Niederlage tun?,"[""In die Heimat zurückkehren"", ""Nach Rom umziehen"", ""Übers Meer fahren"", ""In Gallien bleiben""]",Der Sieger schickte die Helvetier in ihr altes Gebiet zurück. Dort sollten sie ihre Dörfer wieder aufbauen.,Nach der Niederlage kehrten die Helvetier heim.,Auszug der Helvetier,,ok
g_antike,1,Wie viele Dörfer verbrannten die Helvetier laut Caesar beim Auszug?,"[""Rund 400"", ""Rund 4"", ""Rund 40"", ""Rund 4000""]",Caesar schreibt von etwa 400 Dörfern und zwölf befestigten Orten. Forscher fanden aber nur wenige Brandspuren.,Laut Caesar brannten rund 400 Dörfer.,Auszug der Helvetier,,ok
g_antike,1,Was nahmen die Helvetier auf den Auszug mit?,"[""Familien und Vieh"", ""Nur ihre Waffen"", ""Nur ihr Gold"", ""Nur ihre Schiffe""]",Laut Caesar zogen ganze Familien mit Wagen und Tieren los. Heute zweifeln Forscher aber an seinen hohen Zahlen.,Beim Auszug zogen ganze Familien mit.,Auszug der Helvetier,,ok
g_antike,1,Wer war Divico?,"[""Ein Anführer der Helvetier"", ""Ein römischer Kaiser"", ""Ein griechischer Gott"", ""Ein Gladiator""]",Divico war ein berühmter keltischer Anführer. Er lebte vor über 2000 Jahren.,Divico war ein Anführer der Helvetier.,Divico,,ok
g_antike,1,Gegen wen gewann Divico im Jahr 107 v. Chr. eine Schlacht?,"[""Gegen die Römer"", ""Gegen die Wikinger"", ""Gegen die Ägypter"", ""Gegen die Perser""]",Divico besiegte ein römisches Heer unter dem Feldherrn Lucius Cassius Longinus. Das war ein grosser Erfolg für seine Leute.,Divico besiegte einst die Römer.,Divico,,ok
g_antike,1,"In welchem heutigen Land lag Agen, wo Divico siegte?","[""Frankreich"", ""Spanien"", ""Polen"", ""Schweden""]",Agen liegt im Südwesten des heutigen Frankreich. Dort fand die Schlacht von 107 v. Chr. statt.,Divicos Sieg war im heutigen Frankreich.,Divico,,ok
g_antike,1,Wie alt war Divico ungefähr im Jahr 58 v. Chr.?,"[""Rund 70 Jahre"", ""Rund 10 Jahre"", ""Rund 20 Jahre"", ""Rund 30 Jahre""]",Divico wurde um 130 v. Chr. geboren. Im Jahr 58 v. Chr. war er also schon ein alter Mann.,Divico war 58 v. Chr. schon ein alter Mann.,Divico,,ok
g_antike,1,Was verlangte Caesar bei den Verhandlungen mit Divico?,"[""Geiseln"", ""Elefanten"", ""Schiffe"", ""Pferde""]","Geiseln sind Menschen, die man als Pfand abgeben muss. Caesar wollte so sicher sein, dass die Helvetier gehorchen.",Caesar forderte von den Helvetiern Geiseln.,Divico,,ok
g_antike,1,Wie antwortete Divico auf Caesars Forderung?,"[""Er lehnte ab"", ""Er sagte sofort Ja"", ""Er bat um Geld"", ""Er lief davon""]","Divico sagte, die Helvetier seien es gewohnt, Geiseln zu nehmen und nicht zu geben. Die Verhandlungen scheiterten.",Divico lehnte Caesars Forderung stolz ab.,Divico,,ok
g_antike,1,Was mussten die besiegten Römer nach Divicos Sieg tun?,"[""Unter einem Joch durchgehen"", ""Über einen Fluss schwimmen"", ""Ein Lied singen"", ""Ihre Schuhe abgeben""]","Ein Joch war ein Gestell aus Speeren. Wer darunter durchgehen musste, wurde vor allen gedemütigt.",Die Römer mussten unter dem Joch durchgehen.,Divico,,ok
g_antike,1,Was schrieb der Schweizer Dichter Conrad Ferdinand Meyer über Divicos Sieg?,"[""Ein Gedicht"", ""Ein Kochbuch"", ""Einen Reiseführer"", ""Ein Wörterbuch""]",Das Gedicht heisst «Ein Joch am Leman». Es feiert den Sieg des keltischen Anführers.,Conrad Ferdinand Meyer dichtete über Divico.,Divico,,ok
g_antike,1,In welchem Kanton steht das römische Theater von Augusta Raurica?,"[""Basel-Landschaft"", ""Tessin"", ""Wallis"", ""Genf""]",Die Römerstadt Augusta Raurica liegt im Kanton Basel-Landschaft und reicht bis in den Aargau. Das Theater ist eines der bekanntesten Römerbauten der Schweiz.,Das Theater von Augusta Raurica steht im Baselbiet.,Augusta Raurica,,ok
g_antike,1,Wie viele Zuschauer passten ungefähr ins Theater von Augusta Raurica?,"[""Rund 10'000"", ""Rund 100"", ""Rund 500"", ""Rund 100'000""]",In seiner letzten Bauphase fasste das Theater etwa 10'000 bis 12'000 Menschen. Das war eine riesige Menge für die damalige Zeit.,Ins Theater von Augusta Raurica passten etwa 10'000 Leute.,Augusta Raurica,,ok
g_antike,1,Was für ein grosser Schatz wurde in Kaiseraugst bei Augusta Raurica gefunden?,"[""Ein Silberschatz"", ""Ein Goldschatz"", ""Ein Bernsteinschatz"", ""Ein Perlenschatz""]","Der Silberschatz von Kaiseraugst besteht aus 270 Stücken wie Tellern, Löffeln und Münzen. Er wiegt rund 58 Kilogramm.",In Kaiseraugst fand man einen grossen Silberschatz.,Augusta Raurica,,ok
g_antike,1,Welche grosse Stadt liegt ganz in der Nähe von Augusta Raurica?,"[""Basel"", ""Genf"", ""Lugano"", ""Chur""]",Augusta Raurica liegt nur etwa 10 Kilometer östlich von Basel. Viele Schulklassen aus der Region besuchen die Römerstadt.,Augusta Raurica liegt nahe bei Basel.,Augusta Raurica,,ok
g_antike,1,An welchem Fluss liegt Augusta Raurica?,"[""Am Rhein"", ""An der Rhone"", ""Am Ticino"", ""Am Inn""]",Die Römerstadt lag am Südufer des Rheins. Auf dem Fluss konnte man Waren transportieren.,Augusta Raurica liegt am Rhein.,Augusta Raurica,,ok
g_antike,1,Welche Form hat ein römisches Theater wie in Augusta Raurica?,"[""Halbrund"", ""Viereckig"", ""Dreieckig"", ""Sternförmig""]",Die Sitzreihen eines römischen Theaters sind im Halbkreis angeordnet. So sehen alle gut auf die Bühne.,Ein römisches Theater ist halbrund gebaut.,Augusta Raurica,,ok
g_antike,1,Welches Fest findet jeden Sommer in Augusta Raurica statt?,"[""Das Römerfest"", ""Das Sechseläuten"", ""Der Zibelemärit"", ""Die Fasnacht""]","Am Römerfest im August zeigen Leute in Kostümen, wie die Römer lebten. Es ist das grösste Fest dieser Art in der Schweiz.",In Augusta Raurica feiert man jedes Jahr das Römerfest.,Augusta Raurica,,ok
g_antike,1,In welchem Jahr wurde Augusta Raurica gegründet?,"[""44 v. Chr."", ""44 n. Chr."", ""444 n. Chr."", ""1044""]",Eine Grabinschrift nennt die Gründung im Jahr 44 vor Christus. Richtig ausgebaut wurde die Stadt aber erst etwa 30 Jahre später.,Augusta Raurica wurde 44 vor Christus gegründet.,Augusta Raurica,,ok
g_antike,1,Was war Vindonissa zur Römerzeit?,"[""Ein Legionslager"", ""Ein Bauernhof"", ""Ein Tempel"", ""Ein Hafen""]",In Vindonissa wohnten tausende römische Soldaten. Ein solches Lager nennt man Legionslager.,Vindonissa war ein grosses Lager für Soldaten.,Vindonissa,,ok
g_antike,1,In welcher heutigen Gemeinde lag Vindonissa?,"[""Windisch"", ""Winterthur"", ""Wil"", ""Wohlen""]",Das Lager lag in Windisch. Der heutige Name ist aus dem lateinischen Namen entstanden.,Vindonissa lag in Windisch.,Vindonissa,,ok
g_antike,1,In welchem Kanton liegt das alte Legionslager Vindonissa?,"[""Aargau"", ""Zürich"", ""Bern"", ""Luzern""]",Vindonissa liegt im Kanton Aargau. Dort treffen sich wichtige Wege und Flüsse.,Vindonissa liegt im Aargau.,Vindonissa,,ok
g_antike,1,Zwischen welchen zwei Flüssen lag Vindonissa?,"[""Aare und Reuss"", ""Rhein und Rhone"", ""Inn und Ticino"", ""Saane und Sense""]","Das Lager stand dort, wo die Reuss in die Aare fliesst. Auch die Limmat mündet ganz in der Nähe.",Vindonissa lag zwischen Aare und Reuss.,Vindonissa,,ok
g_antike,1,Wie viele römische Legionslager gab es in der heutigen Schweiz?,"[""Nur eines"", ""Fünf"", ""Zehn"", ""Zwanzig""]",Vindonissa war das einzige Legionslager auf dem Gebiet der heutigen Schweiz. Andere Lager waren kleiner.,In der Schweiz gab es nur ein Legionslager.,Vindonissa,,ok
g_antike,1,Was von Vindonissa funktioniert noch heute?,"[""Eine Wasserleitung"", ""Eine Strassenlampe"", ""Ein Lift"", ""Eine Uhr""]",Eine römische Wasserleitung bringt bis heute Wasser zu einem Brunnen. Sie ist fast 2000 Jahre alt.,Eine Wasserleitung der Römer fliesst noch heute.,Vindonissa,,ok
g_antike,1,"Wie heisst der Erlebnisort beim alten Lager Vindonissa, wo man das Soldatenleben entdeckt?","[""Legionärspfad"", ""Ritterburg"", ""Pfahlbaudorf"", ""Kaiserpalast""]",Auf dem Legionärspfad kann man römische Kleider anziehen. Man kann sogar in nachgebauten Baracken übernachten.,Auf dem Legionärspfad erlebt man das Leben der Soldaten.,Vindonissa,,ok
g_antike,1,Wann zogen die römischen Soldaten aus Vindonissa ab?,"[""101 n. Chr."", ""58 v. Chr."", ""1291"", ""1798""]",Im Jahr 101 nach Christus schickte Kaiser Trajan die Legion an die Donau. Danach war das Lager lange leer.,Die Legion verliess Vindonissa im Jahr 101.,Vindonissa,,ok
g_antike,1,In welcher Stadt steht das Vindonissa-Museum?,"[""Brugg"", ""Baden"", ""Aarau"", ""Zug""]","Das Vindonissa-Museum steht in Brugg, gleich neben Windisch. Dort sieht man viele Funde aus dem Lager.",Das Vindonissa-Museum steht in Brugg.,Vindonissa,,ok
g_antike,1,Wie heisst die Stadt Aventicum heute?,"[""Avenches"", ""Arbon"", ""Aarau"", ""Altdorf""]",Aventicum liegt beim heutigen Städtchen Avenches. Dort sieht man noch viele römische Ruinen.,Aventicum heisst heute Avenches.,Aventicum,,ok
g_antike,1,In welchem Kanton liegt Aventicum?,"[""Waadt"", ""Zürich"", ""Graubünden"", ""Uri""]",Avenches gehört zum Kanton Waadt in der Westschweiz. Dort spricht man Französisch.,Aventicum liegt im Kanton Waadt.,Aventicum,,ok
g_antike,1,Wo ist das Römermuseum von Avenches untergebracht?,"[""In einem Turm"", ""In einer Kirche"", ""In einem Bahnhof"", ""In einem Schiff""]",Das Museum liegt in einem alten Turm über dem Eingang des Amphitheaters. Dort sieht man viele Funde aus der Römerstadt.,Das Römermuseum Avenches steht in einem Turm.,Aventicum,,ok
g_antike,1,Wie viele Menschen lebten in Aventicum zur besten Zeit?,"[""Über 20'000"", ""Rund 200"", ""Rund 2'000"", ""Über 2 Millionen""]",Zur Blütezeit wohnten mehr als 20'000 Menschen in Aventicum. Das sind viel mehr als im heutigen Avenches.,In Aventicum lebten einst über 20'000 Menschen.,Aventicum,,ok
g_antike,1,Wie viele Türme hatte die Stadtmauer von Aventicum?,"[""73"", ""7"", ""730"", ""3""]","Die lange Mauer um die Stadt hatte 73 Türme. Ein Turm, die Tornallaz, wurde wieder aufgebaut.",Die Mauer von Aventicum hatte 73 Türme.,Aventicum,,ok
g_antike,1,Was sahen die Leute im Amphitheater von Aventicum?,"[""Gladiatorenkämpfe"", ""Kinofilme"", ""Fussballspiele"", ""Skirennen""]","Im Amphitheater kämpften Gladiatoren, und es gab Tierhatzen. Es fasste bis zu 16'000 Zuschauer.",Im Amphitheater kämpften Gladiatoren.,Aventicum,,ok
g_antike,1,Die hohe Säule in Aventicum heisst «Cigognier». Welcher Vogel nistete einst darauf?,"[""Der Storch"", ""Der Adler"", ""Die Taube"", ""Der Rabe""]",«Cigogne» ist das französische Wort für Storch. Auf der 12 Meter hohen Säule hatte lange ein Storch sein Nest.,Die Säule Cigognier ist nach dem Storch benannt.,Aventicum,,ok
g_antike,1,An welchem See liegt Aventicum ganz in der Nähe?,"[""Am Murtensee"", ""Am Zürichsee"", ""Am Bodensee"", ""Am Lago Maggiore""]",Aventicum hatte einen Hafen am Murtensee. Über Seen und Flüsse konnten Schiffe bis zum Rhein fahren.,Aventicum liegt nahe am Murtensee.,Aventicum,,ok
g_antike,1,Welchen römischen Kaiser zeigt die berühmte goldene Büste aus Avenches?,"[""Mark Aurel"", ""Julius Caesar"", ""Kaiser Nero"", ""Kaiser Augustus""]",Die Büste zeigt Kaiser Mark Aurel mit Bart und lockigem Haar. Er war ein römischer Kaiser.,Die goldene Büste aus Avenches zeigt Mark Aurel.,Goldbüste des Mark Aurel,,ok
g_antike,1,Aus welchem Metall besteht die Kaiserbüste aus Avenches vor allem?,"[""Aus Gold"", ""Aus Silber"", ""Aus Eisen"", ""Aus Kupfer""]",Die Büste besteht zu etwa 92 Prozent aus Gold. Das ist sehr selten für eine römische Büste.,Die Kaiserbüste aus Avenches ist aus Gold.,Goldbüste des Mark Aurel,,ok
g_antike,1,In welchem Jahr wurde die goldene Kaiserbüste in Avenches gefunden?,"[""1939"", ""1291"", ""1848"", ""2010""]",Arbeiter fanden die Büste am 19. April 1939. Es war eine riesige Überraschung.,Die goldene Büste wurde 1939 gefunden.,Goldbüste des Mark Aurel,,ok
g_antike,1,"Wo genau lag die goldene Kaiserbüste, als man sie fand?","[""In einem alten Abwasserkanal"", ""Auf einem Berggipfel"", ""Im Murtensee"", ""In einer Höhle""]",Die Büste lag in einem römischen Kanal unter einem Tempel. Vielleicht wurde sie dort vor Räubern versteckt.,Die Büste lag in einem römischen Kanal.,Goldbüste des Mark Aurel,,ok
g_antike,1,Wie schwer ist die goldene Büste von Mark Aurel ungefähr?,"[""Rund 1,6 kg"", ""Rund 16 g"", ""Rund 16 kg"", ""Rund 160 kg""]","Die Büste wiegt 1,589 Kilogramm. Das Gold ist dünn wie ein Blech getrieben.","Die Goldbüste wiegt etwa 1,6 Kilogramm.",Goldbüste des Mark Aurel,,ok
g_antike,1,Was ist eine Büste?,"[""Eine Figur von Kopf und Schultern"", ""Ein gemaltes Bild"", ""Eine ganze Reiterfigur"", ""Eine kleine Münze""]","Eine Büste zeigt nur den Kopf, den Hals und die Schultern eines Menschen. Den Rest des Körpers sieht man nicht.",Eine Büste zeigt Kopf und Schultern.,Goldbüste des Mark Aurel,,ok
g_antike,1,Wo liegt das Original der goldenen Büste von Mark Aurel heute?,"[""Im Tresor einer Bank"", ""In einem Museum in Rom"", ""Im Bundeshaus in Bern"", ""In einem Schloss in Paris""]",Das Original wird zur Sicherheit im Tresor einer Waadtländer Bank aufbewahrt. Im Römermuseum Avenches steht eine Kopie.,Das Original der Goldbüste liegt in einem Banktresor.,Goldbüste des Mark Aurel,,ok
g_antike,1,In welchem Jahrhundert regierte Kaiser Mark Aurel?,"[""Im 2. Jahrhundert n. Chr."", ""Im 1. Jahrhundert v. Chr."", ""Im 5. Jahrhundert n. Chr."", ""Im 10. Jahrhundert n. Chr.""]",Mark Aurel regierte von 161 bis 180 nach Christus. Das ist das 2. Jahrhundert.,Mark Aurel regierte im 2. Jahrhundert nach Christus.,Goldbüste des Mark Aurel,,ok
g_antike,1,Was war ein römischer Gutshof?,"[""Ein grosser Bauernhof"", ""Ein Soldatenlager"", ""Ein Tempel"", ""Ein Hafen""]",Auf einem Gutshof wurden Felder bebaut und Tiere gehalten. Dazu gehörten ein Wohnhaus und viele Nebengebäude.,Ein römischer Gutshof war ein grosser Bauernhof.,Villa rustica,,ok
g_antike,1,Wie heisst ein römischer Gutshof auf Lateinisch?,"[""Villa rustica"", ""Castrum"", ""Forum"", ""Thermae""]",«Villa rustica» bedeutet «Landhaus». In der Schweiz gab es viele solche Gutshöfe.,Ein Gutshof heisst auf Lateinisch Villa rustica.,Villa rustica,,ok
g_antike,1,Wie wurden reiche römische Gutshäuser im Winter geheizt?,"[""Mit einer Fussbodenheizung"", ""Mit einer Ölheizung"", ""Mit einer Wärmepumpe"", ""Mit Strom""]",Heisse Luft vom Feuer strömte unter dem Boden und in den Wänden durch. Diese Heizung nennt man Hypokaust.,Die Römer hatten schon eine Fussbodenheizung.,Villa rustica,,ok
g_antike,1,Welcher römische Gutshof im Kanton Zürich ist bekannt?,"[""Seeb bei Winkel"", ""Rütli bei Seelisberg"", ""Morgarten bei Ägeri"", ""Sempach bei Luzern""]",Der Gutshof Seeb liegt bei Winkel im Zürcher Unterland. Man kann die Mauern und ein kleines Museum besuchen.,In Seeb stand ein römischer Gutshof.,Villa rustica,,ok
g_antike,1,Wofür ist der römische Gutshof von Orbe-Boscéaz berühmt?,"[""Für seine Mosaike"", ""Für seine Burg"", ""Für seine Schiffe"", ""Für seine Uhren""]",In Orbe im Kanton Waadt sieht man prächtige Bodenbilder. Sie zeigen zum Beispiel Götter und Tiere.,In Orbe gibt es schöne römische Mosaike.,Villa rustica,,ok
g_antike,1,Woraus besteht ein römisches Mosaik?,"[""Aus kleinen Steinchen"", ""Aus Papierstreifen"", ""Aus Wollfäden"", ""Aus Holzbrettern""]",Ein Mosaik setzt man aus vielen kleinen bunten Steinchen zusammen. So entsteht ein Bild am Boden.,Ein Mosaik besteht aus kleinen Steinchen.,Villa rustica,,ok
g_antike,1,Wo wohnte der Besitzer eines römischen Gutshofs?,"[""Im Herrenhaus"", ""Im Stall"", ""Im Zelt"", ""In der Scheune""]",Der Besitzer lebte im schönen Haupthaus mit Bad und Heizung. Arbeiter und Tiere wohnten in anderen Gebäuden.,Der Besitzer wohnte im Herrenhaus.,Villa rustica,,ok
g_antike,1,Welche Pflanze verbreiteten die Römer in der Schweiz für ein Getränk?,"[""Die Weinrebe"", ""Die Kaffeepflanze"", ""Die Teepflanze"", ""Die Kakaopflanze""]","Die Römer tranken gern Wein und pflanzten Reben an. Kaffee, Tee und Kakao kamen erst viel später nach Europa.",Die Römer brachten den Weinbau voran.,Villa rustica,,ok
g_antike,1,"In welchem Kanton liegt der Julierpass, den schon die Römer benutzten?","[""Graubünden"", ""Wallis"", ""Tessin"", ""Bern""]",Der Julierpass liegt in Graubünden und ist 2284 Meter hoch. Er verbindet das Oberhalbstein mit dem Engadin.,Der Julierpass liegt in Graubünden.,Römerstrasse,,ok
g_antike,1,Was sieht man auf der Höhe des Julierpasses noch heute?,"[""Reste römischer Säulen"", ""Ein römisches Theater"", ""Ein Legionslager"", ""Eine römische Brücke""]",Neben der Passstrasse stehen Reste von Säulen. Sie gehörten zu einem römischen Heiligtum.,Auf dem Julierpass stehen Reste römischer Säulen.,Römerstrasse,,ok
g_antike,1,Welche Gegenden verbindet der Grosse St. Bernhard?,"[""Wallis und Italien"", ""Bern und Zürich"", ""Tessin und Graubünden"", ""Genf und Frankreich""]",Der Pass führt vom Wallis ins Aostatal in Italien. Für die Römer war er ein wichtiger Weg nach Gallien.,Der Grosse St. Bernhard verbindet das Wallis mit Italien.,Römerstrasse,,ok
g_antike,1,Welchem Gott war ein Tempel auf dem Grossen St. Bernhard geweiht?,"[""Jupiter"", ""Mars"", ""Neptun"", ""Venus""]",Die Kelten verehrten dort den Gott Poeninus. Die Römer setzten ihn mit Jupiter gleich.,Auf dem Grossen St. Bernhard stand ein Tempel für Jupiter.,Römerstrasse,,ok
g_antike,1,Wie hoch ist der Grosse St. Bernhard ungefähr?,"[""Rund 2'470 m"", ""Rund 470 m"", ""Rund 4'470 m"", ""Rund 8'470 m""]",Der Pass liegt auf 2469 Metern über Meer. Im Winter ist er wegen Schnee lange geschlossen.,Der Grosse St. Bernhard ist fast 2500 Meter hoch.,Römerstrasse,,ok
g_antike,1,Was zeigten die Meilensteine an römischen Strassen an?,"[""Die Entfernung"", ""Das Wetter"", ""Die Uhrzeit"", ""Die Preise""]","Meilensteine waren Steinsäulen am Strassenrand. Darauf stand, wie weit es bis zu einer bestimmten Stadt war.",Meilensteine zeigten die Entfernung an.,Römerstrasse,,ok
g_antike,1,Wie reisten die Menschen auf römischen Strassen?,"[""Zu Fuss, zu Pferd oder mit Wagen"", ""Mit dem Zug"", ""Mit dem Auto"", ""Mit dem Velo""]","Die Römer gingen zu Fuss, ritten oder fuhren mit Wagen. Züge, Autos und Velos gab es noch lange nicht.","Auf Römerstrassen reiste man zu Fuss, zu Pferd oder mit Wagen.",Römerstrasse,,ok
g_antike,1,Warum bauten die Römer gute Strassen über die Alpen?,"[""Damit Soldaten und Händler schnell reisten"", ""Damit Skifahrer hinaufkamen"", ""Damit Kühe auf die Alp konnten"", ""Damit Touristen Fotos machten""]",Auf guten Strassen kamen Soldaten und Waren schneller voran. So konnten die Römer ihr grosses Reich zusammenhalten.,Die Römer bauten Strassen für Soldaten und Handel.,Römerstrasse,,ok
g_antike,1,Wie heisst Turicum heute?,"[""Zürich"", ""Thun"", ""Tuggen"", ""Trogen""]",Der Name Zürich hat sich aus dem alten Namen Turicum entwickelt. Turicum war eine kleine Römersiedlung.,Turicum ist das heutige Zürich.,Turicum,,ok
g_antike,1,Was gab es in der Römersiedlung Turicum?,"[""Eine Zollstation"", ""Ein Legionslager"", ""Ein grosses Theater"", ""Einen Kaiserpalast""]",In Turicum mussten Händler Zoll für ihre Waren bezahlen. Hier verlief eine Grenze zwischen zwei römischen Provinzen.,In Turicum bezahlte man Zoll.,Turicum,,ok
g_antike,1,Auf welchem Hügel in Zürich stand ein römisches Kastell?,"[""Lindenhof"", ""Gurten"", ""Bachtel"", ""Rigi""]",Auf dem Lindenhof bauten die Römer eine Festung mit zehn Türmen. Heute ist dort ein Platz mit Bäumen.,Auf dem Lindenhof stand ein römisches Kastell.,Turicum,,ok
g_antike,1,Wo wurde der Name Turicum zum ersten Mal gefunden?,"[""Auf einem Grabstein"", ""Auf einer Münze"", ""In einem Brief"", ""Auf einer Landkarte""]",Man fand 1747 einen Grabstein für ein kleines Kind. Sein Vater war der Chef der Zollstelle.,Ein Grabstein nennt zum ersten Mal den Namen Turicum.,Turicum,,ok
g_antike,1,An welchem Fluss lag Turicum?,"[""An der Limmat"", ""An der Aare"", ""An der Rhone"", ""Am Ticino""]","Turicum lag dort, wo die Limmat aus dem Zürichsee fliesst. Dort konnte man gut Waren umladen.",Turicum lag an der Limmat.,Turicum,,ok
g_antike,1,Was fand man in Zürich beim Weinplatz aus der Römerzeit?,"[""Ein öffentliches Bad"", ""Ein Schiffswrack"", ""Ein Theater"", ""Ein Pferdestall""]",In der Thermengasse beim Weinplatz entdeckte man 1983 Reste römischer Bäder. Die Gasse heisst nach diesen Thermen.,Beim Weinplatz in Zürich stand ein römisches Bad.,Turicum,,ok
g_antike,1,Wie hoch war der Zürichsee zur Römerzeit im Vergleich zu heute?,"[""Etwa 2,5 m tiefer"", ""Etwa 2,5 m höher"", ""Etwa 25 m höher"", ""Genau gleich hoch""]","Der Wasserspiegel lag damals rund 2,5 Meter tiefer. Deshalb lagen einige Uferstellen trocken, die heute unter Wasser sind.",Zur Römerzeit lag der Zürichsee tiefer als heute.,Turicum,,ok
g_antike,1,Gegen wen sollte das römische Kastell in Zürich schützen?,"[""Gegen die Alamannen"", ""Gegen die Wikinger"", ""Gegen die Hunnen"", ""Gegen die Mongolen""]",Im 4. Jahrhundert griffen Alamannen das Römerreich an. Darum bauten die Römer feste Mauern um ihre Orte.,Das Kastell in Zürich schützte vor den Alamannen.,Turicum,,ok
g_antike,1,Welche Stadt hiess zur Römerzeit Lousonna?,"[""Lausanne"", ""Luzern"", ""Lugano"", ""Langenthal""]",Lousonna war eine Römersiedlung am Seeufer. Aus ihr entwickelte sich später Lausanne.,Lousonna ist das römische Lausanne.,Lousonna,,ok
g_antike,1,An welchem See lag Lousonna?,"[""Am Genfersee"", ""Am Thunersee"", ""Am Zugersee"", ""Am Walensee""]",Lousonna lag direkt am Ufer des Genfersees. Dort hatte es einen Hafen.,Lousonna lag am Genfersee.,Lousonna,,ok
g_antike,1,In welchem heutigen Quartier von Lausanne lag Lousonna?,"[""Vidy"", ""Ouchy"", ""Pully"", ""Renens""]",Die Ruinen von Lousonna liegen in Vidy am See. Dort gibt es auch ein Römermuseum.,Lousonna lag im heutigen Vidy.,Lousonna,,ok
g_antike,1,"Welche bekannte Organisation hat heute ihren Sitz dort, wo Lousonna lag?","[""Das Internationale Olympische Komitee"", ""Die UNO"", ""Das Rote Kreuz"", ""Die FIFA""]",Der Hauptsitz des Olympischen Komitees steht in Vidy. Darunter und daneben liegen Reste der Römersiedlung.,"Wo Lousonna lag, sitzt heute das Olympische Komitee.",Lousonna,,ok
g_antike,1,Wie wurden Waren zwischen Lousonna und anderen Orten am See oft transportiert?,"[""Mit Schiffen"", ""Mit der Eisenbahn"", ""Mit Lastwagen"", ""Mit Flugzeugen""]","Eine Inschrift von Schiffleuten zeigt, dass es Schiffsverkehr auf dem See gab. Auf dem Wasser kamen schwere Waren gut voran.",Die Römer transportierten Waren mit Schiffen über den See.,Lousonna,,ok
g_antike,1,"Welcher keltische Stamm wohnte in Genava, als Caesar kam?","[""Die Allobroger"", ""Die Wikinger"", ""Die Hunnen"", ""Die Vandalen""]",Genava gehörte damals zum Gebiet der Allobroger. Dieser Stamm stand schon unter römischer Herrschaft.,In Genava wohnten die Allobroger.,Genava,,ok
g_antike,1,Welcher Fluss fliesst in Genf aus dem See?,"[""Die Rhone"", ""Die Aare"", ""Die Limmat"", ""Der Inn""]",In Genf verlässt die Rhone den See. Sie fliesst dann weiter nach Frankreich.,In Genf fliesst die Rhone aus dem See.,Genava,,ok
g_antike,1,"Was liess Caesar 58 v. Chr. in Genava zerstören, um die Helvetier aufzuhalten?","[""Die Brücke"", ""Die Stadtmauer"", ""Den Hafen"", ""Den Tempel""]",Ohne Brücke konnten die Helvetier den Fluss nicht einfach überqueren. So versperrte Caesar ihnen den Weg.,Caesar liess in Genava die Brücke zerstören.,Genava,,ok
g_antike,1,In welchem berühmten Buch wird Genava zum ersten Mal erwähnt?,"[""In Caesars «Gallischem Krieg»"", ""In der «Odyssee»"", ""In der Bibel"", ""Im «Heidi»""]",Julius Caesar beschrieb seine Kriege in Gallien in einem Buch. Darin nennt er auch Genava.,Genava kommt in Caesars Buch über den Gallischen Krieg vor.,Genava,,ok
g_antike,1,Welche heutige Stadt hiess bei den Römern Vitudurum?,"[""Winterthur"", ""Wädenswil"", ""Wetzikon"", ""Willisau""]",Vitudurum war eine römische Siedlung im Quartier Oberwinterthur. Daraus wurde später Winterthur.,Vitudurum ist das heutige Winterthur.,Lateinische Ortsnamen,,ok
g_antike,1,Welche heutige Stadt hiess bei den Römern Salodurum?,"[""Solothurn"", ""Sion"", ""Sarnen"", ""Schwyz""]",Salodurum lag an der Aare. Aus dem Namen wurde mit der Zeit Solothurn.,Salodurum ist das heutige Solothurn.,Lateinische Ortsnamen,,ok
g_antike,1,Welche heutige Stadt hiess bei den Römern Curia?,"[""Chur"", ""Cham"", ""Carouge"", ""Chiasso""]",Curia war ein römischer Ort in Rätien. Heute ist Chur die Hauptstadt von Graubünden.,Curia ist das heutige Chur.,Lateinische Ortsnamen,,ok
g_antike,1,Welche heutige Stadt hiess bei den Römern Basilia?,"[""Basel"", ""Bern"", ""Biel"", ""Burgdorf""]",Basilia lag am Rhein auf dem Münsterhügel. Daraus entstand der Name Basel.,Basilia ist das heutige Basel.,Lateinische Ortsnamen,,ok
g_antike,1,Welche heutige Stadt im Wallis hiess bei den Römern Octodurus?,"[""Martigny"", ""Brig"", ""Visp"", ""Sierre""]",Octodurus lag am Weg zum Grossen St. Bernhard. Dort gibt es noch ein römisches Amphitheater.,Octodurus ist das heutige Martigny.,Lateinische Ortsnamen,,ok
g_antike,1,Welche heutige Stadt hiess bei den Römern Aquae Helveticae?,"[""Baden"", ""Bern"", ""Bülach"", ""Buchs""]","«Aquae» heisst «Wasser». In Baden gibt es warme Quellen, in denen schon die Römer badeten.",Aquae Helveticae ist das heutige Baden.,Lateinische Ortsnamen,,ok
g_antike,1,Welche heutige Stadt am Bodensee hiess bei den Römern Arbor Felix?,"[""Arbon"", ""Romanshorn"", ""Rorschach"", ""Kreuzlingen""]",Arbor Felix bedeutet «glücklicher Baum». Aus dem Namen wurde später Arbon.,Arbor Felix ist das heutige Arbon.,Lateinische Ortsnamen,,ok
g_antike,1,Welche heutige Stadt am Genfersee hiess bei den Römern Noviodunum?,"[""Nyon"", ""Morges"", ""Vevey"", ""Montreux""]","Noviodunum war ein keltischer Name. Die Römer gründeten dort eine Kolonie, aus der Nyon wurde.",Noviodunum ist das heutige Nyon.,Lateinische Ortsnamen,,ok
g_antike,1,Welche heutige Stadt hiess bei den Römern Eburodunum?,"[""Yverdon-les-Bains"", ""Estavayer-le-Lac"", ""Échallens"", ""Évolène""]",Eburodunum lag am Südende des Neuenburgersees. Heute heisst die Stadt Yverdon-les-Bains.,Eburodunum ist das heutige Yverdon-les-Bains.,Lateinische Ortsnamen,,ok
g_antike,1,Welcher heutige Ort hiess bei den Römern Tenedo?,"[""Bad Zurzach"", ""Bad Ragaz"", ""Bad Säckingen"", ""Bad Ems""]",Tenedo lag am Rhein und hatte einen wichtigen Übergang über den Fluss. Heute heisst der Ort Bad Zurzach.,Tenedo ist das heutige Bad Zurzach.,Lateinische Ortsnamen,,ok
g_mittelalter,1,"Wie nennt man einen Jungen, der mit etwa 7 Jahren auf einer Burg seine Ausbildung zum Ritter beginnt?","[""Page"", ""Schmied"", ""Mönch"", ""Müller""]",Die Ausbildung zum Ritter begann meist mit etwa 7 Jahren als Page. Der Page lebte am Hof eines Herrn und diente ihm.,Mit etwa 7 Jahren wurde ein Junge Page.,Knappe,,ok
g_mittelalter,1,"Wie heisst ein junger Mann, der einem Ritter dient und selbst Ritter werden will?","[""Knappe"", ""Bauer"", ""Händler"", ""Pfarrer""]",Der Knappe half einem Ritter und lernte von ihm das Kämpfen. Später konnte er selbst Ritter werden.,Ein Knappe dient einem Ritter und lernt von ihm.,Knappe,,ok
g_mittelalter,1,Mit etwa wie vielen Jahren wurde ein Page zum Knappen?,"[""mit etwa 14 Jahren"", ""mit etwa 4 Jahren"", ""mit etwa 30 Jahren"", ""mit etwa 50 Jahren""]",Mit etwa 14 Jahren wurde ein Page feierlich zum Knappen erhoben. Dann begann die Ausbildung mit Waffen.,Mit etwa 14 Jahren wurde ein Page zum Knappen.,Knappe,,ok
g_mittelalter,1,Was lernte ein Page am Hof zuerst?,"[""gutes Benehmen"", ""Felder pflügen"", ""Brot backen"", ""Schuhe nähen""]","Ein Page diente bei Tisch und lernte, sich am Hof richtig zu benehmen. Dazu kamen erste Übungen im Reiten.",Ein Page lernte zuerst gutes Benehmen am Hof.,Knappe,,ok
g_mittelalter,1,Wobei half ein Knappe seinem Ritter vor dem Kampf?,"[""beim Anziehen der Rüstung"", ""beim Kochen der Suppe"", ""beim Waschen der Wäsche"", ""beim Hüten der Schafe""]",Eine Rüstung konnte man kaum allein anziehen. Der Knappe half dem Ritter dabei und pflegte auch seine Waffen.,Der Knappe half dem Ritter in die Rüstung.,Knappe,,ok
g_mittelalter,1,Um welches Tier des Ritters musste sich ein Knappe kümmern?,"[""um das Pferd"", ""um die Katze"", ""um die Kuh"", ""um das Schwein""]","Der Knappe sorgte dafür, dass das Pferd seines Ritters gepflegt wurde. Im Kampf führte er oft auch ein Ersatzpferd mit.",Ein Knappe kümmerte sich um das Pferd seines Ritters.,Knappe,,ok
g_mittelalter,1,"Was reichte ein Knappe seinem Ritter im Turnier, wenn dessen Lanze zerbrochen war?","[""eine neue Lanze"", ""einen Becher Wein"", ""ein Kissen"", ""eine Laterne""]",Im Turnier und im Kampf brachte der Knappe dem Ritter neue Waffen. Besonders Lanzen brachen oft.,Der Knappe brachte seinem Ritter neue Waffen.,Knappe,,ok
g_mittelalter,1,Woher kommt das Wort «Knappe»?,"[""von «Knabe»"", ""von «knapp»"", ""von «Kappe»"", ""von «Knopf»""]",Das Wort «Knappe» kommt vom alten deutschen Wort für «Knabe». Ein Knabe ist ein Junge.,Das Wort Knappe ist mit dem Wort Knabe verwandt.,Knappe,,ok
g_mittelalter,1,"Wie heisst die Feier, bei der ein Knappe zum Ritter wird?","[""Ritterschlag"", ""Burgweihe"", ""Lanzenfest"", ""Ritterschmaus""]",Beim Ritterschlag wurde ein Knappe feierlich zum Ritter gemacht. Danach durfte er sich Ritter nennen.,Beim Ritterschlag wird ein Knappe zum Ritter.,Ritterschlag,,ok
g_mittelalter,1,Womit berührte der Herr beim Ritterschlag die Schulter des Knappen?,"[""mit einem Schwert"", ""mit einem Besen"", ""mit einer Krone"", ""mit einem Löffel""]",Der Herr legte die flache Seite seines Schwertes auf die Schulter des Knappen. Das war das Zeichen für den Ritterschlag.,Beim Ritterschlag berührt ein Schwert die Schulter.,Ritterschlag,,ok
g_mittelalter,1,Mit etwa wie vielen Jahren wurde ein Knappe zum Ritter geschlagen?,"[""mit etwa 21 Jahren"", ""mit etwa 8 Jahren"", ""mit etwa 45 Jahren"", ""mit etwa 70 Jahren""]",Ein Knappe konnte mit etwa 21 Jahren zum Ritter werden. Er musste sich vorher durch Mut und Treue bewährt haben.,Mit etwa 21 Jahren konnte ein Knappe Ritter werden.,Ritterschlag,,ok
g_mittelalter,1,Was tat der Knappe beim Ritterschlag vor seinem Herrn?,"[""Er kniete nieder."", ""Er tanzte im Kreis."", ""Er stieg auf einen Baum."", ""Er sang ein Kinderlied.""]",Der Knappe kniete vor seinem Herrn nieder. So zeigte er seinen Respekt.,Beim Ritterschlag kniet der Knappe nieder.,Ritterschlag,,ok
g_mittelalter,1,Was versprach ein neuer Ritter seinem Herrn?,"[""Treue"", ""Gold"", ""ein Haus"", ""ein Pferd""]","Der neue Ritter schwor, seinem Herrn treu zu dienen. Treue war für Ritter sehr wichtig.",Ein Ritter versprach seinem Herrn Treue.,Ritterschlag,,ok
g_mittelalter,1,Wer konnte einen Knappen zum Ritter schlagen?,"[""ein König oder ein Ritter"", ""ein Bauer"", ""ein Kind"", ""ein Händler""]","Nur wer selbst Ritter oder ein hoher Herr wie ein König war, durfte jemanden zum Ritter schlagen.",Nur ein Ritter oder ein Herrscher konnte jemanden zum Ritter schlagen.,Ritterschlag,,ok
g_mittelalter,1,Wer schlägt in Grossbritannien bis heute Menschen zum Ritter?,"[""der König"", ""der Bürgermeister"", ""der Schulleiter"", ""der Polizeichef""]","In Grossbritannien schlägt der König, Stand 2026 König Charles III., verdiente Menschen zum Ritter. Das ist heute eine Ehrung für besondere Leistungen.",In Grossbritannien gibt es den Ritterschlag bis heute.,Ritterschlag,,ok
g_mittelalter,1,"Welchen Titel bekommt ein Mann in Grossbritannien, wenn er zum Ritter geschlagen wird?","[""Sir"", ""Lord Mayor"", ""Professor"", ""Kapitän""]","Ein Mann, der in Grossbritannien zum Ritter geschlagen wird, heisst danach «Sir». Ein Beispiel ist der Musiker Sir Paul McCartney.",Ein britischer Ritter wird mit Sir angesprochen.,Ritterschlag,,ok
g_mittelalter,1,Was ist ein Wappen?,"[""ein Erkennungszeichen einer Familie"", ""ein Musikinstrument"", ""ein Kleid für Feste"", ""eine Burgmauer""]","Ein Wappen ist ein farbiges Zeichen. Es gehört zu einer Familie, einer Stadt oder einem Land.",Ein Wappen ist ein farbiges Erkennungszeichen.,Wappen,,ok
g_mittelalter,1,Warum malten Ritter ein Wappen auf ihren Schild?,"[""damit man sie erkennt"", ""damit der Schild leichter ist"", ""damit der Schild warm bleibt"", ""damit der Schild glänzt""]",In der Rüstung und mit Helm sah ein Ritter wie der andere aus. Am Wappen auf dem Schild konnte man ihn erkennen.,Am Wappen erkannte man einen Ritter in Rüstung.,Wappen,,ok
g_mittelalter,1,Was zeigt das Schweizer Wappen?,"[""ein weisses Kreuz auf Rot"", ""ein rotes Kreuz auf Weiss"", ""einen weissen Stern auf Blau"", ""einen roten Bären auf Gelb""]",Das Schweizer Wappen zeigt ein weisses Kreuz auf rotem Grund. Das gleiche Zeichen sieht man auf der Schweizer Fahne.,Das Schweizer Wappen hat ein weisses Kreuz auf Rot.,Wappen,,ok
g_mittelalter,1,Welches Tier ist im Wappen von Bern?,"[""ein Bär"", ""ein Löwe"", ""ein Adler"", ""ein Steinbock""]",Im Berner Wappen geht ein schwarzer Bär. Der Bär ist das Wappentier von Stadt und Kanton Bern.,Der Bär ist das Wappentier von Bern.,Wappen,,ok
g_mittelalter,1,Was zeigt das Wappen des Kantons Uri?,"[""einen Stierkopf"", ""einen Fisch"", ""einen Schlüssel"", ""eine Krone""]",Das Wappen von Uri zeigt einen schwarzen Stierkopf auf gelbem Grund. Man nennt ihn den Uristier.,Im Wappen von Uri ist ein Stierkopf.,Wappen,,ok
g_mittelalter,1,Welches Tier kommt in Wappen am häufigsten vor?,"[""der Löwe"", ""die Maus"", ""der Igel"", ""die Schnecke""]",Der Löwe ist das häufigste Wappentier. Er steht für Mut und Stärke.,Der Löwe ist das häufigste Tier in Wappen.,Wappen,,ok
g_mittelalter,1,Was zeigt das Wappen des Kantons Basel-Stadt?,"[""einen schwarzen Baselstab"", ""einen roten Löwen"", ""einen blauen Fisch"", ""einen grünen Baum""]",Das Wappen von Basel-Stadt zeigt einen schwarzen Baselstab auf Weiss. Der Stab erinnert an den Bischof von Basel.,Basel-Stadt hat einen schwarzen Baselstab im Wappen.,Wappen,,ok
g_mittelalter,1,Welche Form hat ein Wappen meistens?,"[""die Form eines Schildes"", ""die Form eines Sterns"", ""die Form eines Herzens"", ""die Form eines Rades""]",Wappen entstanden auf den Schilden der Ritter. Deshalb haben sie bis heute meistens die Form eines Schildes.,Ein Wappen hat meistens die Form eines Schildes.,Wappen,,ok
g_mittelalter,1,Wie nennt man einen Wettkampf von Rittern im Mittelalter?,"[""Turnier"", ""Regatta"", ""Marathon"", ""Konzert""]",Bei einem Turnier kämpften Ritter vor Zuschauern gegeneinander. Es war ein grosses Fest.,Ein Turnier war ein Wettkampf der Ritter.,Ritterturnier,,ok
g_mittelalter,1,"Womit versuchten zwei Ritter beim Lanzenstechen, den Gegner vom Pferd zu stossen?","[""mit einer Lanze"", ""mit einem Seil"", ""mit einem Netz"", ""mit einem Hammer""]",Beim Lanzenstechen ritten zwei Ritter aufeinander zu. Mit der langen Lanze wollten sie den Gegner treffen oder aus dem Sattel heben.,Beim Lanzenstechen kämpfen Ritter mit Lanzen.,Ritterturnier,,ok
g_mittelalter,1,Warum hatten Turnierlanzen oft eine stumpfe Spitze?,"[""damit sich niemand schwer verletzt"", ""damit sie schneller fliegen"", ""damit sie schöner klingen"", ""damit man sie werfen kann""]","Im Turnier sollte niemand getötet werden. Darum waren die Lanzen oft stumpf, trotzdem gab es Verletzungen.","Turnierlanzen waren stumpf, damit niemand schwer verletzt wurde.",Ritterturnier,,ok
g_mittelalter,1,Was trennte die beiden Reiter beim späteren Lanzenstechen?,"[""eine Schranke aus Holz"", ""ein Graben mit Wasser"", ""eine hohe Steinmauer"", ""ein Zaun aus Dornen""]",Später wurde zwischen den Reitern eine Holzschranke aufgestellt. So konnten die Pferde nicht zusammenstossen.,Eine Holzschranke trennte die Reiter beim Lanzenstechen.,Ritterturnier,,ok
g_mittelalter,1,Was musste ein besiegter Ritter dem Sieger im Turnier oft abgeben?,"[""Pferd und Rüstung"", ""seine Burg"", ""seine Kinder"", ""sein Land""]",Ein besiegter Ritter musste dem Sieger oft sein Pferd und seine Rüstung überlassen. Er konnte sie auch mit Geld zurückkaufen.,"Wer im Turnier verlor, musste oft Pferd und Rüstung abgeben.",Ritterturnier,,ok
g_mittelalter,1,Wozu dienten Turniere den Rittern auch?,"[""zum Üben für den Krieg"", ""zum Lernen von Rechnen"", ""zum Ernten von Getreide"", ""zum Bauen von Häusern""]",Im Turnier übten die Ritter das Kämpfen zu Pferd. So waren sie für den Krieg vorbereitet.,Im Turnier übten Ritter für den Krieg.,Ritterturnier,,ok
g_mittelalter,1,"Was bekam ein Ritter manchmal von einer Dame, bevor er im Turnier antrat?","[""ein Tuch als Zeichen"", ""einen Schlüssel zur Burg"", ""eine Schüssel Brei"", ""einen Sack Mehl""]",Eine Dame schenkte einem Ritter manchmal ein Tuch oder einen Ärmel. Der Ritter trug es im Turnier als Zeichen ihrer Gunst.,Ein Ritter trug im Turnier manchmal ein Tuch seiner Dame.,Ritterturnier,,ok
g_mittelalter,1,"Wie nennt man einen Turnierkampf, bei dem viele Ritter in Gruppen gegeneinander kämpfen?","[""Buhurt"", ""Ritterschlag"", ""Minnesang"", ""Tafelrunde""]",Beim Buhurt ritten zwei Gruppen von Reitern aufeinander zu. Sie kämpften meist mit stumpfen Waffen.,Beim Buhurt kämpften Gruppen von Rittern gegeneinander.,Ritterturnier,,ok
g_mittelalter,1,Woraus besteht ein Kettenhemd?,"[""aus vielen kleinen Eisenringen"", ""aus dicker Schafwolle"", ""aus festem Holz"", ""aus gefaltetem Papier""]",Ein Kettenhemd besteht aus tausenden kleinen Eisenringen. Jeder Ring ist mit mehreren anderen verbunden.,Ein Kettenhemd besteht aus vielen kleinen Eisenringen.,Kettenhemd,,ok
g_mittelalter,1,Was trug ein Ritter unter dem Kettenhemd?,"[""ein gepolstertes Hemd"", ""ein Hemd aus Stroh"", ""ein Netz aus Seil"", ""einen Mantel aus Fell""]",Unter dem Kettenhemd trug man ein dick gepolstertes Hemd. Es dämpfte Schläge und schützte die Haut vor den Ringen.,Unter dem Kettenhemd trug man ein gepolstertes Hemd.,Kettenhemd,,ok
g_mittelalter,1,Wovor schützte ein Kettenhemd besonders gut?,"[""vor Schnitten mit dem Schwert"", ""vor Regen"", ""vor Kälte"", ""vor Hitze""]",Die Eisenringe hielten die Schneide eines Schwertes gut ab. Gegen harte Schläge half vor allem die Polsterung darunter.,Ein Kettenhemd schützte vor Schnitten.,Kettenhemd,,ok
g_mittelalter,1,Wie schwer war ein Kettenhemd etwa?,"[""etwa 15 Kilogramm"", ""etwa 1 Kilogramm"", ""etwa 100 Kilogramm"", ""etwa 300 Kilogramm""]",Ein einfaches Kettenhemd mit kurzen Ärmeln wog etwa 15 Kilogramm. Das Gewicht verteilte sich auf den ganzen Körper.,Ein Kettenhemd wog etwa 15 Kilogramm.,Kettenhemd,,ok
g_mittelalter,1,Wie heisst die spätere Rüstung aus grossen Metallplatten?,"[""Plattenrüstung"", ""Strohpanzer"", ""Lederschürze"", ""Wollmantel""]",Im späten Mittelalter trugen Ritter Rüstungen aus grossen Stahlplatten. Man nennt sie Plattenrüstung.,Später trugen Ritter eine Plattenrüstung aus Metall.,Kettenhemd,,ok
g_mittelalter,1,"Wie heisst ein Ritterhelm, der wie ein umgedrehter Topf aussieht?","[""Topfhelm"", ""Kochhelm"", ""Eimerhelm"", ""Tassenhelm""]",Der Topfhelm bedeckte den ganzen Kopf. Er sieht aus wie ein umgedrehter Topf.,Der Topfhelm sieht aus wie ein umgedrehter Topf.,Helm,,ok
g_mittelalter,1,Wozu hatte ein Topfhelm schmale Schlitze vorne?,"[""zum Hindurchsehen"", ""zum Essen"", ""zum Singen"", ""zum Aufhängen""]",Durch die schmalen Sehschlitze konnte der Ritter nach draussen schauen. Kleine Löcher halfen beim Atmen.,Durch die Schlitze im Helm konnte der Ritter sehen.,Helm,,ok
g_mittelalter,1,"Wie heisst der Teil eines Helms, den man vor dem Gesicht hochklappen kann?","[""Visier"", ""Kragen"", ""Zipfel"", ""Henkel""]","Das Visier schützt das Gesicht. Man kann es hochklappen, um besser zu sehen und zu atmen.",Das Visier ist der klappbare Gesichtsschutz am Helm.,Helm,,ok
g_mittelalter,1,Was schützte bei einem frühen Ritterhelm die Nase?,"[""ein Metallstreifen"", ""ein Stück Stoff"", ""eine Feder"", ""ein Lederband""]",Frühe Helme hatten vorne einen Metallstreifen über der Nase. Man nennt ihn Nasal.,Ein Metallstreifen am Helm schützte die Nase.,Helm,,ok
g_mittelalter,1,"Wie nennt man das starke Pferd, mit dem ein Ritter in den Kampf ritt?","[""Schlachtross"", ""Packesel"", ""Zugochse"", ""Ackergaul""]","Das Schlachtross war ein starkes, gut ausgebildetes Kampfpferd. Es musste einen Ritter in Rüstung tragen können.",Ein Ritter ritt auf einem Schlachtross in den Kampf.,Schlachtross,,ok
g_mittelalter,1,Wie teuer war ein gutes Schlachtross?,"[""sehr teuer"", ""ganz billig"", ""gratis"", ""so teuer wie ein Brot""]",Ein gutes Schlachtross kostete sehr viel Geld. Nur reiche Leute konnten sich ein solches Pferd leisten.,Ein Schlachtross war sehr teuer.,Schlachtross,,ok
g_mittelalter,1,Waren Schlachtrösser meistens Hengste oder Stuten?,"[""meistens Hengste"", ""meistens Stuten"", ""immer Fohlen"", ""immer Ponys""]",Als Schlachtross nahm man meistens Hengste. Sie galten als kräftig und mutig.,Schlachtrösser waren meistens Hengste.,Schlachtross,,ok
g_mittelalter,1,Womit trieb ein Ritter sein Pferd an den Fersen an?,"[""mit Sporen"", ""mit Glocken"", ""mit Handschuhen"", ""mit Pfeifen""]",Sporen sind kleine Metallteile an den Stiefeln. Mit ihnen gab der Ritter dem Pferd Zeichen.,Mit Sporen trieb ein Ritter sein Pferd an.,Schlachtross,,ok
g_mittelalter,1,"Was half einem Ritter, beim Lanzenstoss fest auf dem Pferd zu bleiben?","[""die Steigbügel"", ""die Mähne"", ""der Schweif"", ""die Hufeisen""]",In den Steigbügeln konnte der Ritter seine Füsse fest abstützen. So fiel er beim Stoss mit der Lanze weniger leicht herunter.,Die Steigbügel gaben dem Ritter festen Halt.,Schlachtross,,ok
g_mittelalter,1,Was musste ein Schlachtross in der Ausbildung lernen?,"[""im Kampflärm ruhig zu bleiben"", ""über Zäune zu fliegen"", ""Kunststücke im Zirkus zu machen"", ""Wagen zu ziehen""]",Ein Schlachtross durfte bei Lärm und Getümmel nicht davonrennen. Deshalb wurde es lange trainiert.,"Ein Schlachtross lernte, im Lärm ruhig zu bleiben.",Schlachtross,,ok
g_mittelalter,1,Was trug ein Schlachtross manchmal zum Schutz?,"[""eine eigene Rüstung"", ""eine Wollmütze"", ""einen Regenschirm"", ""ein Glöckchen""]",Manche Schlachtrösser trugen eine Rüstung aus Metall oder Leder. Sie schützte vor allem Kopf und Brust.,Auch Pferde trugen manchmal eine Rüstung.,Schlachtross,,ok
g_mittelalter,1,"Was trug ein Pferd oft, auf dem das Wappen des Ritters zu sehen war?","[""eine bunte Stoffdecke"", ""einen Strohhut"", ""einen Korb"", ""ein Halsband aus Gold""]",Über dem Pferd lag oft eine bunte Decke mit dem Wappen. So erkannte man den Ritter schon von weitem.,Die Pferdedecke zeigte oft das Wappen des Ritters.,Schlachtross,,ok
g_mittelalter,1,Warum ritt ein Ritter auf Reisen oft ein anderes Pferd als sein Schlachtross?,"[""um das Schlachtross zu schonen"", ""weil das Schlachtross Angst hatte"", ""weil das Schlachtross zu klein war"", ""weil Schlachtrösser nicht laufen konnten""]",Das wertvolle Schlachtross sollte für den Kampf ausgeruht sein. Auf Reisen ritt der Ritter deshalb ein anderes Pferd.,Das Schlachtross wurde für den Kampf geschont.,Schlachtross,,ok
g_mittelalter,1,Was ist eine Tugend?,"[""eine gute Eigenschaft"", ""ein schweres Schwert"", ""ein Teil der Burg"", ""eine Krankheit""]",Eine Tugend ist eine gute Eigenschaft eines Menschen. Ritter sollten viele Tugenden haben.,Eine Tugend ist eine gute Eigenschaft.,Ritterliche Tugenden,,ok
g_mittelalter,1,Was bedeutete die Tugend «Treue» für einen Ritter?,"[""zu seinem Herrn halten"", ""viel Gold sammeln"", ""schnell reiten"", ""laut singen""]","Treue bedeutete, seinem Herrn und seinem Wort immer verbunden zu bleiben. Ein treuer Ritter liess seinen Herrn nicht im Stich.","Treue heisst, zu seinem Herrn zu halten.",Ritterliche Tugenden,,ok
g_mittelalter,1,Wen sollte ein Ritter beschützen?,"[""Schwache und Arme"", ""nur reiche Leute"", ""nur sich selbst"", ""nur sein Pferd""]","Ein guter Ritter sollte Schwachen, Armen, Witwen und Waisen helfen. So stand es in den Idealen des Rittertums.",Ein Ritter sollte Schwache beschützen.,Ritterliche Tugenden,,ok
g_mittelalter,1,Von welchem Wort kommt das Wort «höflich»?,"[""von «Hof»"", ""von «hoffen»"", ""von «Höhle»"", ""von «hoch»""]",Am Hof eines Fürsten musste man sich gut benehmen. Darum kommt «höflich» vom Wort «Hof».,Das Wort höflich kommt vom Wort Hof.,Ritterliche Tugenden,,ok
g_mittelalter,1,"Welche Tugend bedeutet, in Gefahr mutig zu sein?","[""Tapferkeit"", ""Faulheit"", ""Neugier"", ""Eitelkeit""]","Tapferkeit heisst, in Gefahr mutig zu handeln. Diese Tugend war für Ritter sehr wichtig.",Tapferkeit bedeutet Mut in der Gefahr.,Ritterliche Tugenden,,ok
g_mittelalter,1,"Welche Tugend bedeutet, das richtige Mass zu halten und nicht zu übertreiben?","[""Mässigung"", ""Gier"", ""Hochmut"", ""Eile""]","Mässigung bedeutet, beim Essen, Trinken und im Zorn nicht zu übertreiben. Im Mittelalter nannte man das «mâze».","Mässigung heisst, das richtige Mass zu halten.",Ritterliche Tugenden,,ok
g_mittelalter,1,"Welche Tugend bedeutet, gern zu schenken und zu teilen?","[""Freigebigkeit"", ""Geiz"", ""Neid"", ""Stolz""]",Ein edler Ritter sollte grosszügig sein und anderen etwas abgeben. Diese Tugend heisst Freigebigkeit.,"Freigebigkeit bedeutet, gern zu teilen.",Ritterliche Tugenden,,ok
g_mittelalter,1,"Was verlor ein Ritter, wenn er feige war oder sein Wort brach?","[""seine Ehre"", ""seine Haare"", ""seine Stimme"", ""seine Zähne""]","Die Ehre war für einen Ritter sehr wichtig. Wer feige war oder log, wurde von den anderen nicht mehr geachtet.",Ein Ritter wollte seine Ehre nicht verlieren.,Ritterliche Tugenden,,ok
g_mittelalter,1,Wer ist ein Burgfräulein?,"[""die unverheiratete Tochter eines Burgherrn"", ""die Köchin der Burg"", ""die Frau eines Bauern"", ""eine Nonne im Kloster""]","Ein Burgfräulein ist die Tochter eines Burgherrn, die noch nicht verheiratet ist. Sie lebte mit ihrer Familie auf der Burg.",Ein Burgfräulein ist eine unverheiratete Tochter auf der Burg.,Burgfräulein,,ok
g_mittelalter,1,Was lernten Mädchen auf einer Burg oft?,"[""Spinnen und Sticken"", ""Schwertkampf"", ""Hufeisen schmieden"", ""Mauern bauen""]","Mädchen auf der Burg lernten Handarbeiten wie Spinnen, Weben und Sticken. Dazu kam gutes Benehmen.",Burgfräulein lernten oft Spinnen und Sticken.,Burgfräulein,,ok
g_mittelalter,1,Wie nennt man die Ehefrau eines Burgherrn?,"[""Burgherrin"", ""Burgwächterin"", ""Burgbäckerin"", ""Burgmagd""]",Die Ehefrau des Burgherrn heisst Burgherrin. Sie hatte auf der Burg viel zu sagen.,Die Frau des Burgherrn heisst Burgherrin.,Burgfräulein,,ok
g_mittelalter,1,"Wer leitete oft die Burg, wenn der Burgherr im Krieg war?","[""die Burgherrin"", ""der Koch"", ""der Schmied"", ""der jüngste Page""]","War der Burgherr weg, führte oft seine Frau die Burg. Sie sorgte für Vorräte, Diener und Ordnung.","Die Burgherrin leitete oft die Burg, wenn ihr Mann fort war.",Burgfräulein,,ok
g_mittelalter,1,"Wer bestimmte meist, wen ein Burgfräulein heiraten sollte?","[""ihre Familie"", ""ihre Freundin"", ""der Hofnarr"", ""der Stallknecht""]","Bei adligen Familien wurde die Heirat oft von den Eltern bestimmt. Dabei ging es um Land, Macht und Bündnisse.","Meist bestimmte die Familie, wen ein Burgfräulein heiratete.",Burgfräulein,,ok
g_mittelalter,1,Welches Brettspiel spielten Adlige auf der Burg gern?,"[""Schach"", ""Domino"", ""Bingo"", ""Sudoku""]",Schach kam im Mittelalter nach Europa und wurde beim Adel sehr beliebt. Auch adlige Frauen spielten oft Schach.,Schach war bei Adligen im Mittelalter beliebt.,Burgfräulein,,ok
g_mittelalter,1,Welchen Hut tragen Burgfräulein auf Bildern aus dem späten Mittelalter oft?,"[""einen hohen spitzen Hut"", ""einen Helm mit Federn"", ""eine Wollmütze"", ""einen Strohhut""]","Im späten Mittelalter trugen edle Frauen manchmal einen hohen, spitzen Hut. Oft hing daran ein feiner Schleier.",Edle Frauen trugen manchmal einen hohen spitzen Hut.,Burgfräulein,,ok
g_mittelalter,1,Was konnten adlige Frauen im Mittelalter oft besser als viele Ritter?,"[""lesen"", ""schmieden"", ""jagen"", ""pflügen""]","Viele adlige Frauen lernten lesen, zum Beispiel in Gebetbüchern. Viele Ritter konnten dagegen nicht lesen.",Viele adlige Frauen konnten lesen.,Burgfräulein,,ok
g_mittelalter,1,Was war ein Herold?,"[""ein Bote und Ausrufer eines Herrschers"", ""ein Koch auf der Burg"", ""ein Bauer im Dorf"", ""ein Dieb im Wald""]",Ein Herold überbrachte Botschaften seines Herrn. Er rief auch wichtige Nachrichten öffentlich aus.,Ein Herold war ein Bote und Ausrufer.,Herold,,ok
g_mittelalter,1,Wer kannte sich im Mittelalter besonders gut mit Wappen aus?,"[""der Herold"", ""der Müller"", ""der Fischer"", ""der Hirte""]","Der Herold musste die Wappen der Ritter kennen. So wusste er, wer im Turnier oder auf dem Schlachtfeld war.",Ein Herold kannte die Wappen der Ritter.,Herold,,ok
g_mittelalter,1,Was rief der Herold beim Turnier aus?,"[""die Namen der Ritter"", ""die Preise für Brot"", ""das Wetter"", ""die Uhrzeit""]",Beim Turnier stellte der Herold die Ritter vor und rief ihre Namen aus. Er achtete auch auf die Regeln.,Beim Turnier rief der Herold die Namen der Ritter aus.,Herold,,ok
g_mittelalter,1,Welches Wort für Wappenkunde kommt vom Wort «Herold»?,"[""Heraldik"", ""Harmonie"", ""Herbarium"", ""Hektik""]","Die Wappenkunde heisst Heraldik. Der Name kommt von den Herolden, die sich mit Wappen auskannten.",Die Heraldik ist nach dem Herold benannt.,Herold,,ok
g_mittelalter,1,"Was galt für einen Herold, der eine Botschaft zum Feind brachte?","[""Man durfte ihm nichts tun."", ""Man musste ihn einsperren."", ""Man durfte ihn verjagen."", ""Man musste ihn bestrafen.""]","Ein Herold galt als unverletzlich. Auch der Feind durfte ihm nichts antun, damit Botschaften sicher ankamen.",Einem Herold durfte man nichts antun.,Herold,,ok
g_mittelalter,1,Was trug ein Herold über seiner Kleidung?,"[""einen Rock mit dem Wappen seines Herrn"", ""ein Kettenhemd aus Gold"", ""einen Bärenpelz"", ""eine Mönchskutte""]","Der Herold trug einen Wappenrock mit dem Wappen seines Herrn. So sah jeder, in wessen Auftrag er kam.",Ein Herold trug das Wappen seines Herrn.,Herold,,ok
g_mittelalter,1,Womit wurde ein Herold oft angekündigt?,"[""mit Trompeten"", ""mit Glockenspiel"", ""mit Trommeln aus Holz"", ""mit Flöten aus Knochen""]","Bevor der Herold sprach, bliesen oft Trompeter. So hörten alle zu.",Trompeten kündigten oft den Herold an.,Herold,,ok
g_mittelalter,1,Wo verkündete ein Herold oft Befehle des Herrschers?,"[""auf dem Marktplatz"", ""im Keller"", ""im Wald"", ""im Brunnen""]",Auf dem Marktplatz kamen viele Menschen zusammen. Dort rief der Herold Befehle und Neuigkeiten aus.,Der Herold verkündete Neuigkeiten auf dem Marktplatz.,Herold,,ok
g_mittelalter,1,Wie heisst der runde Tisch von König Artus und seinen Rittern?,"[""Tafelrunde"", ""Ritterbank"", ""Königstafel"", ""Schwerttisch""]",König Artus sass mit seinen Rittern an der Tafelrunde. An einem runden Tisch war keiner wichtiger als der andere.,An der Tafelrunde waren alle Ritter gleich wichtig.,König Artus,,ok
g_mittelalter,1,Wie heisst das berühmte Schwert von König Artus?,"[""Excalibur"", ""Durendal"", ""Balmung"", ""Joyeuse""]",Excalibur ist das Zauberschwert von König Artus. In manchen Erzählungen erhielt er es von der Herrin vom See.,Das Schwert von König Artus heisst Excalibur.,König Artus,,ok
g_mittelalter,1,Woraus zog der junge Artus in der Sage ein Schwert?,"[""aus einem Stein"", ""aus einem Baum"", ""aus einem Brunnen"", ""aus einem Feuer""]",Nur der wahre König konnte das Schwert aus dem Stein ziehen. Der junge Artus schaffte es.,Artus zog das Schwert aus dem Stein.,König Artus,,ok
g_mittelalter,1,"Wie heisst der Zauberer, der König Artus hilft?","[""Merlin"", ""Gandalf"", ""Petrosilius Zwackelmann"", ""Faust""]",Merlin ist der weise Zauberer in den Artussagen. Er beriet König Artus.,Merlin ist der Zauberer von König Artus.,König Artus,,ok
g_mittelalter,1,Wie heisst die Burg von König Artus?,"[""Camelot"", ""Avalon"", ""Windsor"", ""Nottingham""]",Camelot ist die Burg und der Hof von König Artus. Dort stand auch die Tafelrunde.,Die Burg von König Artus heisst Camelot.,König Artus,,ok
g_mittelalter,1,Wie heisst die Frau von König Artus?,"[""Guinevere"", ""Morgana"", ""Marian"", ""Isolde""]",Guinevere ist die Königin und Frau von Artus. Im Deutschen heisst sie auch Ginover.,Guinevere ist die Frau von König Artus.,König Artus,,ok
g_mittelalter,1,Welcher Ritter der Tafelrunde verliebte sich in die Königin?,"[""Lancelot"", ""Robin"", ""Siegfried"", ""Wilhelm""]",Lancelot war einer der besten Ritter von Artus. Er verliebte sich in Königin Guinevere.,Lancelot liebte die Frau von König Artus.,König Artus,,ok
g_mittelalter,1,Was suchten die Ritter der Tafelrunde in vielen Geschichten?,"[""den Heiligen Gral"", ""einen Goldschatz"", ""einen Drachen"", ""eine Zauberkrone""]",Der Heilige Gral ist ein geheimnisvolles Gefäss. Viele Ritter der Tafelrunde machten sich auf die Suche danach.,Die Ritter von Artus suchten den Heiligen Gral.,König Artus,,ok
g_mittelalter,1,Aus welchem Land stammen die Sagen von König Artus?,"[""aus Britannien"", ""aus Italien"", ""aus Spanien"", ""aus Russland""]",Die Artussagen stammen aus Britannien. Später wurden sie in ganz Europa erzählt.,Die Sagen von König Artus kommen aus Britannien.,König Artus,,ok
g_mittelalter,1,In welchem Wald lebte Robin Hood?,"[""im Sherwood Forest"", ""im Schwarzwald"", ""im Sihlwald"", ""im Bayerischen Wald""]",Robin Hood lebte mit seinen Freunden im Sherwood Forest. Dieser Wald liegt bei der Stadt Nottingham.,Robin Hood lebte im Sherwood Forest.,Robin Hood,,ok
g_mittelalter,1,"Wem nahm Robin Hood in den Geschichten Geld weg, um es den Armen zu geben?","[""den Reichen"", ""den Kindern"", ""den Armen"", ""den Tieren""]",Robin Hood nahm den Reichen Geld ab und gab es den Armen. Darum ist er ein Held in vielen Geschichten.,Robin Hood nahm von den Reichen und gab den Armen.,Robin Hood,,ok
g_mittelalter,1,Mit welcher Waffe war Robin Hood besonders gut?,"[""mit Pfeil und Bogen"", ""mit der Axt"", ""mit der Steinschleuder"", ""mit dem Speer""]",Robin Hood war ein sehr guter Bogenschütze. Er traf mit seinen Pfeilen fast immer.,Robin Hood war ein Meister mit Pfeil und Bogen.,Robin Hood,,ok
g_mittelalter,1,Wer ist der grosse Gegenspieler von Robin Hood?,"[""der Sheriff von Nottingham"", ""der Zauberer Merlin"", ""König Artus"", ""Wilhelm Tell""]",Der Sheriff von Nottingham will Robin Hood fangen. Er ist in den Geschichten sein grösster Feind.,Der Sheriff von Nottingham jagt Robin Hood.,Robin Hood,,ok
g_mittelalter,1,Wie heisst die Freundin von Robin Hood?,"[""Marian"", ""Guinevere"", ""Rapunzel"", ""Isolde""]",Maid Marian ist die Freundin von Robin Hood. In manchen Geschichten heisst sie Lady Marian.,Marian ist die Freundin von Robin Hood.,Robin Hood,,ok
g_mittelalter,1,Was bedeutet der Name «Little John» auf Deutsch?,"[""Kleiner John"", ""Lustiger John"", ""Starker John"", ""Junger John""]","Little John heisst übersetzt «Kleiner John». Der Name ist ein Witz, denn er war ein Riese.",Little John war in Wahrheit sehr gross.,Robin Hood,,ok
g_mittelalter,1,"Welcher Freund von Robin Hood ist ein dicker, fröhlicher Mönch?","[""Bruder Tuck"", ""Little John"", ""Merlin"", ""Lancelot""]","Bruder Tuck ist ein Mönch, der mit Robin Hood im Wald lebt. Er isst und lacht gern.",Bruder Tuck ist der Mönch bei Robin Hood.,Robin Hood,,ok
g_mittelalter,1,Welche Farbe haben die Kleider von Robin Hood meistens?,"[""grün"", ""rot"", ""gelb"", ""weiss""]",Robin Hood trägt meistens grüne Kleider. So ist er im Wald gut versteckt.,Robin Hood trägt grüne Kleider.,Robin Hood,,ok
g_mittelalter,1,In welchem Land spielen die Geschichten von Robin Hood?,"[""in England"", ""in Frankreich"", ""in der Schweiz"", ""in Österreich""]",Die Geschichten von Robin Hood spielen in England. Die Stadt Nottingham liegt dort.,Robin Hood ist ein Held aus England.,Robin Hood,,ok
g_mittelalter,1,Was ist ein Minnesänger?,"[""ein Dichter und Sänger von Liebesliedern"", ""ein Koch auf der Burg"", ""ein Kämpfer mit der Lanze"", ""ein Wächter am Burgtor""]",Ein Minnesänger dichtete Lieder und trug sie selbst vor. Er war Dichter und Sänger zugleich.,Ein Minnesänger sang Liebeslieder.,Minnesang,,ok
g_mittelalter,1,Was bedeutet das alte Wort «Minne»?,"[""Liebe"", ""Krieg"", ""Essen"", ""Schlaf""]",«Minne» ist ein altes deutsches Wort für Liebe. Minnesang bedeutet also Liebesgesang.,Minne ist ein altes Wort für Liebe.,Minnesang,,ok
g_mittelalter,1,Für wen sang ein Minnesänger seine Lieder meistens?,"[""für eine edle Dame"", ""für seine Pferde"", ""für die Bauern auf dem Feld"", ""für die Fische im See""]",Der Minnesänger lobte in seinen Liedern eine edle Dame. Oft war sie unerreichbar für ihn.,Minnesänger sangen für eine edle Dame.,Minnesang,,ok
g_mittelalter,1,Wie heisst der wohl berühmteste Minnesänger?,"[""Walther von der Vogelweide"", ""Wolfgang Amadeus Mozart"", ""Ludwig van Beethoven"", ""Johann Sebastian Bach""]",Walther von der Vogelweide lebte um 1200. Er gilt als der berühmteste Minnesänger.,Walther von der Vogelweide war ein berühmter Minnesänger.,Minnesang,,ok
g_mittelalter,1,In welcher Schweizer Stadt entstand die berühmte Liederhandschrift «Codex Manesse»?,"[""in Zürich"", ""in Genf"", ""in Lugano"", ""in Chur""]",Der Codex Manesse wurde um 1300 in Zürich geschrieben. Er enthält Lieder und bunte Bilder von vielen Minnesängern.,Der Codex Manesse entstand in Zürich.,Minnesang,,ok
g_mittelalter,1,Wo wird der Codex Manesse heute aufbewahrt?,"[""in Heidelberg"", ""in Zürich"", ""in Paris"", ""in London""]",Der Codex Manesse liegt heute in der Universitätsbibliothek Heidelberg in Deutschland. Er wird deshalb auch «Grosse Heidelberger Liederhandschrift» genannt.,Der Codex Manesse liegt heute in Heidelberg.,Minnesang,,ok
g_mittelalter,1,Wie hiess ein Minnesänger aus Zürich?,"[""Johannes Hadlaub"", ""Wilhelm Tell"", ""Huldrych Zwingli"", ""Heinrich Pestalozzi""]","Johannes Hadlaub lebte um 1300 in Zürich. Er dichtete Minnelieder und kannte die Familie Manesse, die Lieder sammelte.",Johannes Hadlaub war ein Minnesänger aus Zürich.,Minnesang,,ok
g_mittelalter,1,Wo trugen Minnesänger ihre Lieder vor?,"[""an den Höfen der Adligen"", ""in Fabriken"", ""in Bahnhöfen"", ""in Schulhäusern""]",Minnesänger zogen von Hof zu Hof. Dort sangen sie vor den Adligen und ihren Gästen.,Minnesänger sangen an den Höfen der Adligen.,Minnesang,,ok
g_mittelalter,1,Wo stand der Bergfried bei vielen Burgen?,"[""Auf der Seite, wo Feinde angriffen"", ""Ausserhalb der Burgmauer"", ""Mitten im Burggraben"", ""Hinter der Burgküche""]","Viele Bergfriede standen an der Seite, von der ein Angriff am ehesten kam. So schützte der starke Turm die Burg wie ein Schild.",Der Bergfried stand oft an der gefährdeten Seite der Burg.,Bergfried,,ok
g_mittelalter,1,"Wozu konnte der Bergfried dienen, wenn Feinde in die Burg eindrangen?","[""Als letzte Zuflucht"", ""Als Pferdestall"", ""Als Backstube"", ""Als Badehaus""]","Wenn die Feinde schon im Burghof waren, konnten sich die Bewohner in den Bergfried flüchten. Wie oft das wirklich geschah, ist unter Forschern umstritten.",Der Bergfried war die letzte Zuflucht der Burgbewohner.,Bergfried,,ok
g_mittelalter,1,Wo lag bei vielen Bergfrieden der Eingang?,"[""Hoch über dem Boden"", ""Unter der Erde"", ""Im Burggraben"", ""Auf dem Dach""]",Der Eingang lag oft mehrere Meter hoch in der Mauer. So kamen Feinde nur schwer hinein.,Viele Bergfriede hatten einen Eingang hoch oben in der Mauer.,Bergfried,,ok
g_mittelalter,1,Womit gelangte man oft zum hohen Eingang des Bergfrieds?,"[""Mit einer Leiter"", ""Mit einem Lift"", ""Mit einer Rutsche"", ""Mit einem Seilbähnli""]",Man stieg über eine Leiter oder eine Holztreppe hinauf. Bei Gefahr zog man sie einfach ein.,Die Leiter zum Bergfried konnte man bei Gefahr einziehen.,Bergfried,,ok
g_mittelalter,1,Was konnte ein Wächter oben auf dem Bergfried gut tun?,"[""Weit ins Land schauen"", ""Fische fangen"", ""Brot backen"", ""Wäsche waschen""]",Vom hohen Turm aus sah der Wächter weit. So bemerkte er Feinde schon früh.,Vom Bergfried aus sah man Feinde schon von weitem.,Bergfried,,ok
g_mittelalter,1,Wie nennt man ein dunkles Gefängnis ganz unten in einem Burgturm?,"[""Verlies"", ""Dachboden"", ""Rittersaal"", ""Speisekammer""]",Ein Verlies ist ein dunkler Gefängnisraum ohne Tür. Der Raum ganz unten im Turm diente aber oft auch nur als Lager.,Ein Verlies ist ein dunkles Gefängnis in der Burg.,Bergfried,,ok
g_mittelalter,1,"Wie nennt man einen Wächter, der oben in einem Turm Ausschau hielt?","[""Türmer"", ""Förster"", ""Fährmann"", ""Hirte""]","Der Türmer wachte oben im Turm. Sah er Feinde oder Feuer, schlug er Alarm.",Der Türmer hielt oben im Turm Wache.,Bergfried,,ok
g_mittelalter,1,Warum hatte ein Bergfried sehr dicke Mauern?,"[""Damit er Angriffen standhält"", ""Damit es innen hell ist"", ""Damit Vögel darin nisten"", ""Damit er leichter ist""]",Dicke Mauern hielten Steinen und Rammböcken lange stand. Manche Mauern waren mehrere Meter dick.,Dicke Mauern schützten den Bergfried vor Angriffen.,Bergfried,,ok
g_mittelalter,1,Was versuchten Angreifer oft mit dem Burggraben zu machen?,"[""Ihn mit Erde und Holz auffüllen"", ""Ihn noch tiefer graben"", ""Ihn mit Blumen bepflanzen"", ""Ihn bunt bemalen""]",Ein aufgefüllter Graben war kein Hindernis mehr. Dann konnten die Angreifer bis an die Mauer.,"Angreifer füllten den Burggraben auf, um an die Mauer zu kommen.",Burggraben,,ok
g_mittelalter,1,"Wie heisst der Graben, der eine Burg auf einem Bergrücken vom übrigen Berg trennt?","[""Halsgraben"", ""Fussgraben"", ""Bauchgraben"", ""Kopfgraben""]",Der Halsgraben trennte die Burg vom übrigen Berg. So konnten Feinde nicht einfach über den Bergrücken zur Burg gehen.,Der Halsgraben trennt die Burg vom Berg.,Burggraben,,ok
g_mittelalter,1,Warum baute man einen Graben um die Burg?,"[""Feinde kamen schwer an die Mauer"", ""Man brauchte Platz für Fische"", ""Die Kinder konnten darin baden"", ""Schiffe sollten dort anlegen""]",Der Graben war ein Hindernis. Angreifer konnten mit Leitern und Rammböcken nicht direkt an die Mauer.,Der Graben hält Angreifer von der Burgmauer fern.,Burggraben,,ok
g_mittelalter,1,Wie nennt man einen Burggraben ohne Wasser?,"[""Trockengraben"", ""Leergraben"", ""Sandgraben"", ""Staubgraben""]",Viele Burgen auf Bergen hatten einen Graben ohne Wasser. Man nennt ihn Trockengraben.,Ein Graben ohne Wasser heisst Trockengraben.,Burggraben,,ok
g_mittelalter,1,Zu welchem Teil der Burg führte die Zugbrücke?,"[""Zum Burgtor"", ""Zum Brunnen"", ""Zur Küche"", ""Zur Kapelle""]",Die Zugbrücke führte über den Graben direkt zum Tor. Hochgezogen verschloss sie den Eingang.,Die Zugbrücke führt über den Graben zum Burgtor.,Zugbrücke,,ok
g_mittelalter,1,Womit zog man die Zugbrücke hoch?,"[""Mit Ketten oder Seilen"", ""Mit Magneten"", ""Mit Dampfmaschinen"", ""Mit Luftballons""]",Die Brücke hing an Ketten oder Seilen. Mit einer Winde wurde sie hochgezogen.,Die Zugbrücke wurde mit Ketten oder Seilen hochgezogen.,Zugbrücke,,ok
g_mittelalter,1,"Was half, die schwere Zugbrücke leichter hochzuziehen?","[""Gegengewichte"", ""Segel"", ""Luftkissen"", ""Federn""]",An manchen Zugbrücken hingen schwere Gegengewichte. Sie zogen die Brücke fast von selbst nach oben.,Gegengewichte machen das Hochziehen leichter.,Zugbrücke,,ok
g_mittelalter,1,Woraus bestand eine Zugbrücke meist?,"[""Aus Holz"", ""Aus Glas"", ""Aus Gold"", ""Aus Marmor""]","Holz war leicht genug, um die Brücke hochzuziehen. Oft war sie mit Eisen verstärkt.",Die Zugbrücke war meist aus Holz.,Zugbrücke,,ok
g_mittelalter,1,"Wie heisst das schwere Gitter, das man im Burgtor herunterlassen konnte?","[""Fallgitter"", ""Gartenzaun"", ""Fenstergitter"", ""Grillrost""]","Das Fallgitter, auch Fallgatter genannt, sauste im Tor nach unten. So war der Eingang schnell versperrt.",Das Fallgitter versperrt schnell das Burgtor.,Fallgatter,,ok
g_mittelalter,1,Wo befand sich das Fallgitter?,"[""Im Tor"", ""Im Brunnen"", ""In der Küche"", ""In der Kapelle""]",Das Fallgitter versperrte den Torweg. Es schützte den Weg in die Burg.,Das Fallgitter sitzt im Burgtor.,Fallgatter,,ok
g_mittelalter,1,Woraus war ein Fallgitter gemacht?,"[""Aus Holz und Eisen"", ""Aus Glas"", ""Aus Stroh"", ""Aus Stoff""]",Fallgitter waren aus Eichenholz mit Eisenbeschlägen oder ganz aus Eisen. Sie waren sehr schwer.,Ein Fallgitter war aus Holz und Eisen.,Fallgatter,,ok
g_mittelalter,1,Welche Tiere zogen oft die Karren mit schweren Steinen zur Baustelle?,"[""Ochsen"", ""Hunde"", ""Ziegen"", ""Schafe""]",Ochsen sind sehr kräftig und ausdauernd. Sie zogen im Mittelalter schwere Wagen mit Steinen und Holz.,Ochsen zogen schwere Lasten zur Baustelle.,Burgbau,,ok
g_mittelalter,1,Was hatte das Fallgitter unten oft?,"[""Spitzen"", ""Räder"", ""Glocken"", ""Kissen""]",Die Stäbe endeten unten in Spitzen. So bohrte sich das Gitter in den Boden.,Unten hatte das Fallgitter spitze Enden.,Fallgatter,,ok
g_mittelalter,1,Warum ging das Fallgitter so schnell zu?,"[""Es fiel durch sein Gewicht herab"", ""Es hatte einen Motor"", ""Pferde schoben es"", ""Der Wind blies es zu""]",Man musste das Gitter nur loslassen. Durch sein grosses Gewicht fiel es von selbst nach unten.,Das schwere Fallgitter fällt durch sein eigenes Gewicht.,Fallgatter,,ok
g_mittelalter,1,"Wo war das Fallgitter, wenn das Tor offen war?","[""Im Raum über dem Tor"", ""Im Burggraben"", ""Im Keller"", ""Im Burghof""]",Das Gitter wurde in einen Raum über dem Tor hochgezogen. Von dort konnte man es schnell herablassen.,Über dem Tor wartete das hochgezogene Fallgitter.,Fallgatter,,ok
g_mittelalter,1,Manche Burgen hatten im Torweg zwei Fallgitter. Was konnte man damit tun?,"[""Feinde dazwischen einsperren"", ""Mehr Licht hereinlassen"", ""Pferde schneller füttern"", ""Wasser im Tor sammeln""]","Liessen die Wächter beide Gitter herab, sassen die Angreifer dazwischen fest. Sie kamen weder vor noch zurück.",Zwei Fallgitter konnten Feinde im Tor einsperren.,Fallgatter,,ok
g_mittelalter,1,Wie heissen die Lücken zwischen zwei Zinnen?,"[""Zinnenfenster"", ""Zinnentüren"", ""Zinnentore"", ""Zinnenbögen""]",Die Lücken zwischen den Zinnen nennt man Zinnenfenster oder Scharten. Durch sie schossen die Verteidiger.,Zwischen den Zinnen liegen die Zinnenfenster.,Zinne,,ok
g_mittelalter,1,Wozu dienten die Zinnen?,"[""Als Schutz für die Verteidiger"", ""Als Blumenkästen"", ""Als Sitzplätze"", ""Als Kletterhilfe""]",Hinter einer Zinne konnte sich ein Verteidiger verstecken. Durch die Lücke daneben konnte er schiessen.,Zinnen schützten die Verteidiger auf der Mauer.,Zinne,,ok
g_mittelalter,1,"Wie heisst ein schmaler Schlitz in der Mauer, durch den man schiessen konnte?","[""Schiessscharte"", ""Briefschlitz"", ""Lichtschacht"", ""Rauchabzug""]",Eine Schiessscharte ist innen breit und aussen schmal. So konnte man hinausschiessen und war trotzdem geschützt.,Durch eine Schiessscharte konnte man geschützt schiessen.,Zinne,,ok
g_mittelalter,1,Mit welcher Waffe schossen die Verteidiger oft von den Zinnen?,"[""Pfeil und Bogen"", ""Lasso"", ""Bumerang"", ""Harpune""]",Bogenschützen standen hinter den Zinnen. Später gab es auch Armbrüste.,Von den Zinnen schoss man mit Pfeil und Bogen.,Zinne,,ok
g_mittelalter,1,Wie heisst der Gang oben auf der Burgmauer?,"[""Wehrgang"", ""Kreuzgang"", ""Laufsteg"", ""Hausflur""]",Auf dem Wehrgang konnten die Verteidiger der Mauer entlanglaufen. Er lag hinter den Zinnen.,Der Wehrgang ist der Gang oben auf der Mauer.,Wehrgang,,ok
g_mittelalter,1,Wer lief auf dem Wehrgang hin und her?,"[""Wächter"", ""Köche"", ""Mägde"", ""Händler""]",Wächter hielten auf dem Wehrgang Ausschau. Bei einem Angriff verteidigten Soldaten von dort aus die Burg.,Auf dem Wehrgang hielten Wächter Ausschau.,Wehrgang,,ok
g_mittelalter,1,Was hatte mancher Wehrgang zum Schutz vor Regen und Pfeilen?,"[""Ein Dach"", ""Ein Segel"", ""Einen Teppich"", ""Einen Vorhang""]",Viele Wehrgänge waren mit einem Holzdach überdeckt. Das schützte vor Wetter und Pfeilen von oben.,Ein Dach schützte manchen Wehrgang.,Wehrgang,,ok
g_mittelalter,1,"Wie nennt man die Mauer, die rund um die ganze Burg führt?","[""Ringmauer"", ""Gartenmauer"", ""Staumauer"", ""Kletterwand""]",Die Ringmauer umschloss die Burg. Oben auf ihr lag oft der Wehrgang.,Die Ringmauer führt rund um die Burg.,Wehrgang,,ok
g_mittelalter,1,"Wie heisst ein kleiner Vorbau an der Mauer mit einem Loch im Boden, durch das man Steine auf Feinde warf?","[""Pechnase"", ""Wasserspeier"", ""Dachrinne"", ""Vogelhaus""]",Die Pechnase ragte aus der Mauer heraus. Durch die Öffnung unten warf man Steine auf Angreifer am Tor.,Durch die Pechnase warf man Steine auf Angreifer.,Wehrgang,,ok
g_mittelalter,1,In welchem Stockwerk des Palas lag der grosse Saal meistens?,"[""Im Obergeschoss"", ""Im Keller"", ""Unter dem Burghof"", ""Im Erdgeschoss neben dem Stall""]",Der grosse Saal lag meist oben im Palas. Manchmal führte eine eigene Treppe von aussen hinauf.,Der grosse Saal lag meistens oben im Palas.,Palas,,ok
g_mittelalter,1,Mit welchem Wort ist «Palas» verwandt?,"[""Palast"", ""Pause"", ""Paket"", ""Palme""]",Palas und Palast kommen beide vom lateinischen Wort «palatium». So nannte man den Hof des Kaisers.,Das Wort Palas ist mit Palast verwandt.,Palas,,ok
g_mittelalter,1,Welcher grosse Raum lag oft im Palas?,"[""Rittersaal"", ""Pferdestall"", ""Schmiede"", ""Schweinestall""]",Im Palas gab es einen grossen Saal. Heute nennt man ihn oft Rittersaal.,Im Palas lag oft der grosse Rittersaal.,Palas,,ok
g_mittelalter,1,Was fand im grossen Saal des Palas statt?,"[""Feste und Festessen"", ""Pferderennen"", ""Ritterturniere"", ""Holzarbeiten""]",Im Saal assen und feierten der Burgherr und seine Gäste. Turniere fanden dagegen draussen statt.,Im Saal des Palas feierte man Feste.,Palas,,ok
g_mittelalter,1,Wer wohnte im Palas?,"[""Die Familie des Burgherrn"", ""Die Pferde"", ""Die Gefangenen"", ""Die Bauern des Dorfes""]",Der Palas war das Wohnhaus der Herrschaft. Diener und Tiere wohnten in anderen Gebäuden.,Im Palas wohnte die Familie des Burgherrn.,Palas,,ok
g_mittelalter,1,Welches Gebäude der Burg war am bequemsten zum Wohnen?,"[""Der Palas"", ""Der Bergfried"", ""Das Torhaus"", ""Der Wehrgang""]",Der Palas war zum Wohnen gebaut. Er hatte grössere Räume und mehr Fenster als die Türme.,Am bequemsten wohnte man im Palas.,Palas,,ok
g_mittelalter,1,Womit wurde der Saal im Palas im Winter geheizt?,"[""Mit einem offenen Kamin"", ""Mit einer Ölheizung"", ""Mit einer Wärmepumpe"", ""Mit einem Elektroofen""]",Im Saal brannte ein grosses Feuer im Kamin. Trotzdem war es in Burgen oft kalt.,Ein Kamin heizte den Saal im Palas.,Palas,,ok
g_mittelalter,1,"Was hängte man im Palas an die Wände, damit es wärmer wurde?","[""Wandteppiche"", ""Spiegel"", ""Fotos"", ""Glasplatten""]",Wandteppiche hielten die Kälte der Steinmauern ab. Sie waren auch schöner Schmuck.,Wandteppiche machten die kalten Räume wärmer.,Palas,,ok
g_mittelalter,1,Wie heisst ein kleines Gebäude über einem Burgbrunnen?,"[""Brunnenhaus"", ""Gartenhaus"", ""Badehaus"", ""Zollhaus""]",Über manchen Brunnen stand ein Brunnenhaus. Es schützte das Wasser vor Schmutz und die Winde vor Regen.,Ein Brunnenhaus schützt den Brunnen.,Burgbrunnen,,ok
g_mittelalter,1,Wie holte man Wasser aus einem tiefen Burgbrunnen?,"[""Mit Eimer und Seil"", ""Mit einem Schlauch"", ""Mit einer Elektropumpe"", ""Mit einem Löffel""]",Man liess einen Eimer an einem Seil hinab. Danach zog man ihn gefüllt wieder hoch.,Mit Eimer und Seil holte man Wasser aus dem Brunnen.,Burgbrunnen,,ok
g_mittelalter,1,Was half beim Hochziehen der schweren Wassereimer?,"[""Eine Seilwinde"", ""Ein Kompass"", ""Ein Fernrohr"", ""Ein Spinnrad""]",Das Seil wurde auf eine Walze gewickelt. Mit einer Kurbel oder einem Rad ging das Hochziehen leichter.,Eine Seilwinde half beim Wasserholen.,Burgbrunnen,,ok
g_mittelalter,1,Warum waren die Brunnen von Burgen auf Bergen oft sehr tief?,"[""Das Grundwasser lag tief unten"", ""Man wollte Gold finden"", ""Tiefe Brunnen waren schöner"", ""Man brauchte Platz für Vorräte""]",Auf einem Berg liegt das Grundwasser weit unten. Manche Burgbrunnen sind über 100 Meter tief.,Auf Bergen musste man sehr tiefe Brunnen graben.,Burgbrunnen,,ok
g_mittelalter,1,"Wie heisst ein Becken, in dem man Regenwasser sammelt?","[""Zisterne"", ""Aquarium"", ""Badewanne"", ""Weiher""]","Wo kein Brunnen möglich war, sammelte man Regenwasser. Es floss vom Dach in eine Zisterne.",In einer Zisterne sammelt man Regenwasser.,Burgbrunnen,,ok
g_mittelalter,1,Warum war Wasser in der Burg bei einer Belagerung so wichtig?,"[""Ohne Wasser musste man aufgeben"", ""Man brauchte es zum Fischen"", ""Man wusch darin Gold"", ""Man löschte damit Kerzen""]",Bei einer Belagerung kam niemand mehr aus der Burg hinaus. Ohne eigenes Wasser hätten die Bewohner bald aufgeben müssen.,Bei einer Belagerung brauchte die Burg eigenes Wasser.,Burgbrunnen,,ok
g_mittelalter,1,"Wie lange dauerte es oft, einen sehr tiefen Burgbrunnen zu graben?","[""Mehrere Jahre"", ""Einen Tag"", ""Eine Stunde"", ""Eine Woche""]",Die Arbeiter mussten sich Stück für Stück von Hand durch den Fels arbeiten. Das dauerte oft mehrere Jahre.,Ein tiefer Burgbrunnen war viele Jahre Arbeit.,Burgbrunnen,,ok
g_mittelalter,1,Wo lag der Brunnen einer Burg meistens?,"[""Im Burghof"", ""Auf dem Dach"", ""Vor dem Burggraben"", ""Auf dem Wehrgang""]","Der Brunnen lag innerhalb der Mauern, oft im Hof. So kamen Feinde nicht an das Wasser.",Der Burgbrunnen lag sicher innerhalb der Mauern.,Burgbrunnen,,ok
g_mittelalter,1,Wie heisst ein beheizbarer Wohnraum in einer Burg?,"[""Kemenate"", ""Kapelle"", ""Verlies"", ""Zwinger""]",Die Kemenate war ein Raum mit einer Feuerstelle. Darum war es dort warm.,Die Kemenate ist ein warmer Raum in der Burg.,Kemenate,,ok
g_mittelalter,1,Von welchem Wort kommt «Kemenate»?,"[""Kamin"", ""Kamel"", ""Kanone"", ""Kante""]",Kemenate kommt vom lateinischen «caminata». Das bedeutet Raum mit Kamin.,Das Wort Kemenate kommt von Kamin.,Kemenate,,ok
g_mittelalter,1,Woher holte man die Steine für eine Burg meistens?,"[""Aus der Nähe der Burg"", ""Aus fernen Ländern"", ""Vom Meeresgrund"", ""Aus Gletschern""]","Steine waren schwer und mühsam zu transportieren. Darum brach man sie meist ganz in der Nähe, oft beim Graben des Burggrabens.",Die Steine für eine Burg kamen meist aus der Nähe.,Burgbau,,ok
g_mittelalter,1,"Was ist ein Kamin, wie es ihn in der Kemenate gab?","[""Eine Feuerstelle mit Rauchabzug"", ""Ein Fenster mit Gitter"", ""Ein Bett mit Vorhang"", ""Eine Truhe für Kleider""]",Ein Kamin ist eine offene Feuerstelle an der Wand. Der Rauch zieht durch einen Schacht nach oben ab.,Ein Kamin ist eine Feuerstelle mit Rauchabzug.,Kemenate,,ok
g_mittelalter,1,Womit konnte man die Lücken zwischen den Zinnen manchmal verschliessen?,"[""Mit hölzernen Klappläden"", ""Mit Glasfenstern"", ""Mit Vorhängen"", ""Mit Dachziegeln""]","Manche Lücken hatten hölzerne Klappläden. Sie schützten die Verteidiger, wenn gerade nicht geschossen wurde.",Hölzerne Klappläden schützten manche Lücken zwischen den Zinnen.,Zinne,,ok
g_mittelalter,1,Warum war die Kemenate im Winter so beliebt?,"[""Die meisten Burgräume waren kalt"", ""Sie hatte die grössten Fenster"", ""Sie lag im Keller"", ""Dort gab es Eis""]",Steinmauern halten Kälte lange. Ein beheizter Raum war darum im Winter etwas Besonderes.,Im Winter war die warme Kemenate sehr beliebt.,Kemenate,,ok
g_mittelalter,1,Womit wurden manche Kemenaten später geheizt?,"[""Mit einem Kachelofen"", ""Mit einem Gasofen"", ""Mit einer Fussbodenheizung aus Strom"", ""Mit einem Heizlüfter""]",Im späten Mittelalter kamen Kachelöfen auf. Sie speicherten die Wärme lange.,Ein Kachelofen hält die Wärme lange.,Kemenate,,ok
g_mittelalter,1,Worauf kochte man in der Burgküche?,"[""Über offenem Feuer"", ""Auf einem Elektroherd"", ""In einer Mikrowelle"", ""Auf einem Gasherd""]",Gekocht wurde über einer offenen Feuerstelle. Darüber hingen Töpfe und Kessel.,In der Burgküche kochte man über offenem Feuer.,Burgküche,,ok
g_mittelalter,1,Wohin zog der Rauch aus der Burgküche ab?,"[""Durch einen Rauchabzug"", ""In den Keller"", ""In den Brunnen"", ""In die Kapelle""]",Über dem Herd war ein grosser Rauchabzug. Trotzdem war die Küche oft verraucht.,Der Rauch zog durch einen Abzug nach draussen.,Burgküche,,ok
g_mittelalter,1,Woher kamen frische Kräuter für die Burgküche?,"[""Aus dem Kräutergarten"", ""Aus dem Verlies"", ""Vom Wehrgang"", ""Aus dem Burggraben""]",Viele Burgen hatten einen kleinen Garten. Dort wuchsen Kräuter zum Kochen und als Heilmittel.,Im Kräutergarten wuchsen Kräuter für die Küche.,Burgküche,,ok
g_mittelalter,1,Welches Gewürz kam von weit her und war im Mittelalter sehr teuer?,"[""Pfeffer"", ""Petersilie"", ""Schnittlauch"", ""Dill""]",Pfeffer kam aus Indien und reiste einen langen Weg nach Europa. Darum konnten sich nur Reiche viel Pfeffer leisten.,Pfeffer war im Mittelalter ein teures Gewürz.,Burgküche,,ok
g_mittelalter,1,Wie machte man Fleisch auf der Burg haltbar?,"[""Mit Salz oder Rauch"", ""Im Kühlschrank"", ""In der Tiefkühltruhe"", ""In Blechdosen""]",Man salzte Fleisch ein oder räucherte es. So hielt es viele Monate.,Salz und Rauch machten Fleisch haltbar.,Burgküche,,ok
g_mittelalter,1,Warum lag die Burgküche oft in einem eigenen Gebäude?,"[""Wegen der Brandgefahr"", ""Wegen des Lärms der Tiere"", ""Weil sie sehr gross war"", ""Weil es dort Wasser gab""]",In der Küche brannte ständig Feuer. Ein Brand sollte nicht gleich den ganzen Palas erfassen.,Die Küche lag wegen der Brandgefahr oft etwas abseits.,Burgküche,,ok
g_mittelalter,1,"Woran drehte man Fleisch über dem Feuer, um es zu braten?","[""An einem Spiess"", ""An einem Sieb"", ""An einer Reibe"", ""An einem Schneebesen""]",Das Fleisch steckte auf einem langen Spiess. Ein Küchenjunge drehte ihn langsam über dem Feuer.,Fleisch briet man am Spiess über dem Feuer.,Burgküche,,ok
g_mittelalter,1,"Was war im Mittelalter so wertvoll, dass man es «weisses Gold» nannte?","[""Salz"", ""Mehl"", ""Zucker"", ""Milch""]","Salz wurde in Salzbergwerken oder Salinen gewonnen und weit transportiert. Weil es so teuer und begehrt war, nannte man es «weisses Gold».",Salz nannte man im Mittelalter «weisses Gold».,Burgküche,,ok
g_mittelalter,1,Wo bewahrte man auf der Burg Vorräte wie Getreide und Wein auf?,"[""In Vorratsräumen und Kellern"", ""Im Burggraben"", ""Auf dem Wehrgang"", ""In der Zugbrücke""]",Vorräte lagerten in kühlen Kellern und Kammern. Bei einer Belagerung waren sie lebenswichtig.,In Kellern lagerten die Vorräte der Burg.,Burgküche,,ok
g_mittelalter,1,"Wie heisst der Raum in einer Burg, in dem man betete?","[""Burgkapelle"", ""Burgküche"", ""Kemenate"", ""Waffenkammer""]",Viele Burgen hatten eine eigene kleine Kirche. Man nennt sie Burgkapelle.,In der Burgkapelle betete man.,Burgkapelle,,ok
g_mittelalter,1,Wer hielt in der Burgkapelle die Gottesdienste?,"[""Ein Kaplan"", ""Der Burgvogt"", ""Der Koch"", ""Der Schmied""]",Ein Priester für eine Kapelle heisst Kaplan. Er wohnte oft auf der Burg.,Der Kaplan hielt den Gottesdienst in der Burgkapelle.,Burgkapelle,,ok
g_mittelalter,1,Was hing oft im kleinen Turm auf dem Dach einer Burgkapelle?,"[""Eine Glocke"", ""Eine Fahne"", ""Ein Schild"", ""Ein Kessel""]",Viele Kapellen hatten ein kleines Glockentürmchen. Die Glocke rief zum Gebet.,Eine Glocke rief die Burgbewohner zum Gebet.,Burgkapelle,,ok
g_mittelalter,1,Manche Burgen hatten eine Kapelle mit zwei Stockwerken. Wer sass oben?,"[""Die Herrschaft"", ""Die Diener"", ""Die Gefangenen"", ""Die Soldaten""]",In einer Doppelkapelle sass die Herrschaft im oberen Stock. Die Dienerschaft war unten.,In der Doppelkapelle sass die Herrschaft oben.,Burgkapelle,,ok
g_mittelalter,1,Welche Feier konnte in der Burgkapelle stattfinden?,"[""Eine Taufe"", ""Ein Turnier"", ""Ein Markt"", ""Eine Jagd""]",In der Kapelle wurden Kinder getauft. Auch Hochzeiten fanden dort statt.,In der Burgkapelle wurden Kinder getauft.,Burgkapelle,,ok
g_mittelalter,1,In welche Himmelsrichtung zeigte der Altar einer Kapelle meistens?,"[""Nach Osten"", ""Nach Westen"", ""Nach Norden"", ""Nach Süden""]",Kirchen und Kapellen wurden meist nach Osten ausgerichtet. Im Osten geht die Sonne auf.,Der Altar zeigt meistens nach Osten.,Burgkapelle,,ok
g_mittelalter,1,Wo konnte die Burgkapelle liegen?,"[""Im Palas oder in einem Turm"", ""Im Brunnen"", ""Im Burggraben"", ""Unter der Zugbrücke""]",Die Kapelle war oft ein Raum im Palas oder in einem Turm. Manchmal war sie ein eigenes Gebäude im Hof.,Die Burgkapelle lag oft im Palas oder in einem Turm.,Burgkapelle,,ok
g_mittelalter,1,Womit waren die Wände mancher Burgkapellen geschmückt?,"[""Mit Wandmalereien"", ""Mit Fotos"", ""Mit Plakaten"", ""Mit Spiegeln""]",Viele Burgkapellen waren innen bemalt. Die Bilder zeigten Geschichten aus der Bibel und Heilige.,Viele Burgkapellen hatten bunte Wandmalereien.,Burgkapelle,,ok
g_mittelalter,1,"Wie heisst ein Kran, den Menschen durch Laufen in einem grossen Rad antrieben?","[""Tretradkran"", ""Turmdrehkran"", ""Autokran"", ""Hafenkran""]",Im Tretradkran liefen Arbeiter in einem grossen Holzrad. So drehten sie es wie ein Hamster sein Rad.,Ein Tretradkran wird von Menschen im Rad angetrieben.,Tretradkran,,ok
g_mittelalter,1,Was wickelte sich beim Drehen des Tretrads auf?,"[""Ein Seil"", ""Ein Teppich"", ""Eine Fahne"", ""Ein Netz""]","Das Rad drehte eine Welle, auf die sich ein Seil wickelte. Am Seil hing die Last, die nach oben gezogen wurde.",Beim Tretradkran wickelte sich ein Seil auf.,Tretradkran,,ok
g_mittelalter,1,Was hob man beim Burgbau mit dem Tretradkran hoch?,"[""Schwere Steinblöcke"", ""Ganze Häuser"", ""Lebende Kühe"", ""Fischerboote""]",Mit dem Kran hob man Steine und Balken auf die Mauern. Das war viel leichter als tragen.,Der Tretradkran hob schwere Steine nach oben.,Tretradkran,,ok
g_mittelalter,1,Woraus war ein Tretradkran gebaut?,"[""Aus Holz"", ""Aus Stahl"", ""Aus Beton"", ""Aus Kunststoff""]","Rad, Arm und Gerüst des Krans waren aus Holz. Stahl gab es damals noch nicht in solchen Mengen.",Der Tretradkran war aus Holz gebaut.,Tretradkran,,ok
g_mittelalter,1,Wie lange dauerte der Bau einer grossen Burg oft?,"[""Viele Jahre"", ""Wenige Tage"", ""Eine Woche"", ""Einen Monat""]",Alles musste von Hand gemacht werden. Darum dauerte der Bau einer grossen Burg oft Jahre oder Jahrzehnte.,Eine grosse Burg zu bauen dauerte viele Jahre.,Burgbau,,ok
g_mittelalter,1,Mit welchem Werkzeug bearbeiteten Steinmetze die Steine?,"[""Hammer und Meissel"", ""Bohrmaschine"", ""Kettensäge"", ""Schleifmaschine""]",Steinmetze schlugen die Steine mit Hammer und Meissel in Form. Maschinen gab es damals keine.,Steinmetze arbeiteten mit Hammer und Meissel.,Burgbau,,ok
g_mittelalter,1,Was verband die Steine einer Burgmauer miteinander?,"[""Mörtel"", ""Leim"", ""Wachs"", ""Harz""]","Mörtel wurde aus Kalk, Sand und Wasser gemischt. Er wurde hart und hielt die Steine zusammen.",Mörtel hält die Steine einer Mauer zusammen.,Burgbau,,ok
g_mittelalter,1,"Wie heisst ein Handwerker, der Steine behaut?","[""Steinmetz"", ""Schmied"", ""Gerber"", ""Töpfer""]","Der Steinmetz formte die Steine für Mauern, Fenster und Türen. Er war beim Burgbau sehr wichtig.",Ein Steinmetz behaut Steine.,Burgbau,,ok
g_mittelalter,1,Welcher Handwerker baute beim Burgbau Gerüste und Dachstühle aus Holz?,"[""Zimmermann"", ""Schneider"", ""Weber"", ""Bäcker""]","Der Zimmermann arbeitete mit grossen Holzbalken. Er baute Gerüste, Dächer und auch den Kran.",Der Zimmermann baut mit Holzbalken.,Burgbau,,ok
g_mittelalter,1,"Wie heisst eine Burg, die auf einem Berg oder Hügel steht?","[""Höhenburg"", ""Wasserburg"", ""Talburg"", ""Seeburg""]","Eine Höhenburg steht erhöht auf einem Berg, Hügel oder Felsen. In der Schweiz gibt es sehr viele Höhenburgen.",Eine Höhenburg steht auf einem Berg oder Hügel.,Höhenburg,,ok
g_mittelalter,1,Welchen Vorteil hatte eine Höhenburg?,"[""Man sah Feinde von weitem"", ""Man hatte immer genug Wasser"", ""Man kam leicht hinauf"", ""Es war dort immer warm""]",Von oben sah man weit ins Land. Ausserdem mussten Angreifer bergauf kämpfen.,Von einer Höhenburg sah man Feinde schon früh.,Höhenburg,,ok
g_mittelalter,1,In welchem Kanton steht die Kyburg?,"[""Zürich"", ""Bern"", ""Luzern"", ""Graubünden""]",Die Kyburg steht auf einem Hügel bei Winterthur im Kanton Zürich. Heute ist sie ein Museum.,Die Kyburg steht im Kanton Zürich.,Höhenburg,,ok
g_mittelalter,1,Welche Stadt im Kanton Bern hat ein Schloss mit vier runden Ecktürmchen hoch über der Altstadt?,"[""Thun"", ""Spiez"", ""Interlaken"", ""Brienz""]",Schloss Thun steht auf dem Schlossberg über der Altstadt. Der grosse Turm hat vier runde Ecktürmchen.,Schloss Thun steht auf einem Hügel über der Stadt.,Höhenburg,,ok
g_mittelalter,1,In welcher Tessiner Stadt stehen drei berühmte Burgen?,"[""Bellinzona"", ""Lugano"", ""Locarno"", ""Mendrisio""]","Die drei Burgen von Bellinzona heissen Castelgrande, Montebello und Sasso Corbaro. Sie gehören zum UNESCO-Welterbe.",Bellinzona ist für seine drei Burgen berühmt.,Höhenburg,,ok
g_mittelalter,1,"Wie heisst eine Burg, die von Wasser umgeben ist?","[""Wasserburg"", ""Höhenburg"", ""Felsenburg"", ""Bergburg""]","Eine Wasserburg ist durch Wassergräben, einen See oder einen Fluss geschützt. Das Wasser hält Angreifer fern.",Eine Wasserburg ist von Wasser umgeben.,Wasserburg,,ok
g_mittelalter,1,Wo baute man Wasserburgen oft?,"[""Im flachen Land"", ""Auf hohen Bergen"", ""Auf Gletschern"", ""In Höhlen""]",Im flachen Land gab es keinen Berg zum Schutz. Darum schützte man die Burg mit Wasser.,Wasserburgen baute man oft im flachen Land.,Wasserburg,,ok
g_mittelalter,1,Was konnten Angreifer bei einer Wasserburg kaum tun?,"[""Einen Tunnel unter die Mauer graben"", ""Pfeile auf die Burg schiessen"", ""Ein Lager vor der Burg bauen"", ""Die Burg beobachten""]",Unter einer Wasserburg lief Wasser in jeden Tunnel. Darum konnten Feinde die Mauern kaum untergraben.,Unter einer Wasserburg kann man kaum einen Tunnel graben.,Wasserburg,,ok
g_mittelalter,1,Welches Schloss im Kanton Aargau ist eine bekannte Wasserburg?,"[""Schloss Hallwyl"", ""Schloss Lenzburg"", ""Habsburg"", ""Schloss Wildegg""]","Schloss Hallwyl steht auf zwei Inseln, umgeben von Wassergräben. Es liegt in der Nähe des Hallwilersees.",Schloss Hallwyl ist eine Wasserburg im Aargau.,Wasserburg,,ok
g_mittelalter,1,"Was tat ein Burgherr oft, wenn seine Bauern Streit hatten?","[""Er sprach als Richter Recht"", ""Er schickte sie weg"", ""Er baute ihnen ein Haus"", ""Er schenkte ihnen Geld""]","Der Burgherr hatte oft das Recht, kleine Streitfälle zu entscheiden. Er war dann auch Richter.",Der Burgherr war oft auch Richter.,Burgherr,,ok
g_mittelalter,1,Was war eine wichtige Aufgabe der Burgherrin?,"[""Den Haushalt der Burg führen"", ""Die Mauern bauen"", ""Die Pferde beschlagen"", ""Die Schwerter schmieden""]","Die Burgherrin leitete die Mägde und den Haushalt. Sie sorgte für Vorräte, Kleidung und Essen.",Die Burgherrin führte den Haushalt der Burg.,Burgherr,,ok
g_mittelalter,1,Was trug die Burgherrin oft als Zeichen ihrer Aufgaben am Gürtel?,"[""Einen Schlüsselbund"", ""Ein Schwert"", ""Eine Trompete"", ""Ein Fernrohr""]","Mit den Schlüsseln öffnete sie Vorratskammern und Truhen. Der Schlüsselbund zeigte, dass sie den Haushalt leitete.",Der Schlüsselbund zeigte die Macht der Burgherrin im Haus.,Burgherr,,ok
g_mittelalter,1,"Wie hiess ein Verwalter, der die Burg im Auftrag des Burgherrn führte?","[""Burgvogt"", ""Burgknecht"", ""Burgwächter"", ""Burgbäcker""]",Viele Herren besassen mehrere Burgen. Ein Burgvogt verwaltete eine Burg an ihrer Stelle.,Ein Burgvogt verwaltete die Burg für den Herrn.,Burgherr,,ok
g_mittelalter,1,Was bot ein Burgherr reisenden Gästen meistens an?,"[""Essen und ein Nachtlager"", ""Ein eigenes Haus"", ""Ein Stück Land"", ""Eine Rüstung""]",Gastfreundschaft war für Adlige wichtig. Gäste bekamen zu essen und einen Platz zum Schlafen.,Ein Burgherr bot Gästen Essen und ein Nachtlager.,Burgherr,,ok
g_mittelalter,1,Wie nennt man alle Knechte und Mägde einer Burg zusammen?,"[""Gesinde"", ""Gemeinde"", ""Gewerbe"", ""Gelände""]","Zum Gesinde gehörten alle Diener der Burg. Sie arbeiteten in Küche, Stall und Haus.",Knechte und Mägde bildeten das Gesinde der Burg.,Burgherr,,ok
g_mittelalter,1,"Wie nennt man eine Frau, die auf der Burg als Dienerin arbeitete?","[""Magd"", ""Herzogin"", ""Äbtissin"", ""Gräfin""]","Mägde arbeiteten in Küche, Haus und Garten. Sie bekamen dafür Essen, Unterkunft und etwas Lohn.",Eine Magd war eine Dienerin auf der Burg.,Burgherr,,ok
g_mittelalter,1,Welcher Vogel half dem Burgherrn bei der Jagd?,"[""Der Falke"", ""Der Papagei"", ""Die Taube"", ""Der Spatz""]",Bei der Beizjagd fing ein abgerichteter Falke Vögel und Hasen. Diese Jagd war bei Adligen sehr beliebt.,Adlige jagten gerne mit Falken.,Burgherr,,ok
g_mittelalter,1,"Wie nannte man Sänger und Musiker, die von Burg zu Burg zogen?","[""Spielleute"", ""Postboten"", ""Ritter"", ""Händler""]","Spielleute unterhielten die Burgbewohner mit Liedern, Geschichten und Kunststücken. Sie waren bei Festen gern gesehen.",Spielleute zogen singend von Burg zu Burg.,Burgherr,,ok
g_mittelalter,1,In wie viele grosse Felder teilte man das Ackerland bei der Dreifelderwirtschaft?,"[""In drei"", ""In zwei"", ""In fünf"", ""In zehn""]",Das Wort sagt es schon: Das Land war in drei grosse Felder geteilt. Jedes Feld wurde anders genutzt.,Bei der Dreifelderwirtschaft gab es drei grosse Felder.,Dreifelderwirtschaft,,ok
g_mittelalter,1,"Wie nennt man ein Feld, auf dem ein Jahr lang nichts gesät wird?","[""Brache"", ""Weide am See"", ""Garten"", ""Wiese im Wald""]","Ein Feld, das ein Jahr ausruht, heisst Brache. Man sagt auch: Das Feld liegt brach.",Ein Feld ohne Saat nennt man Brache.,Dreifelderwirtschaft,,ok
g_mittelalter,1,Warum liess man ein Feld ein Jahr lang ruhen?,"[""Damit sich der Boden erholt"", ""Damit Kinder dort spielen"", ""Damit dort Häuser entstehen"", ""Damit dort ein See entsteht""]","Wenn man jedes Jahr auf dem gleichen Boden sät, wird er müde und gibt weniger Ernte. In der Ruhezeit kann sich der Boden erholen.","Ein Feld ruhte, damit sich der Boden erholen konnte.",Dreifelderwirtschaft,,ok
g_mittelalter,1,"Was liess das Vieh auf dem ruhenden Feld zurück, das den Boden düngte?","[""Mist"", ""Sand"", ""Steine"", ""Asche""]",Auf dem ruhenden Feld weidete das Vieh. Sein Mist machte den Boden wieder fruchtbar.,Der Mist der Tiere düngte das ruhende Feld.,Dreifelderwirtschaft,,ok
g_mittelalter,1,Welches Getreide säte man im Frühling oft auf das Sommerfeld?,"[""Hafer"", ""Mais"", ""Reis"", ""Kakao""]",Hafer und Gerste säte man im Frühling. Man nennt sie Sommergetreide.,Hafer ist ein Sommergetreide.,Dreifelderwirtschaft,,ok
g_mittelalter,1,"Wie hiess die ältere Art, bei der man das Land nur in zwei Teile teilte?","[""Zweifelderwirtschaft"", ""Vierfelderwirtschaft"", ""Bergwirtschaft"", ""Gartenwirtschaft""]","Früher teilte man das Land oft nur in zwei Teile. Ein Teil wurde bebaut, der andere ruhte.",Vor der Dreifelderwirtschaft gab es die Zweifelderwirtschaft.,Dreifelderwirtschaft,,ok
g_mittelalter,1,Wie oft wechselte die Nutzung der drei Felder?,"[""Jedes Jahr"", ""Jeden Tag"", ""Jede Woche"", ""Alle hundert Jahre""]",Jedes Jahr kam jedes Feld an die Reihe für etwas anderes. Nach drei Jahren begann alles von vorne.,Die Nutzung der Felder wechselte jedes Jahr.,Dreifelderwirtschaft,,ok
g_mittelalter,1,Was besass ein Bauer oft in jedem der drei grossen Felder?,"[""Einen schmalen Streifen Land"", ""Eine eigene Burg"", ""Einen kleinen See"", ""Eine eigene Kirche""]","Die grossen Felder waren in lange, schmale Streifen geteilt. Jeder Bauer hatte in jedem Feld Streifen, so hatte jeder jedes Jahr Ernte.",Jeder Bauer hatte Streifen Land in allen drei Feldern.,Dreifelderwirtschaft,,ok
g_mittelalter,1,"Wie hiess die Regel, dass alle Bauern auf einem Feld gleichzeitig säen und ernten mussten?","[""Flurzwang"", ""Erntegebot"", ""Saatbefehl"", ""Feldfrieden""]","Weil die Streifen keine Wege dazwischen hatten, mussten alle zur gleichen Zeit arbeiten. Diese Regel hiess Flurzwang.","Der Flurzwang sagte allen Bauern, wann sie säen und ernten mussten.",Dreifelderwirtschaft,,ok
g_mittelalter,1,An wen ging der Zehnt ursprünglich?,"[""An die Kirche"", ""An den Bäcker"", ""An die Schule"", ""An den Schmied""]",Der Zehnt war eine Abgabe für die Kirche. Damit wurden zum Beispiel Pfarrer und Kirchen bezahlt.,Der Zehnt war eine Abgabe an die Kirche.,Zehnt,,ok
g_mittelalter,1,Ein Bauer erntet 10 Säcke Korn. Wie viele Säcke muss er als Zehnt abgeben?,"[""1 Sack"", ""2 Säcke"", ""5 Säcke"", ""10 Säcke""]",Der Zehnt ist ein Zehntel. Von 10 Säcken ist ein Zehntel genau 1 Sack.,Von zehn Säcken war ein Sack der Zehnt.,Zehnt,,ok
g_mittelalter,1,Ein Bauer erntet 30 Garben. Wie viele Garben gehören zum Zehnt?,"[""3 Garben"", ""10 Garben"", ""13 Garben"", ""30 Garben""]","Ein Zehntel von 30 ist 3, denn 30 geteilt durch 10 gibt 3.",Ein Zehntel von dreissig ist drei.,Zehnt,,ok
g_mittelalter,1,"Wie hiess das grosse Gebäude, in dem man den Zehnt sammelte?","[""Zehntscheune"", ""Rathaus"", ""Kapelle"", ""Wachturm""]",In der Zehntscheune lagerte man das abgegebene Getreide. In der Schweiz stehen heute noch einige alte Zehntscheunen.,In der Zehntscheune wurde der Zehnt gelagert.,Zehnt,,ok
g_mittelalter,1,Wovon musste man ausser vom Getreide oft auch den Zehnt geben?,"[""Von jungen Tieren"", ""Von Steinen"", ""Von Schnee"", ""Von Regenwasser""]","Auch von jungen Tieren wie Kälbern, Lämmern oder Ferkeln musste man einen Teil abgeben.",Auch von jungen Tieren gab man den Zehnt.,Zehnt,,ok
g_mittelalter,1,Von welcher Zahl kommt das Wort «Zehnt»?,"[""Von zehn"", ""Von zwei"", ""Von hundert"", ""Von zwölf""]",Zehnt kommt von zehn. Ein Zehntel ist ein Teil von zehn gleichen Teilen.,Das Wort Zehnt kommt von der Zahl zehn.,Zehnt,,ok
g_mittelalter,1,Was gab ein Bauer als Zehnt meistens ab?,"[""Getreide"", ""Gold"", ""Glas"", ""Papier""]","Die meisten Bauern hatten kaum Geld. Darum gaben sie einen Teil ihrer Ernte ab, vor allem Getreide.",Als Zehnt gaben Bauern meistens Getreide ab.,Zehnt,,ok
g_mittelalter,1,"Wie hiess der Zehnt, den man auf Obst und Gemüse geben musste?","[""Kleiner Zehnt"", ""Grosser Zehnt"", ""Halber Zehnt"", ""Neuer Zehnt""]","Den Zehnt auf Getreide nannte man Grossen Zehnt. Auf Obst, Gemüse und Kräuter gab man den Kleinen Zehnt.",Der Kleine Zehnt galt für Obst und Gemüse.,Zehnt,,ok
g_mittelalter,1,"Wem gehörte im Mittelalter meistens das Land, das die Bauern bebauten?","[""Dem Grundherrn"", ""Den Bauern selbst"", ""Den Kindern"", ""Den Händlern""]","Viele Bauern besassen ihr Land nicht selbst. Es gehörte einem Grundherrn, und die Bauern durften es bebauen.",Das Land gehörte meistens einem Grundherrn.,Grundherrschaft,,ok
g_mittelalter,1,Wer konnte im Mittelalter ein Grundherr sein?,"[""Ein Kloster"", ""Ein Knecht"", ""Ein Bettler"", ""Ein Hirte""]","Grundherren waren Adlige, Bischöfe oder Klöster. Das Kloster St. Gallen zum Beispiel besass sehr viel Land.",Auch ein Kloster konnte ein Grundherr sein.,Grundherrschaft,,ok
g_mittelalter,1,Wo wohnte ein adliger Grundherr oft?,"[""Auf einer Burg"", ""In einer Höhle"", ""In einem Zelt"", ""Auf einem Schiff""]","Viele adlige Grundherren lebten auf einer Burg. In der Schweiz gibt es noch viele Burgen, zum Beispiel die Lenzburg.",Viele adlige Grundherren wohnten auf einer Burg.,Grundherrschaft,,ok
g_mittelalter,1,Was versprach der Grundherr den Bauern?,"[""Schutz"", ""Schulunterricht"", ""Ferienreisen"", ""Goldmünzen""]","Der Grundherr sollte seine Bauern beschützen, etwa in Kriegszeiten. Dafür mussten die Bauern ihm Abgaben geben und für ihn arbeiten.",Der Grundherr versprach seinen Bauern Schutz.,Grundherrschaft,,ok
g_mittelalter,1,Wer verwaltete im Dorf den Hof für den Grundherrn?,"[""Der Meier"", ""Der Pfarrer"", ""Der Müller"", ""Der Schmied""]",Der Meier leitete den Hof des Grundherrn und sammelte Abgaben ein. Darum heissen heute noch viele Menschen Meier oder Meyer.,Der Meier verwaltete den Hof für den Grundherrn.,Grundherrschaft,,ok
g_mittelalter,1,Welches Tier mussten Bauern dem Grundherrn oft zur Fasnacht abgeben?,"[""Ein Huhn"", ""Ein Pferd"", ""Einen Hund"", ""Eine Ziege""]",Diese Abgabe hiess Fasnachtshuhn. Viele Bauern mussten dem Herrn zur Fasnacht ein Huhn bringen.,Zur Fasnacht brachten Bauern dem Herrn oft ein Huhn.,Grundherrschaft,,ok
g_mittelalter,1,"Wie hiess die Arbeit, die Bauern ohne Lohn für den Grundherrn leisten mussten?","[""Frondienst"", ""Feierabend"", ""Nachtdienst"", ""Ehrenamt""]","Bauern mussten an bestimmten Tagen für den Grundherrn pflügen, ernten oder Holz führen. Diese Arbeit ohne Lohn hiess Frondienst.",Der Frondienst war Arbeit ohne Lohn für den Grundherrn.,Grundherrschaft,,ok
g_mittelalter,1,"Wie hiess der grosse Hof des Grundherrn, für den die Bauern arbeiten mussten?","[""Fronhof"", ""Pausenhof"", ""Bahnhof"", ""Schulhof""]",Der Fronhof war der Haupthof des Grundherrn. Dort mussten die Bauern an bestimmten Tagen arbeiten.,Der Haupthof des Grundherrn hiess Fronhof.,Grundherrschaft,,ok
g_mittelalter,1,Durften Leibeigene ohne Erlaubnis ihres Herrn wegziehen?,"[""Nein"", ""Ja, jederzeit"", ""Nur im Sommer"", ""Nur am Sonntag""]",Leibeigene waren an ihren Herrn gebunden. Wegziehen durften sie nur mit seiner Erlaubnis.,Leibeigene durften nicht einfach wegziehen.,Leibeigenschaft,,ok
g_mittelalter,1,"Was brauchten Leibeigene oft, um heiraten zu dürfen?","[""Die Erlaubnis des Herrn"", ""Einen Ring aus Gold"", ""Ein Haus aus Stein"", ""Ein eigenes Pferd""]","Der Herr bestimmte bei vielen Dingen mit, auch bei der Heirat. Oft musste man dafür sogar etwas bezahlen.",Leibeigene brauchten zum Heiraten die Erlaubnis ihres Herrn.,Leibeigenschaft,,ok
g_mittelalter,1,Waren die Kinder von Leibeigenen auch leibeigen?,"[""Ja, meistens"", ""Nein, nie"", ""Nur die Ältesten"", ""Nur die Jüngsten""]",Die Leibeigenschaft wurde meistens von den Eltern an die Kinder weitergegeben.,Kinder von Leibeigenen waren meistens auch leibeigen.,Leibeigenschaft,,ok
g_mittelalter,1,"Was mussten die Erben oft dem Herrn geben, wenn ein Leibeigener starb?","[""Das beste Tier"", ""Den ganzen Hof"", ""Ein Buch"", ""Ein Schwert""]",Diese Abgabe hiess Besthaupt. Die Familie musste dem Herrn ihr bestes Stück Vieh geben.,Beim Tod eines Leibeigenen bekam der Herr oft das beste Tier.,Leibeigenschaft,,ok
g_mittelalter,1,Gibt es in der Schweiz heute noch Leibeigene?,"[""Nein, das ist abgeschafft"", ""Ja, in jedem Dorf"", ""Ja, nur in den Bergen"", ""Ja, nur in den Städten""]",Die Helvetische Republik schaffte die Leibeigenschaft 1798 ab. Heute sind in der Schweiz alle Menschen frei.,Die Leibeigenschaft ist in der Schweiz seit langem abgeschafft.,Leibeigenschaft,,ok
g_mittelalter,1,Konnten sich Leibeigene manchmal freikaufen?,"[""Ja, mit Geld"", ""Nein, das war verboten"", ""Nur Mönche"", ""Nur mit einem Pferd""]",Manche Leibeigene oder ganze Dörfer bezahlten dem Herrn Geld und wurden dafür frei.,Mit Geld konnten sich Leibeigene manchmal freikaufen.,Leibeigenschaft,,ok
g_mittelalter,1,"Wohin flohen manche Leibeigene, um frei zu werden?","[""In eine Stadt"", ""Auf eine Burg"", ""In ein Gefängnis"", ""Aufs Meer""]","Wer lange genug in einer Stadt lebte, konnte dort frei werden. Darum flohen manche Leibeigene in Städte.","Manche Leibeigene flohen in die Stadt, um frei zu werden.",Leibeigenschaft,,ok
g_mittelalter,1,"Wie nannte man im Mittelalter Menschen, die nicht frei waren?","[""Unfreie"", ""Bürger"", ""Edle"", ""Gäste""]",Leibeigene gehörten zu den Unfreien. Sie mussten ihrem Herrn gehorchen.,Leibeigene gehörten zu den Unfreien.,Leibeigenschaft,,ok
g_mittelalter,1,Was macht eine Mühle aus Getreidekörnern?,"[""Mehl"", ""Zucker"", ""Salz"", ""Butter""]",In der Mühle werden die Körner zerrieben. So entsteht Mehl für Brot.,In der Mühle macht man aus Körnern Mehl.,Mühle,,ok
g_mittelalter,1,"Wie heisst der Mann, der eine Mühle betreibt?","[""Müller"", ""Bäcker"", ""Metzger"", ""Schmied""]",Der Müller mahlt das Getreide. Darum heissen heute noch viele Menschen Müller.,Der Müller arbeitet in der Mühle.,Mühle,,ok
g_mittelalter,1,Was trieb im Mittelalter viele Mühlen an?,"[""Fliessendes Wasser"", ""Strom aus der Steckdose"", ""Ein Benzinmotor"", ""Ein Akku""]",Viele Mühlen standen an einem Bach. Das fliessende Wasser drehte die Mühle.,Viele Mühlen wurden von Wasser angetrieben.,Mühle,,ok
g_mittelalter,1,Was dreht sich bei einer Wassermühle im Bach?,"[""Das Wasserrad"", ""Die Glocke"", ""Das Dach"", ""Der Kamin""]",Das Wasser drückt gegen das grosse Rad und dreht es. Das Rad treibt die Mühlsteine an.,Bei der Wassermühle dreht das Wasser ein grosses Rad.,Mühle,,ok
g_mittelalter,1,Womit wurde das Korn in der Mühle zerrieben?,"[""Mit zwei Mühlsteinen"", ""Mit Messern"", ""Mit Hämmern aus Holz"", ""Mit den Füssen""]",Zwei schwere runde Steine lagen aufeinander. Der obere drehte sich und zerrieb die Körner.,Zwei Mühlsteine zerrieben das Korn zu Mehl.,Mühle,,ok
g_mittelalter,1,Was bekam der Müller fürs Mahlen oft als Lohn?,"[""Einen Teil vom Mehl"", ""Ein neues Haus"", ""Ein Pferd"", ""Nichts""]",Viele Bauern hatten kein Geld. Darum behielt der Müller einen kleinen Teil vom Mehl als Lohn.,Der Müller behielt oft einen Teil vom Mehl als Lohn.,Mühle,,ok
g_mittelalter,1,"Wie hiess eine Mühle, in der die Bauern eines Herrn mahlen lassen mussten?","[""Bannmühle"", ""Spielmühle"", ""Kaffeemühle"", ""Ölmühle""]","Die Bauern durften nicht in irgendeine Mühle gehen. Sie mussten in die Mühle ihres Herrn, die Bannmühle.",In der Bannmühle mussten die Bauern ihr Korn mahlen lassen.,Mühle,,ok
g_mittelalter,1,Welche Mühle wird vom Wind angetrieben?,"[""Die Windmühle"", ""Die Wassermühle"", ""Die Rossmühle"", ""Die Handmühle""]","Die Windmühle hat grosse Flügel. Der Wind dreht sie, und so mahlt die Mühle.",Eine Windmühle wird vom Wind angetrieben.,Mühle,,ok
g_mittelalter,1,Wozu braucht man einen Pflug?,"[""Um den Boden zu lockern"", ""Um Holz zu sägen"", ""Um Wasser zu holen"", ""Um Brot zu backen""]",Der Pflug reisst die Erde auf und wendet sie. So kann man danach säen.,Mit dem Pflug lockert man den Boden.,Pflug,,ok
g_mittelalter,1,Aus welchem Metall war die Spitze des Pfluges oft?,"[""Aus Eisen"", ""Aus Gold"", ""Aus Silber"", ""Aus Zinn""]","Die Pflugschar schneidet in die Erde. Sie war aus Eisen, weil Eisen hart ist.",Die Spitze des Pfluges war oft aus Eisen.,Pflug,,ok
g_mittelalter,1,"Welches Holzstück legte man Ochsen über Kopf oder Nacken, damit sie ziehen konnten?","[""Das Joch"", ""Den Sattel"", ""Die Krone"", ""Den Zügel""]",Das Joch ist ein schweres Holzstück. Damit konnten zwei Ochsen zusammen den Pflug ziehen.,Mit dem Joch zogen Ochsen den Pflug.,Pflug,,ok
g_mittelalter,1,Was hatte der schwere Pflug im Mittelalter vorne oft?,"[""Räder"", ""Flügel"", ""Segel"", ""Glocken""]",Der schwere Räderpflug hatte vorne Räder. So liess er sich besser führen.,Der schwere Pflug hatte vorne oft Räder.,Pflug,,ok
g_mittelalter,1,Welches Tier zog den Pflug schneller als ein Ochse?,"[""Das Pferd"", ""Die Kuh"", ""Das Schwein"", ""Das Schaf""]",Pferde sind schneller als Ochsen. Sie waren aber teurer und brauchten mehr Futter.,Pferde zogen den Pflug schneller als Ochsen.,Pflug,,ok
g_mittelalter,1,"Wie heissen die Rillen, die der Pflug in die Erde zieht?","[""Furchen"", ""Gräben"", ""Kanäle"", ""Pfützen""]",Der Pflug zieht lange Rillen in die Erde. Diese Rillen heissen Furchen.,Der Pflug zieht Furchen in die Erde.,Pflug,,ok
g_mittelalter,1,Warum waren Ochsen als Zugtiere beliebt?,"[""Sie waren sehr stark"", ""Sie waren sehr schnell"", ""Sie waren sehr klein"", ""Sie konnten gut klettern""]",Ochsen sind stark und ausdauernd. Sie konnten den schweren Pflug lange ziehen.,Ochsen waren stark und ausdauernd.,Pflug,,ok
g_mittelalter,1,Was ist ein Ochse?,"[""Ein männliches Rind"", ""Ein grosses Pferd"", ""Ein wildes Schwein"", ""Ein junges Schaf""]","Ein Ochse ist ein männliches Rind, das kastriert wurde. Ochsen sind ruhiger als Stiere und gut für die Arbeit.",Ein Ochse ist ein männliches Rind.,Pflug,,ok
g_mittelalter,1,Woraus kochte man den Brei meistens?,"[""Aus Getreide"", ""Aus Kakao"", ""Aus Bananen"", ""Aus Zucker""]","Brei kochte man aus Getreide wie Hafer, Gerste oder Hirse.",Brei kochte man meistens aus Getreide.,Brei,,ok
g_mittelalter,1,"Welches Getreide nahm man oft für einen Brei, der in Märchen vorkommt?","[""Hirse"", ""Mais"", ""Reis"", ""Quinoa""]",Hirsebrei war sehr verbreitet. Im Märchen «Der süsse Brei» kocht ein Töpfchen Hirsebrei.,Hirsebrei war im Mittelalter sehr beliebt.,Brei,,ok
g_mittelalter,1,Welche Pflanze kannten die Bauern im Mittelalter in Europa noch nicht?,"[""Die Kartoffel"", ""Den Apfel"", ""Die Birne"", ""Die Rübe""]",Die Kartoffel kam erst nach der Entdeckung von Amerika nach Europa.,Kartoffeln gab es im Mittelalter in Europa noch nicht.,Brei,,ok
g_mittelalter,1,Wie nennt man einen weichen Brei aus Äpfeln?,"[""Apfelmus"", ""Apfelsaft"", ""Apfelkuchen"", ""Apfelwein""]","Mus ist ein weicher Brei, oft aus Früchten. Aus gekochten Äpfeln wird Apfelmus.",Aus gekochten Äpfeln macht man Apfelmus.,Brei,,ok
g_mittelalter,1,Worin kochte man den Brei im Bauernhaus?,"[""In einem Kessel"", ""In einer Mikrowelle"", ""In einem Toaster"", ""Auf einem Elektroherd""]",Über dem offenen Feuer hing ein Kessel. Darin kochte man Brei und Suppe.,Den Brei kochte man in einem Kessel über dem Feuer.,Brei,,ok
g_mittelalter,1,Womit süsste man im Mittelalter oft das Essen?,"[""Mit Honig"", ""Mit Schokolade"", ""Mit Süssstoff"", ""Mit Gummibärchen""]",Zucker war damals sehr teuer und selten. Darum nahm man Honig zum Süssen.,Im Mittelalter süsste man oft mit Honig.,Brei,,ok
g_mittelalter,1,Welches Gemüse wuchs im Mittelalter im Garten der Bauern?,"[""Rüben"", ""Tomaten"", ""Mais"", ""Peperoni""]","Rüben wuchsen in vielen Bauerngärten. Tomaten, Mais und Peperoni kamen erst später aus Amerika.",Rüben wuchsen in vielen Bauerngärten.,Brei,,ok
g_mittelalter,1,Wie oft assen einfache Bauern Fleisch?,"[""Selten"", ""Zu jeder Mahlzeit"", ""Jeden Morgen"", ""Dreimal am Tag""]","Fleisch war teuer. Einfache Bauern assen es selten, zum Beispiel an Festtagen.",Fleisch gab es bei armen Bauern nur selten.,Brei,,ok
g_mittelalter,1,Womit kochte man den Getreidebrei oft auf?,"[""Mit Wasser oder Milch"", ""Mit Essig"", ""Mit Öl"", ""Mit Wein""]","Man kochte die Körner mit Wasser oder Milch, bis ein weicher Brei entstand.",Getreidebrei kochte man mit Wasser oder Milch.,Brei,,ok
g_mittelalter,1,Was gaben die Tiere im Stall den Menschen im Bauernhaus im Winter?,"[""Wärme"", ""Licht"", ""Strom"", ""Wasser""]","Tiere geben Körperwärme ab. Weil Stall und Wohnraum nahe beieinander lagen, war es im Haus wärmer.",Die Tiere im Stall wärmten das Bauernhaus.,Bauernhaus,,ok
g_mittelalter,1,Woraus waren die Wände vieler Bauernhäuser?,"[""Aus Holz und Lehm"", ""Aus Beton"", ""Aus Glas"", ""Aus Stahl""]",Viele Häuser hatten ein Gerüst aus Holz. Die Lücken füllte man mit Lehm und Zweigen.,Viele Bauernhäuser waren aus Holz und Lehm.,Bauernhaus,,ok
g_mittelalter,1,Wo kochte man im Bauernhaus?,"[""An einer offenen Feuerstelle"", ""In einer Einbauküche"", ""Auf einem Gasherd"", ""Im Backofen beim Bäcker""]","In der Mitte des Hauses brannte ein offenes Feuer. Dort kochte man, und es gab Wärme und Licht.",Gekocht wurde an einer offenen Feuerstelle.,Bauernhaus,,ok
g_mittelalter,1,Hatten viele einfache Bauernhäuser einen Kamin?,"[""Nein, meist keinen"", ""Ja, immer zwei"", ""Ja, aus Metall"", ""Nur im Sommer""]",Oft zog der Rauch einfach durch das Dach oder durch Öffnungen ab. Darum war es im Haus oft rauchig.,Viele Bauernhäuser hatten keinen Kamin.,Bauernhaus,,ok
g_mittelalter,1,Womit verschloss man die Fenster im Bauernhaus oft?,"[""Mit Holzläden"", ""Mit Glasscheiben"", ""Mit Rollläden aus Metall"", ""Mit Seidenvorhängen""]",Glas war teuer. Die Bauern machten die Fensteröffnungen mit Holzläden zu.,Fenster verschloss man oft mit Holzläden.,Bauernhaus,,ok
g_mittelalter,1,Wie viele Räume hatte ein einfaches Bauernhaus oft?,"[""Einen oder zwei"", ""Zwanzig"", ""Fünfzig"", ""Hundert""]","Einfache Bauernhäuser waren klein. Oft schlief, kochte und ass die ganze Familie im gleichen Raum.",Einfache Bauernhäuser hatten nur wenige Räume.,Bauernhaus,,ok
g_mittelalter,1,Woraus war der Boden im Bauernhaus oft?,"[""Aus gestampfter Erde"", ""Aus Parkett"", ""Aus Marmor"", ""Aus Teppich""]",Der Boden war oft einfach festgestampfte Erde oder Lehm.,Der Boden im Bauernhaus war oft aus gestampfter Erde.,Bauernhaus,,ok
g_mittelalter,1,Worauf schliefen arme Bauern oft?,"[""Auf einem Strohsack"", ""Auf einem Wasserbett"", ""Auf einer Luftmatratze"", ""Auf einem Sofa""]","Ein Sack, gefüllt mit Stroh, diente als Matratze. Oft schliefen mehrere Menschen zusammen.",Arme Bauern schliefen oft auf einem Strohsack.,Bauernhaus,,ok
g_mittelalter,1,Welche Form hat die Klinge einer Sichel?,"[""Sie ist gebogen"", ""Sie ist gerade"", ""Sie ist rund"", ""Sie ist eckig""]",Die Klinge der Sichel ist gebogen wie ein Halbmond. So kann man die Halme gut fassen und abschneiden.,Die Sichel hat eine gebogene Klinge.,Sichel,,ok
g_mittelalter,1,Welches grosse Werkzeug mit langem Stiel nahm man zum Mähen von Gras?,"[""Die Sense"", ""Die Schaufel"", ""Den Besen"", ""Die Axt""]",Die Sense hat einen langen Stiel und eine lange Klinge. Damit mähte man im Stehen das Gras.,Mit der Sense mähte man das Gras.,Sichel,,ok
g_mittelalter,1,Wie nennt man ein Bündel aus geschnittenem Getreide?,"[""Garbe"", ""Ballen"", ""Strauss"", ""Haufen""]",Das geschnittene Getreide band man zu Bündeln zusammen. Diese Bündel heissen Garben.,Ein Bündel Getreide nennt man Garbe.,Sichel,,ok
g_mittelalter,1,In welcher Jahreszeit erntete man das Getreide?,"[""Im Sommer"", ""Im Winter"", ""Im Frühling"", ""An Weihnachten""]",Das Getreide wird im Sommer reif und goldgelb. Dann begann die Ernte.,Das Getreide erntete man im Sommer.,Sichel,,ok
g_mittelalter,1,Mit welchem Werkzeug schlug man die Körner aus den Ähren?,"[""Mit dem Dreschflegel"", ""Mit dem Pflug"", ""Mit der Sichel"", ""Mit dem Rechen""]",Das Herausschlagen der Körner heisst Dreschen. Dazu benutzte man den Dreschflegel.,Mit dem Dreschflegel drosch man das Getreide.,Sichel,,ok
g_mittelalter,1,"Was bleibt vom Getreide übrig, wenn man die Körner herausgeschlagen hat?","[""Stroh"", ""Mehl"", ""Heu"", ""Brot""]",Die trockenen Halme ohne Körner nennt man Stroh. Man brauchte es zum Beispiel im Stall.,Die leeren Getreidehalme nennt man Stroh.,Sichel,,ok
g_mittelalter,1,Wer half bei der Getreideernte mit?,"[""Die ganze Familie"", ""Nur der Vater"", ""Nur Soldaten"", ""Nur der Grundherr""]","Die Ernte war viel Arbeit. Alle halfen mit, auch Frauen und Kinder.",Bei der Ernte half die ganze Familie mit.,Sichel,,ok
g_mittelalter,1,Was durften arme Leute nach der Ernte auf dem Feld aufsammeln?,"[""Liegen gebliebene Ähren"", ""Gefundene Münzen"", ""Die Werkzeuge"", ""Die Garben""]",Nach der Ernte blieben einzelne Ähren liegen. Arme Menschen durften diese aufsammeln.,Arme Leute durften liegen gebliebene Ähren sammeln.,Sichel,,ok
g_mittelalter,1,Wann säte man das Wintergetreide wie den Roggen?,"[""Im Herbst"", ""Im Sommer"", ""Im Frühling"", ""Im Hochsommer""]",Das Wintergetreide säte man im Herbst. Es keimte noch vor dem Winter und wuchs im nächsten Frühling weiter.,Wintergetreide säte man im Herbst.,Bauernjahr,,ok
g_mittelalter,1,Wann schlachteten Bauern oft ihre Schweine?,"[""Im Spätherbst"", ""Im Frühling"", ""Im Sommer"", ""An Ostern""]",Im Winter gab es wenig Futter. Darum schlachtete man im Spätherbst und machte Vorräte.,Schweine schlachtete man oft im Spätherbst.,Bauernjahr,,ok
g_mittelalter,1,Was frassen die Schweine im Herbst im Wald?,"[""Eicheln"", ""Fische"", ""Heu"", ""Brot""]",Die Bauern trieben die Schweine im Herbst in den Wald. Dort frassen sie Eicheln und Bucheckern und wurden fett.,Im Herbst frassen die Schweine im Wald Eicheln.,Bauernjahr,,ok
g_mittelalter,1,Was machten die Bauern im Sommer aus Gras als Futter für den Winter?,"[""Heu"", ""Stroh"", ""Mehl"", ""Mist""]","Gemähtes Gras liess man in der Sonne trocknen. So entstand Heu, das Futter für den Winter.",Aus getrocknetem Gras wird Heu.,Bauernjahr,,ok
g_mittelalter,1,Wann erntete man die Trauben?,"[""Im Herbst"", ""Im Winter"", ""Im Frühling"", ""Im Frühsommer""]",Die Trauben werden im Herbst reif. Die Traubenernte heisst Weinlese.,Die Trauben erntete man im Herbst.,Bauernjahr,,ok
g_mittelalter,1,Was machten die Bauern oft im Winter?,"[""Holz hacken und Geräte flicken"", ""Getreide ernten"", ""Kirschen pflücken"", ""Heu machen""]","Im Winter gab es keine Feldarbeit. Man hackte Holz, flickte Werkzeuge, spann und webte.",Im Winter flickten die Bauern ihre Geräte.,Bauernjahr,,ok
g_mittelalter,1,Wohin brachten Bauern in den Schweizer Bergen im Sommer ihr Vieh?,"[""Auf die Alp"", ""In die Stadt"", ""Auf die Burg"", ""An den See""]",Im Sommer wuchs oben in den Bergen viel Gras. Darum trieb man das Vieh auf die Alp.,Im Sommer kam das Vieh auf die Alp.,Bauernjahr,,ok
g_mittelalter,1,An welchem Festtag im November mussten Bauern oft ihre Abgaben bringen?,"[""Am Martinstag"", ""An Ostern"", ""An Pfingsten"", ""Am Neujahr""]",Der Martinstag am 11. November war ein wichtiger Zinstag. In Sursee feiert man an diesem Tag heute noch die Gansabhauet.,Am Martinstag brachten die Bauern oft ihre Abgaben.,Bauernjahr,,ok
g_mittelalter,1,Woran richteten die Bauern ihre Arbeit im Jahr aus?,"[""An den Jahreszeiten"", ""Am Radioprogramm"", ""An der Zeitung"", ""Am Fernsehen""]","Säen, ernten und ruhen hing vom Wetter und von den Jahreszeiten ab.",Die Arbeit der Bauern richtete sich nach den Jahreszeiten.,Bauernjahr,,ok
g_mittelalter,1,Welcher Baum stand oft mitten im Dorf?,"[""Die Linde"", ""Die Palme"", ""Der Olivenbaum"", ""Der Bananenbaum""]",In vielen Dörfern stand eine grosse Linde auf dem Dorfplatz. Man nennt sie Dorflinde.,In vielen Dörfern stand eine Dorflinde.,Dorflinde,,ok
g_mittelalter,1,Was taten die Leute im Dorf unter der Dorflinde?,"[""Sich treffen und plaudern"", ""Getreide mahlen"", ""Brot backen"", ""Pferde beschlagen""]","Die Dorflinde war ein Treffpunkt. Dort redete man, feierte und tauschte Neuigkeiten aus.",Unter der Dorflinde trafen sich die Leute.,Dorflinde,,ok
g_mittelalter,1,Was hielt man unter einer Linde manchmal ab?,"[""Gericht"", ""Ritterturniere"", ""Pferderennen"", ""Bootsfahrten""]",Unter manchen Linden wurde Gericht gehalten. Man nennt sie Gerichtslinden.,Unter einer Gerichtslinde wurde Gericht gehalten.,Dorflinde,,ok
g_mittelalter,1,"Wie nennt man eine Linde, unter der man tanzte?","[""Tanzlinde"", ""Spiellinde"", ""Festbaum"", ""Musikbaum""]",Unter manchen Linden wurde bei Festen getanzt. Darum heissen sie Tanzlinden.,Unter einer Tanzlinde wurde getanzt.,Dorflinde,,ok
g_mittelalter,1,Welche Form haben die Blätter der Linde?,"[""Herzform"", ""Sternform"", ""Nadelform"", ""Fingerform""]",Lindenblätter sehen aus wie ein Herz. Darum erkennt man die Linde leicht.,Lindenblätter haben die Form eines Herzens.,Dorflinde,,ok
g_mittelalter,1,Was kann man aus Lindenblüten machen?,"[""Tee"", ""Mehl"", ""Wolle"", ""Seife""]",Lindenblüten duften süss. Man trocknet sie und macht daraus Tee.,Aus Lindenblüten macht man Tee.,Dorflinde,,ok
g_mittelalter,1,Wie alt können Linden werden?,"[""Mehrere hundert Jahre"", ""Zehn Jahre"", ""Zwanzig Jahre"", ""Fünfzig Jahre""]","Linden wachsen langsam und können sehr alt werden, manchmal sogar über tausend Jahre.",Linden können mehrere hundert Jahre alt werden.,Dorflinde,,ok
g_mittelalter,1,In welchem Kanton steht die berühmte alte Linde von Linn?,"[""Aargau"", ""Wallis"", ""Tessin"", ""Graubünden""]",Die Linde von Linn steht auf dem Bözberg im Kanton Aargau. Sie ist eine der bekanntesten Linden der Schweiz.,Die Linde von Linn steht im Kanton Aargau.,Dorflinde,,ok
g_mittelalter,1,Von welchem Tier kam die Wolle meistens?,"[""Vom Schaf"", ""Vom Schwein"", ""Vom Huhn"", ""Vom Pferd""]",Schafe haben ein dickes Fell. Daraus gewinnt man Wolle.,Wolle kommt meistens vom Schaf.,Wolle,,ok
g_mittelalter,1,Wie bekommt man die Wolle vom Schaf?,"[""Man schert es"", ""Man wäscht es"", ""Man melkt es"", ""Man füttert es""]","Man schneidet dem Schaf das Fell ab. Das nennt man scheren, und es tut dem Schaf nicht weh.",Die Wolle bekommt man durch Scheren.,Wolle,,ok
g_mittelalter,1,"Wie nennt man die Arbeit, bei der aus Wolle ein Faden gedreht wird?","[""Spinnen"", ""Weben"", ""Nähen"", ""Stricken""]",Beim Spinnen dreht man die Wollfasern zu einem langen Faden.,Beim Spinnen entsteht aus Wolle ein Faden.,Wolle,,ok
g_mittelalter,1,Welches einfache Gerät drehte man beim Spinnen?,"[""Die Spindel"", ""Die Gabel"", ""Den Löffel"", ""Den Hammer""]","Die Spindel ist ein Holzstab mit einem Gewicht. Wenn sie sich dreht, wird die Wolle zum Faden.",Zum Spinnen drehte man eine Spindel.,Wolle,,ok
g_mittelalter,1,An welchem Gerät machte man aus Fäden Stoff?,"[""Am Webstuhl"", ""Am Spinnrad"", ""Am Amboss"", ""Am Brunnen""]",Am Webstuhl kreuzt man Fäden miteinander. So entsteht ein Stück Stoff.,Am Webstuhl webt man Stoff.,Wolle,,ok
g_mittelalter,1,Welche Farben hatte die Kleidung der Bauern meistens?,"[""Braun und Grau"", ""Leuchtend Rot"", ""Purpur und Gold"", ""Neongelb""]",Leuchtende Farben waren teuer. Bauern trugen meist Stoffe in natürlichen Farben wie Braun und Grau.,Bauernkleidung war meistens braun oder grau.,Wolle,,ok
g_mittelalter,1,Was trugen Bauern im Mittelalter oft?,"[""Einen Kittel"", ""Einen Anzug"", ""Eine Jeans"", ""Einen Trainer""]","Ein Kittel ist ein langes, einfaches Hemd. Darüber band man oft einen Gürtel.",Bauern trugen oft einen einfachen Kittel.,Wolle,,ok
g_mittelalter,1,Warum war Kleidung aus Wolle im Winter gut?,"[""Sie hält warm"", ""Sie leuchtet"", ""Sie ist durchsichtig"", ""Sie ist kühl""]",Wolle hält die Wärme gut fest. Darum friert man in Wollkleidern weniger.,Wolle hält im Winter warm.,Wolle,,ok
g_mittelalter,1,Womit färbte man im Mittelalter Stoffe?,"[""Mit Pflanzen"", ""Mit Kunststoff"", ""Mit Filzstiften"", ""Mit Sprühdosen""]","Aus Blättern, Wurzeln und Blüten gewann man Farben, zum Beispiel aus dem Krapp für Rot.",Stoffe färbte man mit Farben aus Pflanzen.,Wolle,,ok
g_mittelalter,1,Wozu baute man im Mittelalter eine Mauer rund um die Stadt?,"[""Zum Schutz vor Feinden"", ""Als Schutz vor Regen"", ""Als Platz für Spiele"", ""Als Schutz vor Hitze""]","Die dicke Stadtmauer hielt Feinde und Räuber fern. Nur wer durch die bewachten Eingänge kam, gelangte in die Stadt.",Die Stadtmauer schützte die Menschen vor Feinden.,Stadtmauer,,ok
g_mittelalter,1,"Wie heisst der Wassergraben, der vor manchen Stadtmauern lag?","[""Stadtgraben"", ""Stadtbach"", ""Stadtsee"", ""Stadtteich""]","Vor vielen Mauern lag ein tiefer Graben, oft mit Wasser gefüllt. So kamen Angreifer schwerer an die Mauer heran.",Der Stadtgraben machte die Mauer noch sicherer.,Stadtmauer,,ok
g_mittelalter,1,In welcher Schweizer Stadt kann man heute noch ein langes Stück auf der alten Stadtmauer gehen?,"[""Murten"", ""Genf"", ""Lugano"", ""St. Moritz""]",Die Ringmauer von Murten ist sehr gut erhalten. Auf ihrem überdachten Gang kann man ein grosses Stück um die Altstadt gehen.,In Murten kann man auf der alten Stadtmauer spazieren.,Stadtmauer,,ok
g_mittelalter,1,Wie heisst die lange Mauer mit neun Türmen in Luzern?,"[""Museggmauer"", ""Kapellmauer"", ""Pilatusmauer"", ""Reussmauer""]","Die Museggmauer schützte Luzern im Mittelalter. Sie hat neun Türme, und einige davon kann man im Sommer besuchen.",Die Museggmauer in Luzern hat neun Türme.,Stadtmauer,,ok
g_mittelalter,1,Was stand in regelmässigen Abständen auf der Stadtmauer?,"[""Türme"", ""Windmühlen"", ""Bäume"", ""Kirchen""]",Von den Mauertürmen aus sahen die Wächter weit ins Land. So bemerkten sie Feinde früh.,Auf der Stadtmauer standen viele Türme.,Stadtmauer,,ok
g_mittelalter,1,Wie kam man durch die Stadtmauer in die Stadt hinein?,"[""Durch ein Stadttor"", ""Durch einen Tunnel"", ""Über eine Leiter"", ""Mit einem Boot""]","Die Stadtmauer hatte nur wenige Öffnungen. Die Menschen gingen durch die grossen Tore, die bewacht wurden.",Durch das Stadttor kam man in die Stadt.,Stadttor,,ok
g_mittelalter,1,Was mussten Händler am Stadttor für ihre Waren oft bezahlen?,"[""Einen Zoll"", ""Eine Miete"", ""Ein Trinkgeld"", ""Einen Eintritt""]","Wer Waren in die Stadt brachte, musste eine Abgabe zahlen. Mit diesem Geld bezahlte die Stadt zum Beispiel ihre Mauern.",Am Stadttor musste man für Waren oft Zoll bezahlen.,Stadttor,,ok
g_mittelalter,1,Welches bekannte alte Stadttor steht in Basel?,"[""Spalentor"", ""Zytglogge"", ""Holztor"", ""Rheintor""]",Das Spalentor ist ein grosses Tor der alten Basler Stadtbefestigung. Es hat ein buntes Ziegeldach und ist heute noch zu sehen.,Das Spalentor ist ein altes Stadttor in Basel.,Stadttor,,ok
g_mittelalter,1,Was war die Zytglogge in Bern früher einmal?,"[""Ein Stadttor"", ""Eine Kirche"", ""Eine Mühle"", ""Ein Brunnen""]",Die Zytglogge war zuerst ein Tor in der Stadtmauer von Bern. Später bekam der Turm eine berühmte Uhr.,Die Zytglogge in Bern war früher ein Stadttor.,Stadttor,,ok
g_mittelalter,1,"Wer passte am Stadttor auf, wer in die Stadt kam?","[""Der Torwächter"", ""Der Bäcker"", ""Der Müller"", ""Der Bauer""]","Am Tor standen Wächter. Sie kontrollierten, wer in die Stadt hinein wollte.",Der Torwächter bewachte das Stadttor.,Stadttor,,ok
g_mittelalter,1,Wo verkauften Händler und Bauern ihre Waren in der Stadt?,"[""Auf dem Marktplatz"", ""Im Kloster"", ""Auf der Burg"", ""Im Wald""]",Der Marktplatz war ein grosser offener Platz. Dort standen am Markttag viele Stände mit Waren.,Auf dem Marktplatz wurde gehandelt.,Marktplatz,,ok
g_mittelalter,1,"Wie heisst ein Markt, der jede Woche stattfindet?","[""Wochenmarkt"", ""Monatsmarkt"", ""Tagesmarkt"", ""Wochenfest""]",An einem bestimmten Tag in der Woche kamen die Bauern in die Stadt. Diesen Markt gibt es in vielen Schweizer Städten bis heute.,Der Wochenmarkt findet jede Woche statt.,Marktplatz,,ok
g_mittelalter,1,"Wie heisst ein grosser Markt, der nur einmal oder wenige Male im Jahr stattfindet?","[""Jahrmarkt"", ""Kleinmarkt"", ""Hausmarkt"", ""Taschenmarkt""]",Zum grossen Markt im Jahr kamen Händler von weit her. Es gab dort auch Unterhaltung und viel zu sehen.,Ein Jahrmarkt findet nur selten im Jahr statt.,Marktplatz,,ok
g_mittelalter,1,Was brachten die Bauern vom Land auf den Markt in der Stadt?,"[""Gemüse und Eier"", ""Bananen und Ananas"", ""Kakao und Kaffee"", ""Tomaten und Mais""]","Die Bauern verkauften, was auf ihrem Hof wuchs. Bananen, Kakao, Tomaten und Mais kannte man im Mittelalter in Europa noch nicht.",Die Bauern verkauften Gemüse und Eier auf dem Markt.,Marktplatz,,ok
g_mittelalter,1,Womit bezahlte man auf dem Markt im Mittelalter?,"[""Mit Münzen"", ""Mit Kreditkarten"", ""Mit Banknoten"", ""Mit dem Handy""]","Geld gab es damals als Münzen, vor allem aus Silber. Manchmal tauschte man auch Ware gegen Ware.",Im Mittelalter bezahlte man mit Münzen.,Marktplatz,,ok
g_mittelalter,1,Womit wogen die Händler Mehl oder Salz ab?,"[""Mit einer Waage"", ""Mit einem Lineal"", ""Mit einer Uhr"", ""Mit einem Kompass""]","Viele Waren verkaufte man nach Gewicht. Die Stadt prüfte, ob die Waagen und Gewichte richtig waren.",Mit einer Waage misst man das Gewicht.,Marktplatz,,ok
g_mittelalter,1,Was tat ein Marktschreier?,"[""Er pries laut seine Waren an"", ""Er sang in der Kirche"", ""Er läutete die Glocken"", ""Er bewachte das Tor""]","Ein Marktschreier rief laut, wie gut und günstig seine Ware sei. So lockte er Käufer an seinen Stand.",Der Marktschreier lobte laut seine Waren.,Marktplatz,,ok
g_mittelalter,1,Was wird am Zibelemärit in Bern vor allem verkauft?,"[""Zwiebeln"", ""Äpfel"", ""Kürbisse"", ""Kartoffeln""]","«Zibele» heisst auf Berndeutsch Zwiebel. Der Markt findet jedes Jahr im November statt, und überall gibt es Zwiebelzöpfe.",Am Zibelemärit in Bern gibt es viele Zwiebeln.,Marktplatz,,ok
g_mittelalter,1,Wie nannte man den Anführer einer Zunft?,"[""Zunftmeister"", ""Zunftkönig"", ""Zunftritter"", ""Zunftgraf""]",Die Mitglieder wählten einen Anführer. Er leitete die Treffen und vertrat die Zunft gegen aussen.,Der Zunftmeister leitete die Zunft.,Zunft,,ok
g_mittelalter,1,Was durften die Zünfte in Zürich ab dem Jahr 1336?,"[""Im Rat mitbestimmen"", ""Den König wählen"", ""Eigene Burgen bauen"", ""Kriege erklären""]",Bürgermeister Rudolf Brun gab den Handwerkern 1336 Sitze im Rat. So konnten die Zünfte in Zürich mitregieren.,Ab 1336 regierten die Zünfte in Zürich mit.,Zunft,,ok
g_mittelalter,1,In welcher Schweizer Stadt ziehen am Sechseläuten die Zünfte durch die Strassen?,"[""Zürich"", ""Bern"", ""Lugano"", ""Sitten""]",Das Sechseläuten ist das Frühlingsfest der Zürcher Zünfte. Die Mitglieder ziehen in alten Kostümen durch die Stadt.,Das Sechseläuten ist das Fest der Zünfte in Zürich.,Zunft,,ok
g_mittelalter,1,Was wird am Zürcher Sechseläuten am Schluss verbrannt?,"[""Der Böögg"", ""Ein Drache"", ""Ein Schiff"", ""Ein Turm""]","Der Böögg ist ein grosser Schneemann aus Watte und Holz. Er steht für den Winter, der vertrieben wird.",Am Sechseläuten verbrennt der Böögg.,Zunft,,ok
g_mittelalter,1,Welches Zeichen sieht man oft am Schild der Bäckerzunft?,"[""Eine Brezel"", ""Ein Hufeisen"", ""Eine Schere"", ""Ein Fisch""]","Viele Leute konnten damals nicht lesen. Darum zeigten Bilder wie die Brezel, welches Handwerk wo zu Hause war.",Die Brezel ist ein Zeichen der Bäcker.,Zunft,,ok
g_mittelalter,1,Durfte im Mittelalter jeder in der Stadt einfach ein Handwerk ausüben?,"[""Nein, nur Mitglieder der Zunft"", ""Ja, jeder ohne Regeln"", ""Nur Kinder unter zehn Jahren"", ""Nur Leute vom Land""]","Wer ein Handwerk betreiben wollte, musste in die Zunft aufgenommen werden. Das nennt man Zunftzwang.",Ohne Zunft durfte man kein Handwerk betreiben.,Zunft,,ok
g_mittelalter,1,"Wem half die Zunft, wenn ein Mitglied gestorben war?","[""Der Witwe und den Kindern"", ""Den Rittern auf der Burg"", ""Den fremden Händlern"", ""Dem König im Schloss""]","Die Zunftmitglieder halfen einander. Starb ein Mitglied, unterstützte die Zunft seine Familie.",Die Zunft half den Familien ihrer Mitglieder.,Zunft,,ok
g_mittelalter,1,Wer bestimmte in einer Zunft die Regeln für gute Arbeit?,"[""Die Zunft selbst"", ""Die Gaukler"", ""Die Pilger"", ""Die Kinder""]","Die Zunft legte fest, wie gut eine Ware sein musste und wie viel sie kosten durfte. Wer schlecht arbeitete, wurde bestraft.",Die Zunft achtete auf gute Arbeit.,Zunft,,ok
g_mittelalter,1,"Wie nannte man einen Jungen, der ein Handwerk erst lernte?","[""Lehrling"", ""Meister"", ""Geselle"", ""Knappe""]",Am Anfang war man Lehrling. Man lernte bei einem erfahrenen Handwerker.,Ein Lehrling lernt ein Handwerk.,Handwerk,,ok
g_mittelalter,1,Welche Reihenfolge stimmt im Handwerk?,"[""Lehrling, Geselle, Meister"", ""Meister, Geselle, Lehrling"", ""Geselle, Lehrling, Meister"", ""Lehrling, Meister, Geselle""]",Zuerst lernt man als Lehrling. Nach der Lehre ist man Geselle und kann später Meister werden.,Aus dem Lehrling wird ein Geselle und dann ein Meister.,Handwerk,,ok
g_mittelalter,1,Wo wohnte ein Lehrling im Mittelalter oft?,"[""Im Haus des Meisters"", ""Auf der Burg"", ""Im Kloster"", ""Im Wald""]",Der Lehrling lebte bei der Familie des Meisters. Er bekam dort Essen und ein Bett.,Der Lehrling wohnte oft beim Meister.,Handwerk,,ok
g_mittelalter,1,Was machten viele Gesellen nach ihrer Lehre?,"[""Sie gingen auf Wanderschaft"", ""Sie wurden sofort Ritter"", ""Sie gingen ins Kloster"", ""Sie fuhren aufs Meer""]",Die Gesellen zogen in andere Städte und arbeiteten bei fremden Meistern. So lernten sie neue Arbeitsweisen kennen.,Viele Gesellen wanderten von Stadt zu Stadt.,Handwerk,,ok
g_mittelalter,1,Wie lange dauerte eine Lehre im Mittelalter meistens?,"[""Einige Jahre"", ""Einen Tag"", ""Eine Woche"", ""Einen Monat""]",Ein Handwerk lernt man nicht schnell. Die Lehre dauerte je nach Beruf etwa zwei bis sieben Jahre.,Eine Lehre dauerte mehrere Jahre.,Handwerk,,ok
g_mittelalter,1,"Was bekam ein Meister oft dafür, dass er einen Lehrling ausbildete?","[""Lehrgeld von den Eltern"", ""Ein Pferd vom König"", ""Land von der Kirche"", ""Ein Haus vom Rat""]",Die Eltern bezahlten dem Meister oft Geld für die Ausbildung. Dafür lernte ihr Kind einen Beruf.,Für die Lehre zahlten die Eltern oft Lehrgeld.,Handwerk,,ok
g_mittelalter,1,Wie nennt man die Wanderschaft der Gesellen noch heute?,"[""Walz"", ""Tour"", ""Ferien"", ""Ausflug""]","Man sagt, ein Geselle ist «auf der Walz». Auch heute gehen noch einige junge Handwerker auf Wanderschaft.",Gesellen auf Wanderschaft sind auf der Walz.,Handwerk,,ok
g_mittelalter,1,Welcher Handwerker machte im Mittelalter Schuhe?,"[""Der Schuhmacher"", ""Der Schneider"", ""Der Schmied"", ""Der Weber""]","Der Schuhmacher nähte Schuhe aus Leder. Der Schneider machte Kleider, der Schmied arbeitete mit Eisen.",Der Schuhmacher stellte Schuhe her.,Handwerk,,ok
g_mittelalter,1,Wann machte der Nachtwächter seine Runde durch die Stadt?,"[""In der Nacht"", ""Am Mittag"", ""Am Morgen"", ""Nur am Sonntag""]","Wenn alle schliefen, ging der Nachtwächter durch die Gassen. Er passte auf, dass alles ruhig blieb.",Der Nachtwächter wachte in der Nacht über die Stadt.,Nachtwächter,,ok
g_mittelalter,1,Was rief der Nachtwächter in den Gassen aus?,"[""Die Uhrzeit"", ""Das Wetter von morgen"", ""Die Marktpreise"", ""Die Namen der Kinder""]",Die meisten Leute hatten keine Uhr. Darum rief der Nachtwächter jede Stunde aus.,Der Nachtwächter rief die Stunden aus.,Nachtwächter,,ok
g_mittelalter,1,Wovor warnte der Nachtwächter die Menschen vor allem?,"[""Vor Feuer"", ""Vor Schnee"", ""Vor Mäusen"", ""Vor Nebel""]","Ein Brand war in der Nacht besonders gefährlich. Sah der Nachtwächter Rauch, weckte er sofort alle.",Der Nachtwächter warnte vor Feuer.,Nachtwächter,,ok
g_mittelalter,1,"Was trug der Nachtwächter bei sich, um im Dunkeln zu sehen?","[""Eine Laterne"", ""Eine Taschenlampe"", ""Einen Spiegel"", ""Ein Fernrohr""]",In der Laterne brannte eine Kerze oder ein Öllicht. Strassenlampen gab es damals noch nicht.,Mit der Laterne sah der Nachtwächter im Dunkeln.,Nachtwächter,,ok
g_mittelalter,1,Womit konnte der Nachtwächter laut Alarm geben?,"[""Mit einem Horn"", ""Mit einer Geige"", ""Mit einer Harfe"", ""Mit einer Laute""]",In das Horn blies er kräftig hinein. Der laute Ton weckte die Menschen in den Häusern.,Mit dem Horn gab der Nachtwächter Alarm.,Nachtwächter,,ok
g_mittelalter,1,Wie beginnt ein bekanntes altes Nachtwächterlied?,"[""«Hört, ihr Herrn, und lasst euch sagen»"", ""«Alle meine Entchen»"", ""«Fuchs, du hast die Gans gestohlen»"", ""«Kommt ein Vogel geflogen»""]","Mit diesem Vers kündigte der Nachtwächter die Stunde an. Danach sang er, wie spät es war.","Das alte Nachtwächterlied beginnt mit «Hört, ihr Herrn».",Nachtwächter,,ok
g_mittelalter,1,In welcher Schweizer Stadt ruft noch heute jede Nacht ein Wächter vom Turm der Kathedrale die Stunden aus?,"[""Lausanne"", ""Basel"", ""Chur"", ""Luzern""]",Der Wächter heisst auf Französisch «le guet». Er ruft jede Nacht von 22 Uhr bis 2 Uhr die Stunden vom Turm der Kathedrale.,In Lausanne ruft der Wächter noch heute die Stunden aus.,Nachtwächter,,ok
g_mittelalter,1,Welche Waffe trug der Nachtwächter oft bei sich?,"[""Eine Hellebarde"", ""Eine Pistole"", ""Eine Kanone"", ""Ein Gewehr""]",Die Hellebarde ist ein langer Stab mit einer Spitze und einem Beil. Damit konnte sich der Nachtwächter wehren.,Der Nachtwächter trug oft eine Hellebarde.,Nachtwächter,,ok
g_mittelalter,1,"Wer traf sich im Rathaus, um über die Stadt zu bestimmen?","[""Der Rat der Stadt"", ""Die Ritter"", ""Die Mönche"", ""Die Bauern""]",Im Rathaus beriet der Rat über die Angelegenheiten der Stadt. Er machte Regeln für alle Bürger.,Im Rathaus tagte der Rat der Stadt.,Rathaus,,ok
g_mittelalter,1,Welche Farbe hat das berühmte Rathaus in Basel?,"[""Rot"", ""Blau"", ""Grün"", ""Weiss""]",Das Basler Rathaus leuchtet kräftig rot. Es ist mit bunten Bildern bemalt.,Das Basler Rathaus ist rot.,Rathaus,,ok
g_mittelalter,1,"Wie nannte man die Männer, die im Rat der Stadt sassen?","[""Ratsherren"", ""Ritter"", ""Mönche"", ""Knappen""]",Die Ratsherren waren meist reiche Kaufleute oder Handwerker. Sie wurden für eine bestimmte Zeit gewählt.,Die Ratsherren sassen im Rat der Stadt.,Rathaus,,ok
g_mittelalter,1,Woher hat das Rathaus seinen Namen?,"[""Vom Rat der Stadt"", ""Von einem Fluss"", ""Von einem König"", ""Von einem Heiligen""]","Das Wort kommt von «Rat» und «beraten». Es ist das Haus, in dem beraten wurde.",Das Rathaus ist das Haus des Rates.,Rathaus,,ok
g_mittelalter,1,An welchem Fluss steht das Rathaus von Zürich?,"[""Limmat"", ""Reuss"", ""Aare"", ""Rhein""]",Das Zürcher Rathaus steht direkt am Wasser. Es ist sogar teilweise in den Fluss hineingebaut.,Das Zürcher Rathaus steht an der Limmat.,Rathaus,,ok
g_mittelalter,1,Wer leitete in vielen Städten den Rat?,"[""Der Bürgermeister"", ""Der Bischof"", ""Der Bader"", ""Der Kaiser""]",Der Bürgermeister war das Oberhaupt der Stadt. In Bern hiess dieses Amt Schultheiss.,Der Bürgermeister leitete die Stadt.,Rathaus,,ok
g_mittelalter,1,Was fand im mittelalterlichen Rathaus auch statt?,"[""Gerichtsverhandlungen"", ""Gottesdienste"", ""Ritterturniere"", ""Pferderennen""]",Im Rathaus wurde auch über Streit und Verbrechen entschieden. Der Rat war oft zugleich das Gericht.,Im Rathaus wurde auch Gericht gehalten.,Rathaus,,ok
g_mittelalter,1,Warum bauten Städte ihr Rathaus oft besonders schön?,"[""Um ihren Reichtum zu zeigen"", ""Damit Kühe darin wohnen"", ""Damit es weniger kostet"", ""Um Bäume zu schützen""]","Ein prächtiges Rathaus zeigte, dass die Stadt reich und stolz war. Darum hat es oft Türme, Bilder und Schmuck.",Ein schönes Rathaus zeigte den Stolz der Stadt.,Rathaus,,ok
g_mittelalter,1,Woraus besteht das Gerüst eines Fachwerkhauses?,"[""Aus Holzbalken"", ""Aus Stahl"", ""Aus Glas"", ""Aus Beton""]",Ein Fachwerkhaus hat ein Gerippe aus Holzbalken. Die Balken sieht man von aussen gut.,Ein Fachwerkhaus hat ein Gerüst aus Holz.,Fachwerkhaus,,ok
g_mittelalter,1,Womit füllte man die Lücken zwischen den Balken oft?,"[""Mit Lehm und Zweigen"", ""Mit Glas"", ""Mit Plastik"", ""Mit Eisen""]",Man flocht Zweige zwischen die Balken und strich sie mit Lehm ein. Später nahm man oft auch Ziegelsteine.,Die Fächer füllte man mit Lehm und Zweigen.,Fachwerkhaus,,ok
g_mittelalter,1,"Was mischte man in den Lehm, damit er besser hielt?","[""Stroh"", ""Zucker"", ""Salz"", ""Mehl""]",Gehacktes Stroh machte den Lehm fester. So bekam er beim Trocknen weniger Risse.,Stroh macht den Lehm fester.,Fachwerkhaus,,ok
g_mittelalter,1,Warum ragten die oberen Stockwerke oft weiter hinaus als das untere?,"[""Für mehr Platz oben"", ""Damit Regen hereinkommt"", ""Damit es kälter wird"", ""Für Vogelnester""]",In der engen Stadt war Platz knapp. Mit den vorstehenden Stockwerken gewann man oben mehr Raum.,Vorstehende Stockwerke gaben mehr Platz.,Fachwerkhaus,,ok
g_mittelalter,1,Wie sagt man in der Schweiz oft zu einem Fachwerkhaus?,"[""Riegelhaus"", ""Chalet"", ""Stöckli"", ""Spycher""]",Die Holzbalken nennt man in der Schweiz Riegel. Darum heissen solche Häuser Riegelhäuser.,In der Schweiz heisst ein Fachwerkhaus oft Riegelhaus.,Fachwerkhaus,,ok
g_mittelalter,1,In welchem Kanton sieht man besonders viele Riegelhäuser?,"[""Thurgau"", ""Tessin"", ""Wallis"", ""Graubünden""]","In der Ostschweiz, vor allem im Thurgau, stehen sehr viele dieser Häuser. Im Tessin und im Wallis baute man eher mit Stein.",Im Thurgau gibt es viele Riegelhäuser.,Fachwerkhaus,,ok
g_mittelalter,1,Wer baute das Holzgerüst eines Fachwerkhauses?,"[""Der Zimmermann"", ""Der Bäcker"", ""Der Schneider"", ""Der Bader""]","Der Zimmermann sägte und verband die Balken. Er arbeitete mit Holz, Beil und Säge.",Der Zimmermann baute das Holzgerüst.,Fachwerkhaus,,ok
g_mittelalter,1,In welchem Städtchen am Rhein gibt es viele bemalte alte Häuser am Rathausplatz?,"[""Stein am Rhein"", ""Zermatt"", ""Davos"", ""Locarno""]",Die Altstadt von Stein am Rhein ist bekannt für bemalte Fassaden und Fachwerk. Sie liegt im Kanton Schaffhausen.,Stein am Rhein hat viele bemalte alte Häuser.,Fachwerkhaus,,ok
g_mittelalter,1,Woher holten die meisten Stadtleute im Mittelalter ihr Wasser?,"[""Vom Brunnen"", ""Aus dem Wasserhahn"", ""Aus Flaschen"", ""Aus dem Kühlschrank""]",Wasserleitungen in die Häuser gab es noch nicht. Man trug das Wasser in Eimern vom Brunnen nach Hause.,Das Wasser holte man am Brunnen.,Brunnen,,ok
g_mittelalter,1,Wer holte oft das Wasser am Brunnen?,"[""Mägde und Kinder"", ""Nur der König"", ""Nur die Ritter"", ""Nur der Bürgermeister""]",Wasser holen war eine tägliche Arbeit. Oft machten das Mägde oder die Kinder der Familie.,Mägde und Kinder holten oft das Wasser.,Brunnen,,ok
g_mittelalter,1,Was tauschten die Leute am Brunnen oft aus?,"[""Neuigkeiten"", ""Pferde"", ""Häuser"", ""Waffen""]","Am Brunnen traf man täglich Nachbarn. Dort erzählte man sich, was in der Stadt los war.",Der Brunnen war ein Treffpunkt für Neuigkeiten.,Brunnen,,ok
g_mittelalter,1,Wofür war das Brunnenwasser bei Gefahr besonders wichtig?,"[""Zum Feuerlöschen"", ""Zum Heizen"", ""Zum Lichtmachen"", ""Zum Mauerbauen""]","Brach ein Brand aus, bildeten die Leute eine Kette. Sie reichten Eimer mit Wasser vom Brunnen weiter.",Mit Brunnenwasser löschte man Feuer.,Brunnen,,ok
g_mittelalter,1,Welche Schweizer Stadt ist bekannt für ihre vielen bemalten Figurenbrunnen aus dem 16. Jahrhundert?,"[""Bern"", ""Lugano"", ""Davos"", ""Neuenburg""]",In der Berner Altstadt stehen viele alte Brunnen mit bunten Figuren. Sie gehören zum Welterbe der UNESCO.,Bern hat viele alte Figurenbrunnen.,Brunnen,,ok
g_mittelalter,1,Welches Tier in Ritterrüstung steht auf dem Zähringerbrunnen in Bern?,"[""Ein Bär"", ""Ein Löwe"", ""Ein Adler"", ""Ein Hirsch""]",Der Bär ist das Wappentier von Bern. Auf diesem Brunnen trägt er eine Rüstung und hält eine Fahne.,Auf dem Zähringerbrunnen steht ein Bär in Rüstung.,Brunnen,,ok
g_mittelalter,1,Was ist das Besondere an einem Laufbrunnen?,"[""Das Wasser fliesst ständig"", ""Er hat gar kein Wasser"", ""Er steht in einem Haus"", ""Er ist aus Eis""]",Beim Laufbrunnen kommt das Wasser durch Röhren von einer Quelle. Es fliesst Tag und Nacht aus dem Rohr in den Trog.,Aus einem Laufbrunnen fliesst das Wasser ständig.,Brunnen,,ok
g_mittelalter,1,Woraus waren die Tröge der Stadtbrunnen meistens gemacht?,"[""Aus Stein"", ""Aus Glas"", ""Aus Stoff"", ""Aus Leder""]",Stein ist stark und hält lange. Darum stehen viele alte Steinbrunnen heute noch.,Viele alte Brunnen sind aus Stein.,Brunnen,,ok
g_mittelalter,1,Welche Stadt in Norwegen war ein wichtiger Ort der Hanse?,"[""Bergen"", ""Rom"", ""Madrid"", ""Athen""]",In Bergen hatten die Hansekaufleute ein grosses Handelshaus. Die alten Holzhäuser am Hafen kann man heute noch sehen.,Bergen in Norwegen war ein Ort der Hanse.,Hanse,,ok
g_mittelalter,1,Welche Stadt nennt man die «Königin der Hanse»?,"[""Lübeck"", ""Zürich"", ""Rom"", ""Paris""]",Lübeck an der Ostsee war die wichtigste Stadt der Hanse. Dort trafen sich die Hansestädte zu ihren Versammlungen.,Lübeck war die Königin der Hanse.,Hanse,,ok
g_mittelalter,1,An welchem Meer lagen viele Städte der Hanse?,"[""An der Ostsee"", ""Am Mittelmeer"", ""Am Schwarzen Meer"", ""Am Roten Meer""]",Die Hanse handelte vor allem im Norden Europas. Viele ihrer Städte lagen an der Ostsee und an der Nordsee.,Viele Hansestädte lagen an der Ostsee.,Hanse,,ok
g_mittelalter,1,Welche Stadt nennt sich heute noch «Freie und Hansestadt»?,"[""Hamburg"", ""München"", ""Wien"", ""Bern""]","Hamburg war eine wichtige Hansestadt. Daran erinnert der Name bis heute, auch auf den Autonummern mit «HH».",Hamburg ist eine Hansestadt.,Hanse,,ok
g_mittelalter,1,Mit welchem Fisch handelte die Hanse besonders viel?,"[""Hering"", ""Goldfisch"", ""Forelle"", ""Hecht""]",Der Hering wurde in Salz eingelegt und hielt so lange. Er wurde in viele Länder verkauft.,Die Hanse handelte viel mit Hering.,Hanse,,ok
g_mittelalter,1,Was ist eine Kogge?,"[""Ein Segelschiff"", ""Ein Pferdewagen"", ""Ein Wachturm"", ""Ein Marktstand""]","Die Kogge war das typische Handelsschiff der Hanse. Sie hatte einen dicken, runden Rumpf aus Holz.",Die Kogge ist ein altes Segelschiff.,Kogge,,ok
g_mittelalter,1,Wie viele Masten hatte eine typische Kogge?,"[""Einen"", ""Drei"", ""Fünf"", ""Keinen""]","Eine Kogge hatte einen Mast mit einem grossen, viereckigen Segel. Der Wind trieb sie übers Meer.",Eine Kogge hatte einen Mast.,Kogge,,ok
g_mittelalter,1,In welcher Stadt fand man 1962 eine alte Kogge im Fluss?,"[""Bremen"", ""Basel"", ""Genf"", ""Wien""]",Bei Bauarbeiten im Fluss Weser kam ein altes Schiff zum Vorschein. Die Bremer Kogge ist heute im Museum zu sehen.,Die Bremer Kogge wurde 1962 gefunden.,Kogge,,ok
g_mittelalter,1,Wozu brauchte die Hanse ihre Koggen?,"[""Zum Transport von Waren"", ""Für Wettrennen"", ""Für Ausflüge"", ""Zum Wohnen""]","Die Koggen hatten viel Platz im Bauch. Sie brachten Waren wie Salz, Getreide und Stoffe von Hafen zu Hafen.",Mit Koggen transportierte man Waren.,Kogge,,ok
g_mittelalter,1,Was machten Gaukler auf dem Markt?,"[""Sie zeigten Kunststücke"", ""Sie bauten Häuser"", ""Sie backten Brot"", ""Sie hüteten Schafe""]",Gaukler unterhielten die Leute mit Tricks und Akrobatik. Dafür bekamen sie ein paar Münzen.,Gaukler unterhielten die Leute mit Kunststücken.,Gaukler,,ok
g_mittelalter,1,Welches Kunststück zeigten Gaukler oft?,"[""Jonglieren mit Bällen"", ""Fussball spielen"", ""Velo fahren"", ""Klavier spielen""]",Beim Jonglieren wirft man mehrere Bälle in die Luft und fängt sie wieder. Das konnten viele Gaukler sehr gut.,Gaukler konnten oft jonglieren.,Gaukler,,ok
g_mittelalter,1,Wo lebten Gaukler meistens?,"[""Sie zogen von Ort zu Ort"", ""In einer Burg"", ""In einem Kloster"", ""Im Rathaus""]",Gaukler hatten kein festes Zuhause. Sie reisten zu Märkten und Festen in verschiedenen Städten.,Gaukler zogen von Ort zu Ort.,Gaukler,,ok
g_mittelalter,1,Worauf balancierten manche Gaukler hoch über dem Platz?,"[""Auf einem Seil"", ""Auf einer Wolke"", ""Auf einem Regenbogen"", ""Auf einem Vogel""]",Seiltänzer spannten ein Seil hoch über die Köpfe der Zuschauer. Dort liefen und tanzten sie.,Seiltänzer balancierten auf einem Seil.,Gaukler,,ok
g_mittelalter,1,Was spuckten manche Gaukler zum Staunen der Leute?,"[""Feuer"", ""Steine"", ""Münzen"", ""Blumen""]",Feuerspucker blasen eine Flamme in die Luft. Das ist sehr gefährlich und darf nicht nachgemacht werden.,Feuerspucker machen eine grosse Flamme.,Gaukler,,ok
g_mittelalter,1,Was machten die Spielleute im Mittelalter?,"[""Sie machten Musik"", ""Sie bauten Mauern"", ""Sie flickten Schuhe"", ""Sie fingen Fische""]","Spielleute zogen umher und spielten auf Märkten, Festen und Burgen. Sie sangen und machten Musik.",Spielleute machten Musik.,Spielmann,,ok
g_mittelalter,1,Welches Instrument spielten Spielleute oft?,"[""Dudelsack"", ""Klavier"", ""E-Gitarre"", ""Schlagzeug""]","Der Dudelsack hat einen Luftsack und Pfeifen. Klavier, E-Gitarre und Schlagzeug gab es im Mittelalter noch nicht.",Spielleute spielten oft den Dudelsack.,Spielmann,,ok
g_mittelalter,1,Welches Musikinstrument hat eine Kurbel?,"[""Drehleier"", ""Flöte"", ""Trommel"", ""Harfe""]",Bei der Drehleier dreht man an einer Kurbel. Ein Rad streicht dann über die Saiten.,Die Drehleier spielt man mit einer Kurbel.,Spielmann,,ok
g_mittelalter,1,Wovon erzählten Spielleute oft in ihren Liedern?,"[""Von Helden und Abenteuern"", ""Von Kochrezepten"", ""Vom Wetterbericht"", ""Von Rechenaufgaben""]","Ihre Lieder handelten von mutigen Helden, Liebe und Abenteuern. Die Leute hörten gern zu.",Spielleute sangen von Helden und Abenteuern.,Spielmann,,ok
g_mittelalter,1,"Wie hiess der Mann, der eine Badestube führte?","[""Bader"", ""Bäcker"", ""Müller"", ""Schmied""]",Der Bader kümmerte sich um das Bad und das warme Wasser. Er hatte auch noch andere Aufgaben.,Der Bader führte die Badestube.,Badestube,,ok
g_mittelalter,1,Was machten die Leute in der Badestube?,"[""Sie wuschen sich"", ""Sie backten Brot"", ""Sie kauften Kleider"", ""Sie lernten lesen""]","In den Häusern gab es kein Badezimmer. Darum ging man in die Badestube, um sich zu waschen.",In der Badestube wusch man sich.,Badestube,,ok
g_mittelalter,1,Was machte der Bader ausser dem Baden noch?,"[""Er schnitt Haare"", ""Er backte Brot"", ""Er flickte Dächer"", ""Er baute Schiffe""]",Der Bader schnitt Haare und rasierte Bärte. Er war also auch eine Art Coiffeur.,Der Bader schnitt auch Haare.,Badestube,,ok
g_mittelalter,1,"Was tat der Bader, wenn jemand starke Zahnschmerzen hatte?","[""Er zog den Zahn"", ""Er bleichte den Zahn"", ""Er setzte eine Zahnspange"", ""Er bohrte mit Strom""]",Zahnärzte wie heute gab es noch nicht. Der Bader zog kranke Zähne einfach heraus.,Der Bader zog kranke Zähne.,Badestube,,ok
g_mittelalter,1,Wie wurde das Wasser in der Badestube warm gemacht?,"[""Mit Feuer"", ""Mit Strom"", ""Mit Gas"", ""Mit Solarzellen""]",Das Wasser wurde in grossen Kesseln über dem Feuer erhitzt. Dafür brauchte man viel Holz.,In der Badestube machte man das Wasser mit Feuer warm.,Badestube,,ok
g_mittelalter,1,Was gab es in vielen Badestuben neben warmem Wasser?,"[""Ein Schwitzbad"", ""Eine Wasserrutsche"", ""Einen Sprungturm"", ""Ein Wellenbad""]","Im Schwitzbad goss man Wasser auf heisse Steine. Es entstand Dampf, ähnlich wie in einer Sauna.",In der Badestube konnte man auch schwitzen.,Badestube,,ok
g_mittelalter,1,Worin badeten die Leute in der Badestube?,"[""In einem Holzzuber"", ""In einem Hallenbad"", ""In einer Plastikwanne"", ""In einem Whirlpool""]","Ein Zuber ist ein grosser Bottich aus Holz. Er wurde mit warmem Wasser gefüllt, und oft sassen mehrere Leute darin.",In der Badestube badete man in einem Holzzuber.,Badestube,,ok
g_mittelalter,1,Was machte der Bader beim Schröpfen?,"[""Er setzte warme Gläser auf die Haut"", ""Er strich die Haut grün an"", ""Er klebte Blätter auf die Haut"", ""Er legte Eis auf die Haut""]","Beim Schröpfen setzte man erwärmte kleine Gläser auf den Rücken. Man glaubte, dass das gegen Krankheiten hilft.",Beim Schröpfen kamen warme Gläser auf die Haut.,Badestube,,ok
g_mittelalter,1,"Was bekam ein Ort im Mittelalter, wenn er eine Stadt wurde?","[""Das Stadtrecht"", ""Eine Königskrone"", ""Ein Schloss"", ""Einen Bischof""]",Mit dem Stadtrecht bekam ein Ort besondere Rechte. Erst dann war er wirklich eine Stadt.,Mit dem Stadtrecht wurde ein Ort zur Stadt.,Stadtrecht,,ok
g_mittelalter,1,Wer verlieh im Mittelalter das Stadtrecht?,"[""Ein König oder Fürst"", ""Die Bauern"", ""Die Gaukler"", ""Die Lehrlinge""]",Der Herrscher über das Land gab einem Ort das Stadtrecht. Dafür bekam er oft Steuern von der Stadt.,Ein König oder Fürst gab das Stadtrecht.,Stadtrecht,,ok
g_mittelalter,1,Was durfte eine Stadt mit Stadtrecht oft bauen?,"[""Eine Stadtmauer"", ""Einen Flughafen"", ""Einen Bahnhof"", ""Eine Autobahn""]","Zum Stadtrecht gehörte oft das Recht, sich mit einer Mauer zu schützen. Flughafen, Bahnhof und Autobahn gab es damals nicht.",Eine Stadt mit Stadtrecht durfte sich mit einer Mauer schützen.,Stadtrecht,,ok
g_mittelalter,1,Was mussten die Männer einer Stadt bei Gefahr tun?,"[""Die Stadt verteidigen"", ""Die Stadt verlassen"", ""Sich im Wald verstecken"", ""Auf eine Burg fliehen""]",Die Stadt hatte kaum eigene Soldaten. Darum mussten die Männer selbst Wache halten und die Mauer verteidigen.,Die Männer der Stadt mussten sie selbst verteidigen.,Stadtrecht,,ok
g_mittelalter,1,"Wie nannte man eine Stadt, die direkt dem König oder Kaiser unterstand?","[""Reichsstadt"", ""Bauernstadt"", ""Klosterstadt"", ""Ritterstadt""]","Eine solche Stadt hatte keinen Fürsten über sich, nur den König. Auch Zürich und Bern waren solche Städte.",Eine Reichsstadt unterstand direkt dem König.,Stadtrecht,,ok
g_mittelalter,1,"Wie lange musste ein Unfreier in der Stadt leben, um frei zu werden?","[""Ein Jahr und einen Tag"", ""Eine Woche"", ""Zehn Jahre"", ""Einen Monat""]","Hatte ihn sein Herr in dieser Zeit nicht zurückgeholt, war er frei. Diese Regel galt in vielen Städten.",Nach einem Jahr und einem Tag in der Stadt war man frei.,Stadtrecht,,ok
g_mittelalter,1,Welches wichtige Recht bekam eine Stadt oft zusammen mit dem Stadtrecht?,"[""Das Marktrecht"", ""Das Ritterrecht"", ""Das Klosterrecht"", ""Das Burgrecht""]",Mit diesem Recht durfte die Stadt regelmässig Märkte abhalten. Das brachte Händler und Geld in die Stadt.,Mit dem Marktrecht durfte eine Stadt Märkte abhalten.,Stadtrecht,,ok
g_mittelalter,1,Wo schrieb man die Regeln einer Stadt auf?,"[""In einer Urkunde"", ""Auf einen Kieselstein"", ""In den Sand"", ""Auf ein Baumblatt""]",Die Rechte einer Stadt standen in einer Urkunde mit Siegel. Die Bürger bewahrten sie gut auf.,Das Stadtrecht stand in einer Urkunde.,Stadtrecht,,ok
g_mittelalter,1,"Wie heisst das lange Gewand, das Mönche tragen?","[""Kutte"", ""Mantel"", ""Toga"", ""Umhang""]","Mönche tragen ein langes, einfaches Gewand mit Kapuze. Man nennt es Kutte oder Habit.",Die Kutte ist das einfache Gewand der Mönche.,Mönchtum,,ok
g_mittelalter,1,Was trugen Nonnen meistens auf dem Kopf?,"[""Einen Schleier"", ""Einen Helm"", ""Eine Krone"", ""Einen Hut""]","Nonnen bedeckten ihr Haar mit einem Schleier. Er zeigte, dass sie ihr Leben Gott geschenkt hatten.",Nonnen tragen einen Schleier auf dem Kopf.,Mönchtum,,ok
g_mittelalter,1,Wie nennt man den kahl geschorenen Kreis auf dem Kopf vieler Mönche?,"[""Tonsur"", ""Locke"", ""Zopf"", ""Scheitel""]",Viele Mönche liessen sich oben auf dem Kopf die Haare abschneiden. Diese Frisur heisst Tonsur.,Die Tonsur ist die besondere Frisur der Mönche.,Mönchtum,,ok
g_mittelalter,1,Was versprachen Mönche und Nonnen beim Eintritt ins Kloster?,"[""Arm zu leben"", ""Reich zu werden"", ""Ritter zu werden"", ""Viel zu reisen""]","Mönche und Nonnen versprachen, ohne eigenen Besitz zu leben. Ein solches Versprechen nennt man Gelübde.","Mönche und Nonnen versprechen, arm zu leben.",Mönchtum,,ok
g_mittelalter,1,Was durften Mönche und Nonnen nicht?,"[""Heiraten"", ""Beten"", ""Singen"", ""Lesen""]","Mönche und Nonnen lebten ehelos. Sie versprachen, nicht zu heiraten und keine eigene Familie zu gründen.",Mönche und Nonnen heiraten nicht.,Mönchtum,,ok
g_mittelalter,1,Wie heisst der überdachte Gang rund um einen Innenhof im Kloster?,"[""Kreuzgang"", ""Burggraben"", ""Wehrgang"", ""Laubengang""]","Der Kreuzgang umschliesst einen Innenhof. Dort gingen die Mönche spazieren, beteten und lasen.",Der Kreuzgang ist ein Gang rund um den Klosterhof.,Mönchtum,,ok
g_mittelalter,1,Wie heisst der Speisesaal in einem Kloster?,"[""Refektorium"", ""Skriptorium"", ""Kapitelsaal"", ""Dormitorium""]","Im Refektorium assen Mönche und Nonnen gemeinsam. Oft wurde dabei geschwiegen, und jemand las laut vor.",Im Refektorium essen die Mönche zusammen.,Mönchtum,,ok
g_mittelalter,1,Was rief die Mönche mehrmals am Tag zum Gebet?,"[""Eine Glocke"", ""Ein Horn"", ""Eine Trommel"", ""Ein Hahn""]",Die Klosterglocke läutete zu festen Zeiten. Dann gingen alle Mönche in die Kirche zum Gebet.,Die Klosterglocke ruft die Mönche zum Gebet.,Mönchtum,,ok
g_mittelalter,1,Wie heisst die Leiterin eines Frauenklosters?,"[""Äbtissin"", ""Königin"", ""Gräfin"", ""Herzogin""]",Ein Frauenkloster wird von einer Äbtissin geleitet. Die Nonnen wählen sie aus ihrer Gemeinschaft.,Die Äbtissin leitet ein Frauenkloster.,Abt,,ok
g_mittelalter,1,"Was bedeutet das Wort «Abba», von dem «Abt» abstammt?","[""Vater"", ""König"", ""Lehrer"", ""Bruder""]",Das Wort Abt kommt von «Abba». Das heisst Vater. Der Abt soll für die Mönche wie ein Vater sein.,Der Abt ist wie ein Vater für die Mönche.,Abt,,ok
g_mittelalter,1,Wer wählte meistens den Abt eines Klosters?,"[""Die Mönche"", ""Der König"", ""Die Bauern"", ""Die Ritter""]",Nach der Regel des heiligen Benedikt wählen die Mönche ihren Abt selbst. Er bleibt meist lange im Amt.,Die Mönche wählen ihren Abt selbst.,Abt,,ok
g_mittelalter,1,Welchen Stab trägt ein Abt als Zeichen seines Amtes?,"[""Einen Krummstab"", ""Einen Zauberstab"", ""Einen Wanderstab"", ""Einen Taktstock""]","Der Abtsstab ist oben gebogen wie ein Hirtenstab. Er zeigt, dass der Abt seine Mönche wie ein Hirte führt.",Der Abt trägt einen gebogenen Stab wie ein Hirte.,Abt,,ok
g_mittelalter,1,Was mussten Mönche dem Abt gegenüber sein?,"[""Gehorsam"", ""Streng"", ""Ängstlich"", ""Frech""]",Mönche versprachen Gehorsam. Sie folgten den Anweisungen ihres Abtes.,Mönche gehorchen ihrem Abt.,Abt,,ok
g_mittelalter,1,Wie nennt man den Stellvertreter des Abtes?,"[""Prior"", ""Graf"", ""Vogt"", ""Knappe""]","Der Prior hilft dem Abt und vertritt ihn, wenn er nicht da ist.",Der Prior ist der Stellvertreter des Abtes.,Abt,,ok
g_mittelalter,1,Wer leitete im Mittelalter das Fraumünster in Zürich?,"[""Eine Äbtissin"", ""Ein König"", ""Ein Bischof"", ""Ein Ritter""]",Das Fraumünster war ein Frauenkloster. Seine Äbtissin war sehr mächtig und durfte in Zürich sogar Münzen prägen lassen.,Die Äbtissin des Fraumünsters war in Zürich sehr mächtig.,Abt,,ok
g_mittelalter,1,"Wie nannte man den Abt von St. Gallen, der auch ein Landesherr war?","[""Fürstabt"", ""Kaiserabt"", ""Ritterabt"", ""Grafenabt""]",Der Abt von St. Gallen herrschte auch über ein Gebiet mit Dörfern und Bauern. Deshalb nannte man ihn Fürstabt.,Der Fürstabt von St. Gallen war Abt und Landesherr zugleich.,Abt,,ok
g_mittelalter,1,Wofür nutzten Mönche Heilkräuter vor allem?,"[""Für Medizin"", ""Für Farben"", ""Für Schmuck"", ""Für Spiele""]","Aus Heilkräutern machten Mönche Tees, Salben und Umschläge. Damit pflegten sie kranke Menschen.",Heilkräuter aus dem Klostergarten dienten als Medizin.,Klostergarten,,ok
g_mittelalter,1,"Welches Heilkraut hat einen Namen, der vom lateinischen Wort für «heilen» kommt?","[""Salbei"", ""Petersilie"", ""Schnittlauch"", ""Dill""]","Salbei heisst lateinisch «Salvia». Das kommt von «salvare», heilen oder retten.",Der Salbei hat seinen Namen vom Heilen.,Klostergarten,,ok
g_mittelalter,1,Welchen Tee tranken Mönche oft gegen Bauchweh?,"[""Kamillentee"", ""Schwarztee"", ""Eistee"", ""Kaffee""]",Kamille beruhigt Bauch und Haut. Sie wächst bis heute in vielen Klostergärten.,Kamillentee hilft bei Bauchweh.,Klostergarten,,ok
g_mittelalter,1,Aus welcher orangen Blume machte man eine Salbe für Wunden?,"[""Ringelblume"", ""Sonnenblume"", ""Tulpe"", ""Mohnblume""]",Die Ringelblume hat orange oder gelbe Blüten. Ihre Salbe hilft bei kleinen Wunden.,Ringelblumensalbe hilft bei kleinen Wunden.,Klostergarten,,ok
g_mittelalter,1,Welches Kraut mit frischem Duft wuchs schon in Klostergärten und ist bis heute als Tee beliebt?,"[""Minze"", ""Moos"", ""Löwenzahn"", ""Klee""]",Die Minze riecht frisch und kühl. Schon der Mönch Walahfrid Strabo beschrieb sie in seinem Gartengedicht.,Die Minze wuchs schon in Klostergärten.,Klostergarten,,ok
g_mittelalter,1,Welcher Abt schrieb ein berühmtes Gedicht über seinen Klostergarten auf der Insel Reichenau?,"[""Walahfrid Strabo"", ""Karl der Grosse"", ""Benedikt von Nursia"", ""Gallus""]","Walahfrid Strabo war Abt auf der Insel Reichenau im Bodensee. Um 840 schrieb er das Gedicht «Hortulus», das heisst Gärtchen.",Walahfrid Strabo schrieb ein Gedicht über seinen Klostergarten.,Klostergarten,,ok
g_mittelalter,1,Welcher alte Plan aus St. Gallen zeigt auch einen Kräutergarten?,"[""Der St. Galler Klosterplan"", ""Der Plan von Rom"", ""Die Schweizer Karte"", ""Der Stadtplan Zürich""]","Der St. Galler Klosterplan wurde vor über 1200 Jahren gezeichnet. Er zeigt ein ganzes Kloster mit Kräutergarten, Gemüsegarten und Obstgarten.",Der St. Galler Klosterplan zeigt ein ganzes Kloster mit Gärten.,Klostergarten,,ok
g_mittelalter,1,Neben welchem Haus lag der Heilkräutergarten auf dem St. Galler Klosterplan?,"[""Neben dem Arzthaus"", ""Neben dem Stall"", ""Neben der Mühle"", ""Neben dem Tor""]",Auf dem Plan liegt der Kräutergarten nahe beim Haus des Arztes. So waren die Heilpflanzen schnell zur Hand.,Der Kräutergarten lag nahe beim Arzt.,Klostergarten,,ok
g_mittelalter,1,Welche lila Pflanze mit starkem Duft wuchs oft in Klostergärten?,"[""Lavendel"", ""Kohl"", ""Lauch"", ""Rüebli""]",Lavendel duftet stark und beruhigt. Man nutzte ihn auch gegen Motten in der Kleidung.,Lavendel duftet stark und wächst in vielen Klostergärten.,Klostergarten,,ok
g_mittelalter,1,Womit schrieben die Mönche im Skriptorium?,"[""Mit einer Feder"", ""Mit einem Kugelschreiber"", ""Mit einem Bleistift"", ""Mit Kreide""]",Die Mönche schrieben mit einer Vogelfeder. Die Spitze tauchten sie in Tinte.,Mönche schrieben mit einer Feder und Tinte.,Skriptorium,,ok
g_mittelalter,1,Von welchem Tier stammten die Schreibfedern meistens?,"[""Von der Gans"", ""Vom Huhn"", ""Vom Spatz"", ""Von der Ente""]",Gänsefedern sind gross und fest. Man schnitt die Spitze schräg zu und konnte damit gut schreiben.,Die meisten Schreibfedern stammten von Gänsen.,Skriptorium,,ok
g_mittelalter,1,Aus welcher Tierhaut wurde Pergament oft gemacht?,"[""Kalbshaut"", ""Fischhaut"", ""Schlangenhaut"", ""Froschhaut""]","Pergament wurde aus der Haut von Kälbern, Schafen oder Ziegen gemacht. Die Haut wurde gereinigt, gespannt und dünn geschabt.",Pergament ist aus Tierhaut gemacht.,Skriptorium,,ok
g_mittelalter,1,"Was benutzten Mönche, um einen Schreibfehler wegzumachen?","[""Ein Messer"", ""Einen Radiergummi"", ""Tipp-Ex"", ""Einen Schwamm""]",Mit einem kleinen Messer schabten die Mönche die Tinte vom Pergament ab. Dann schrieben sie neu darüber.,Fehler kratzten die Mönche mit dem Messer weg.,Skriptorium,,ok
g_mittelalter,1,Wann arbeiteten die Mönche meistens im Skriptorium?,"[""Bei Tageslicht"", ""Mitten in der Nacht"", ""Nur im Dunkeln"", ""Nur bei Gewitter""]",Kerzen gaben wenig Licht und konnten Feuer machen. Darum schrieben die Mönche lieber bei Tageslicht.,Im Skriptorium schrieb man bei Tageslicht.,Skriptorium,,ok
g_mittelalter,1,Wie lange konnte das Abschreiben einer ganzen Bibel dauern?,"[""Über ein Jahr"", ""Einen Tag"", ""Eine Woche"", ""Eine Stunde""]","Eine Bibel hat sehr viele Seiten. Ein Mönch brauchte oft mehr als ein Jahr, um sie von Hand abzuschreiben.",Das Abschreiben einer Bibel dauerte oft über ein Jahr.,Skriptorium,,ok
g_mittelalter,1,Aus welcher Pflanzenwucherung machte man im Mittelalter oft Tinte?,"[""Aus Galläpfeln"", ""Aus Kartoffeln"", ""Aus Tomaten"", ""Aus Kirschen""]","Galläpfel sind kleine Kugeln an Eichenblättern. Mit Eisen gemischt ergeben sie eine dunkle, haltbare Tinte.",Aus Galläpfeln machte man dunkle Tinte.,Skriptorium,,ok
g_mittelalter,1,Wie verhielten sich die Mönche beim Schreiben im Skriptorium?,"[""Sie waren still"", ""Sie sangen laut"", ""Sie spielten Musik"", ""Sie lachten viel""]",Im Skriptorium herrschte Ruhe. So konnten sich die Schreiber gut konzentrieren und machten weniger Fehler.,Im Skriptorium wurde still gearbeitet.,Skriptorium,,ok
g_mittelalter,1,Woraus bestanden die Buchdeckel im Mittelalter oft?,"[""Aus Holz"", ""Aus Plastik"", ""Aus Karton"", ""Aus Glas""]",Die Seiten wurden zwischen zwei Holzbretter gebunden. Darüber spannte man oft Leder.,Mittelalterliche Bücher hatten oft Deckel aus Holz.,Skriptorium,,ok
g_mittelalter,1,"Wie nennt man den grossen, verzierten ersten Buchstaben eines Textes?","[""Initiale"", ""Signatur"", ""Fussnote"", ""Titelblatt""]","Eine Initiale ist der erste Buchstabe eines Abschnitts. Sie ist gross, bunt und oft mit Bildern verziert.","Die Initiale ist ein grosser, verzierter Anfangsbuchstabe.",Buchmalerei,,ok
g_mittelalter,1,Welches glänzende Metall klebte man in prächtige Bücher?,"[""Gold"", ""Eisen"", ""Blei"", ""Kupfer""]",Die Buchmaler klebten hauchdünnes Blattgold auf die Seiten. Es glänzt bis heute.,Blattgold lässt alte Bücher glänzen.,Buchmalerei,,ok
g_mittelalter,1,Aus welchem blauen Stein machte man eine sehr teure blaue Farbe?,"[""Lapislazuli"", ""Marmor"", ""Granit"", ""Kalkstein""]","Lapislazuli kam von weit her, aus dem heutigen Afghanistan. Man zerrieb ihn zu einem leuchtend blauen Pulver.",Das teure Blau wurde aus Lapislazuli gemacht.,Buchmalerei,,ok
g_mittelalter,1,Wie nennt man ein kleines gemaltes Bild in einem alten Buch?,"[""Miniatur"", ""Poster"", ""Foto"", ""Comic""]","Die Bilder in Handschriften heissen Miniaturen. Das Wort kommt von «minium», einer roten Farbe.",Kleine Bilder in alten Büchern heissen Miniaturen.,Buchmalerei,,ok
g_mittelalter,1,Wo malten die Buchmaler oft kleine Tiere und Ranken hin?,"[""An den Seitenrand"", ""Auf den Boden"", ""An die Wand"", ""Auf den Tisch""]","Am Rand der Seiten malten sie Blätter, Ranken und lustige Tiere. So wurde die Seite noch schöner.",Am Seitenrand malten die Buchmaler oft Ranken und Tiere.,Buchmalerei,,ok
g_mittelalter,1,"Welches berühmte, prächtig bemalte Buch aus Irland ist etwa 1200 Jahre alt?","[""Book of Kells"", ""Harry Potter"", ""Grimms Märchen"", ""Heidi""]",Das «Book of Kells» entstand um das Jahr 800. Es enthält die vier Evangelien und ist wunderschön bemalt.,Das Book of Kells ist ein prächtiges Buch aus Irland.,Buchmalerei,,ok
g_mittelalter,1,Woraus machten Buchmaler viele ihrer Farben?,"[""Aus Pflanzen und Steinen"", ""Aus Plastik"", ""Aus Öl vom Auto"", ""Aus Filzstiften""]","Farben wurden aus Pflanzen, Erden und zerriebenen Steinen gemacht. Man mischte sie zum Beispiel mit Eiweiss.",Farben machte man aus Pflanzen und Steinen.,Buchmalerei,,ok
g_mittelalter,1,Warum waren bemalte Handschriften so wertvoll?,"[""Viel Arbeit und teure Farben"", ""Sie waren aus Papier"", ""Sie waren sehr klein"", ""Sie waren ganz neu""]","Für ein bemaltes Buch brauchte man viel Zeit, Gold und teure Farben. Darum besassen nur Klöster, Kirchen und Reiche solche Bücher.",Bemalte Handschriften waren sehr kostbar.,Buchmalerei,,ok
g_mittelalter,1,Was war Hildegard von Bingen von Beruf?,"[""Nonne"", ""Königin"", ""Ritterin"", ""Bäuerin""]",Hildegard lebte schon als Kind im Kloster. Später wurde sie eine berühmte Nonne und Äbtissin.,Hildegard von Bingen war eine berühmte Nonne.,Hildegard von Bingen,,ok
g_mittelalter,1,In welchem Land lebte Hildegard von Bingen?,"[""Deutschland"", ""Spanien"", ""England"", ""Italien""]",Hildegard lebte im heutigen Deutschland. Dort gründete sie später auch ein eigenes Kloster.,Hildegard von Bingen lebte im heutigen Deutschland.,Hildegard von Bingen,,ok
g_mittelalter,1,In welchem Jahrhundert lebte Hildegard von Bingen?,"[""Im 12. Jahrhundert"", ""Im 5. Jahrhundert"", ""Im 16. Jahrhundert"", ""Im 19. Jahrhundert""]",Hildegard wurde 1098 geboren und starb 1179. Sie lebte also im 12. Jahrhundert.,Hildegard von Bingen lebte im 12. Jahrhundert.,Hildegard von Bingen,,ok
g_mittelalter,1,Wofür ist Hildegard von Bingen heute besonders bekannt?,"[""Für Heilkunde"", ""Für Ritterkämpfe"", ""Für Seefahrten"", ""Für Erfindungen mit Dampf""]","Hildegard schrieb über Pflanzen, Tiere und Steine und wie sie Kranken helfen können. Darum kennt man sie heute vor allem als Heilkundige.",Hildegard von Bingen schrieb viel über das Heilen.,Hildegard von Bingen,,ok
g_mittelalter,1,An welchem Fluss gründete Hildegard ihr eigenes Kloster?,"[""Am Rhein"", ""An der Donau"", ""An der Aare"", ""An der Seine""]",Hildegard gründete um 1150 das Kloster Rupertsberg bei Bingen. Bingen liegt am Rhein.,Hildegards Kloster lag am Rhein.,Hildegard von Bingen,,ok
g_mittelalter,1,Was schrieb Hildegard von Bingen neben Büchern auch?,"[""Lieder"", ""Comics"", ""Zeitungen"", ""Briefmarken""]",Hildegard dichtete und komponierte viele geistliche Lieder. Manche werden heute noch gesungen.,Hildegard von Bingen komponierte Lieder.,Hildegard von Bingen,,ok
g_mittelalter,1,"Was erzählte Hildegard von Bingen, schon als Kind gehabt zu haben?","[""Visionen"", ""Ein Pferd"", ""Ein Schloss"", ""Eine Krone""]","Hildegard berichtete von besonderen Bildern, die sie innerlich sah. Man nennt sie Visionen.",Hildegard von Bingen hatte Visionen.,Hildegard von Bingen,,ok
g_mittelalter,1,Welche Getreideart lobte Hildegard von Bingen besonders?,"[""Dinkel"", ""Mais"", ""Reis"", ""Hirse""]","Hildegard schrieb, Dinkel sei besonders gut und bekömmlich. Darum wird Dinkel heute oft mit ihr verbunden.",Hildegard von Bingen lobte den Dinkel.,Hildegard von Bingen,,ok
g_mittelalter,1,Was wurde Hildegard von Bingen im Jahr 2012 offiziell?,"[""Heilige"", ""Königin"", ""Kaiserin"", ""Professorin""]",Papst Benedikt XVI. erklärte Hildegard 2012 zur Heiligen und zur Kirchenlehrerin.,Hildegard von Bingen ist seit 2012 offiziell eine Heilige.,Hildegard von Bingen,,ok
g_mittelalter,1,Wer lernte im Mittelalter in einer Klosterschule?,"[""Vor allem Knaben"", ""Nur Erwachsene"", ""Nur Prinzessinnen"", ""Nur Ritter""]","In den Klosterschulen lernten vor allem Knaben, die oft später Mönche wurden. In Frauenklöstern lernten auch Mädchen.",In Klosterschulen lernten vor allem Knaben.,Klosterschule,,ok
g_mittelalter,1,Worauf schrieben Kinder in der Klosterschule ihre Übungen?,"[""Auf eine Wachstafel"", ""Auf ein Tablet"", ""Auf eine Wandtafel"", ""Auf Papier""]",Pergament war zu teuer zum Üben. Die Kinder ritzten mit einem Griffel in eine Tafel aus Wachs.,Kinder übten auf einer Wachstafel.,Klosterschule,,ok
g_mittelalter,1,Womit schrieb man auf eine Wachstafel?,"[""Mit einem Griffel"", ""Mit einem Pinsel"", ""Mit Kreide"", ""Mit Tinte""]",Der Griffel war ein spitzer Stab. Mit dem flachen Ende konnte man das Wachs wieder glatt streichen.,Auf Wachs schrieb man mit einem Griffel.,Klosterschule,,ok
g_mittelalter,1,Was übten die Kinder in der Klosterschule oft gemeinsam?,"[""Singen"", ""Reiten"", ""Fechten"", ""Jagen""]",Im Kloster wurde viel gesungen. Die Kinder lernten die Lieder für den Gottesdienst auswendig.,In der Klosterschule übten die Kinder das Singen.,Klosterschule,,ok
g_mittelalter,1,Welcher Kaiser liess um das Jahr 800 Schulen in Klöstern fördern?,"[""Karl der Grosse"", ""Julius Cäsar"", ""Napoleon"", ""Wilhelm Tell""]","Karl der Grosse wollte, dass mehr Menschen lesen und schreiben können. Darum förderte er Schulen in Klöstern und bei Kirchen.",Karl der Grosse förderte die Klosterschulen.,Klosterschule,,ok
g_mittelalter,1,Welche Klosterschule in der Schweiz war im Mittelalter besonders berühmt?,"[""St. Gallen"", ""Bern"", ""Basel"", ""Lugano""]",Die Klosterschule von St. Gallen war vor über 1000 Jahren eine der besten in Europa. Gelehrte Mönche unterrichteten dort.,Die Klosterschule von St. Gallen war sehr berühmt.,Klosterschule,,ok
g_mittelalter,1,Wie hiess ein berühmter Lehrer und Dichter im Kloster St. Gallen?,"[""Notker"", ""Gallus"", ""Tell"", ""Zwingli""]",Notker war ein Mönch in St. Gallen um das Jahr 900. Er war Lehrer und schrieb viele Lieder.,Notker war ein berühmter Lehrer in St. Gallen.,Klosterschule,,ok
g_mittelalter,1,"Was passierte oft, wenn ein Schüler im Mittelalter nicht aufpasste?","[""Er bekam Schläge mit der Rute"", ""Er bekam ein Geschenk"", ""Er durfte heimgehen"", ""Er bekam eine Krone""]","Lehrer im Mittelalter waren sehr streng. Wer nicht aufpasste, bekam oft Schläge mit einer Rute.",In der Klosterschule waren die Lehrer sehr streng.,Klosterschule,,ok
g_mittelalter,1,"Wer schrieb die bekannte Regel für Mönche, zu der «Bete und arbeite» passt?","[""Benedikt von Nursia"", ""Karl der Grosse"", ""Martin Luther"", ""Wilhelm Tell""]",Benedikt von Nursia schrieb um das Jahr 540 eine Regel für das Leben im Kloster. Seine Mönche heissen Benediktiner.,Benedikt von Nursia schrieb die Regel der Benediktiner.,Ora et labora,,ok
g_mittelalter,1,In welchem Land lebte Benedikt von Nursia?,"[""Italien"", ""Frankreich"", ""Schweiz"", ""Spanien""]",Benedikt wurde in Nursia in Italien geboren. Er gründete das Kloster Monte Cassino.,Benedikt von Nursia lebte in Italien.,Ora et labora,,ok
g_mittelalter,1,"Wie heisst das berühmte Kloster, das Benedikt auf einem Berg gründete?","[""Monte Cassino"", ""Monte Rosa"", ""Monte Carlo"", ""Monte Generoso""]",Benedikt gründete um 529 das Kloster Monte Cassino in Italien. Es liegt auf einem Berg.,Benedikt gründete das Kloster Monte Cassino.,Ora et labora,,ok
g_mittelalter,1,Welche Arbeit machten Mönche nach «Bete und arbeite» zum Beispiel?,"[""Im Garten arbeiten"", ""Ritterturniere führen"", ""Auf Jagd gehen"", ""Handel auf dem Meer""]","Die Mönche arbeiteten auf dem Feld, im Garten, in der Küche oder in der Schreibstube. Arbeit gehörte genauso zum Tag wie das Gebet.",Im Kloster gehören Beten und Arbeiten zusammen.,Ora et labora,,ok
g_mittelalter,1,Wie oft am Tag beteten die Mönche gemeinsam?,"[""Mehrmals"", ""Nur einmal"", ""Nie"", ""Nur sonntags""]","Die Mönche trafen sich mehrmals am Tag zum Gebet, schon früh am Morgen und sogar in der Nacht. Dazwischen arbeiteten sie.",Mönche beten mehrmals am Tag gemeinsam.,Ora et labora,,ok
g_mittelalter,1,Warum sollten Mönche nach der Regel arbeiten?,"[""Gegen Faulheit"", ""Um reich zu werden"", ""Für Turniere"", ""Für den Krieg""]","Benedikt schrieb, Müssiggang sei ein Feind der Seele. Darum sollten die Mönche jeden Tag arbeiten.",Arbeit schützt Mönche vor Faulheit.,Ora et labora,,ok
g_mittelalter,1,"Wie nennt man die Mönche, die nach der Regel des heiligen Benedikt leben?","[""Benediktiner"", ""Franziskaner"", ""Kapuziner"", ""Dominikaner""]","Wer nach der Regel von Benedikt lebt, ist ein Benediktiner. Es gibt sie bis heute auch in der Schweiz.",Benediktiner leben nach der Regel des heiligen Benedikt.,Ora et labora,,ok
g_mittelalter,1,Welches Benediktinerkloster liegt im Kanton Obwalden?,"[""Engelberg"", ""Einsiedeln"", ""Disentis"", ""Mariastein""]",Das Kloster Engelberg wurde im Jahr 1120 gegründet. Bis heute leben dort Benediktiner nach dem Leitsatz «Bete und arbeite».,Im Kloster Engelberg leben Benediktiner.,Ora et labora,,ok
g_mittelalter,1,"Wie nennt man Menschen, die zu einem heiligen Ort wandern?","[""Pilger"", ""Ritter"", ""Händler"", ""Soldaten""]","Pilger wandern zu einem heiligen Ort, um zu beten. Schon im Mittelalter waren viele Pilger unterwegs.",Pilger wandern zu einem heiligen Ort.,Jakobsweg,,ok
g_mittelalter,1,In welcher Stadt endet der Jakobsweg?,"[""Santiago de Compostela"", ""Rom"", ""Paris"", ""Jerusalem""]",Der Jakobsweg führt nach Santiago de Compostela. Dort soll der Apostel Jakobus begraben sein.,Der Jakobsweg führt nach Santiago de Compostela.,Jakobsweg,,ok
g_mittelalter,1,In welchem Land liegt Santiago de Compostela?,"[""Spanien"", ""Italien"", ""Frankreich"", ""Portugal""]","Santiago de Compostela liegt im Nordwesten von Spanien, in der Region Galicien.",Santiago de Compostela liegt in Spanien.,Jakobsweg,,ok
g_mittelalter,1,Welches Zeichen tragen Pilger auf dem Jakobsweg?,"[""Eine Muschel"", ""Einen Stern"", ""Ein Hufeisen"", ""Einen Schlüssel""]",Die Jakobsmuschel ist das Zeichen der Jakobspilger. Man sieht sie auch auf den Wegweisern.,Die Muschel ist das Zeichen der Jakobspilger.,Jakobsweg,,ok
g_mittelalter,1,Nach welchem Apostel ist der Jakobsweg benannt?,"[""Jakobus"", ""Petrus"", ""Paulus"", ""Johannes""]",Der Weg ist nach dem Apostel Jakobus benannt. Er war einer der zwölf Apostel von Jesus.,Der Jakobsweg ist nach dem Apostel Jakobus benannt.,Jakobsweg,,ok
g_mittelalter,1,Wie reisten die meisten Pilger im Mittelalter?,"[""Zu Fuss"", ""Mit dem Zug"", ""Mit dem Auto"", ""Mit dem Flugzeug""]",Die meisten Pilger gingen zu Fuss. Die Reise dauerte oft viele Monate.,Pilger im Mittelalter gingen meistens zu Fuss.,Jakobsweg,,ok
g_mittelalter,1,Was nahmen Pilger als Stütze auf ihre Wanderung mit?,"[""Einen Pilgerstab"", ""Einen Regenschirm"", ""Ein Velo"", ""Eine Leiter""]",Der Pilgerstab half beim Gehen und zum Abwehren von Hunden. Er gehörte zu jedem Pilger.,Pilger wandern mit einem Pilgerstab.,Jakobsweg,,ok
g_mittelalter,1,In welcher Schweizer Stadt verlässt der Jakobsweg die Schweiz Richtung Frankreich?,"[""Genf"", ""Basel"", ""Chur"", ""Lugano""]",Der Jakobsweg führt quer durch die Schweiz bis nach Genf. Von dort geht es weiter durch Frankreich nach Spanien.,Der Schweizer Jakobsweg führt bis nach Genf.,Jakobsweg,,ok
g_mittelalter,1,Was lassen Pilger heute unterwegs in ihren Pilgerpass stempeln?,"[""Ihre Stationen"", ""Ihre Noten"", ""Ihre Fahrkarten"", ""Ihre Geburtstage""]","In Kirchen und Unterkünften bekommen Pilger einen Stempel. So sieht man, wo sie überall waren.",Im Pilgerpass sammeln Pilger Stempel ihrer Stationen.,Jakobsweg,,ok
g_mittelalter,1,Welche Form haben die Bogen in gotischen Kirchen?,"[""Spitz"", ""Rund"", ""Eckig"", ""Flach""]",Gotische Kirchen haben Spitzbogen über Fenstern und Türen. Sie zeigen nach oben zum Himmel.,Gotische Kirchen haben spitze Bogen.,Gotik,,ok
g_mittelalter,1,Wie sind gotische Kirchen meistens gebaut?,"[""Hoch mit grossen Fenstern"", ""Niedrig ohne Fenster"", ""Rund wie ein Zelt"", ""Aus Holz wie ein Stall""]",Die Baumeister der Gotik wollten möglichst hoch bauen. Durch grosse Fenster kam viel Licht in die Kirche.,Gotische Kirchen sind hoch und hell.,Gotik,,ok
g_mittelalter,1,In welchem Land entstand der Baustil der Gotik?,"[""Frankreich"", ""Schweden"", ""Griechenland"", ""Polen""]","Die Gotik begann um 1140 in Frankreich, in der Nähe von Paris. Von dort verbreitete sie sich in ganz Europa.",Die Gotik entstand in Frankreich.,Gotik,,ok
g_mittelalter,1,"Wie nennt man die steinernen Figuren an Kirchen, aus deren Mund Regenwasser läuft?","[""Wasserspeier"", ""Brunnen"", ""Dachrinnen"", ""Wassermänner""]",Wasserspeier leiten das Regenwasser von der Kirchenwand weg. Oft sehen sie wie Monster oder Tiere aus.,Wasserspeier leiten das Regenwasser vom Dach weg.,Gotik,,ok
g_mittelalter,1,Welche gotische Kirche in Bern hat den höchsten Kirchturm der Schweiz?,"[""Das Berner Münster"", ""Die Heiliggeistkirche"", ""Die Nydeggkirche"", ""Die Französische Kirche""]",Der Turm des Berner Münsters ist etwa 100 Meter hoch. Er ist der höchste Kirchturm der Schweiz.,Das Berner Münster hat den höchsten Kirchturm der Schweiz.,Gotik,,ok
g_mittelalter,1,Welche grosse gotische Kathedrale steht in Lausanne?,"[""Die Kathedrale Notre-Dame"", ""Der Petersdom"", ""Der Kölner Dom"", ""Die Sagrada Família""]",Die Kathedrale von Lausanne wurde im Jahr 1275 feierlich geweiht. Sie gilt als bedeutendster gotischer Bau der Schweiz.,In Lausanne steht eine grosse gotische Kathedrale.,Gotik,,ok
g_mittelalter,1,"Wie nennt man die Stützen aussen an gotischen Kirchen, welche die hohen Mauern halten?","[""Strebebogen"", ""Brückenbogen"", ""Regenbogen"", ""Torbogen""]",Strebebogen stützen die Mauern von aussen. So konnte man höher bauen und grössere Fenster einsetzen.,Strebebogen stützen gotische Kirchen von aussen.,Gotik,,ok
g_mittelalter,1,Welche berühmte gotische Kirche in Deutschland hat zwei sehr hohe Türme?,"[""Der Kölner Dom"", ""Das Brandenburger Tor"", ""Schloss Neuschwanstein"", ""Die Wartburg""]",Der Kölner Dom ist eine gotische Kathedrale mit zwei Türmen von über 150 Metern. Er wurde erst 1880 fertig gebaut.,Der Kölner Dom ist eine berühmte gotische Kirche.,Gotik,,ok
g_mittelalter,1,"In welcher Stadt steht die Kathedrale Notre-Dame, die 2019 brannte?","[""Paris"", ""Rom"", ""London"", ""Madrid""]",Die Kathedrale Notre-Dame steht in Paris. Im April 2019 brannte ihr Dach.,Die Kathedrale Notre-Dame steht in Paris.,Notre-Dame de Paris,,ok
g_mittelalter,1,Was bedeutet «Notre-Dame» auf Deutsch?,"[""Unsere Liebe Frau"", ""Unser lieber Herr"", ""Grosse Kirche"", ""Neues Haus""]","Mit «Notre-Dame» ist Maria gemeint, die Mutter von Jesus. Auf Deutsch sagt man «Unsere Liebe Frau».",Notre-Dame bedeutet «Unsere Liebe Frau».,Notre-Dame de Paris,,ok
g_mittelalter,1,Auf welcher Insel steht Notre-Dame in Paris?,"[""Île de la Cité"", ""Île de Ré"", ""Korsika"", ""Sizilien""]",Die Île de la Cité liegt mitten in Paris. Dort befand sich schon der älteste Teil der Stadt.,Notre-Dame steht auf der Île de la Cité.,Notre-Dame de Paris,,ok
g_mittelalter,1,An welchem Fluss steht Notre-Dame de Paris?,"[""An der Seine"", ""Am Rhein"", ""An der Themse"", ""An der Rhone""]",Die Seine fliesst mitten durch Paris. Die Kathedrale steht auf einer Insel in diesem Fluss.,Notre-Dame steht an der Seine.,Notre-Dame de Paris,,ok
g_mittelalter,1,Wann begann man ungefähr mit dem Bau von Notre-Dame in Paris?,"[""Um 1163"", ""Um 500"", ""Um 1800"", ""Um 1950""]","Der Bau begann im Jahr 1163. Es dauerte fast 200 Jahre, bis die Kathedrale fertig war.",Notre-Dame wurde ab 1163 gebaut.,Notre-Dame de Paris,,ok
g_mittelalter,1,Was stürzte beim Brand von Notre-Dame im Jahr 2019 ein?,"[""Der spitze Dachturm"", ""Die beiden Haupttürme"", ""Die ganze Kirche"", ""Die Brücke davor""]",Beim Brand stürzte der schlanke Turm über dem Dach ein. Die beiden grossen Haupttürme blieben stehen.,Beim Brand 2019 stürzte der spitze Dachturm von Notre-Dame ein.,Notre-Dame de Paris,,ok
g_mittelalter,1,In welchem Jahr wurde Notre-Dame nach dem Brand wieder eröffnet?,"[""2024"", ""2019"", ""2010"", ""2030""]",Nach über fünf Jahren Arbeit wurde Notre-Dame im Dezember 2024 wieder eröffnet.,Notre-Dame wurde im Dezember 2024 wieder eröffnet.,Notre-Dame de Paris,,ok
g_mittelalter,1,Wie heisst der Glöckner von Notre-Dame in der berühmten Geschichte von Victor Hugo?,"[""Quasimodo"", ""Pinocchio"", ""Robin Hood"", ""Aladin""]",Victor Hugo schrieb 1831 einen Roman über Notre-Dame. Darin läutet Quasimodo die Glocken der Kathedrale.,Quasimodo ist der Glöckner von Notre-Dame.,Notre-Dame de Paris,,ok
g_mittelalter,1,Woraus sind die bunten Bilder in Kirchenfenstern gemacht?,"[""Aus farbigem Glas"", ""Aus Papier"", ""Aus Stoff"", ""Aus Holz""]","Viele kleine Stücke aus farbigem Glas werden zusammengesetzt. Wenn die Sonne scheint, leuchten sie.",Kirchenfenster bestehen aus vielen Stücken farbigem Glas.,Glasmalerei,,ok
g_mittelalter,1,Mit welchem Metall hielt man die Glasstücke in Kirchenfenstern zusammen?,"[""Blei"", ""Gold"", ""Silber"", ""Kupfer""]",Die Glasstücke wurden mit schmalen Streifen aus Blei verbunden. Darum spricht man auch von Bleiglasfenstern.,Bleistreifen halten die Glasstücke im Fenster zusammen.,Glasmalerei,,ok
g_mittelalter,1,Warum zeigten Kirchenfenster oft Geschichten aus der Bibel?,"[""Viele Menschen konnten nicht lesen"", ""Es gab kein Papier"", ""Es war verboten zu reden"", ""Die Kirche war zu dunkel""]",Die meisten Menschen im Mittelalter konnten nicht lesen. Die Bilder in den Fenstern erzählten ihnen die Geschichten der Bibel.,Kirchenfenster erzählten Bibelgeschichten in Bildern.,Glasmalerei,,ok
g_mittelalter,1,"Wie nennt man ein grosses, rundes Kirchenfenster, das wie eine Blume aussieht?","[""Rosette"", ""Bullauge"", ""Dachfenster"", ""Schaufenster""]",Die Rosette ist ein rundes Fenster mit vielen Teilen. Es erinnert an eine Rose.,Ein rundes Kirchenfenster wie eine Blume heisst Rosette.,Glasmalerei,,ok
g_mittelalter,1,Wann leuchten Kirchenfenster drinnen in der Kirche am schönsten?,"[""Wenn die Sonne scheint"", ""In der Nacht"", ""Bei Nebel"", ""Bei Stromausfall""]",Das Sonnenlicht fällt durch das bunte Glas. Dann leuchten die Farben im Inneren der Kirche.,"Kirchenfenster leuchten, wenn die Sonne hindurch scheint.",Glasmalerei,,ok
g_mittelalter,1,In welcher Schweizer Klosterkirche gibt es berühmte Glasfenster aus dem Mittelalter?,"[""Königsfelden"", ""Einsiedeln"", ""Engelberg"", ""Disentis""]",Die Klosterkirche Königsfelden im Aargau hat bunte Glasfenster aus der Zeit um 1330. Sie gehören zu den schönsten in Europa.,Königsfelden hat berühmte mittelalterliche Glasfenster.,Glasmalerei,,ok
g_mittelalter,1,Welcher Künstler schuf die berühmten Fenster im Fraumünster in Zürich?,"[""Marc Chagall"", ""Albert Anker"", ""Vincent van Gogh"", ""Ferdinand Hodler""]","Marc Chagall gestaltete um 1970 fünf grosse Glasfenster im Chor des Fraumünsters. Sie sind vor allem blau, grün und rot.",Marc Chagall schuf die Glasfenster im Fraumünster.,Glasmalerei,,ok
g_mittelalter,1,Wie färbte man im Mittelalter Glas für Kirchenfenster?,"[""Mit Metallpulver"", ""Mit Filzstift"", ""Mit Wasserfarbe"", ""Mit Kreide""]","Man mischte Metalle wie Kupfer oder Kobalt in das flüssige Glas. So wurde es grün, rot oder blau.",Metalle geben dem Glas seine Farbe.,Glasmalerei,,ok
g_mittelalter,1,Welches Volk regierte Karl der Grosse als König?,"[""Die Franken"", ""Die Römer"", ""Die Wikinger"", ""Die Griechen""]",Karl der Grosse war König der Franken. Ihr Reich war im Mittelalter das grösste Reich in Westeuropa.,Karl der Grosse war König der Franken.,Karl der Grosse,,ok
g_mittelalter,1,Wie hiess der Vater von Karl dem Grossen?,"[""Pippin"", ""Otto"", ""Harald"", ""Ludwig""]","Karls Vater war Pippin, genannt Pippin der Jüngere. Er war vor Karl König der Franken.",Der Vater von Karl dem Grossen hiess Pippin.,Karl der Grosse,,ok
g_mittelalter,1,Wie lange regierte Karl der Grosse ungefähr?,"[""Über 40 Jahre"", ""Etwa 2 Jahre"", ""Etwa 10 Jahre"", ""Über 100 Jahre""]",Karl wurde 768 König und starb 814. Er regierte also 46 Jahre lang.,Karl der Grosse regierte sehr lange.,Karl der Grosse,,ok
g_mittelalter,1,Wo ist Karl der Grosse begraben?,"[""Im Dom zu Aachen"", ""In der Kirche in Rom"", ""Im Schloss Chillon"", ""In einer Höhle""]","Karl starb im Jahr 814 in Aachen. Er wurde in seiner Kirche, dem heutigen Aachener Dom, begraben.",Das Grab von Karl dem Grossen liegt in Aachen.,Karl der Grosse,,ok
g_mittelalter,1,Wie nennt man die Herrscherfamilie von Karl dem Grossen?,"[""Karolinger"", ""Habsburger"", ""Staufer"", ""Normannen""]","Der Name kommt von «Karl», auf Latein «Carolus». Mehrere wichtige Herrscher dieser Familie hiessen Karl.",Karl der Grosse war ein Karolinger.,Karl der Grosse,,ok
g_mittelalter,1,Welches Kloster in Graubünden soll Karl der Grosse gegründet haben?,"[""Kloster Müstair"", ""Kloster Einsiedeln"", ""Kloster St. Gallen"", ""Kloster Engelberg""]",Nach der Überlieferung liess Karl das Kloster St. Johann in Müstair bauen. Es gehört heute zum Welterbe der UNESCO.,Das Kloster Müstair soll auf Karl den Grossen zurückgehen.,Karl der Grosse,,ok
g_mittelalter,1,Welches grosse Tier bekam Karl der Grosse als Geschenk aus Bagdad?,"[""Einen Elefanten"", ""Ein Nilpferd"", ""Eine Giraffe"", ""Ein Krokodil""]",Der Kalif Harun ar-Raschid schickte Karl einen Elefanten. Er hiess Abul Abbas.,Karl der Grosse besass einen Elefanten.,Karl der Grosse,,ok
g_mittelalter,1,Wie nennt man Karl den Grossen auf Französisch?,"[""Charlemagne"", ""Charles Martel"", ""Louis le Grand"", ""Clovis""]",Auf Französisch heisst Karl der Grosse «Charlemagne». Das bedeutet ebenfalls «Karl der Grosse».,Auf Französisch heisst Karl der Grosse Charlemagne.,Karl der Grosse,,ok
g_mittelalter,1,Was liess Karl der Grosse an Klöstern und Kirchen einrichten?,"[""Schulen"", ""Bahnhöfe"", ""Spitäler für Pferde"", ""Märkte für Gewürze""]","Karl wollte, dass mehr Menschen lesen und schreiben lernen. Darum förderte er Schulen an Klöstern und Kirchen.",Karl der Grosse förderte Schulen.,Karl der Grosse,,ok
g_mittelalter,1,Was trägt ein König auf dem Kopf?,"[""Eine Krone"", ""Ein Zepter"", ""Einen Helm"", ""Einen Reichsapfel""]",Die Krone ist das wichtigste Zeichen eines Königs. Er trägt sie auf dem Kopf.,Der König trägt die Krone auf dem Kopf.,Krone und Zepter,,ok
g_mittelalter,1,Was ist ein Zepter?,"[""Ein Herrscherstab"", ""Ein Schwert"", ""Ein Schild"", ""Ein Thron""]",Das Zepter ist ein verzierter Stab. Der König hält ihn in der Hand als Zeichen seiner Macht.,Das Zepter ist der Stab des Herrschers.,Krone und Zepter,,ok
g_mittelalter,1,"Wie heisst die goldene Kugel mit Kreuz, die ein Kaiser in der Hand hält?","[""Reichsapfel"", ""Reichsbirne"", ""Goldball"", ""Kronkugel""]","Die Kugel mit dem Kreuz heisst Reichsapfel. Sie steht für die Welt, über die der Herrscher regiert.",Der Reichsapfel ist eine Kugel mit einem Kreuz.,Krone und Zepter,,ok
g_mittelalter,1,Woraus bestanden die Kronen der Könige meistens?,"[""Aus Gold und Edelsteinen"", ""Aus Holz und Stroh"", ""Aus Eisen und Leder"", ""Aus Ton und Glas""]",Kronen waren aus Gold gemacht und mit Edelsteinen und Perlen verziert. So zeigten sie Reichtum und Macht.,Kronen waren aus Gold und mit Edelsteinen geschmückt.,Krone und Zepter,,ok
g_mittelalter,1,Auf welchem besonderen Stuhl sitzt ein König?,"[""Auf einem Thron"", ""Auf einem Sattel"", ""Auf einer Bank"", ""Auf einem Hocker""]","Der Thron ist der Ehrenstuhl des Herrschers. Er steht oft erhöht, damit alle zum König aufschauen.",Der König sitzt auf einem Thron.,Krone und Zepter,,ok
g_mittelalter,1,In welcher Stadt kann man heute die Reichskrone der deutschen Kaiser sehen?,"[""Wien"", ""Bern"", ""Rom"", ""Madrid""]",Die alte Reichskrone liegt in der Schatzkammer in Wien. Sie ist rund 1000 Jahre alt.,Die Reichskrone liegt heute in Wien.,Krone und Zepter,,ok
g_mittelalter,1,Wie viele Ecken hat die alte Reichskrone?,"[""Acht"", ""Drei"", ""Vier"", ""Zwölf""]",Die Reichskrone besteht aus acht Platten aus Gold. Darum hat sie acht Ecken.,Die Reichskrone hat acht Ecken.,Krone und Zepter,,ok
g_mittelalter,1,Was zeigten Krone und Zepter allen Menschen?,"[""Wer der Herrscher ist"", ""Wie spät es ist"", ""Wo die Grenze ist"", ""Wie das Wetter wird""]",Krone und Zepter heissen Herrschaftszeichen. An ihnen erkannte man sofort den König oder Kaiser.,"Krone und Zepter zeigen, wer herrscht.",Krone und Zepter,,ok
g_mittelalter,1,Wer krönte im Mittelalter den Kaiser?,"[""Der Papst"", ""Ein Ritter"", ""Ein Bauer"", ""Ein Kaufmann""]","Der Papst setzte dem Kaiser in Rom die Krone auf. Damit zeigte man, dass der Kaiser auch von der Kirche anerkannt war.",Der Papst krönte den Kaiser.,Kaiserkrönung,,ok
g_mittelalter,1,In welcher Stadt wurden die Kaiser meistens gekrönt?,"[""In Rom"", ""In Zürich"", ""In London"", ""In Wien""]",Die Kaiserkrönung fand in Rom statt. Dort wohnte der Papst.,Die Kaiser wurden in Rom gekrönt.,Kaiserkrönung,,ok
g_mittelalter,1,An welchem Festtag wurde Karl der Grosse zum Kaiser gekrönt?,"[""An Weihnachten"", ""An Ostern"", ""An Neujahr"", ""An Pfingsten""]",Karl wurde am 25. Dezember des Jahres 800 gekrönt. Das ist der Weihnachtstag.,Karl der Grosse wurde an Weihnachten Kaiser.,Kaiserkrönung,,ok
g_mittelalter,1,In welcher Kirche in Rom wurde Karl der Grosse gekrönt?,"[""In der Peterskirche"", ""Im Kölner Dom"", ""Im Grossmünster"", ""In der Kathedrale von Reims""]",Karl wurde in der alten Peterskirche in Rom gekrönt. An ihrer Stelle steht heute der Petersdom.,Karl der Grosse wurde in der Peterskirche gekrönt.,Kaiserkrönung,,ok
g_mittelalter,1,Wer stand im Mittelalter über einem König?,"[""Der Kaiser"", ""Der Graf"", ""Der Ritter"", ""Der Bürgermeister""]",Der Kaiser war der höchste weltliche Herrscher. Er stand über den Königen.,Der Kaiser stand über den Königen.,Kaiserkrönung,,ok
g_mittelalter,1,"In welcher Stadt wurden die deutschen Könige lange gekrönt, bevor sie Kaiser wurden?","[""Aachen"", ""Basel"", ""Hamburg"", ""Venedig""]",Viele hundert Jahre lang wurden die deutschen Könige im Dom zu Aachen gekrönt. Dort steht auch der Thron von Karl dem Grossen.,Die deutschen Könige wurden in Aachen gekrönt.,Kaiserkrönung,,ok
g_mittelalter,1,Welcher König wurde im Jahr 962 in Rom zum Kaiser gekrönt?,"[""Otto der Grosse"", ""Wilhelm Tell"", ""Ludwig XIV."", ""Rudolf von Habsburg""]","Otto I., genannt Otto der Grosse, wurde 962 in Rom gekrönt. Mit ihm begann das Heilige Römische Reich.",Otto der Grosse wurde 962 Kaiser.,Kaiserkrönung,,ok
g_mittelalter,1,Womit wurde ein Herrscher bei der Krönung gesalbt?,"[""Mit geweihtem Öl"", ""Mit Honig"", ""Mit Milch"", ""Mit Wein""]","Bei der Krönung wurde der Herrscher mit geweihtem Öl gesalbt. Das sollte zeigen, dass Gott ihn zum Herrscher bestimmt hatte.",Bei der Krönung wurde der Herrscher mit Öl gesalbt.,Kaiserkrönung,,ok
g_mittelalter,1,Was war eine Königspfalz?,"[""Ein Wohnsitz für den reisenden König"", ""Ein Gefängnis für Ritter"", ""Ein Stall für Kühe"", ""Ein Hafen für Schiffe""]","Eine Pfalz war ein grosses Haus, in dem der König mit seinem Hof wohnte, wenn er dort vorbeireiste.",In der Pfalz wohnte der reisende König.,Pfalz (Bauwerk),,ok
g_mittelalter,1,Warum brauchte der König mehrere Pfalzen?,"[""Er reiste ständig durch sein Reich"", ""Er hatte viele Kinder"", ""Er mochte keine Häuser"", ""Er wohnte auf einem Schiff""]",Im Mittelalter hatte der König keine feste Hauptstadt. Er zog von Pfalz zu Pfalz und regierte unterwegs.,Der König reiste von Pfalz zu Pfalz.,Pfalz (Bauwerk),,ok
g_mittelalter,1,Auf welchem Hügel in Zürich stand früher eine Königspfalz?,"[""Auf dem Lindenhof"", ""Auf dem Uetliberg"", ""Auf dem Zürichberg"", ""Auf dem Pfannenstiel""]","Auf dem Lindenhof stand im Mittelalter eine Pfalz. Hier wohnten Könige, wenn sie nach Zürich kamen.",Auf dem Lindenhof in Zürich stand eine Pfalz.,Pfalz (Bauwerk),,ok
g_mittelalter,1,Was gab es in einer Pfalz fast immer?,"[""Eine Kapelle zum Beten"", ""Ein Schwimmbad"", ""Einen Bahnhof"", ""Eine Fabrik""]",Zu jeder Pfalz gehörte eine Kirche oder Kapelle. Dort betete der König mit seinen Leuten.,Eine Pfalz hatte eine Kapelle.,Pfalz (Bauwerk),,ok
g_mittelalter,1,"Wie hiess der grosse Saal in einer Pfalz, in dem der König Gäste empfing?","[""Königshalle"", ""Turnhalle"", ""Markthalle"", ""Bahnhofshalle""]",In der grossen Halle hielt der König Feste und Versammlungen ab. Hier empfing er wichtige Gäste.,In der Königshalle empfing der König seine Gäste.,Pfalz (Bauwerk),,ok
g_mittelalter,1,"Was mussten die Bauern rund um eine Pfalz liefern, wenn der König kam?","[""Essen für den Hof"", ""Gold für die Krone"", ""Bücher für die Schule"", ""Steine für Burgen""]","Der König kam mit vielen Leuten. Die Höfe der Umgebung mussten Brot, Fleisch und anderes Essen liefern.",Die Bauern lieferten Essen für den Königshof.,Pfalz (Bauwerk),,ok
g_mittelalter,1,In welcher Stadt in Deutschland steht eine berühmte Kaiserpfalz mit einem grossen Kaiserhaus?,"[""Goslar"", ""Hamburg"", ""München"", ""Berlin""]",Die Kaiserpfalz in Goslar wurde im 11. Jahrhundert gebaut. Sie gehört heute zum Welterbe der UNESCO.,In Goslar steht eine berühmte Kaiserpfalz.,Pfalz (Bauwerk),,ok
g_mittelalter,1,Von welchem lateinischen Wort kommt das Wort Pfalz?,"[""Palatium"", ""Castrum"", ""Forum"", ""Villa""]",Das Wort Pfalz kommt vom lateinischen «palatium». Daraus wurde auch das Wort Palast.,Pfalz und Palast kommen vom gleichen Wort.,Pfalz (Bauwerk),,ok
g_mittelalter,1,Wohin legte der Vasall beim Treueschwur seine Hände?,"[""In die Hände des Herrn"", ""Auf den Kopf des Herrn"", ""Hinter den Rücken"", ""In einen Brunnen""]","Der Vasall kniete nieder und legte seine gefalteten Hände in die Hände des Herrn. So zeigte er, dass er ihm diente.",Der Vasall legte seine Hände in die Hände seines Herrn.,Lehnswesen,,ok
g_mittelalter,1,"Wie nennt man den Herrn, der ein Lehen vergibt?","[""Lehnsherr"", ""Lehnsbauer"", ""Lehnsknecht"", ""Lehnsbote""]",Der Lehnsherr gab Land an andere weiter. Dafür verlangte er Hilfe im Krieg.,Der Lehnsherr verleiht das Land.,Lehnswesen,,ok
g_mittelalter,1,"Was konnte einem Vasallen passieren, der seinen Herrn verriet?","[""Er verlor sein Lehen"", ""Er bekam mehr Land"", ""Er wurde König"", ""Er bekam eine Krone""]","Wer seinen Herrn verriet, durfte das Land nicht behalten. Der Herr konnte ihm das Lehen wegnehmen.",Ein Vasall konnte sein Lehen wieder verlieren.,Lehnswesen,,ok
g_mittelalter,1,Was musste ein Vasall seinem Lehnsherrn versprechen?,"[""Treue"", ""Reichtum"", ""Schweigen"", ""Schönheit""]","Der Vasall schwor seinem Herrn einen Treueid. Er versprach, ihm immer zu helfen.",Der Vasall verspricht seinem Herrn Treue.,Lehnswesen,,ok
g_mittelalter,1,Wer bekam Land vom König und gab selbst Land an Ritter weiter?,"[""Ein Herzog"", ""Ein Bauer"", ""Ein Knecht"", ""Ein Bettler""]",Herzöge und Grafen bekamen grosse Gebiete vom König. Teile davon verliehen sie an Ritter weiter.,Ein Herzog konnte Lehen bekommen und weitergeben.,Lehnswesen,,ok
g_mittelalter,1,Welches andere Wort benutzt man für das Lehnswesen?,"[""Feudalismus"", ""Demokratie"", ""Sozialismus"", ""Tourismus""]",Das Wort Feudalismus kommt vom lateinischen «feudum». Das heisst Lehen.,Das Lehnswesen heisst auch Feudalismus.,Lehnswesen,,ok
g_mittelalter,1,Wer bearbeitete im Mittelalter die Felder auf dem Land der Herren?,"[""Die Bauern"", ""Die Könige"", ""Die Ritter"", ""Die Bischöfe""]",Die Bauern arbeiteten auf den Feldern. Einen Teil der Ernte mussten sie dem Herrn abgeben.,Die Bauern bestellten die Felder.,Lehnswesen,,ok
g_mittelalter,1,Von welchem Wort kommt das Wort Lehen?,"[""Leihen"", ""Lernen"", ""Lehren"", ""Leben""]",Das Wort Lehen hängt mit «leihen» zusammen. Das Land wurde nämlich nur verliehen.,Lehen kommt von leihen.,Lehnswesen,,ok
g_mittelalter,1,In welchen zwei Ländern war Eleonore von Aquitanien Königin?,"[""Frankreich und England"", ""Spanien und Italien"", ""Schweiz und Österreich"", ""Dänemark und Schweden""]",Eleonore heiratete zuerst den König von Frankreich. Ihr zweiter Mann wurde kurz nach der Hochzeit König von England.,Eleonore war Königin von Frankreich und von England.,Eleonore von Aquitanien,,ok
g_mittelalter,1,Welcher berühmte König war der Sohn von Eleonore von Aquitanien?,"[""Richard Löwenherz"", ""Karl der Grosse"", ""Wilhelm der Eroberer"", ""Otto der Grosse""]",Richard Löwenherz war Eleonores Lieblingssohn. Sie half ihm oft beim Regieren.,Richard Löwenherz war Eleonores Sohn.,Eleonore von Aquitanien,,ok
g_mittelalter,1,"Wo lag Aquitanien, das Land von Eleonore?","[""Im Südwesten von Frankreich"", ""Im Norden von England"", ""Im Osten von Deutschland"", ""Im Süden von Italien""]",Aquitanien ist eine Gegend im Südwesten von Frankreich. Eleonore erbte dieses grosse Land.,Aquitanien liegt im Südwesten Frankreichs.,Eleonore von Aquitanien,,ok
g_mittelalter,1,Wie alt wurde Eleonore von Aquitanien ungefähr?,"[""Etwa 80 Jahre"", ""Etwa 20 Jahre"", ""Etwa 40 Jahre"", ""Etwa 120 Jahre""]",Eleonore starb im Jahr 1204 mit etwa 80 Jahren. Für das Mittelalter war das sehr alt.,Eleonore wurde ungefähr 80 Jahre alt.,Eleonore von Aquitanien,,ok
g_mittelalter,1,Auf welche grosse Reise ging Eleonore mit ihrem ersten Mann?,"[""Auf einen Kreuzzug"", ""Nach Amerika"", ""Zum Nordpol"", ""Nach China""]",Eleonore begleitete den französischen König auf den zweiten Kreuzzug. Sie reiste dabei bis ins Heilige Land.,Eleonore zog mit auf einen Kreuzzug.,Eleonore von Aquitanien,,ok
g_mittelalter,1,Welche Künstler holte Eleonore gern an ihren Hof?,"[""Sänger und Dichter"", ""Maler von Comics"", ""Filmregisseure"", ""Fotografen""]",An Eleonores Hof sangen Troubadours ihre Lieder. Troubadours waren Dichter und Sänger.,Eleonore liebte Lieder und Gedichte.,Eleonore von Aquitanien,,ok
g_mittelalter,1,"Wofür sammelte Eleonore viel Geld, als ihr Sohn Richard gefangen war?","[""Für das Lösegeld"", ""Für eine neue Krone"", ""Für ein Schiff"", ""Für ein Fest""]","Richard Löwenherz wurde gefangen genommen. Eleonore half, das riesige Lösegeld zu sammeln, damit er frei kam.","Eleonore half, ihren Sohn freizukaufen.",Eleonore von Aquitanien,,ok
g_mittelalter,1,Welcher König von England war Eleonores zweiter Ehemann?,"[""Heinrich II."", ""Wilhelm I."", ""Johann Ohneland"", ""Eduard I.""]",Eleonore heiratete Heinrich II. Gemeinsam hatten sie acht Kinder.,Eleonores zweiter Mann war Heinrich II.,Eleonore von Aquitanien,,ok
g_mittelalter,1,Von welchem Land war Richard Löwenherz König?,"[""England"", ""Spanien"", ""Ungarn"", ""Schweden""]",Richard war ab 1189 König von England. Er regierte zehn Jahre lang.,Richard Löwenherz war König von England.,Richard Löwenherz,,ok
g_mittelalter,1,Warum hatte Richard den Beinamen Löwenherz?,"[""Weil er sehr mutig war"", ""Weil er einen Löwen hatte"", ""Weil er laut brüllte"", ""Weil er gelbe Haare hatte""]","Richard galt als sehr tapferer Kämpfer. Darum sagte man, er habe das Herz eines Löwen.",Löwenherz bedeutet sehr mutig.,Richard Löwenherz,,ok
g_mittelalter,1,An welchem Kriegszug ins Heilige Land nahm Richard Löwenherz teil?,"[""Am dritten Kreuzzug"", ""Am ersten Kreuzzug"", ""Am zweiten Kreuzzug"", ""Am Burgunderkrieg""]",Richard kämpfte im dritten Kreuzzug im Heiligen Land. Jerusalem konnte er aber nicht erobern.,Richard kämpfte im dritten Kreuzzug.,Richard Löwenherz,,ok
g_mittelalter,1,Wer war der grosse Gegner von Richard im Heiligen Land?,"[""Saladin"", ""Barbarossa"", ""Karl der Grosse"", ""Dschingis Khan""]",Saladin war Sultan und Herrscher über Ägypten und Syrien. Richard und Saladin hatten grossen Respekt voreinander.,Saladin war Richards Gegner im Heiligen Land.,Richard Löwenherz,,ok
g_mittelalter,1,In welchem Land wurde Richard auf der Heimreise gefangen genommen?,"[""In Österreich"", ""In Frankreich"", ""In Schottland"", ""In Portugal""]",Herzog Leopold von Österreich nahm Richard 1192 gefangen. Er sperrte ihn in der Burg Dürnstein an der Donau ein.,Richard wurde in Österreich gefangen.,Richard Löwenherz,,ok
g_mittelalter,1,Wie kam Richard Löwenherz wieder frei?,"[""Gegen ein riesiges Lösegeld"", ""Er grub einen Tunnel"", ""Er sprang aus dem Fenster"", ""Ein Drache rettete ihn""]",England musste ein sehr hohes Lösegeld bezahlen. Erst danach liess man Richard 1194 frei.,Richard wurde gegen Lösegeld freigelassen.,Richard Löwenherz,,ok
g_mittelalter,1,Welche Sprache sprach Richard Löwenherz vor allem?,"[""Französisch"", ""Englisch"", ""Deutsch"", ""Italienisch""]",Richard verbrachte den grössten Teil seines Lebens in Frankreich. Er sprach Französisch und vermutlich kaum Englisch.,Richard sprach vor allem Französisch.,Richard Löwenherz,,ok
g_mittelalter,1,In welcher berühmten Geschichte kommt König Richard oft am Ende vor?,"[""Robin Hood"", ""Schneewittchen"", ""Wilhelm Tell"", ""Heidi""]",In vielen Robin-Hood-Geschichten kehrt König Richard zurück und belohnt Robin Hood.,König Richard kommt in Robin Hood vor.,Richard Löwenherz,,ok
g_mittelalter,1,"Wie hiess der Bruder von Richard, der nach ihm König wurde?","[""Johann Ohneland"", ""Karl der Kahle"", ""Pippin der Kurze"", ""Ludwig der Fromme""]",Nach Richards Tod 1199 wurde sein Bruder Johann König. Man nannte ihn Johann Ohneland.,Johann Ohneland war Richards Bruder.,Richard Löwenherz,,ok
g_mittelalter,1,Welches Land eroberte Wilhelm der Eroberer?,"[""England"", ""Italien"", ""Spanien"", ""Irland""]",Wilhelm kam mit einem Heer über das Meer. Er besiegte den englischen König und wurde selbst König von England.,Wilhelm der Eroberer eroberte England.,Wilhelm der Eroberer,,ok
g_mittelalter,1,In welchem Jahr eroberte Wilhelm England?,"[""1066"", ""800"", ""1291"", ""1492""]",Die Eroberung Englands fand im Jahr 1066 statt. Das ist eines der bekanntesten Jahre der englischen Geschichte.,Wilhelm eroberte England im Jahr 1066.,Wilhelm der Eroberer,,ok
g_mittelalter,1,Bei welcher berühmten Schlacht siegte Wilhelm der Eroberer?,"[""Bei Hastings"", ""Bei Morgarten"", ""Bei Sempach"", ""Bei Marignano""]",Wilhelm besiegte die Engländer in der Schlacht bei Hastings. Danach konnte er England erobern.,Wilhelm siegte bei Hastings.,Wilhelm der Eroberer,,ok
g_mittelalter,1,"Wie hiess der englische König, den Wilhelm besiegte?","[""Harald"", ""Arthur"", ""Richard"", ""Heinrich""]","König Harald, auf Englisch Harold, fiel in der Schlacht bei Hastings. So wurde Wilhelm König.",Wilhelm besiegte König Harald.,Wilhelm der Eroberer,,ok
g_mittelalter,1,Woher kam Wilhelm der Eroberer?,"[""Aus der Normandie"", ""Aus der Schweiz"", ""Aus Schottland"", ""Aus Norwegen""]",Wilhelm war Herzog der Normandie. Die Normandie liegt im Norden von Frankreich.,Wilhelm kam aus der Normandie.,Wilhelm der Eroberer,,ok
g_mittelalter,1,Über welches Meer fuhr Wilhelm mit seinen Schiffen nach England?,"[""Über den Ärmelkanal"", ""Über das Mittelmeer"", ""Über das Schwarze Meer"", ""Über den Atlantik""]",Zwischen Frankreich und England liegt der Ärmelkanal. Wilhelm brachte sein Heer und viele Pferde mit Schiffen hinüber.,Wilhelm überquerte den Ärmelkanal.,Wilhelm der Eroberer,,ok
g_mittelalter,1,An welchem Tag wurde Wilhelm zum König von England gekrönt?,"[""Am Weihnachtstag"", ""Am Ostersonntag"", ""Am Neujahrstag"", ""An seinem Geburtstag""]",Wilhelm wurde am 25. Dezember in der Westminster Abbey in London gekrönt. Das war der Weihnachtstag.,Wilhelm wurde an Weihnachten König.,Wilhelm der Eroberer,,ok
g_mittelalter,1,Welchen berühmten Turm liess Wilhelm in London bauen?,"[""Den Tower of London"", ""Den Eiffelturm"", ""Den Big Ben"", ""Den schiefen Turm""]",Wilhelm liess in London eine starke Burg aus Stein bauen. Ihr ältester Teil heisst White Tower.,Wilhelm baute den Tower of London.,Wilhelm der Eroberer,,ok
g_mittelalter,1,"Wie nennt man das grosse Buch, in dem Wilhelm alle Besitztümer in England aufschreiben liess?","[""Domesday Book"", ""Book of Kells"", ""Goldene Bulle"", ""Bibel""]","Im Jahr 1086 liess Wilhelm Land, Menschen und Tiere zählen. Alles steht im Domesday Book.","Im Domesday Book steht, was es in England gab.",Wilhelm der Eroberer,,ok
g_mittelalter,1,Was zeigt der Teppich von Bayeux?,"[""Die Eroberung Englands"", ""Das Leben von Jesus"", ""Die Gründung der Schweiz"", ""Eine Reise nach Amerika""]","Der Teppich erzählt in Bildern, wie Wilhelm England eroberte. Er zeigt auch die Schlacht bei Hastings.",Der Teppich von Bayeux zeigt die Eroberung Englands.,Teppich von Bayeux,,ok
g_mittelalter,1,Wie lang ist der Teppich von Bayeux ungefähr?,"[""Etwa 70 Meter"", ""Etwa 7 Meter"", ""Etwa 700 Meter"", ""Etwa 2 Meter""]",Der Teppich ist fast 70 Meter lang. So lang ist etwa eine Reihe aus 15 Autos.,Der Teppich von Bayeux ist fast 70 Meter lang.,Teppich von Bayeux,,ok
g_mittelalter,1,Wie hoch ist der Teppich von Bayeux ungefähr?,"[""Etwa einen halben Meter"", ""Etwa 5 Meter"", ""Etwa 10 Meter"", ""Etwa 20 Meter""]","Der Teppich ist sehr lang, aber nur etwa 50 Zentimeter hoch. Er ist also ein schmaler Bildstreifen.",Der Teppich von Bayeux ist nur etwa einen halben Meter hoch.,Teppich von Bayeux,,ok
g_mittelalter,1,Wie wurden die Bilder auf den Teppich von Bayeux gemacht?,"[""Sie wurden gestickt"", ""Sie wurden gemalt"", ""Sie wurden gedruckt"", ""Sie wurden fotografiert""]",Eigentlich ist der Teppich eine Stickerei. Die Bilder wurden mit Wollfäden auf Leinenstoff gestickt.,Der Teppich von Bayeux ist gestickt.,Teppich von Bayeux,,ok
g_mittelalter,1,Welcher Stern mit Schweif ist auf dem Teppich von Bayeux zu sehen?,"[""Ein Komet"", ""Eine Sternschnuppe"", ""Der Polarstern"", ""Die Sonne""]","Im Jahr der Eroberung war der Halleysche Komet am Himmel. Die Menschen hielten ihn für ein Zeichen, darum ist er gestickt.",Auf dem Teppich von Bayeux ist ein Komet zu sehen.,Teppich von Bayeux,,ok
g_mittelalter,1,In welcher Sprache sind die Wörter auf dem Teppich von Bayeux geschrieben?,"[""Latein"", ""Englisch"", ""Deutsch"", ""Griechisch""]",Über den Bildern stehen kurze Texte in Latein. Latein war die Schriftsprache im Mittelalter.,Die Texte auf dem Teppich sind lateinisch.,Teppich von Bayeux,,ok
g_mittelalter,1,Welche Tiere sieht man auf dem Teppich von Bayeux besonders oft?,"[""Pferde"", ""Elefanten"", ""Kamele"", ""Pinguine""]",Die Ritter kämpften auf Pferden. Darum sind auf dem Teppich sehr viele Pferde gestickt.,Auf dem Teppich von Bayeux gibt es viele Pferde.,Teppich von Bayeux,,ok
g_mittelalter,1,Wie ist der Teppich von Bayeux aufgebaut?,"[""Wie ein langer Bildstreifen"", ""Wie ein runder Kreis"", ""Wie ein Puzzle"", ""Wie eine Landkarte""]",Die Bilder folgen nacheinander wie in einem Comic. So erzählen sie die Geschichte von links nach rechts.,Der Teppich erzählt seine Geschichte wie ein Comic.,Teppich von Bayeux,,ok
g_mittelalter,1,Aus welchem Land kam Jeanne d’Arc?,"[""Aus Frankreich"", ""Aus England"", ""Aus Spanien"", ""Aus der Schweiz""]",Jeanne d’Arc wurde um 1412 im Dorf Domrémy in Frankreich geboren.,Jeanne d’Arc kam aus Frankreich.,Jeanne d’Arc,,ok
g_mittelalter,1,Gegen wen kämpfte Jeanne d’Arc?,"[""Gegen die Engländer"", ""Gegen die Römer"", ""Gegen die Wikinger"", ""Gegen die Eidgenossen""]",Jeanne lebte im Hundertjährigen Krieg. Sie half den Franzosen gegen die Engländer.,Jeanne d’Arc kämpfte gegen die Engländer.,Jeanne d’Arc,,ok
g_mittelalter,1,Welche Stadt befreite Jeanne d’Arc im Jahr 1429?,"[""Orléans"", ""Paris"", ""Genf"", ""London""]","Jeanne half, die belagerte Stadt Orléans zu befreien. Darum nennt man sie auch die Jungfrau von Orléans.",Jeanne d’Arc befreite Orléans.,Jeanne d’Arc,,ok
g_mittelalter,1,"Was war Jeanne d’Arc, bevor sie in den Krieg zog?","[""Ein Bauernmädchen"", ""Eine Prinzessin"", ""Eine Königin"", ""Eine Lehrerin""]",Jeanne war die Tochter eines Bauern. Sie konnte nicht lesen und schreiben.,Jeanne d’Arc war ein Bauernmädchen.,Jeanne d’Arc,,ok
g_mittelalter,1,Was hörte Jeanne d’Arc nach ihren eigenen Worten?,"[""Stimmen von Heiligen"", ""Musik von Trompeten"", ""Das Bellen von Hunden"", ""Glocken aus England""]","Jeanne sagte, Heilige hätten zu ihr gesprochen. Die Stimmen hätten ihr befohlen, Frankreich zu helfen.",Jeanne d’Arc hörte Stimmen.,Jeanne d’Arc,,ok
g_mittelalter,1,Was trug Jeanne d’Arc im Kampf?,"[""Eine Rüstung"", ""Ein Ballkleid"", ""Eine Krone"", ""Einen Badeanzug""]",Jeanne trug Männerkleidung und eine Rüstung. Sie ritt mit einem Banner vor den Soldaten her.,Jeanne d’Arc trug eine Rüstung.,Jeanne d’Arc,,ok
g_mittelalter,1,Welchen König brachte Jeanne d’Arc zur Krönung nach Reims?,"[""Karl VII."", ""Ludwig XIV."", ""Napoleon"", ""Heinrich II.""]",Jeanne begleitete Karl VII. nach Reims. Dort wurde er 1429 zum König von Frankreich gekrönt.,Jeanne brachte Karl VII. zur Krönung.,Jeanne d’Arc,,ok
g_mittelalter,1,"Wie alt war Jeanne d’Arc ungefähr, als sie starb?","[""Etwa 19 Jahre"", ""Etwa 9 Jahre"", ""Etwa 40 Jahre"", ""Etwa 70 Jahre""]",Jeanne wurde gefangen genommen und 1431 in Rouen verbrannt. Sie war erst etwa 19 Jahre alt.,Jeanne d’Arc starb sehr jung.,Jeanne d’Arc,,ok
g_mittelalter,1,Was ist Jeanne d’Arc heute in der katholischen Kirche?,"[""Eine Heilige"", ""Eine Päpstin"", ""Eine Nonne"", ""Eine Bischöfin""]",Im Jahr 1920 wurde Jeanne d’Arc heiliggesprochen. Sie ist eine Schutzheilige von Frankreich.,Jeanne d’Arc ist eine Heilige.,Jeanne d’Arc,,ok
g_mittelalter,1,Was bedeutet der Name Barbarossa?,"[""Roter Bart"", ""Grosser Kaiser"", ""Starker Arm"", ""Goldene Krone""]",Barbarossa ist Italienisch und heisst «roter Bart». Friedrich hatte nämlich einen rötlichen Bart.,Barbarossa heisst Rotbart.,Friedrich Barbarossa,,ok
g_mittelalter,1,Was war Friedrich Barbarossa?,"[""Kaiser"", ""Papst"", ""Bauer"", ""Seefahrer""]",Friedrich wurde 1152 König und 1155 in Rom Kaiser. Er regierte das Heilige Römische Reich.,Friedrich Barbarossa war Kaiser.,Friedrich Barbarossa,,ok
g_mittelalter,1,In welches Land zog Barbarossa mehrmals mit seinem Heer?,"[""Nach Italien"", ""Nach England"", ""Nach Russland"", ""Nach Island""]",Barbarossa zog sechsmal nach Italien. Er wollte die reichen Städte dort beherrschen.,Barbarossa zog oft nach Italien.,Friedrich Barbarossa,,ok
g_mittelalter,1,Wie starb Friedrich Barbarossa?,"[""Er ertrank in einem Fluss"", ""Er fiel vom Pferd in Rom"", ""Er starb an einem Bienenstich"", ""Er wurde vom Blitz getroffen""]",Auf einem Kreuzzug ertrank Barbarossa 1190 im Fluss Saleph. Das liegt in der heutigen Türkei.,Barbarossa ertrank auf einem Kreuzzug.,Friedrich Barbarossa,,ok
g_mittelalter,1,In welchem Berg schläft Barbarossa nach einer alten Sage?,"[""Im Kyffhäuser"", ""Im Matterhorn"", ""Im Pilatus"", ""Im Vesuv""]",Nach der Sage schläft Barbarossa im Kyffhäuser. Er soll eines Tages aufwachen und sein Reich retten.,Barbarossa schläft der Sage nach im Kyffhäuser.,Friedrich Barbarossa,,ok
g_mittelalter,1,"Was wächst nach der Sage durch den Tisch, an dem Barbarossa schläft?","[""Sein Bart"", ""Ein Baum"", ""Eine Blume"", ""Sein Schwert""]","Die Sage erzählt, dass sein Bart durch den Steintisch gewachsen ist. Er schläft schon sehr lange.",Barbarossas Bart wächst durch den Tisch.,Friedrich Barbarossa,,ok
g_mittelalter,1,Zu welcher Herrscherfamilie gehörte Friedrich Barbarossa?,"[""Zu den Staufern"", ""Zu den Habsburgern"", ""Zu den Karolingern"", ""Zu den Tudors""]",Barbarossa war ein Staufer. Die Staufer waren eine mächtige Familie aus Schwaben.,Barbarossa war ein Staufer.,Friedrich Barbarossa,,ok
g_mittelalter,1,"Welche Vögel fliegen nach der Sage um den Berg, in dem Barbarossa schläft?","[""Mit Raben"", ""Mit Tauben"", ""Mit Adlern"", ""Mit Spatzen""]","Barbarossa schickt nach der Sage einen Zwerg nach draussen. Solange noch Raben um den Berg fliegen, muss er weiterschlafen.",In der Barbarossa-Sage fliegen Raben um den Berg.,Friedrich Barbarossa,,ok
g_mittelalter,1,In welchem Land entstand die Magna Carta?,"[""In England"", ""In Frankreich"", ""In der Schweiz"", ""In Spanien""]",Die Magna Carta entstand im Mittelalter in England. Sie ist eines der berühmtesten Dokumente der Welt.,Die Magna Carta stammt aus England.,Magna Carta,,ok
g_mittelalter,1,In welchem Jahr entstand die Magna Carta?,"[""1215"", ""1066"", ""1492"", ""1848""]",Im Juni des Jahres 1215 musste der englische König der Magna Carta zustimmen.,Die Magna Carta ist von 1215.,Magna Carta,,ok
g_mittelalter,1,Was bedeutet Magna Carta?,"[""Grosse Urkunde"", ""Kleiner Brief"", ""Königliche Karte"", ""Neues Gesetz""]",Magna Carta ist Latein. «Magna» heisst gross und «Carta» heisst Urkunde.,Magna Carta heisst grosse Urkunde.,Magna Carta,,ok
g_mittelalter,1,Welcher König musste die Magna Carta annehmen?,"[""Johann Ohneland"", ""Richard Löwenherz"", ""Wilhelm der Eroberer"", ""Heinrich VIII.""]","König Johann Ohneland hatte viel Streit mit mächtigen Adligen. Sie zwangen ihn, die Magna Carta anzunehmen.",Johann Ohneland nahm die Magna Carta an.,Magna Carta,,ok
g_mittelalter,1,"Wer zwang den König, die Magna Carta anzunehmen?","[""Die Barone"", ""Die Bauern"", ""Die Kinder"", ""Die Mönche""]",Die Barone waren mächtige Adlige. Sie waren mit dem König unzufrieden und stellten Forderungen.,Die Barone setzten die Magna Carta durch.,Magna Carta,,ok
g_mittelalter,1,Wie viele Originale der Magna Carta von 1215 gibt es heute noch?,"[""Vier"", ""Eines"", ""Zehn"", ""Hundert""]",Damals wurden mehrere Abschriften gemacht und verteilt. Vier davon sind bis heute erhalten.,Von der Magna Carta von 1215 gibt es noch vier Originale.,Magna Carta,,ok
g_mittelalter,1,Wie bestätigte der König die Magna Carta?,"[""Mit seinem Siegel"", ""Mit einem Fingerabdruck"", ""Mit einem Kuss"", ""Mit einem Stempel aus Gummi""]",Der König drückte sein Siegel aus Wachs auf die Urkunde. So wurde sie gültig.,Der König siegelte die Magna Carta.,Magna Carta,,ok
g_mittelalter,1,"An welchem Fluss liegt die Wiese Runnymede, wo die Magna Carta angenommen wurde?","[""An der Themse"", ""Am Rhein"", ""An der Seine"", ""An der Donau""]",Runnymede ist eine Wiese an der Themse westlich von London. Dort wurde die Magna Carta im Juni 1215 besiegelt.,Die Magna Carta wurde an der Themse angenommen.,Magna Carta,,ok
g_mittelalter,1,Wie heisst das schnelle Kriegsschiff der Wikinger?,"[""Langschiff"", ""Galeere"", ""Dampfschiff"", ""Floss""]","Die Wikinger fuhren mit langen, schmalen Schiffen über das Meer. Man nennt sie Langschiffe.",Das Kriegsschiff der Wikinger heisst Langschiff.,Wikingerschiff,,ok
g_mittelalter,1,Womit wurde ein Langschiff ausser mit dem Segel angetrieben?,"[""Mit Rudern"", ""Mit einem Motor"", ""Mit Pferden"", ""Mit Dampf""]","Wenn kein Wind blies, ruderten die Männer. So kam das Schiff trotzdem voran.",Ohne Wind ruderten die Wikinger ihr Schiff.,Wikingerschiff,,ok
g_mittelalter,1,Aus welchem Material bauten die Wikinger ihre Schiffe?,"[""Aus Holz"", ""Aus Eisen"", ""Aus Stein"", ""Aus Glas""]","Die Schiffe wurden aus Holz gebaut, oft aus Eiche. Die Bretter wurden mit Nieten aus Eisen verbunden.",Wikingerschiffe waren aus Holz gebaut.,Wikingerschiff,,ok
g_mittelalter,1,Wie viele Segel hatte ein Langschiff der Wikinger?,"[""Ein Segel"", ""Drei Segel"", ""Fünf Segel"", ""Zehn Segel""]","Ein Langschiff hatte einen Mast mit einem grossen, viereckigen Segel. Dazu kamen die Ruder.","Ein Langschiff hatte ein grosses, viereckiges Segel.",Wikingerschiff,,ok
g_mittelalter,1,Warum konnten Langschiffe auch auf Flüssen fahren?,"[""Sie lagen flach im Wasser"", ""Sie hatten Räder"", ""Sie waren aus Gummi"", ""Sie konnten fliegen""]",Langschiffe ragten nur wenig ins Wasser. Darum kamen sie auch in flache Flüsse und an Strände.,Langschiffe lagen flach im Wasser und fuhren auch auf Flüssen.,Wikingerschiff,,ok
g_mittelalter,1,Wo hängten die Wikinger auf dem Schiff oft ihre Schilde auf?,"[""An der Bordwand"", ""Am Segel"", ""Unter dem Kiel"", ""Am Anker""]",Die runden Schilde wurden in einer Reihe an der Bordwand befestigt. Das sieht man auf vielen Bildern.,Die Schilde hingen in einer Reihe an der Bordwand.,Wikingerschiff,,ok
g_mittelalter,1,Wie hiess das breite Handelsschiff der Wikinger?,"[""Knorr"", ""Kogge"", ""Karavelle"", ""Fregatte""]",Die Knorr war breiter als ein Langschiff. Sie hatte viel Platz für Waren und Tiere.,Mit der Knorr transportierten die Wikinger ihre Waren.,Wikingerschiff,,ok
g_mittelalter,1,In welchem Land steht das Wikingerschiffsmuseum von Roskilde?,"[""Dänemark"", ""Spanien"", ""Italien"", ""Schweiz""]",In Roskilde in Dänemark kann man echte Wikingerschiffe anschauen. Sie wurden aus dem Fjord geborgen.,In Roskilde in Dänemark stehen echte Wikingerschiffe.,Wikingerschiff,,ok
g_mittelalter,1,Was sind Runen?,"[""Alte Schriftzeichen"", ""Alte Münzen"", ""Alte Waffen"", ""Alte Musikinstrumente""]",Runen sind die Schriftzeichen der Germanen. Auch die Wikinger schrieben mit Runen.,Runen sind alte Schriftzeichen der Germanen.,Runen,,ok
g_mittelalter,1,"Wie heisst die Reihe der Runen, benannt nach ihren ersten Zeichen?","[""Futhark"", ""Alphabet"", ""Abakus"", ""Kalender""]","Die ersten Runen stehen für die Laute F, U, Th, A, R und K. Darum heisst die Reihe Futhark.",Die Runenreihe heisst nach ihren ersten Zeichen Futhark.,Runen,,ok
g_mittelalter,1,Warum haben Runen fast nur gerade Striche?,"[""Man konnte sie so gut ritzen"", ""Man malte sie mit Pinseln"", ""Man druckte sie mit Maschinen"", ""Runde Formen waren verboten""]","Runen wurden in Holz, Stein oder Knochen geritzt. Gerade Striche gehen dabei viel leichter als Rundungen.","Runen haben gerade Striche, weil man sie ritzte.",Runen,,ok
g_mittelalter,1,Wie nennt man grosse Steine mit Runen-Inschriften?,"[""Runensteine"", ""Meilensteine"", ""Grenzsteine"", ""Mühlsteine""]",Runensteine erinnern oft an verstorbene Menschen. Besonders viele stehen in Schweden.,Runensteine sind Steine mit eingeritzten Runen.,Runen,,ok
g_mittelalter,1,Aus wie vielen Zeichen bestand die Runenreihe der Wikingerzeit?,"[""16"", ""26"", ""40"", ""100""]","In der Wikingerzeit benutzte man eine jüngere, kürzere Runenreihe. Sie hatte nur 16 Zeichen.",Die Runenreihe der Wikinger hatte 16 Zeichen.,Runen,,ok
g_mittelalter,1,Aus wie vielen Zeichen bestand die ältere Runenreihe?,"[""24"", ""12"", ""50"", ""8""]",Die ältere Runenreihe ist die frühere Schrift der Germanen. Sie hatte 24 Zeichen.,Die ältere Runenreihe hatte 24 Zeichen.,Runen,,ok
g_mittelalter,1,Welcher Gott fand nach einer alten Sage die Runen?,"[""Odin"", ""Zeus"", ""Jupiter"", ""Poseidon""]","Eine nordische Sage erzählt, dass Odin die Runen fand. Dafür hing er neun Nächte lang an einem Baum.",Nach der Sage hat Odin die Runen gefunden.,Runen,,ok
g_mittelalter,1,Welcher dänische König liess in Jelling einen grossen Runenstein aufstellen?,"[""Harald Blauzahn"", ""Karl der Grosse"", ""Richard Löwenherz"", ""Wilhelm Tell""]","Harald Blauzahn liess in Jelling einen grossen Runenstein errichten. Darauf steht, dass er die Dänen zu Christen machte.",Harald Blauzahn liess in Jelling einen Runenstein aufstellen.,Runen,,ok
g_mittelalter,1,Welcher Wikinger kam wohl als erster Europäer nach Amerika?,"[""Leif Eriksson"", ""Harald Blauzahn"", ""Ingólfur Arnarson"", ""Olaf der Heilige""]",Leif Eriksson segelte nach Nordamerika. Das berichten die Sagas aus Island.,Leif Eriksson kam wohl als erster Europäer nach Amerika.,Leif Eriksson,,ok
g_mittelalter,1,"Wie nannten die Wikinger die Menschen, die sie in Amerika trafen?","[""Skrälinger"", ""Sachsen"", ""Kelten"", ""Hunnen""]","In den Sagas heissen die Ureinwohner Amerikas Skrälinger. Es kam zu Handel, aber auch zu Kämpfen mit ihnen.",Die Wikinger nannten die Menschen in Amerika Skrälinger.,Leif Eriksson,,ok
g_mittelalter,1,"Wie nannte Leif Eriksson das Land, das er in Amerika fand?","[""Vinland"", ""Grönland"", ""Island"", ""Lappland""]","Leif nannte das Land Vinland. Der Name bedeutet wohl Weinland, weil dort laut Saga wilde Weintrauben wuchsen.",Leif Eriksson nannte das neue Land Vinland.,Leif Eriksson,,ok
g_mittelalter,1,In welchem heutigen Land fand man Reste eines Wikingerdorfes in Amerika?,"[""Kanada"", ""Mexiko"", ""Brasilien"", ""Peru""]",In L'Anse aux Meadows auf Neufundland fand man Reste von Wikingerhäusern. Neufundland gehört zu Kanada.,Reste eines Wikingerdorfes liegen in Kanada.,Leif Eriksson,,ok
g_mittelalter,1,Etwa wie viele Jahre vor Kolumbus war Leif Eriksson in Amerika?,"[""Etwa 500 Jahre"", ""Etwa 50 Jahre"", ""Etwa 5 Jahre"", ""Etwa 2000 Jahre""]","Leif kam um das Jahr 1000, Kolumbus im Jahr 1492. Das sind etwa 500 Jahre Unterschied.",Leif Eriksson war etwa 500 Jahre vor Kolumbus in Amerika.,Leif Eriksson,,ok
g_mittelalter,1,Von welcher Insel aus segelte Leif Eriksson nach Amerika?,"[""Grönland"", ""Sizilien"", ""Kreta"", ""Malta""]",Leif lebte mit seiner Familie auf Grönland. Von dort aus fuhr er nach Westen bis nach Amerika.,Leif Eriksson startete seine Reise auf Grönland.,Leif Eriksson,,ok
g_mittelalter,1,Welchen Beinamen hatte Leif Eriksson?,"[""Der Glückliche"", ""Der Grosse"", ""Der Kahle"", ""Der Starke""]",Leif Eriksson wird auch Leif der Glückliche genannt. Er soll auf einer Reise Seeleute aus Seenot gerettet haben.,Leif Eriksson hatte den Beinamen der Glückliche.,Leif Eriksson,,ok
g_mittelalter,1,Was bedeutet der Name Eriksson?,"[""Sohn von Erik"", ""Freund von Erik"", ""Bruder von Erik"", ""Diener von Erik""]",Bei den Wikingern hängte man oft «son» an den Namen des Vaters. Eriksson heisst also Sohn von Erik.,Eriksson bedeutet Sohn von Erik.,Leif Eriksson,,ok
g_mittelalter,1,"Etwa wie viele Schiffe fuhren mit Erik dem Roten los, um ein neues Land zu besiedeln?","[""Etwa 25"", ""Etwa 2"", ""Etwa 250"", ""Etwa 2500""]","Laut der Saga fuhren etwa 25 Schiffe los. Nur 14 davon kamen an, die anderen kehrten um oder gingen wohl unter.",Mit Erik dem Roten fuhren etwa 25 Schiffe los.,Erik der Rote,,ok
g_mittelalter,1,Warum hiess Erik wohl «der Rote»?,"[""Wegen seiner roten Haare"", ""Wegen seines roten Schiffs"", ""Wegen seiner roten Kleider"", ""Wegen seines roten Hauses""]",Den Beinamen bekam Erik wohl wegen seiner roten Haare und seines roten Barts.,Erik der Rote hatte wohl rote Haare.,Erik der Rote,,ok
g_mittelalter,1,Warum gab Erik der Insel den Namen «Grünland»?,"[""Um Siedler anzulocken"", ""Weil dort Palmen wuchsen"", ""Weil das Meer grün war"", ""Weil er Grün nicht mochte""]","Die Saga erzählt, Erik wählte einen schönen Namen. So wollte er viele Leute zum Mitkommen bewegen.",Mit dem Namen Grönland wollte Erik Siedler anlocken.,Erik der Rote,,ok
g_mittelalter,1,"Von welcher Insel wurde Erik der Rote verbannt, bevor er nach Grönland fuhr?","[""Island"", ""Sizilien"", ""Korsika"", ""Rhodos""]","Erik lebte zuerst auf Island. Nach einem Streit, bei dem Menschen starben, musste er die Insel für einige Jahre verlassen.",Erik der Rote wurde aus Island verbannt.,Erik der Rote,,ok
g_mittelalter,1,Wie viele Jahre dauerte die Verbannung von Erik dem Roten?,"[""3 Jahre"", ""30 Jahre"", ""100 Jahre"", ""1 Woche""]",Erik wurde für drei Jahre verbannt. In dieser Zeit erkundete er die Küste von Grönland.,Erik der Rote war drei Jahre verbannt.,Erik der Rote,,ok
g_mittelalter,1,In welchem Land wurde Erik der Rote geboren?,"[""Norwegen"", ""Italien"", ""Frankreich"", ""Griechenland""]",Erik wurde in Norwegen geboren. Als Kind kam er mit seinem Vater nach Island.,Erik der Rote stammte aus Norwegen.,Erik der Rote,,ok
g_mittelalter,1,Ungefähr wann gründete Erik der Rote die Siedlungen auf Grönland?,"[""Um 985"", ""Um 485"", ""Um 1485"", ""Um 1985""]",Um das Jahr 985 fuhr Erik mit vielen Schiffen und Siedlern nach Grönland. Dort gründeten sie Höfe.,Erik der Rote gründete um 985 Siedlungen auf Grönland.,Erik der Rote,,ok
g_mittelalter,1,"Wie heisst das alte Buch, das die ersten Siedler Islands aufzählt?","[""Landnahmebuch"", ""Gesangbuch"", ""Kochbuch"", ""Rechenbuch""]",Das Landnahmebuch nennt über 400 Siedler und ihre Höfe. Es wurde im Mittelalter auf Island geschrieben.,Das Landnahmebuch zählt die ersten Siedler Islands auf.,Besiedlung Islands,,ok
g_mittelalter,1,Aus welchem Land kamen die meisten Siedler nach Island?,"[""Norwegen"", ""Spanien"", ""Ungarn"", ""Polen""]",Die meisten Siedler kamen aus Norwegen. Einige kamen auch von den Britischen Inseln.,Die meisten Siedler Islands kamen aus Norwegen.,Besiedlung Islands,,ok
g_mittelalter,1,Wer gilt als erster fester Siedler auf Island?,"[""Ingólfur Arnarson"", ""Leif Eriksson"", ""Harald Blauzahn"", ""Olaf Tryggvason""]",Ingólfur Arnarson kam aus Norwegen und baute auf Island einen Hof. Er gilt als erster fester Siedler der Insel.,Ingólfur Arnarson war der erste feste Siedler Islands.,Besiedlung Islands,,ok
g_mittelalter,1,Wo baute Ingólfur Arnarson seinen Hof auf Island?,"[""In Reykjavík"", ""In Oslo"", ""In Dublin"", ""In Bergen""]","Ingólfur Arnarson wohnte dort, wo heute Reykjavík liegt. Reykjavík ist heute die Hauptstadt von Island.",Ingólfur Arnarson wohnte am Ort des heutigen Reykjavík.,Besiedlung Islands,,ok
g_mittelalter,1,Was bedeutet der Name Reykjavík?,"[""Rauchbucht"", ""Fischhafen"", ""Eisberg"", ""Feuerinsel""]",Die Siedler sahen dort Dampf aus heissen Quellen aufsteigen. Sie hielten ihn für Rauch und nannten den Ort Rauchbucht.,Reykjavík bedeutet Rauchbucht.,Besiedlung Islands,,ok
g_mittelalter,1,"Wie heisst die Versammlung, die auf Island um 930 gegründet wurde?","[""Althing"", ""Landsgemeinde"", ""Senat"", ""Reichstag""]",Im Jahr 930 trafen sich die Isländer zum ersten Althing. Dort machten sie Gesetze und lösten Streit.,Das Althing auf Island wurde um 930 gegründet.,Besiedlung Islands,,ok
g_mittelalter,1,Welches kleine Pferd brachten die Siedler nach Island mit?,"[""Das Islandpferd"", ""Das Shetlandpony"", ""Das Zebra"", ""Den Freiberger""]","Die Siedler brachten ihre Pferde auf Schiffen mit. Daraus wurde das Islandpferd, das es dort bis heute gibt.",Das Islandpferd kam mit den Siedlern nach Island.,Besiedlung Islands,,ok
g_mittelalter,1,Wer lebte schon vor den Wikingern zeitweise auf Island?,"[""Irische Mönche"", ""Römische Soldaten"", ""Ägyptische Bauern"", ""Chinesische Händler""]",Alte Berichte erzählen von irischen Mönchen auf Island. Sie suchten dort Ruhe zum Beten.,Vor den Wikingern lebten irische Mönche auf Island.,Besiedlung Islands,,ok
g_mittelalter,1,Was war Haithabu?,"[""Ein Handelsplatz der Wikinger"", ""Ein Kloster in den Alpen"", ""Ein Schloss in Spanien"", ""Eine Insel im Mittelmeer""]",Haithabu war einer der wichtigsten Handelsorte der Wikinger. Dort kamen Händler aus vielen Ländern zusammen.,Haithabu war ein grosser Handelsplatz der Wikinger.,Haithabu,,ok
g_mittelalter,1,In welchem heutigen Land liegt Haithabu?,"[""Deutschland"", ""Schweden"", ""England"", ""Island""]",Haithabu liegt in Schleswig-Holstein im Norden von Deutschland. Damals gehörte das Gebiet zu Dänemark.,Haithabu liegt heute im Norden von Deutschland.,Haithabu,,ok
g_mittelalter,1,Bei welcher heutigen Stadt liegt Haithabu?,"[""Schleswig"", ""München"", ""Köln"", ""Dresden""]",Haithabu liegt gleich bei der Stadt Schleswig. Heute gibt es dort ein Wikinger-Museum.,Haithabu liegt bei der Stadt Schleswig.,Haithabu,,ok
g_mittelalter,1,Was schützte die Siedlung Haithabu an Land?,"[""Ein grosser Wall"", ""Ein tiefer See"", ""Ein hoher Turm"", ""Ein dichter Wald""]",Um Haithabu lag ein grosser Wall in Form eines Halbkreises. Er schützte die Häuser vor Angriffen.,Ein grosser Wall schützte Haithabu.,Haithabu,,ok
g_mittelalter,1,Mit welchem Metall bezahlten die Händler in Haithabu oft?,"[""Silber"", ""Kupfer"", ""Aluminium"", ""Blei""]",Die Händler zahlten oft mit Silber. Münzen und Schmuck wurden dafür sogar in Stücke geschnitten.,In Haithabu bezahlte man oft mit Silber.,Haithabu,,ok
g_mittelalter,1,"Womit prüften die Händler in Haithabu, wie viel Silber sie bekamen?","[""Mit einer Waage"", ""Mit einem Lineal"", ""Mit einer Uhr"", ""Mit einem Kompass""]",Beim Silber zählte das Gewicht. Darum hatten die Händler kleine Klappwaagen mit Gewichten dabei.,Die Händler wogen das Silber mit einer Waage.,Haithabu,,ok
g_mittelalter,1,An welchem Gewässer liegt Haithabu?,"[""An der Schlei"", ""Am Bodensee"", ""Am Rhein"", ""An der Donau""]","Haithabu liegt an der Schlei, einem langen Meeresarm der Ostsee. So konnten Schiffe gut anlegen.",Haithabu liegt an der Schlei.,Haithabu,,ok
g_mittelalter,1,Seit welchem Jahr ist Haithabu ein UNESCO-Welterbe?,"[""Seit 2018"", ""Seit 1918"", ""Seit 1818"", ""Seit 1718""]",Im Jahr 2018 wurde Haithabu mit dem Danewerk zum Welterbe erklärt. Das UNESCO-Welterbe gibt es erst seit den 1970er-Jahren.,Haithabu ist seit 2018 ein UNESCO-Welterbe.,Haithabu,,ok
g_mittelalter,1,Etwa wie alt ist der Gjermundbu-Helm?,"[""Rund 1000 Jahre"", ""Rund 100 Jahre"", ""Rund 10 000 Jahre"", ""Rund 50 Jahre""]",Der Helm stammt aus dem 10. Jahrhundert. Er ist also rund tausend Jahre alt.,Der Gjermundbu-Helm ist rund tausend Jahre alt.,Wikingerhelm,,ok
g_mittelalter,1,Wodurch wurden Hörnerhelme für Wikinger im 19. Jahrhundert berühmt?,"[""Durch Opernkostüme"", ""Durch alte Runeninschriften"", ""Durch Funde aus Gräbern"", ""Durch Sagas aus Island""]","Echte Wikingerhelme hatten keine Hörner. Für Opern von Richard Wagner im Jahr 1876 zeichnete man Helme mit Hörnern, so wurde das falsche Bild bekannt.",Die Hörnerhelme stammen aus Kostümen einer Oper.,Wikingerhelm,,ok
g_mittelalter,1,Aus welchem Material waren echte Wikingerhelme?,"[""Aus Eisen"", ""Aus Gold"", ""Aus Glas"", ""Aus Plastik""]","Die wenigen Helme, die man fand, sind aus Eisen. Eisen schützte den Kopf gut.",Echte Wikingerhelme waren aus Eisen.,Wikingerhelm,,ok
g_mittelalter,1,Wie viele fast ganze Wikingerhelme kennt man bisher?,"[""Nur sehr wenige"", ""Viele Hunderte"", ""Viele Tausende"", ""Über eine Million""]","Man kennt nur sehr wenige fast vollständige Wikingerhelme, sonst meist nur kleine Bruchstücke. Der bekannteste ist der Gjermundbu-Helm.",Man hat nur sehr wenige fast ganze Wikingerhelme gefunden.,Wikingerhelm,,ok
g_mittelalter,1,In welchem Land wurde der Gjermundbu-Helm gefunden?,"[""Norwegen"", ""Italien"", ""Frankreich"", ""Österreich""]",Der Helm wurde 1943 auf einem Hof in Norwegen in einem Grab entdeckt.,Der Gjermundbu-Helm wurde in Norwegen gefunden.,Wikingerhelm,,ok
g_mittelalter,1,Was hat der Gjermundbu-Helm vor den Augen?,"[""Einen Schutz wie eine Brille"", ""Zwei grosse Hörner"", ""Ein Glasfenster"", ""Einen Federbusch""]",Der Helm hat vorne einen Metallschutz für Augen und Nase. Er sieht ein wenig aus wie eine Brille.,Der Gjermundbu-Helm hat einen Augenschutz wie eine Brille.,Wikingerhelm,,ok
g_mittelalter,1,Welche Form hatten Wikingerhelme meist oben?,"[""Rund"", ""Viereckig"", ""Flach wie ein Teller"", ""Wie ein Stern""]",Die Helme hatten eine runde Kappe. So rutschten Schläge leichter vom Kopf ab.,Wikingerhelme waren oben rund.,Wikingerhelm,,ok
g_mittelalter,1,Wer ist der Göttervater der Wikinger?,"[""Odin"", ""Thor"", ""Loki"", ""Freyr""]",Odin ist der oberste Gott in den nordischen Sagen. Er gilt als weise und klug.,Odin ist der Göttervater der Wikinger.,Nordische Mythologie,,ok
g_mittelalter,1,Wie heisst der Hammer von Thor?,"[""Mjölnir"", ""Excalibur"", ""Gungnir"", ""Draupnir""]",Thors Hammer heisst Mjölnir. Nach der Sage kehrt er nach jedem Wurf in Thors Hand zurück.,Thors Hammer heisst Mjölnir.,Nordische Mythologie,,ok
g_mittelalter,1,Thor ist der Gott von welchem Wetter?,"[""Donner"", ""Schnee"", ""Nebel"", ""Sonnenschein""]","Thor ist der Donnergott. Die Wikinger glaubten, sein Hammer mache Blitz und Donner.",Thor ist der Gott des Donners.,Nordische Mythologie,,ok
g_mittelalter,1,Wie viele Augen hat Odin in den Sagen?,"[""Ein Auge"", ""Zwei Augen"", ""Drei Augen"", ""Hundert Augen""]","Odin gab ein Auge her, um aus einer Quelle der Weisheit zu trinken. Darum hat er nur noch ein Auge.",Odin hat nur ein Auge.,Nordische Mythologie,,ok
g_mittelalter,1,Welche Tiere bringen Odin jeden Tag Neuigkeiten?,"[""Zwei Raben"", ""Zwei Wölfe"", ""Zwei Katzen"", ""Zwei Eulen""]","Die Raben Hugin und Munin fliegen über die Welt. Am Abend erzählen sie Odin alles, was sie gesehen haben.",Odins Raben bringen ihm Neuigkeiten.,Nordische Mythologie,,ok
g_mittelalter,1,Wie viele Beine hat Odins Pferd Sleipnir?,"[""Acht"", ""Vier"", ""Sechs"", ""Zwei""]",Sleipnir ist ein Zauberpferd mit acht Beinen. Es ist schneller als jedes andere Pferd.,Odins Pferd Sleipnir hat acht Beine.,Nordische Mythologie,,ok
g_mittelalter,1,Welcher Wochentag ist nach dem Donnergott benannt?,"[""Donnerstag"", ""Montag"", ""Mittwoch"", ""Samstag""]","Der Donnergott hiess bei den Germanen im Süden Donar, im Norden Thor. Nach ihm heisst der Donnerstag.",Der Donnerstag ist nach dem Donnergott benannt.,Nordische Mythologie,,ok
g_mittelalter,1,"Wie heisst die Halle, in die laut Sage gefallene Krieger kamen?","[""Walhall"", ""Olymp"", ""Atlantis"", ""Avalon""]",Walhall ist die Halle von Odin. Dort sollten tapfere gefallene Krieger feiern.,Gefallene Krieger kamen laut Sage nach Walhall.,Nordische Mythologie,,ok
g_mittelalter,1,Wer zog bei der Völkerwanderung in neue Gebiete?,"[""Viele ganze Völker"", ""Nur einzelne Händler"", ""Nur Tiere"", ""Nur Soldaten aus Rom""]","Viele germanische Völker verliessen ihre Heimat. Sie zogen mit Familien und Tieren in neue Gebiete, oft ins Römische Reich.",Bei der Völkerwanderung zogen ganze Völker weg.,Völkerwanderung,,ok
g_mittelalter,1,Welches Reitervolk aus Asien löste die Völkerwanderung aus?,"[""Die Hunnen"", ""Die Römer"", ""Die Griechen"", ""Die Ägypter""]",Die Hunnen kamen aus Asien nach Europa. Viele Völker flohen vor ihnen nach Westen.,Die Hunnen lösten die Völkerwanderung aus.,Völkerwanderung,,ok
g_mittelalter,1,Wie hiess der berühmteste König der Hunnen?,"[""Attila"", ""Cäsar"", ""Nero"", ""Augustus""]",Attila war der König der Hunnen. Er führte grosse Kriegszüge bis nach Gallien und Italien.,Attila war der berühmteste König der Hunnen.,Völkerwanderung,,ok
g_mittelalter,1,Ungefähr ab welchem Jahr begann die Völkerwanderung?,"[""Um 375"", ""Um 1375"", ""Um 75"", ""Um 1775""]",Um 375 drang ein Reitervolk aus Asien nach Europa vor. Mit diesem Jahr lässt man die Völkerwanderung meist beginnen.,Die Völkerwanderung begann um 375.,Völkerwanderung,,ok
g_mittelalter,1,Welches Reich ging während der Völkerwanderung im Jahr 476 unter?,"[""Das Weströmische Reich"", ""Das Reich der Inka"", ""Das Reich der Wikinger"", ""Das Reich der Pharaonen""]",Im Jahr 476 wurde der letzte weströmische Kaiser abgesetzt. Damit endete das Weströmische Reich.,Das Weströmische Reich ging 476 unter.,Völkerwanderung,,ok
g_mittelalter,1,Welches Volk liess sich in der Westschweiz nieder?,"[""Die Burgunder"", ""Die Hunnen"", ""Die Wikinger"", ""Die Vandalen""]","Die Burgunder siedelten im Gebiet um den Genfersee. Sie übernahmen die lateinische Sprache, daraus wurde später Französisch.",Die Burgunder siedelten in der Westschweiz.,Völkerwanderung,,ok
g_mittelalter,1,Welches Volk liess sich in der Deutschschweiz nieder?,"[""Die Alamannen"", ""Die Goten"", ""Die Hunnen"", ""Die Angeln""]",Die Alamannen zogen in den Norden und Osten der heutigen Schweiz. Von ihnen kommt das Schweizerdeutsch.,Die Alamannen siedelten in der Deutschschweiz.,Völkerwanderung,,ok
g_mittelalter,1,Welches Volk plünderte im Jahr 455 die Stadt Rom?,"[""Die Vandalen"", ""Die Wikinger"", ""Die Burgunder"", ""Die Franken""]",Die Vandalen plünderten Rom im Jahr 455. Daher kommt das Wort Vandalismus für mutwillige Zerstörung.,Die Vandalen plünderten 455 die Stadt Rom.,Völkerwanderung,,ok
g_mittelalter,1,"Etwa wie alt war Chlodwig, als er König wurde?","[""Etwa 15 Jahre"", ""Etwa 5 Jahre"", ""Etwa 50 Jahre"", ""Etwa 80 Jahre""]","Chlodwig wurde um 466 geboren und um 482 König, nach dem Tod seines Vaters. Er war also noch ein Jugendlicher.",Chlodwig wurde schon als Jugendlicher König.,Chlodwig I.,,ok
g_mittelalter,1,Welcher Religion schloss sich Chlodwig an?,"[""Dem Christentum"", ""Dem Glauben an Odin"", ""Dem Buddhismus"", ""Dem Hinduismus""]",Chlodwig liess sich taufen und wurde Christ. Viele Franken folgten ihm.,Chlodwig liess sich taufen und wurde Christ.,Chlodwig I.,,ok
g_mittelalter,1,In welcher Stadt wurde Chlodwig getauft?,"[""Reims"", ""Rom"", ""Wien"", ""London""]",Chlodwig wurde in Reims getauft. Später wurden dort viele französische Könige gekrönt.,Chlodwig wurde in Reims getauft.,Chlodwig I.,,ok
g_mittelalter,1,"Wie heisst die Königsfamilie, aus der Chlodwig stammte?","[""Die Merowinger"", ""Die Habsburger"", ""Die Karolinger"", ""Die Tudors""]",Chlodwig gehörte zur Familie der Merowinger. Sie regierten die Franken rund 250 Jahre lang.,Chlodwig stammte aus der Familie der Merowinger.,Chlodwig I.,,ok
g_mittelalter,1,Welche Stadt machte Chlodwig zu seinem Hauptsitz?,"[""Paris"", ""Berlin"", ""Madrid"", ""Zürich""]",Chlodwig wählte Paris als wichtigsten Sitz. Heute ist Paris die Hauptstadt von Frankreich.,Chlodwig machte Paris zu seinem Hauptsitz.,Chlodwig I.,,ok
g_mittelalter,1,Welches heutige Land ist nach den Franken benannt?,"[""Frankreich"", ""Finnland"", ""Polen"", ""Portugal""]",Das Reich der Franken war der Anfang von Frankreich. Der Name Frankreich bedeutet Reich der Franken.,Frankreich ist nach den Franken benannt.,Chlodwig I.,,ok
g_mittelalter,1,Gegen welches Volk kämpfte Chlodwig in der Schlacht bei Zülpich?,"[""Die Alamannen"", ""Die Wikinger"", ""Die Hunnen"", ""Die Angelsachsen""]",Chlodwig kämpfte bei Zülpich gegen die Alamannen. Laut Erzählung bat er dort in grosser Not den Gott seiner Frau um Hilfe.,Chlodwig besiegte bei Zülpich die Alamannen.,Chlodwig I.,,ok
g_mittelalter,1,In welches Land zogen die Angelsachsen?,"[""England"", ""Spanien"", ""Italien"", ""Griechenland""]",Die Angelsachsen fuhren über die Nordsee nach Britannien. Dort gründeten sie Königreiche im heutigen England.,Die Angelsachsen zogen nach England.,Angelsachsen,,ok
g_mittelalter,1,Welche zwei Völker stecken im Namen Angelsachsen?,"[""Angeln und Sachsen"", ""Alamannen und Sachsen"", ""Angeln und Schwaben"", ""Goten und Sachsen""]",Die Angelsachsen bestanden vor allem aus Angeln und Sachsen. Auch die Jüten kamen mit.,Im Namen Angelsachsen stecken die Angeln und die Sachsen.,Angelsachsen,,ok
g_mittelalter,1,Nach welchem Volk ist England benannt?,"[""Nach den Angeln"", ""Nach den Sachsen"", ""Nach den Römern"", ""Nach den Wikingern""]",England bedeutet Land der Angeln. Auch das Wort Englisch kommt daher.,England ist nach den Angeln benannt.,Angelsachsen,,ok
g_mittelalter,1,Ungefähr in welchem Jahrhundert kamen die Angelsachsen nach Britannien?,"[""Im 5. Jahrhundert"", ""Im 1. Jahrhundert"", ""Im 12. Jahrhundert"", ""Im 15. Jahrhundert""]","Die Römer verliessen Britannien um 410. Bald danach, im 5. Jahrhundert, kamen die Angelsachsen.",Die Angelsachsen kamen im 5. Jahrhundert nach Britannien.,Angelsachsen,,ok
g_mittelalter,1,Wie heisst die Sprache der Angelsachsen?,"[""Altenglisch"", ""Latein"", ""Altgriechisch"", ""Französisch""]",Die Angelsachsen sprachen Altenglisch. Daraus wurde später die englische Sprache.,Die Angelsachsen sprachen Altenglisch.,Angelsachsen,,ok
g_mittelalter,1,Wie heisst ein berühmtes Heldengedicht der Angelsachsen?,"[""Beowulf"", ""Odyssee"", ""Wilhelm Tell"", ""Heidi""]","Beowulf erzählt von einem Helden, der gegen Ungeheuer und einen Drachen kämpft. Es ist in Altenglisch geschrieben.",Beowulf ist ein Heldengedicht der Angelsachsen.,Angelsachsen,,ok
g_mittelalter,1,Welcher angelsächsische König kämpfte erfolgreich gegen die Wikinger?,"[""Alfred der Grosse"", ""Karl der Grosse"", ""Otto der Grosse"", ""Peter der Grosse""]",Alfred der Grosse war König von Wessex. Er verteidigte sein Reich gegen die Wikinger.,Alfred der Grosse verteidigte England gegen die Wikinger.,Angelsachsen,,ok
g_mittelalter,1,Was fand man im angelsächsischen Königsgrab von Sutton Hoo?,"[""Ein ganzes Schiff"", ""Ein Auto"", ""Eine Pyramide"", ""Ein Flugzeug""]",In Sutton Hoo wurde ein König in einem grossen Schiff begraben. Man fand dabei auch einen prächtigen Helm und Gold.,In Sutton Hoo fand man ein Schiffsgrab.,Angelsachsen,,ok
g_mittelalter,1,Nach welchem Kaiser ist Konstantinopel benannt?,"[""Konstantin"", ""Augustus"", ""Nero"", ""Justinian""]",Kaiser Konstantin machte die Stadt im Jahr 330 zu seiner Hauptstadt. Danach hiess sie Stadt des Konstantin.,Konstantinopel ist nach Kaiser Konstantin benannt.,Konstantinopel,,ok
g_mittelalter,1,"Wie hiess Konstantinopel, bevor Kaiser Konstantin kam?","[""Byzanz"", ""Troja"", ""Karthago"", ""Sparta""]",Die Stadt hiess früher Byzanz. Darum nennt man das Oströmische Reich auch Byzantinisches Reich.,Konstantinopel hiess früher Byzanz.,Konstantinopel,,ok
g_mittelalter,1,An welcher Meerenge liegt Konstantinopel?,"[""Am Bosporus"", ""Am Ärmelkanal"", ""An der Strasse von Gibraltar"", ""Am Panamakanal""]",Die Stadt liegt am Bosporus. Diese Meerenge verbindet das Schwarze Meer mit dem Marmarameer und so mit dem Mittelmeer.,Konstantinopel liegt am Bosporus.,Konstantinopel,,ok
g_mittelalter,1,Auf welchen zwei Erdteilen liegt die Stadt Istanbul?,"[""Europa und Asien"", ""Europa und Afrika"", ""Asien und Afrika"", ""Europa und Amerika""]",Der Bosporus trennt Europa und Asien. Istanbul liegt auf beiden Seiten.,Istanbul liegt in Europa und in Asien.,Konstantinopel,,ok
g_mittelalter,1,Etwa wie lange war Konstantinopel die Hauptstadt des Oströmischen Reiches?,"[""Über 1000 Jahre"", ""Etwa 10 Jahre"", ""Etwa 50 Jahre"", ""Etwa 200 Jahre""]",Konstantinopel war von 330 bis 1453 Hauptstadt. Das sind über 1100 Jahre.,Konstantinopel war über tausend Jahre lang Hauptstadt.,Konstantinopel,,ok
g_mittelalter,1,Was schützte Konstantinopel viele Jahrhunderte lang vor Feinden?,"[""Riesige Stadtmauern"", ""Hohe Berge"", ""Ein breiter Gletscher"", ""Eine grosse Wüste""]","Konstantinopel hatte dicke, mehrfache Mauern an der Landseite. Viele Angreifer scheiterten daran.",Riesige Mauern schützten Konstantinopel.,Konstantinopel,,ok
g_mittelalter,1,"Wie hiess die Brandwaffe, mit der Byzanz feindliche Schiffe angriff?","[""Griechisches Feuer"", ""Römisches Wasser"", ""Persischer Wind"", ""Ägyptischer Sand""]","Das Griechische Feuer brannte sogar auf dem Wasser. Wie es genau gemacht wurde, weiss man bis heute nicht.",Byzanz kämpfte auf See mit dem Griechischen Feuer.,Konstantinopel,,ok
g_mittelalter,1,Was bedeutet der Name Hagia Sophia?,"[""Heilige Weisheit"", ""Grosse Kirche"", ""Goldenes Haus"", ""Hoher Turm""]",Hagia Sophia ist Griechisch. Es bedeutet heilige Weisheit.,Hagia Sophia bedeutet heilige Weisheit.,Hagia Sophia,,ok
g_mittelalter,1,Welcher Kaiser liess die Hagia Sophia bauen?,"[""Justinian"", ""Konstantin"", ""Nero"", ""Karl der Grosse""]",Kaiser Justinian liess die Hagia Sophia ab 532 bauen. Sie sollte die prächtigste Kirche der Welt werden.,Kaiser Justinian liess die Hagia Sophia bauen.,Hagia Sophia,,ok
g_mittelalter,1,In welchem Jahr wurde die Hagia Sophia fertig?,"[""537"", ""1537"", ""37"", ""837""]",Die Hagia Sophia wurde im Jahr 537 eingeweiht. Sie ist also fast 1500 Jahre alt.,Die Hagia Sophia wurde im Jahr 537 fertig.,Hagia Sophia,,ok
g_mittelalter,1,Wie lange dauerte der Bau der Hagia Sophia ungefähr?,"[""Etwa 5 Jahre"", ""Etwa 50 Jahre"", ""Etwa 200 Jahre"", ""Etwa 5 Monate""]",Tausende Arbeiter bauten gleichzeitig daran. Für so ein riesiges Gebäude war das sehr schnell.,Die Hagia Sophia wurde in etwa fünf Jahren gebaut.,Hagia Sophia,,ok
g_mittelalter,1,Wofür ist das Dach der Hagia Sophia besonders berühmt?,"[""Für die riesige Kuppel"", ""Für die vielen Zinnen"", ""Für das Strohdach"", ""Für den spitzen Kirchturm""]",Die Hagia Sophia hat eine gewaltige Kuppel. Sie scheint über dem Raum zu schweben.,Die Hagia Sophia ist für ihre riesige Kuppel berühmt.,Hagia Sophia,,ok
g_mittelalter,1,Was wurde aus der Kirche Hagia Sophia nach dem Jahr 1453?,"[""Eine Moschee"", ""Ein Bahnhof"", ""Ein Theater"", ""Ein Gefängnis""]",Nach der Eroberung durch die Osmanen wurde die Kirche zur Moschee. Man baute dazu Minarette.,Nach 1453 wurde die Hagia Sophia eine Moschee.,Hagia Sophia,,ok
g_mittelalter,1,Wie viele Minarette stehen heute bei der Hagia Sophia?,"[""Vier"", ""Eins"", ""Zwei"", ""Zehn""]",Die Osmanen bauten nach und nach vier Minarette an. Sie stehen an den Ecken des Gebäudes.,Die Hagia Sophia hat vier Minarette.,Hagia Sophia,,ok
g_mittelalter,1,Aus welcher Stadt kam Marco Polo?,"[""Venedig"", ""Rom"", ""Paris"", ""Zürich""]",Marco Polo wurde 1254 in Venedig geboren. Venedig war damals eine reiche Handelsstadt am Meer.,Marco Polo kam aus Venedig.,Marco Polo,,ok
g_mittelalter,1,Welchen Beruf hatte Marco Polo?,"[""Händler"", ""Bäcker"", ""Ritter"", ""Bauer""]",Marco Polo stammte aus einer Familie von Händlern. Sie kauften und verkauften wertvolle Waren aus fernen Ländern.,Marco Polo war ein Händler aus Venedig.,Marco Polo,,ok
g_mittelalter,1,In welches ferne Land reiste Marco Polo?,"[""Nach China"", ""Nach Amerika"", ""Nach Australien"", ""Nach Grönland""]",Marco Polo reiste bis nach China. Dort lebte er viele Jahre am Hof des Herrschers.,Marco Polo reiste bis nach China.,Marco Polo,,ok
g_mittelalter,1,Mit wem reiste Marco Polo los?,"[""Mit Vater und Onkel"", ""Mit seiner Schwester"", ""Mit einem König"", ""Allein mit seinem Hund""]",Marco Polo reiste mit seinem Vater Niccolò und seinem Onkel Maffeo. Die beiden waren schon vorher einmal in China gewesen.,Marco Polo reiste mit seinem Vater und seinem Onkel.,Marco Polo,,ok
g_mittelalter,1,Bei welchem Herrscher lebte Marco Polo in China?,"[""Kublai Khan"", ""Karl der Grosse"", ""Kaiser Nero"", ""König Artus""]",Kublai Khan war der Herrscher der Mongolen in China. Er war ein Enkel von Dschingis Khan.,Marco Polo diente dem Herrscher Kublai Khan.,Marco Polo,,ok
g_mittelalter,1,Wie lange war Marco Polo ungefähr von zu Hause weg?,"[""Etwa 24 Jahre"", ""Etwa 2 Wochen"", ""Etwa 3 Monate"", ""Etwa 1 Jahr""]",Marco Polo brach 1271 auf und kam erst 1295 zurück nach Venedig. Das sind etwa 24 Jahre.,Marco Polos Reise dauerte über 20 Jahre.,Marco Polo,,ok
g_mittelalter,1,"Wo erzählte Marco Polo seine Reise, damit sie aufgeschrieben wurde?","[""Im Gefängnis"", ""Auf einem Schiff"", ""In einer Kirche"", ""Auf einem Berg""]","Marco Polo war in Genua gefangen. Dort erzählte er einem Mitgefangenen von seiner Reise, und dieser schrieb alles auf.",Marco Polos Reisebericht entstand im Gefängnis.,Marco Polo,,ok
g_mittelalter,1,Was entstand aus Marco Polos Erzählungen?,"[""Ein berühmtes Buch"", ""Ein grosses Lied"", ""Ein Theaterstück"", ""Eine Landkarte aus Stein""]",Aus seinen Erzählungen wurde ein Reisebuch. Es wurde in Europa viel gelesen und machte Asien bekannt.,Marco Polos Reisebuch machte Asien in Europa bekannt.,Marco Polo,,ok
g_mittelalter,1,Welches Volk führte Dschingis Khan?,"[""Die Mongolen"", ""Die Römer"", ""Die Wikinger"", ""Die Ägypter""]",Dschingis Khan vereinte die Stämme der Mongolen. Er wurde ihr oberster Herrscher.,Dschingis Khan war der Herrscher der Mongolen.,Dschingis Khan,,ok
g_mittelalter,1,Wie hiess Dschingis Khan als Kind?,"[""Temüdschin"", ""Kublai"", ""Attila"", ""Saladin""]",Sein Kindername war Temüdschin. Den Titel Dschingis Khan bekam er erst später als Herrscher.,Dschingis Khan hiess als Kind Temüdschin.,Dschingis Khan,,ok
g_mittelalter,1,Worauf ritten die Krieger der Mongolen?,"[""Auf Pferden"", ""Auf Elefanten"", ""Auf Kamelen"", ""Auf Eseln""]",Die Mongolen waren hervorragende Reiter. Schon kleine Kinder lernten reiten.,Die Mongolen waren schnelle Reiter.,Dschingis Khan,,ok
g_mittelalter,1,In welchen Zelten wohnten die Mongolen?,"[""In Jurten"", ""In Iglus"", ""In Tipis"", ""In Baumhäusern""]",Eine Jurte ist ein rundes Zelt aus Filz. Man kann sie abbauen und mitnehmen.,Die Mongolen wohnten in runden Jurten.,Dschingis Khan,,ok
g_mittelalter,1,Warum wohnten die Mongolen in Zelten?,"[""Sie zogen oft umher"", ""Sie hatten kein Holz"", ""Es war immer heiss"", ""Häuser waren verboten""]",Die Mongolen waren Nomaden. Sie zogen mit ihren Tieren von Weide zu Weide.,Nomaden ziehen mit ihren Tieren umher.,Dschingis Khan,,ok
g_mittelalter,1,Mit welcher Waffe waren die Mongolen besonders gut?,"[""Pfeil und Bogen"", ""Kanone"", ""Gewehr"", ""Steinschleuder""]",Die Mongolen konnten sogar im Galopp vom Pferd aus mit dem Bogen schiessen.,Die Mongolen schossen vom Pferd aus mit dem Bogen.,Dschingis Khan,,ok
g_mittelalter,1,Wie gross wurde das Reich der Mongolen?,"[""Riesig"", ""Sehr klein"", ""So gross wie eine Stadt"", ""So gross wie die Schweiz""]",Das Mongolische Reich war das grösste zusammenhängende Landreich der Geschichte. Es reichte von China bis nach Osteuropa.,Das Mongolische Reich war riesig.,Dschingis Khan,,ok
g_mittelalter,1,Wie heisst das Land der Mongolen heute?,"[""Mongolei"", ""Mexiko"", ""Marokko"", ""Malaysia""]",Die Mongolei liegt zwischen Russland und China. Dort wird Dschingis Khan bis heute verehrt.,Die Mongolei ist die Heimat der Mongolen.,Dschingis Khan,,ok
g_mittelalter,1,Aus welchem Land kommen die Samurai?,"[""Japan"", ""Italien"", ""Ägypten"", ""Brasilien""]",Samurai waren Krieger im alten Japan. Sie gehörten zu einem angesehenen Stand.,Samurai waren Krieger in Japan.,Samurai,,ok
g_mittelalter,1,Was waren Samurai?,"[""Krieger"", ""Köche"", ""Fischer"", ""Maler""]",Samurai waren ausgebildete Kämpfer. Sie dienten einem Fürsten und beschützten ihn.,Samurai waren japanische Krieger.,Samurai,,ok
g_mittelalter,1,Wie heisst das gebogene Schwert der Samurai?,"[""Katana"", ""Florett"", ""Degen"", ""Lanze""]","Das Katana ist ein leicht gebogenes, sehr scharfes Schwert. Es war das wichtigste Zeichen eines Samurai.",Das Schwert der Samurai heisst Katana.,Samurai,,ok
g_mittelalter,1,Wem dienten die Samurai?,"[""Einem Fürsten"", ""Einem Pfarrer"", ""Einem Händler"", ""Einem Bauern""]","Jeder Samurai diente einem Fürsten, dem Daimyo. Er schwor ihm Treue.",Ein Samurai diente seinem Fürsten.,Samurai,,ok
g_mittelalter,1,Was trugen Samurai im Kampf zum Schutz?,"[""Eine Rüstung"", ""Eine Badehose"", ""Einen Regenmantel"", ""Ein Nachthemd""]","Samurai trugen eine Rüstung aus vielen kleinen Platten. Dazu gehörte ein Helm, der oft prächtig verziert war.",Samurai schützten sich mit einer Rüstung.,Samurai,,ok
g_mittelalter,1,Wie heisst die Ehrenregel der Samurai?,"[""Bushido"", ""Karate"", ""Origami"", ""Sushi""]","Bushido bedeutet «Weg des Kriegers». Dazu gehörten Treue, Mut und Ehre.",Die Ehrenregel der Samurai heisst Bushido.,Samurai,,ok
g_mittelalter,1,Was war für einen Samurai besonders wichtig?,"[""Treue und Ehre"", ""Reichtum und Gold"", ""Faulheit und Ruhe"", ""Lügen und Tricks""]","Ein Samurai sollte treu, mutig und ehrlich sein. Seine Ehre war ihm sehr wichtig.",Für Samurai zählten Treue und Ehre.,Samurai,,ok
g_mittelalter,1,Wer stand in Japan über den Fürsten und Samurai?,"[""Der Shogun"", ""Der Papst"", ""Der Pharao"", ""Der Zar""]",Der Shogun war der oberste Heerführer Japans. Er hatte lange Zeit die eigentliche Macht im Land.,Der Shogun war der mächtigste Heerführer Japans.,Samurai,,ok
g_mittelalter,1,In welchem Land steht die Burg Himeji?,"[""Japan"", ""China"", ""Indien"", ""Korea""]",Die Burg Himeji steht in der Stadt Himeji in Japan. Sie ist eine der berühmtesten Burgen des Landes.,Die Burg Himeji steht in Japan.,Burg Himeji,,ok
g_mittelalter,1,Etwa wie alt ist die Burg Himeji in ihrer heutigen Form?,"[""Über 400 Jahre"", ""Etwa 40 Jahre"", ""Etwa 4 Jahre"", ""Über 4000 Jahre""]",Die Burg wurde von 1601 bis 1609 neu gebaut und vergrössert. Sie ist also über 400 Jahre alt.,Die Burg Himeji ist über 400 Jahre alt.,Burg Himeji,,ok
g_mittelalter,1,Welchen Spitznamen hat die Burg Himeji?,"[""Weisser Reiher"", ""Roter Drache"", ""Schwarzer Bär"", ""Goldener Fisch""]","Wegen ihrer hellen Farbe und eleganten Form erinnert sie an einen Vogel, der gleich losfliegt. Darum nennt man sie «Weisser Reiher».",Die Burg Himeji heisst auch Weisser Reiher.,Burg Himeji,,ok
g_mittelalter,1,Aus welchem Baustoff besteht die Burg Himeji grösstenteils?,"[""Holz"", ""Glas"", ""Eisen"", ""Plastik""]",Die Gebäude der Burg sind grösstenteils aus Holz gebaut. Sie stehen auf hohen Mauern aus Stein.,Die Burg Himeji ist vor allem aus Holz gebaut.,Burg Himeji,,ok
g_mittelalter,1,"Was gehört zu den Burgen in Japan, wie bei Himeji?","[""Ein hoher Hauptturm"", ""Ein grosser Glockenturm"", ""Eine Zugbrücke aus Glas"", ""Ein spitzes Kirchendach""]",Der Hauptturm ist das Herz einer japanischen Burg. Bei Himeji ist er von weitem zu sehen.,Die Burg Himeji hat einen hohen Hauptturm.,Burg Himeji,,ok
g_mittelalter,1,Seit wann ist die Burg Himeji Weltkulturerbe?,"[""Seit 1993"", ""Seit 1903"", ""Seit 1803"", ""Seit 2023""]",Die Burg Himeji wurde 1993 Welterbe der UNESCO. Sie gehörte zu den ersten Welterbestätten Japans.,Die Burg Himeji ist seit 1993 Weltkulturerbe.,Burg Himeji,,ok
g_mittelalter,1,Warum ist die Burg Himeji so berühmt?,"[""Sie ist gut erhalten"", ""Sie ist ganz neu"", ""Sie ist aus Gold"", ""Sie schwimmt im Meer""]","Die Burg wurde nie zerstört, auch nicht im Krieg. Darum sieht man sie fast noch wie zur Zeit der Samurai.",Die Burg Himeji ist sehr gut erhalten.,Burg Himeji,,ok
g_mittelalter,1,In welcher Stadt liegt die Verbotene Stadt?,"[""Peking"", ""Tokio"", ""Bagdad"", ""Venedig""]","Die Verbotene Stadt liegt mitten in Peking, der Hauptstadt Chinas.",Die Verbotene Stadt liegt in Peking.,Verbotene Stadt,,ok
g_mittelalter,1,Wer wohnte in der Verbotenen Stadt?,"[""Der Kaiser von China"", ""Der Papst"", ""Ein Samurai"", ""Ein Pharao""]",Die Verbotene Stadt war der Palast der chinesischen Kaiser. Dort lebten sie mit ihrer Familie und ihren Dienern.,Die Kaiser von China wohnten in der Verbotenen Stadt.,Verbotene Stadt,,ok
g_mittelalter,1,Warum heisst sie «Verbotene Stadt»?,"[""Normale Leute durften nicht hinein"", ""Dort war Spielen verboten"", ""Dort durfte man nicht essen"", ""Dort war Reden verboten""]",Ohne Erlaubnis des Kaisers durfte niemand hinein. Für das einfache Volk war der Palast verboten.,In die Verbotene Stadt durfte nicht jeder hinein.,Verbotene Stadt,,ok
g_mittelalter,1,Welche Farbe haben die meisten Dächer der Verbotenen Stadt?,"[""Gelb"", ""Blau"", ""Grün"", ""Schwarz""]",Gelb war die Farbe des Kaisers. Darum sind fast alle Dächer mit gelben Ziegeln gedeckt.,Gelb war in China die Farbe des Kaisers.,Verbotene Stadt,,ok
g_mittelalter,1,Was umgibt die Verbotene Stadt?,"[""Eine Mauer und ein Graben"", ""Ein Zaun aus Holz"", ""Ein dichter Urwald"", ""Eine Wüste""]",Eine hohe Mauer und ein breiter Wassergraben schützten den Palast. So war er gut abgeschlossen.,Mauer und Graben schützten die Verbotene Stadt.,Verbotene Stadt,,ok
g_mittelalter,1,Was ist die Verbotene Stadt heute?,"[""Ein Museum"", ""Ein Bahnhof"", ""Ein Fussballstadion"", ""Ein Flughafen""]",Heute ist die Verbotene Stadt ein grosses Museum. Jedes Jahr besuchen sie Millionen Menschen.,Die Verbotene Stadt ist heute ein Museum.,Verbotene Stadt,,ok
g_mittelalter,1,Wie viele Gebäude hat die Verbotene Stadt ungefähr?,"[""Fast 1000"", ""Etwa 10"", ""Etwa 50"", ""Fast 100 000""]",In der Verbotenen Stadt stehen fast 1000 Gebäude. Sie ist einer der grössten Paläste der Welt.,Die Verbotene Stadt hat fast 1000 Gebäude.,Verbotene Stadt,,ok
g_mittelalter,1,Wann wurde die Verbotene Stadt fertig gebaut?,"[""Um 1420"", ""Um 420"", ""Um 1920"", ""Um 2020""]",Der Bau dauerte etwa 14 Jahre und wurde um 1420 fertig. Danach lebten dort fast 500 Jahre lang Kaiser.,Die Verbotene Stadt ist rund 600 Jahre alt.,Verbotene Stadt,,ok
g_mittelalter,1,Wo wurde der Kompass erfunden?,"[""In China"", ""In Amerika"", ""In der Schweiz"", ""In Australien""]",Der Kompass wurde im alten China erfunden. Später kam er nach Arabien und Europa.,Der Kompass stammt aus China.,Kompass,,ok
g_mittelalter,1,In welche Richtung zeigt die Kompassnadel?,"[""Nach Norden"", ""Nach Osten"", ""Immer nach oben"", ""Zur Sonne""]",Die Nadel ist magnetisch. Sie richtet sich nach dem Magnetfeld der Erde aus und zeigt nach Norden.,Die Kompassnadel zeigt nach Norden.,Kompass,,ok
g_mittelalter,1,Was ist die Kompassnadel?,"[""Ein Magnet"", ""Ein Stück Holz"", ""Ein Gummiband"", ""Eine Feder""]",Die Nadel ist ein kleiner Magnet. Darum kann sie sich nach Norden drehen.,Die Kompassnadel ist magnetisch.,Kompass,,ok
g_mittelalter,1,"Wer brauchte den Kompass besonders, um den Weg zu finden?","[""Seefahrer"", ""Bäcker"", ""Schneider"", ""Bauern""]",Auf dem offenen Meer sieht man kein Land. Mit dem Kompass fanden Seefahrer trotzdem die richtige Richtung.,Seefahrer fanden mit dem Kompass ihren Weg.,Kompass,,ok
g_mittelalter,1,Welche Form hatte nach alten Berichten ein früher chinesischer Kompass?,"[""Ein Löffel"", ""Ein Ring"", ""Eine Kugel"", ""Ein Würfel""]",Alte Berichte beschreiben einen Löffel aus Magnetstein auf einer glatten Platte. Sein Stiel zeigte nach Süden.,Ein früher chinesischer Kompass sah aus wie ein Löffel.,Kompass,,ok
g_mittelalter,1,Wann hilft ein Kompass besonders?,"[""Wenn man die Sonne nicht sieht"", ""Wenn man Hunger hat"", ""Wenn es sehr heiss ist"", ""Wenn man schlafen will""]",Bei Nebel oder in der Nacht kann man sich nicht nach der Sonne richten. Der Kompass zeigt die Richtung trotzdem.,Ein Kompass hilft auch bei Nebel und in der Nacht.,Kompass,,ok
g_mittelalter,1,Wofür steht der Buchstabe N auf dem Kompass?,"[""Norden"", ""Nacht"", ""Nebel"", ""Nase""]","Auf dem Kompass stehen die vier Himmelsrichtungen. N steht für Norden, S für Süden, O für Osten und W für Westen.",Auf dem Kompass bedeutet N Norden.,Kompass,,ok
g_mittelalter,1,"Wo braucht man heute noch einen Kompass, zum Beispiel in der Schule?","[""Beim Orientierungslauf"", ""Beim Kochen"", ""Beim Singen"", ""Beim Malen""]",Beim Orientierungslauf findet man mit Karte und Kompass die Posten. Diesen Sport gibt es auch an vielen Schweizer Schulen.,Mit Karte und Kompass findet man den Weg.,Kompass,,ok
g_mittelalter,1,Wo wurde das Feuerwerk erfunden?,"[""In China"", ""In Italien"", ""In Ägypten"", ""In Mexiko""]",Das Feuerwerk stammt aus China. Dort wurde auch das Pulver dafür erfunden.,Das Feuerwerk kommt aus China.,Feuerwerk,,ok
g_mittelalter,1,Welches Pulver braucht man für Feuerwerk?,"[""Schwarzpulver"", ""Backpulver"", ""Waschpulver"", ""Zuckerpulver""]",Schwarzpulver verbrennt sehr schnell. Damit fliegen Raketen in die Luft und Knaller knallen.,Für Feuerwerk braucht man Schwarzpulver.,Feuerwerk,,ok
g_mittelalter,1,"Was suchten chinesische Gelehrte, als sie das Pulver für Feuerwerk entdeckten?","[""Einen Trank für langes Leben"", ""Ein neues Gewürz"", ""Eine neue Farbe"", ""Ein Mittel gegen Mücken""]","Gelehrte mischten Stoffe, um einen Trank für ewiges Leben zu finden. Dabei entdeckten sie zufällig ein Pulver, das explodieren kann.",Das Pulver für Feuerwerk wurde zufällig entdeckt.,Feuerwerk,,ok
g_mittelalter,1,Woraus machten die Chinesen die ersten Knaller?,"[""Aus Bambus"", ""Aus Glas"", ""Aus Eisen"", ""Aus Gummi""]","Schon früh warf man Bambus ins Feuer. Die Luft im Rohr dehnte sich aus, und es knallte laut.",Die ersten Knaller waren aus Bambus.,Feuerwerk,,ok
g_mittelalter,1,Was sollte der Lärm der Knaller in China vertreiben?,"[""Böse Geister"", ""Mücken"", ""Regenwolken"", ""Hungrige Katzen""]","Man glaubte, dass der laute Knall böse Geister verjagt. Darum knallt es bis heute am chinesischen Neujahrsfest.",Knaller sollten in China böse Geister vertreiben.,Feuerwerk,,ok
g_mittelalter,1,An welchem Fest gibt es in China besonders viel Feuerwerk?,"[""Am Neujahrsfest"", ""Am Muttertag"", ""Am Ostermontag"", ""Am Valentinstag""]",Zum chinesischen Neujahrsfest gehören Feuerwerk und Knaller. Das Fest findet im Januar oder Februar statt.,Am chinesischen Neujahr gibt es viel Feuerwerk.,Feuerwerk,,ok
g_mittelalter,1,An welchem Feiertag gibt es in der Schweiz oft Feuerwerk?,"[""Am 1. August"", ""Am 1. Mai"", ""Am 1. April"", ""Am 1. Juni""]",Am 1. August feiert die Schweiz ihren Nationalfeiertag. Dann gibt es Höhenfeuer und Feuerwerk.,Am 1. August gibt es in der Schweiz Feuerwerk.,Feuerwerk,,ok
g_mittelalter,1,Was machen manche Tiere bei Feuerwerk?,"[""Sie erschrecken"", ""Sie tanzen"", ""Sie singen"", ""Sie schlafen besser""]","Viele Hunde, Katzen und Wildtiere haben Angst vor dem lauten Knallen. Darum soll man auf Tiere Rücksicht nehmen.",Viele Tiere haben Angst vor Feuerwerk.,Feuerwerk,,ok
g_mittelalter,1,Welche Zahlzeichen benutzen wir heute beim Rechnen?,"[""Arabische Ziffern"", ""Römische Ziffern"", ""Griechische Buchstaben"", ""Chinesische Zeichen""]","Die Ziffern 0, 1, 2, 3 bis 9 heissen arabische Ziffern. Wir benutzen sie jeden Tag.",Wir rechnen mit arabischen Ziffern.,Arabische Ziffern,,ok
g_mittelalter,1,In welchem Land wurden unsere Ziffern zuerst erfunden?,"[""In Indien"", ""In England"", ""In Frankreich"", ""In Russland""]",Die Ziffern wurden in Indien erfunden. Von dort verbreiteten sie sich in viele Länder.,Unsere Ziffern stammen ursprünglich aus Indien.,Arabische Ziffern,,ok
g_mittelalter,1,Warum heissen unsere Ziffern «arabisch»?,"[""Araber brachten sie nach Europa"", ""Sie wurden in Rom erfunden"", ""Sie sehen aus wie Kamele"", ""Sie sind nur für Geld""]",Die Europäer lernten die Ziffern von arabischen Gelehrten kennen. Darum nennt man sie arabische Ziffern.,Die Ziffern kamen über die Araber nach Europa.,Arabische Ziffern,,ok
g_mittelalter,1,Wie viele verschiedene Ziffern gibt es?,"[""Zehn"", ""Fünf"", ""Zwölf"", ""Zwanzig""]","Es gibt die Ziffern 0, 1, 2, 3, 4, 5, 6, 7, 8 und 9. Das sind zehn Ziffern.",Es gibt zehn Ziffern von 0 bis 9.,Arabische Ziffern,,ok
g_mittelalter,1,Welche Ziffer fehlte bei den Römern?,"[""Die Null"", ""Die Eins"", ""Die Fünf"", ""Die Zehn""]",Die Römer hatten kein Zeichen für die Null. Erst mit den neuen Ziffern kam die Null nach Europa.,Die Römer kannten keine Null.,Arabische Ziffern,,ok
g_mittelalter,1,Welche Zahlen wurden durch die arabischen Ziffern in Europa ersetzt?,"[""Die römischen Zahlen"", ""Die Würfelzahlen"", ""Die Hausnummern"", ""Die Telefonnummern""]",Früher schrieb man in Europa mit römischen Zahlen wie X oder V. Mit arabischen Ziffern rechnet man viel einfacher.,Arabische Ziffern ersetzten die römischen Zahlen.,Arabische Ziffern,,ok
g_mittelalter,1,Wie schreibt man die Zahl zehn mit arabischen Ziffern?,"[""10"", ""X"", ""100"", ""01""]","Zehn schreibt man mit den Ziffern 1 und 0, also 10. Das X ist eine römische Zahl.",Zehn schreibt man mit arabischen Ziffern als 10.,Arabische Ziffern,,ok
g_mittelalter,1,Welcher Italiener machte die arabischen Ziffern in Europa bekannt?,"[""Fibonacci"", ""Leonardo da Vinci"", ""Michelangelo"", ""Galileo Galilei""]",Fibonacci lernte die Ziffern auf Reisen in Nordafrika kennen. 1202 schrieb er ein Rechenbuch mit diesen Ziffern.,Fibonacci machte die Ziffern in Europa bekannt.,Arabische Ziffern,,ok
g_mittelalter,1,In welcher Stadt stand das Haus der Weisheit?,"[""Bagdad"", ""Rom"", ""Peking"", ""Granada""]",Das Haus der Weisheit stand in Bagdad. Bagdad liegt im heutigen Irak.,Das Haus der Weisheit stand in Bagdad.,Haus der Weisheit,,ok
g_mittelalter,1,Was war das Haus der Weisheit?,"[""Eine grosse Bibliothek"", ""Ein Gefängnis"", ""Ein Marktplatz"", ""Ein Pferdestall""]","Im Haus der Weisheit gab es sehr viele Bücher. Gelehrte kamen dorthin, um zu lesen, zu forschen und zu lernen.",Das Haus der Weisheit war eine grosse Bibliothek.,Haus der Weisheit,,ok
g_mittelalter,1,Was taten viele Gelehrte im Haus der Weisheit?,"[""Bücher übersetzen"", ""Brot backen"", ""Schwerter schmieden"", ""Kleider nähen""]",Die Gelehrten übersetzten Bücher aus anderen Sprachen ins Arabische. So blieb viel altes Wissen erhalten.,Im Haus der Weisheit wurden Bücher übersetzt.,Haus der Weisheit,,ok
g_mittelalter,1,Aus welcher Sprache wurden viele alte Bücher ins Arabische übersetzt?,"[""Aus dem Griechischen"", ""Aus dem Englischen"", ""Aus dem Deutschen"", ""Aus dem Spanischen""]",Viele Werke der alten Griechen wurden ins Arabische übersetzt. Später kam dieses Wissen auch nach Europa.,Griechisches Wissen wurde in Bagdad bewahrt.,Haus der Weisheit,,ok
g_mittelalter,1,An welchem Fluss liegt Bagdad?,"[""Am Tigris"", ""Am Nil"", ""Am Rhein"", ""Am Amazonas""]",Bagdad liegt am Fluss Tigris. Der Tigris fliesst durch den Irak.,Bagdad liegt am Tigris.,Haus der Weisheit,,ok
g_mittelalter,1,Welches Fach wurde im Haus der Weisheit besonders erforscht?,"[""Mathematik"", ""Skifahren"", ""Fussball"", ""Kochen""]",Im Haus der Weisheit arbeiteten berühmte Rechenkünstler. Von dort stammt zum Beispiel das Wort «Algebra».,Im Haus der Weisheit wurde Mathematik erforscht.,Haus der Weisheit,,ok
g_mittelalter,1,Wer zerstörte Bagdad im Jahr 1258?,"[""Die Mongolen"", ""Die Wikinger"", ""Die Römer"", ""Die Samurai""]",Die Mongolen eroberten Bagdad 1258. Dabei wurden auch viele Bücher und Bibliotheken zerstört.,Die Mongolen zerstörten Bagdad im Jahr 1258.,Haus der Weisheit,,ok
g_mittelalter,1,Wer förderte das Haus der Weisheit?,"[""Die Kalifen"", ""Die Pharaonen"", ""Die Shogune"", ""Die Zaren""]",Die Kalifen waren die Herrscher in Bagdad. Sie bezahlten Gelehrte und sammelten Bücher.,Die Kalifen förderten das Haus der Weisheit.,Haus der Weisheit,,ok
g_mittelalter,1,In welcher Stadt steht die Alhambra?,"[""Granada"", ""Madrid"", ""Lissabon"", ""Kairo""]",Die Alhambra steht in Granada im Süden von Spanien. Sie liegt auf einem Hügel über der Stadt.,Die Alhambra steht in Granada.,Alhambra,,ok
g_mittelalter,1,In welchem Land liegt die Alhambra?,"[""Spanien"", ""Italien"", ""Marokko"", ""Griechenland""]",Granada liegt in Andalusien im Süden Spaniens. Dort steht die Alhambra.,Die Alhambra liegt in Spanien.,Alhambra,,ok
g_mittelalter,1,Was bedeutet der Name Alhambra?,"[""Die Rote"", ""Die Weisse"", ""Die Grosse"", ""Die Alte""]",Alhambra kommt aus dem Arabischen und bedeutet «die Rote». Die Mauern schimmern rötlich.,Alhambra bedeutet «die Rote».,Alhambra,,ok
g_mittelalter,1,Wer baute die Alhambra?,"[""Muslimische Herrscher"", ""Römische Kaiser"", ""Chinesische Kaiser"", ""Wikinger""]","Die Alhambra wurde von muslimischen Herrschern gebaut, die damals im Süden Spaniens regierten.",Muslimische Herrscher bauten die Alhambra.,Alhambra,,ok
g_mittelalter,1,Welche Tiere aus Stein tragen den berühmten Brunnen der Alhambra?,"[""Löwen"", ""Elefanten"", ""Pferde"", ""Adler""]","Im Löwenhof steht ein Brunnen, den zwölf Löwen aus Stein tragen. Aus ihren Mäulern fliesst Wasser.",Zwölf Steinlöwen tragen den Brunnen der Alhambra.,Alhambra,,ok
g_mittelalter,1,Was findet man in der Alhambra überall?,"[""Brunnen und Wasserbecken"", ""Kanonen und Türme aus Eisen"", ""Spielplätze"", ""Schienen für Züge""]","Wasser war den Erbauern sehr wichtig. Es gibt viele Brunnen, Kanäle und Becken.",In der Alhambra gibt es viel Wasser.,Alhambra,,ok
g_mittelalter,1,Was schmückt die Wände der Alhambra?,"[""Feine Muster"", ""Grosse Fotos"", ""Bunte Plakate"", ""Leuchtreklamen""]",Die Wände sind mit feinen Mustern und Schriftzeichen verziert. Viele davon sind in Stuck geschnitzt.,Feine Muster schmücken die Wände der Alhambra.,Alhambra,,ok
g_mittelalter,1,Was gehört zur Alhambra dazu?,"[""Schöne Gärten"", ""Ein Hafen"", ""Eine Skipiste"", ""Ein Bergwerk""]","Zur Alhambra gehören prächtige Gärten mit Blumen und Wasserläufen, zum Beispiel der Generalife.",Die Alhambra hat prächtige Gärten.,Alhambra,,ok
g_mittelalter,1,In welchem Land steht Angkor Wat?,"[""Kambodscha"", ""Japan"", ""Indien"", ""Ägypten""]",Angkor Wat steht in Kambodscha in Südostasien. Es liegt nahe der Stadt Siem Reap.,Angkor Wat steht in Kambodscha.,Angkor Wat,,ok
g_mittelalter,1,Was ist Angkor Wat?,"[""Ein Tempel"", ""Ein Fussballstadion"", ""Ein Bahnhof"", ""Eine Brücke""]",Angkor Wat ist eine riesige Tempelanlage. Sie ist das grösste religiöse Bauwerk der Welt.,Angkor Wat ist ein riesiger Tempel.,Angkor Wat,,ok
g_mittelalter,1,Auf welcher Flagge ist Angkor Wat abgebildet?,"[""Auf der Flagge Kambodschas"", ""Auf der Flagge Japans"", ""Auf der Flagge der Schweiz"", ""Auf der Flagge Chinas""]",Die Flagge von Kambodscha zeigt Angkor Wat in der Mitte. So wichtig ist der Tempel für das Land.,Angkor Wat ist auf der Flagge Kambodschas.,Angkor Wat,,ok
g_mittelalter,1,Was umgibt Angkor Wat?,"[""Ein breiter Wassergraben"", ""Eine Wüste"", ""Ein Gletscher"", ""Eine Autobahn""]",Um die Tempelanlage zieht sich ein breiter Graben voller Wasser.,Ein Wassergraben umgibt Angkor Wat.,Angkor Wat,,ok
g_mittelalter,1,Wie viele Türme stehen in der Mitte von Angkor Wat?,"[""Fünf"", ""Zwei"", ""Zehn"", ""Hundert""]",In der Mitte stehen fünf Türme. Sie sehen aus wie Lotusknospen.,Angkor Wat hat fünf Türme in der Mitte.,Angkor Wat,,ok
g_mittelalter,1,Welches Volk baute Angkor Wat?,"[""Die Khmer"", ""Die Mongolen"", ""Die Azteken"", ""Die Wikinger""]",Die Khmer hatten ein grosses Reich in Südostasien. Sie bauten Angkor Wat vor etwa 900 Jahren.,Die Khmer bauten Angkor Wat.,Angkor Wat,,ok
g_mittelalter,1,Was wächst rund um die Tempel von Angkor?,"[""Dschungel"", ""Tannenwald"", ""Kakteen"", ""Gletschereis""]",Rund um Angkor wächst tropischer Wald. Bei manchen Tempeln wachsen Bäume sogar auf den Mauern.,Rund um Angkor wächst Dschungel.,Angkor Wat,,ok
g_mittelalter,1,Aus welchem Land kam Ibn Battuta?,"[""Marokko"", ""China"", ""Italien"", ""Japan""]",Ibn Battuta wurde 1304 in Tanger in Marokko geboren. Marokko liegt im Norden Afrikas.,Ibn Battuta kam aus Marokko.,Ibn Battuta,,ok
g_mittelalter,1,Wofür ist Ibn Battuta berühmt?,"[""Für seine weiten Reisen"", ""Für seine Bilder"", ""Für seine Lieder"", ""Für seine Erfindungen""]","Ibn Battuta reiste durch Nordafrika, Arabien, Asien und Teile Europas. Er war einer der grössten Reisenden des Mittelalters.",Ibn Battuta war ein grosser Reisender.,Ibn Battuta,,ok
g_mittelalter,1,Wohin wollte Ibn Battuta zu Beginn seiner Reise?,"[""Nach Mekka"", ""Nach Rom"", ""Nach Paris"", ""Nach Peking""]",Ibn Battuta war Muslim. Er wollte zuerst die Pilgerreise nach Mekka machen.,Ibn Battuta reiste zuerst nach Mekka.,Ibn Battuta,,ok
g_mittelalter,1,Wie lange war Ibn Battuta ungefähr unterwegs?,"[""Fast 30 Jahre"", ""Ein halbes Jahr"", ""Zwei Wochen"", ""Drei Jahre""]",Ibn Battuta brach 1325 auf und kam erst nach fast 30 Jahren endgültig nach Hause.,Ibn Battuta reiste fast 30 Jahre lang.,Ibn Battuta,,ok
g_mittelalter,1,"Was ist ein Reisebericht, wie ihn Ibn Battuta hinterliess?","[""Ein Buch über eine Reise"", ""Eine Fahrkarte"", ""Ein Koffer"", ""Ein Wanderschuh""]","Nach seiner Rückkehr erzählte Ibn Battuta alles, und ein Schreiber hielt es fest. So entstand sein Reisebericht.",Ibn Battuta hinterliess einen Reisebericht.,Ibn Battuta,,ok
g_mittelalter,1,Welches ferne Land besuchte Ibn Battuta auch?,"[""Indien"", ""Amerika"", ""Australien"", ""Island""]",Ibn Battuta lebte einige Jahre in Indien. Er reiste auch weiter bis nach China.,Ibn Battuta reiste bis nach Indien und China.,Ibn Battuta,,ok
g_mittelalter,1,Welche berühmte Wüstenstadt in Westafrika besuchte Ibn Battuta?,"[""Timbuktu"", ""Venedig"", ""Kyoto"", ""Bern""]",Auf seiner letzten Reise durchquerte er die Sahara. Er kam ins Reich Mali und nach Timbuktu.,Ibn Battuta reiste bis nach Timbuktu.,Ibn Battuta,,ok
g_mittelalter,1,Was war Zheng He?,"[""Ein Seefahrer"", ""Ein Koch"", ""Ein Maler"", ""Ein Bauer""]",Zheng He war ein Admiral aus China. Er führte grosse Flotten über das Meer.,Zheng He war ein chinesischer Seefahrer.,Zheng He,,ok
g_mittelalter,1,Aus welchem Land kam Zheng He?,"[""China"", ""Spanien"", ""Portugal"", ""Japan""]",Zheng He diente dem Kaiser von China. Er lebte vor rund 600 Jahren.,Zheng He kam aus China.,Zheng He,,ok
g_mittelalter,1,Wie nannte man die grossen Schiffe von Zheng He?,"[""Schatzschiffe"", ""Piratenschiffe"", ""Ruderboote"", ""Dampfschiffe""]",Die Schiffe hiessen Schatzschiffe. Sie brachten kostbare Geschenke wie Seide und Porzellan in fremde Länder.,Zheng He segelte mit Schatzschiffen.,Zheng He,,ok
g_mittelalter,1,Wie gross waren Zheng Hes Schiffe im Vergleich zu denen von Kolumbus?,"[""Viel grösser"", ""Viel kleiner"", ""Genau gleich gross"", ""Nur halb so gross""]","Nach alten Berichten waren die Schatzschiffe von Zheng He viel grösser als die Schiffe, mit denen Kolumbus später nach Amerika fuhr.",Zheng Hes Schiffe waren riesig.,Zheng He,,ok
g_mittelalter,1,Wie viele grosse Reisen machte Zheng He?,"[""Sieben"", ""Eine"", ""Zwei"", ""Zwanzig""]",Zheng He leitete zwischen 1405 und 1433 sieben grosse Reisen. Sie führten über den Indischen Ozean.,Zheng He machte sieben grosse Seereisen.,Zheng He,,ok
g_mittelalter,1,Bis zu welchem Erdteil segelte Zheng He?,"[""Afrika"", ""Amerika"", ""Australien"", ""Antarktis""]",Zheng He kam bis an die Ostküste von Afrika. Das war damals sehr weit weg von China.,Zheng He segelte bis nach Afrika.,Zheng He,,ok
g_mittelalter,1,Welches Tier brachte Zheng Hes Flotte nach China?,"[""Eine Giraffe"", ""Einen Eisbären"", ""Einen Pinguin"", ""Ein Känguru""]",Eine Giraffe aus Afrika kam auf einem Schiff nach China. Die Menschen am Kaiserhof staunten sehr über das Tier.,Zheng Hes Flotte brachte eine Giraffe nach China.,Zheng He,,ok
g_mittelalter,1,Welches Reich regierte Mansa Musa?,"[""Das Reich Mali"", ""Das Reich der Inka"", ""Das Reich der Azteken"", ""Das Römische Reich""]",Mansa Musa war ein König in Westafrika. Er herrschte vor rund 700 Jahren über das Reich Mali.,Mansa Musa war König von Mali.,Mansa Musa,,ok
g_mittelalter,1,Was bedeutet das Wort «Mansa» im Namen Mansa Musa?,"[""König"", ""Bauer"", ""Händler"", ""Kind""]",«Mansa» war der Titel der Herrscher von Mali. Das Wort bedeutet so viel wie König oder Kaiser.,Mansa heisst König.,Mansa Musa,,ok
g_mittelalter,1,Wohin pilgerte Mansa Musa im Jahr 1324?,"[""Nach Mekka"", ""Nach Rom"", ""Nach Jerusalem"", ""Nach Paris""]",Mansa Musa war Muslim. Darum reiste er auf einer langen Pilgerreise in die heilige Stadt Mekka.,Mansa Musa pilgerte nach Mekka.,Mansa Musa,,ok
g_mittelalter,1,Was nahm Mansa Musa in grossen Mengen auf seine Pilgerreise mit?,"[""Gold"", ""Schokolade"", ""Holz"", ""Eis""]","Mansa Musa nahm sehr viel Gold mit. Er verschenkte so viel davon, dass es in Kairo danach weniger wert war.",Mansa Musa verschenkte auf seiner Reise viel Gold.,Mansa Musa,,ok
g_mittelalter,1,Wofür ist Mansa Musa heute besonders bekannt?,"[""Für seinen riesigen Reichtum"", ""Für seine Seereisen"", ""Für seine Erfindungen"", ""Für seine Kriege gegen Rom""]","Viele Fachleute halten Mansa Musa für einen der reichsten Menschen, die je gelebt haben.",Mansa Musa war unglaublich reich.,Mansa Musa,,ok
g_mittelalter,1,Welche Tiere trugen bei der Reise von Mansa Musa die schweren Lasten durch die Wüste?,"[""Kamele"", ""Elefanten"", ""Pferde"", ""Esel""]",Kamele können lange ohne Wasser auskommen. Darum trugen sie in der Wüste die Waren und das Gold.,Kamele trugen die Lasten durch die Wüste.,Mansa Musa,,ok
g_mittelalter,1,Auf welchem Kontinent lag das Reich Mali?,"[""Afrika"", ""Asien"", ""Europa"", ""Südamerika""]","Das Reich Mali lag im Westen von Afrika. Heute gibt es dort auch einen Staat, der Mali heisst.",Das Reich Mali lag in Westafrika.,Malireich,,ok
g_mittelalter,1,Welcher grosse Fluss floss durch das Reich Mali?,"[""Der Niger"", ""Der Rhein"", ""Der Amazonas"", ""Die Donau""]",Der Niger ist ein langer Fluss in Westafrika. Auf ihm fuhren Boote mit Waren.,Durch das Reich Mali floss der Niger.,Malireich,,ok
g_mittelalter,1,Welche zwei Waren wurden im Reich Mali besonders viel gehandelt?,"[""Gold und Salz"", ""Kaffee und Tee"", ""Reis und Seide"", ""Holz und Eisen""]","Im Süden gab es viel Gold, in der Sahara viel Salz. Händler tauschten diese beiden Waren.",Mali wurde durch Gold und Salz reich.,Malireich,,ok
g_mittelalter,1,"Wie hiessen in Westafrika die Erzähler, welche die Geschichte des Reiches Mali auswendig weitergaben?","[""Griots"", ""Ritter"", ""Mönche"", ""Piraten""]",Griots sind Sänger und Erzähler. Sie gaben Geschichten und Lieder über viele Generationen mündlich weiter.,Griots erzählten die Geschichte von Mali weiter.,Malireich,,ok
g_mittelalter,1,Wer gründete der Erzählung nach das Reich Mali?,"[""Sundiata Keita"", ""Hernán Cortés"", ""Karl der Grosse"", ""Kolumbus""]",Sundiata Keita gilt als Gründer des Reiches Mali. Er lebte vor fast 800 Jahren.,Sundiata Keita gründete das Reich Mali.,Malireich,,ok
g_mittelalter,1,Am Rand welcher Wüste liegt die Stadt Timbuktu?,"[""Sahara"", ""Gobi"", ""Atacama"", ""Kalahari""]","Timbuktu liegt im Land Mali, dort wo die Wüste Sahara beginnt.",Timbuktu liegt am Rand der Sahara.,Timbuktu,,ok
g_mittelalter,1,Wofür war Timbuktu im Mittelalter berühmt?,"[""Für Gelehrte und Bücher"", ""Für Schiffe und Häfen"", ""Für Schnee und Eis"", ""Für Burgen und Ritter""]","In Timbuktu lebten viele Gelehrte. Dort wurden viele Bücher von Hand geschrieben, die man heute noch aufbewahrt.",Timbuktu war eine Stadt des Wissens.,Timbuktu,,ok
g_mittelalter,1,Wie kamen Händler früher durch die Wüste nach Timbuktu?,"[""Mit Kamelkarawanen"", ""Mit dem Zug"", ""Mit dem Velo"", ""Mit dem Flugzeug""]",Eine Karawane ist eine lange Reihe von Kamelen und Händlern. So wurden Salz und andere Waren transportiert.,Karawanen brachten Waren nach Timbuktu.,Timbuktu,,ok
g_mittelalter,1,Welche Moschee in Timbuktu liess Mansa Musa bauen?,"[""Die Djinguereber-Moschee"", ""Die Blaue Moschee"", ""Die Hagia Sophia"", ""Die Moschee von Córdoba""]",Nach seiner Pilgerreise liess Mansa Musa in Timbuktu die Djinguereber-Moschee errichten. Sie steht noch heute.,Mansa Musa liess in Timbuktu eine grosse Moschee bauen.,Timbuktu,,ok
g_mittelalter,1,Wofür ist die Grosse Moschee von Djenné weltberühmt?,"[""Sie ist das grösste Lehmgebäude der Welt"", ""Sie ist das höchste Gebäude der Welt"", ""Sie ist ganz aus Gold"", ""Sie schwimmt auf einem See""]",Kein anderes Gebäude aus Lehm ist so gross wie diese Moschee.,Die Moschee von Djenné ist das grösste Lehmgebäude der Welt.,Grosse Moschee von Djenné,,ok
g_mittelalter,1,Was machen die Menschen in Djenné einmal im Jahr gemeinsam an der Moschee?,"[""Sie streichen neuen Lehm auf die Wände"", ""Sie malen sie blau an"", ""Sie bauen sie ganz ab"", ""Sie bedecken sie mit Schnee""]",Regen wäscht jedes Jahr etwas Lehm ab. Darum bessern viele Menschen bei einem Fest die Wände mit frischem Lehm aus.,In Djenné wird die Moschee jedes Jahr mit Lehm ausgebessert.,Grosse Moschee von Djenné,,ok
g_mittelalter,1,"Wozu dienen die vielen Holzbalken, die aus den Wänden der Moschee von Djenné ragen?","[""Als Gerüst zum Ausbessern"", ""Als Sitzbänke"", ""Als Vogelhäuser"", ""Als Fahnenstangen""]","Auf den Holzbalken können die Arbeiter stehen und klettern, wenn sie die Wände mit Lehm ausbessern.",Die Holzbalken an der Moschee dienen als festes Gerüst.,Grosse Moschee von Djenné,,ok
g_mittelalter,1,Wann wurde die heutige Grosse Moschee von Djenné gebaut?,"[""Um 1907"", ""Um 1307"", ""Um 1707"", ""Um 2007""]",An ihrem Platz stand schon im Mittelalter eine Moschee. Das heutige Gebäude wurde um das Jahr 1907 neu errichtet.,Die heutige Moschee von Djenné ist rund hundert Jahre alt.,Grosse Moschee von Djenné,,ok
g_mittelalter,1,Was ist Great Zimbabwe?,"[""Eine alte Stadt aus Steinmauern"", ""Ein grosser Wasserfall"", ""Ein hoher Berg"", ""Ein grosser See""]",Great Zimbabwe ist eine Ruinenstadt im Süden von Afrika. Dort stehen noch heute mächtige Steinmauern.,Great Zimbabwe ist eine alte Stadt aus Stein.,Great Zimbabwe,,ok
g_mittelalter,1,Welches heutige Land ist nach Great Zimbabwe benannt?,"[""Simbabwe"", ""Kenia"", ""Südafrika"", ""Nigeria""]","Das Land Simbabwe, auf Englisch Zimbabwe, hat seinen Namen von dieser alten Steinstadt.",Simbabwe ist nach Great Zimbabwe benannt.,Great Zimbabwe,,ok
g_mittelalter,1,Was bedeutet das Wort «Zimbabwe» ungefähr?,"[""Häuser aus Stein"", ""Land der Löwen"", ""Grosser Fluss"", ""Goldener Berg""]",Das Wort stammt aus der Sprache Shona und bedeutet ungefähr «Häuser aus Stein».,Zimbabwe heisst Häuser aus Stein.,Great Zimbabwe,,ok
g_mittelalter,1,Was ist besonders an den Mauern von Great Zimbabwe?,"[""Sie halten ohne Mörtel"", ""Sie sind aus Glas"", ""Sie sind aus Holz"", ""Sie sind mit Gold bemalt""]","Die Steine wurden so genau aufeinandergeschichtet, dass sie ohne Mörtel als Kleber halten.",Die Mauern von Great Zimbabwe halten ohne Mörtel.,Great Zimbabwe,,ok
g_mittelalter,1,Welches Tier aus Stein ist ein Zeichen von Great Zimbabwe und auf der Flagge von Simbabwe?,"[""Ein Vogel"", ""Ein Löwe"", ""Ein Elefant"", ""Ein Krokodil""]",In Great Zimbabwe fand man Vögel aus Speckstein. Ein solcher Vogel ist heute auf der Flagge von Simbabwe.,Der Simbabwe-Vogel stammt aus Great Zimbabwe.,Great Zimbabwe,,ok
g_mittelalter,1,Womit handelten die Bewohner von Great Zimbabwe mit Händlern an der Küste?,"[""Mit Gold"", ""Mit Kakao"", ""Mit Kartoffeln"", ""Mit Käse""]",Die Herrscher von Great Zimbabwe wurden durch Gold reich. Es wurde an der Küste gegen Stoffe und Perlen getauscht.,Great Zimbabwe wurde durch den Goldhandel reich.,Great Zimbabwe,,ok
g_mittelalter,1,In welchem Land liegen die Felsenkirchen von Lalibela?,"[""Äthiopien"", ""Marokko"", ""Ägypten"", ""Kenia""]",Lalibela ist eine Stadt im Hochland von Äthiopien in Ostafrika.,Die Felsenkirchen von Lalibela liegen in Äthiopien.,Felsenkirchen von Lalibela,,ok
g_mittelalter,1,Wie wurden die Kirchen von Lalibela gebaut?,"[""Aus dem Felsen herausgehauen"", ""Aus Holz gezimmert"", ""Aus Ziegeln gemauert"", ""Aus Eis geformt""]",Die Arbeiter haben die Kirchen von oben nach unten direkt aus dem Felsen herausgehauen. Manche bestehen aus einem einzigen Felsblock.,Die Kirchen von Lalibela sind aus dem Felsen gehauen.,Felsenkirchen von Lalibela,,ok
g_mittelalter,1,Wie viele Felsenkirchen gibt es in Lalibela?,"[""Elf"", ""Zwei"", ""Hundert"", ""Fünf""]","In Lalibela gibt es elf Kirchen, die aus dem Felsen gehauen wurden.",Lalibela hat elf Felsenkirchen.,Felsenkirchen von Lalibela,,ok
g_mittelalter,1,"Welche Form hat die Kirche des heiligen Georg in Lalibela, wenn man von oben schaut?","[""Die Form eines Kreuzes"", ""Die Form eines Sterns"", ""Die Form eines Kreises"", ""Die Form eines Herzens""]",Die Georgskirche wurde in Kreuzform tief in den Boden gehauen. Von oben sieht man ein grosses Kreuz.,Die Georgskirche in Lalibela hat die Form eines Kreuzes.,Felsenkirchen von Lalibela,,ok
g_mittelalter,1,Werden die Felsenkirchen von Lalibela heute noch benutzt?,"[""Ja, Christen beten dort"", ""Nein, sie sind zugeschüttet"", ""Nein, sie sind ein Hotel"", ""Nein, sie sind unter Wasser""]",Die Kirchen sind bis heute Orte des Gebets. Viele Pilger kommen besonders an Weihnachten dorthin.,In Lalibela wird bis heute gebetet.,Felsenkirchen von Lalibela,,ok
g_mittelalter,1,"Wie wird Lalibela oft genannt, weil es an eine heilige Stadt erinnern sollte?","[""Neues Jerusalem"", ""Neues Rom"", ""Neues Athen"", ""Neues Kairo""]",König Lalibela wollte eine heilige Stadt für Christen in Äthiopien bauen. Darum heisst Lalibela oft «Neues Jerusalem».,Lalibela gilt als Neues Jerusalem.,Felsenkirchen von Lalibela,,ok
g_mittelalter,1,In welchem heutigen Land lebten die Azteken?,"[""Mexiko"", ""Peru"", ""Brasilien"", ""Kanada""]","Das Reich der Azteken lag in Mittelamerika, im Gebiet des heutigen Mexiko.",Die Azteken lebten in Mexiko.,Azteken,,ok
g_mittelalter,1,Woraus war der Ball beim Ballspiel der Azteken?,"[""Aus Kautschuk"", ""Aus Leder"", ""Aus Holz"", ""Aus Stein""]","Die Azteken spielten mit einem schweren Ball aus Kautschuk. Kautschuk ist der Saft eines Baumes, der fest und elastisch wird.",Der Ball der Azteken war aus Kautschuk.,Azteken,,ok
g_mittelalter,1,Als welche Tiere verkleideten sich die besten Krieger der Azteken?,"[""Als Adler und Jaguare"", ""Als Bären und Wölfe"", ""Als Löwen und Tiger"", ""Als Haie und Delfine""]",Die besten Krieger trugen Kostüme von Adlern oder Jaguaren. Man nannte sie Adlerkrieger und Jaguarkrieger.,Die Azteken hatten Adlerkrieger und Jaguarkrieger.,Azteken,,ok
g_mittelalter,1,Welche Tiere hielten die Azteken als Haustiere?,"[""Truthähne und Hunde"", ""Kühe und Schweine"", ""Pferde und Esel"", ""Ziegen und Schafe""]","Die Azteken hielten Truthähne und Hunde. Kühe, Schweine und Pferde kamen erst mit den Europäern nach Amerika.",Die Azteken hielten Truthähne und Hunde.,Azteken,,ok
g_mittelalter,1,Welches Wort kommt aus der Sprache der Azteken?,"[""Tomate"", ""Pizza"", ""Brot"", ""Käse""]",Das Wort Tomate kommt vom aztekischen Wort «tomatl». Auch die Pflanze stammt aus Amerika.,Das Wort Tomate stammt von den Azteken.,Azteken,,ok
g_mittelalter,1,Was zeigt der berühmte runde Sonnenstein der Azteken?,"[""Einen Kalender"", ""Eine Landkarte"", ""Ein Kochrezept"", ""Einen Stadtplan""]",Der riesige runde Stein hat Zeichen für Tage und Zeiten. Man nennt ihn auch Azteken-Kalender.,Der Sonnenstein der Azteken ist ein Kalender.,Azteken,,ok
g_mittelalter,1,Welche Pflanze war das wichtigste Essen der Azteken?,"[""Mais"", ""Kartoffeln"", ""Reis"", ""Rüebli""]","Die Azteken assen vor allem Mais. Daraus machten sie zum Beispiel dünne Fladen, die Tortillas.",Mais war das wichtigste Essen der Azteken.,Azteken,,ok
g_mittelalter,1,Wo lag die Hauptstadt Tenochtitlan?,"[""Auf einer Insel in einem See"", ""Auf einem Berggipfel"", ""Mitten in der Wüste"", ""Direkt am Meer""]",Tenochtitlan wurde auf einer Insel im Texcoco-See gebaut. Die Stadt war von Wasser umgeben.,Tenochtitlan lag auf einer Insel in einem See.,Tenochtitlan,,ok
g_mittelalter,1,Welche Stadt steht heute an der Stelle von Tenochtitlan?,"[""Mexiko-Stadt"", ""Lima"", ""Madrid"", ""New York""]",Die Spanier bauten ihre Stadt auf den Ruinen von Tenochtitlan. Heute ist das Mexiko-Stadt.,Mexiko-Stadt steht an der Stelle von Tenochtitlan.,Tenochtitlan,,ok
g_mittelalter,1,"Wie gross war Tenochtitlan, als die Spanier ankamen?","[""Grösser als fast alle Städte Europas"", ""So klein wie ein Dorf"", ""Nur ein einziges Haus"", ""Kleiner als ein Bauernhof""]","In Tenochtitlan lebten wohl rund 200 000 Menschen. Die Spanier staunten, denn so grosse Städte gab es in Europa kaum.",Tenochtitlan war eine riesige Stadt.,Tenochtitlan,,ok
g_mittelalter,1,Wie war Tenochtitlan mit dem Festland verbunden?,"[""Über breite Dämme"", ""Über eine Seilbahn"", ""Über einen Tunnel"", ""Gar nicht""]",Lange Dämme führten über den See zum Ufer. Darauf konnten die Menschen zu Fuss in die Stadt gehen.,Dämme verbanden Tenochtitlan mit dem Land.,Tenochtitlan,,ok
g_mittelalter,1,Womit fuhren viele Menschen in Tenochtitlan durch die Stadt?,"[""Mit Kanus auf Kanälen"", ""Mit Pferdekutschen"", ""Mit dem Tram"", ""Mit dem Velo""]","Tenochtitlan hatte viele Kanäle. Die Menschen transportierten Waren mit Kanus, weil die Azteken keine Pferde und keine Wagen hatten.",In Tenochtitlan fuhr man mit Kanus über Kanäle.,Tenochtitlan,,ok
g_mittelalter,1,Wie hiess der grosse Tempel in der Mitte von Tenochtitlan?,"[""Templo Mayor"", ""Kolosseum"", ""Parthenon"", ""Pyramide von Gizeh""]",Der Templo Mayor war eine grosse Pyramide mit zwei Tempeln oben. Seine Reste kann man heute noch besichtigen.,Der Templo Mayor war der Haupttempel von Tenochtitlan.,Tenochtitlan,,ok
g_mittelalter,1,In welchem Jahr wurde Tenochtitlan der Überlieferung nach gegründet?,"[""1325"", ""1925"", ""525"", ""1725""]",Nach der Überlieferung gründeten die Azteken ihre Hauptstadt im Jahr 1325.,Tenochtitlan wurde 1325 gegründet.,Tenochtitlan,,ok
g_mittelalter,1,Was ist eine Chinampa?,"[""Ein künstlicher Garten im See"", ""Ein aztekisches Boot"", ""Ein Tempel aus Stein"", ""Ein Musikinstrument""]","Chinampas sind kleine Felder, die die Azteken im flachen Wasser eines Sees angelegt haben.",Eine Chinampa ist ein Garten im Wasser.,Chinampa,,ok
g_mittelalter,1,Woraus bauten die Azteken ihre Chinampas?,"[""Aus Schlamm und Pflanzen"", ""Aus Beton und Stahl"", ""Aus Sand und Glas"", ""Aus Gold und Silber""]",Sie steckten Zäune aus Ästen ins Wasser und füllten sie mit fruchtbarem Schlamm vom Seegrund und Pflanzenresten.,Chinampas entstanden aus Schlamm und Pflanzen.,Chinampa,,ok
g_mittelalter,1,Welche Pflanzen pflanzten die Azteken auf den Chinampas?,"[""Mais, Bohnen und Kürbis"", ""Weizen, Hafer und Roggen"", ""Reis, Tee und Zucker"", ""Äpfel, Birnen und Kirschen""]","Auf den Chinampas wuchsen vor allem Mais, Bohnen und Kürbisse. Dazu kamen Blumen und Gemüse.","Auf den Chinampas wuchsen Mais, Bohnen und Kürbis.",Chinampa,,ok
g_mittelalter,1,Warum wurden die Pflanzen auf den Chinampas so gut?,"[""Sie hatten immer genug Wasser"", ""Es schneite oft"", ""Es gab nie Sonne"", ""Sie standen in Sand""]",Die Felder lagen direkt im Wasser. So hatten die Pflanzen immer genug zu trinken und der Schlamm war sehr fruchtbar.,Die Chinampas hatten immer genug Wasser.,Chinampa,,ok
g_mittelalter,1,"Welche Bäume pflanzten die Azteken am Rand der Chinampas, damit sie fest blieben?","[""Weiden"", ""Palmen"", ""Tannen"", ""Eichen""]",Die Wurzeln der Weiden halten den Boden der Chinampas zusammen und verankern sie im Seegrund.,Weidenbäume halten die Chinampas fest.,Chinampa,,ok
g_mittelalter,1,Wo kann man heute noch Chinampas sehen?,"[""In Xochimilco bei Mexiko-Stadt"", ""In Luzern"", ""In Paris"", ""In Kairo""]",In Xochimilco am Rand von Mexiko-Stadt gibt es noch heute Chinampas und Kanäle. Man kann dort mit bunten Booten fahren.,In Xochimilco gibt es noch heute Chinampas.,Chinampa,,ok
g_mittelalter,1,Was machten die Azteken aus Kakaobohnen?,"[""Ein Getränk"", ""Brot"", ""Kleider"", ""Papier""]",Die Azteken mahlten die Kakaobohnen und mischten sie mit Wasser. So entstand ein Getränk.,Die Azteken tranken Kakao.,Kakao,,ok
g_mittelalter,1,Wie schmeckte der Kakao-Trank der Azteken?,"[""Bitter und scharf"", ""Süss wie Milchschokolade"", ""Salzig wie Meerwasser"", ""Sauer wie Zitrone""]","Die Azteken hatten keinen Zucker. Sie würzten den Trank oft mit Chili, darum war er bitter und scharf.",Der Kakao der Azteken war bitter.,Kakao,,ok
g_mittelalter,1,Wofür verwendeten die Azteken Kakaobohnen ausser zum Trinken?,"[""Als Geld"", ""Als Spielsteine"", ""Als Schmuck für Hunde"", ""Als Baumaterial""]","Kakaobohnen waren sehr wertvoll. Man konnte damit auf dem Markt bezahlen, zum Beispiel für Früchte oder Tiere.",Kakaobohnen waren bei den Azteken Geld.,Kakao,,ok
g_mittelalter,1,Wer durfte bei den Azteken vor allem Kakao trinken?,"[""Herrscher und Krieger"", ""Nur kleine Kinder"", ""Alle Tiere"", ""Niemand""]","Kakao war teuer. Darum tranken ihn vor allem der Herrscher, Adlige und Krieger.",Kakao war ein Getränk für Vornehme.,Kakao,,ok
g_mittelalter,1,Wer brachte den Kakao von Amerika nach Europa?,"[""Die Spanier"", ""Die Wikinger"", ""Die Römer"", ""Die Chinesen""]",Nach der Eroberung Mexikos brachten die Spanier Kakao nach Spanien. Von dort verbreitete er sich in Europa.,Die Spanier brachten Kakao nach Europa.,Kakao,,ok
g_mittelalter,1,Welcher Schweizer erfand 1875 in Vevey die Milchschokolade?,"[""Daniel Peter"", ""Henri Dunant"", ""Wilhelm Tell"", ""Albert Einstein""]","Daniel Peter mischte als Erster Kakao mit Kondensmilch. So entstand die Milchschokolade, für die die Schweiz berühmt ist.",Daniel Peter erfand in der Schweiz die Milchschokolade.,Kakao,,ok
g_mittelalter,1,Welches Volk baute Machu Picchu?,"[""Die Inka"", ""Die Azteken"", ""Die Römer"", ""Die Wikinger""]",Machu Picchu wurde um 1450 von den Inka gebaut. Sie hatten ein grosses Reich in Südamerika.,Die Inka bauten Machu Picchu.,Machu Picchu,,ok
g_mittelalter,1,Was bedeutet der Name Machu Picchu?,"[""Alter Berg"", ""Goldene Stadt"", ""Grosser Fluss"", ""Heiliges Tal""]",Der Name kommt aus der Sprache Quechua. «Machu» heisst alt und «Picchu» heisst Berg oder Gipfel.,Machu Picchu heisst alter Berg.,Machu Picchu,,ok
g_mittelalter,1,"Wie heisst der steile Berg, der auf vielen Fotos hinter Machu Picchu aufragt?","[""Huayna Picchu"", ""Matterhorn"", ""Kilimandscharo"", ""Mount Everest""]",Der Huayna Picchu ist ein spitzer Berg direkt neben Machu Picchu. Auch auf seinem Gipfel bauten die Inka Terrassen.,Hinter Machu Picchu ragt der Huayna Picchu auf.,Machu Picchu,,ok
g_mittelalter,1,Wozu dienten die vielen Stufen an den Hängen von Machu Picchu?,"[""Als Felder zum Anbauen"", ""Als Rutschbahnen"", ""Als Sitzplätze für Spiele"", ""Als Gräber""]",Die Stufen heissen Terrassen. Auf ihnen konnten die Inka trotz steiler Hänge Pflanzen anbauen.,Die Terrassen von Machu Picchu waren Felder.,Machu Picchu,,ok
g_mittelalter,1,Wer machte Machu Picchu im Jahr 1911 weltbekannt?,"[""Hiram Bingham"", ""Hernán Cortés"", ""Christoph Kolumbus"", ""James Cook""]",Der Amerikaner Hiram Bingham besuchte Machu Picchu 1911 und berichtete darüber. Einheimische kannten den Ort schon vorher.,Hiram Bingham machte Machu Picchu weltbekannt.,Machu Picchu,,ok
g_mittelalter,1,Was ist besonders an den Steinmauern von Machu Picchu?,"[""Die Steine passen ohne Mörtel genau zusammen"", ""Sie sind innen hohl"", ""Sie sind mit Gold überzogen"", ""Sie sind aus Holz bemalt""]","Die Inka schliffen die Steine so genau zu, dass oft nicht einmal ein Messer in die Fugen passt.",Die Steine in Machu Picchu passen ganz genau zusammen.,Machu Picchu,,ok
g_mittelalter,1,Wie reisten die Menschen auf den Strassen der Inka?,"[""Zu Fuss"", ""Mit Pferdewagen"", ""Mit dem Auto"", ""Mit dem Velo""]",Die Inka kannten keine Pferde und benutzten keine Wagen mit Rädern. Darum gingen sie zu Fuss.,Auf den Inka-Strassen ging man zu Fuss.,Inka-Strassen,,ok
g_mittelalter,1,"Wie hiessen die Läufer, die auf den Inka-Strassen Nachrichten überbrachten?","[""Chasquis"", ""Griots"", ""Ritter"", ""Matrosen""]",Chasquis waren schnelle Läufer. Sie gaben die Nachricht wie in einer Staffel an den nächsten Läufer weiter.,Chasquis trugen Nachrichten über die Inka-Strassen.,Inka-Strassen,,ok
g_mittelalter,1,Woraus waren die Hängebrücken der Inka gemacht?,"[""Aus geflochtenem Gras"", ""Aus Stahlseilen"", ""Aus Beton"", ""Aus Glas""]",Die Inka flochten aus Gras dicke Seile. Daraus bauten sie Hängebrücken über tiefe Schluchten.,Die Inka bauten Brücken aus Gras.,Inka-Strassen,,ok
g_mittelalter,1,Welche Inka-Hängebrücke wird bis heute jedes Jahr neu geflochten?,"[""Q'eswachaka"", ""Golden Gate"", ""Tower Bridge"", ""Kapellbrücke""]","Die Q'eswachaka wird jedes Jahr von den Dorfbewohnern aus Gras neu geflochten, wie zur Zeit der Inka.",Die Q'eswachaka wird jedes Jahr neu geflochten.,Inka-Strassen,,ok
g_mittelalter,1,Wozu dienten die Rasthäuser entlang der Inka-Strassen?,"[""Zum Übernachten und für Vorräte"", ""Zum Tanken"", ""Zum Einkaufen von Spielzeug"", ""Zum Schwimmen""]","Die Rasthäuser hiessen Tambos. Dort konnten Reisende schlafen, und es gab Lager mit Essen und Waren.",An den Inka-Strassen gab es Rasthäuser.,Inka-Strassen,,ok
g_mittelalter,1,Welche Stadt war der Mittelpunkt der Inka-Strassen?,"[""Cusco"", ""Lima"", ""Mexiko-Stadt"", ""Timbuktu""]",Cusco war die Hauptstadt der Inka. Von dort führten die grossen Strassen in alle Teile des Reiches.,Alle Inka-Strassen führten nach Cusco.,Inka-Strassen,,ok
g_mittelalter,1,Wie lang war das Strassennetz der Inka ungefähr?,"[""Viele tausend Kilometer"", ""Etwa 10 Kilometer"", ""Etwa 100 Kilometer"", ""Etwa 1 Kilometer""]","Das Strassennetz der Inka war mehrere zehntausend Kilometer lang. Es führte durch Berge, Wüsten und Wälder.",Die Inka hatten ein riesiges Strassennetz.,Inka-Strassen,,ok
g_mittelalter,1,Mit welchem Zahlensystem zählten die Inka auf den Quipus?,"[""Mit dem Zehnersystem"", ""Mit dem Zwölfersystem"", ""Mit dem Zweiersystem"", ""Mit dem Sechzigersystem""]","Wie wir zählten die Inka mit Einern, Zehnern, Hundertern und so weiter. Jede Stelle hatte ihren Platz auf der Schnur.",Die Inka zählten auf Quipus im Zehnersystem.,Quipu,,ok
g_mittelalter,1,Wozu benutzten die Inka die Quipus vor allem?,"[""Zum Zählen und Merken von Zahlen"", ""Zum Fischen"", ""Zum Spielen"", ""Zum Nähen von Kleidern""]","Mit den Knoten hielten die Inka Zahlen fest, zum Beispiel wie viele Tiere oder Säcke Mais es gab.",Mit Quipus zählten die Inka.,Quipu,,ok
g_mittelalter,1,Welche Schrift benutzten die Inka?,"[""Keine Buchstabenschrift"", ""Lateinische Buchstaben"", ""Chinesische Zeichen"", ""Ägyptische Hieroglyphen""]",Die Inka hatten keine Schrift mit Buchstaben. Wichtiges hielten sie mit Knotenschnüren fest.,Die Inka hatten keine Buchstabenschrift.,Quipu,,ok
g_mittelalter,1,Woraus wurden Quipus gemacht?,"[""Aus Baumwolle oder Tierwolle"", ""Aus Eisen"", ""Aus Papier"", ""Aus Plastik""]",Die Schnüre wurden aus Baumwolle oder aus der Wolle von Lamas und Alpakas gesponnen.,Quipus bestehen aus Wollschnüren.,Quipu,,ok
g_mittelalter,1,Was bedeutet das Wort «Quipu» in der Sprache der Inka?,"[""Knoten"", ""Strasse"", ""Sonne"", ""Berg""]",Das Wort kommt aus der Sprache Quechua und heisst einfach «Knoten».,Quipu heisst Knoten.,Quipu,,ok
g_mittelalter,1,Was konnte man an einem Quipu ausser an den Knoten noch ablesen?,"[""Die Farben der Schnüre"", ""Den Geruch"", ""Die Musik"", ""Das Wetter""]","Die Schnüre hatten verschiedene Farben. Die Farbe zeigte wohl an, worum es ging, zum Beispiel um Mais oder Lamas.",Auch die Farben eines Quipu hatten eine Bedeutung.,Quipu,,ok
g_mittelalter,1,Aus welchem Gebirge stammen Lamas und Alpakas?,"[""Aus den Anden"", ""Aus den Alpen"", ""Aus dem Himalaya"", ""Aus dem Ural""]",Lamas und Alpakas kommen ursprünglich aus den Anden in Südamerika. Die Inka hielten sie als Haustiere.,Lamas und Alpakas stammen aus den Anden.,Lama,,ok
g_mittelalter,1,Wofür brauchten die Inka vor allem die Lamas?,"[""Zum Tragen von Lasten"", ""Zum Reiten in den Krieg"", ""Zum Ziehen von Pflügen"", ""Zum Bewachen von Schafen""]",Lamas sind starke Lasttiere. Sie trugen Waren über die steilen Bergwege der Inka.,Lamas trugen für die Inka Lasten.,Lama,,ok
g_mittelalter,1,Mit welchen Tieren sind Lamas und Alpakas verwandt?,"[""Mit Kamelen"", ""Mit Pferden"", ""Mit Schafen"", ""Mit Hunden""]",Lamas und Alpakas gehören zur Familie der Kamele. Sie haben aber keinen Höcker.,Lamas sind mit Kamelen verwandt.,Lama,,ok
g_mittelalter,1,"Was macht ein Lama, wenn es sich ärgert?","[""Es spuckt"", ""Es bellt"", ""Es legt Eier"", ""Es klettert auf Bäume""]","Wenn Lamas sich ärgern oder streiten, spucken sie. Meist spucken sie aber andere Lamas an.",Ein verärgertes Lama spuckt.,Lama,,ok
g_mittelalter,1,Wo kann man heute in der Schweiz Lamas oft erleben?,"[""Bei Wanderungen mit Lamas"", ""Im Schwimmbad"", ""Im Zirkuszelt auf dem Seil"", ""Im Zug als Kondukteur""]","In der Schweiz gibt es Höfe mit Lamas. Dort kann man mit ihnen wandern, und sie tragen dabei das Gepäck.",Auch in der Schweiz wandert man mit Lamas.,Lama,,ok
g_mittelalter,1,Wie ist ein Alpaka im Vergleich zu einem Lama?,"[""Kleiner"", ""Grösser"", ""Gleich wie ein Pferd"", ""Grösser als ein Kamel""]","Alpakas sind kleiner als Lamas und haben kürzere, gerundete Ohren.",Ein Alpaka ist kleiner als ein Lama.,Alpaka,,ok
g_mittelalter,1,Was machten die Inka mit dem getrockneten Mist von Lamas und Alpakas?,"[""Sie heizten damit"", ""Sie bauten Häuser daraus"", ""Sie assen ihn"", ""Sie bemalten Kleider damit""]",In den hohen Anden gibt es wenig Holz. Darum verbrannten die Menschen getrockneten Tiermist zum Kochen und Heizen.,Getrockneter Mist diente den Inka als Brennstoff.,Alpaka,,ok
g_mittelalter,1,Was sind Moai?,"[""Grosse Steinfiguren"", ""Kleine Holzboote"", ""Bunte Vögel"", ""Alte Lieder""]",Moai sind riesige Figuren aus Stein mit grossen Köpfen. Sie stehen auf der Osterinsel im Pazifik.,Moai sind riesige Steinfiguren.,Moai,,ok
g_mittelalter,1,Woraus wurden die Moai gemacht?,"[""Aus Vulkangestein"", ""Aus Holz"", ""Aus Eis"", ""Aus Gold""]",Die meisten Moai wurden aus weichem Vulkangestein am Krater Rano Raraku herausgehauen.,Die Moai sind aus Vulkangestein.,Moai,,ok
g_mittelalter,1,Wen sollten die Moai darstellen?,"[""Verstorbene Ahnen"", ""Tiere aus dem Meer"", ""Spanische Soldaten"", ""Fussballspieler""]","Die Moai sollten wichtige Vorfahren zeigen. Man glaubte, dass sie das Dorf beschützen.",Die Moai stellen Ahnen dar.,Moai,,ok
g_mittelalter,1,Wohin schauen die meisten Moai?,"[""Ins Landesinnere"", ""Aufs Meer hinaus"", ""In den Himmel"", ""Auf den Boden""]","Die meisten Moai stehen an der Küste, schauen aber zu den Dörfern ins Landesinnere, als würden sie über die Menschen wachen.",Die meisten Moai schauen ins Land.,Moai,,ok
g_mittelalter,1,Wie viele Moai gibt es ungefähr auf der Osterinsel?,"[""Fast 1000"", ""Etwa 10"", ""Etwa 50"", ""Über 100 000""]",Auf der Osterinsel kennt man fast tausend Moai. Viele liegen noch im Steinbruch oder sind umgefallen.,Es gibt fast tausend Moai.,Moai,,ok
g_mittelalter,1,Worauf stehen viele Moai?,"[""Auf Steinplattformen"", ""Auf Holzflössen"", ""Auf Bäumen"", ""Auf Rädern""]",Viele Moai stehen auf grossen Plattformen aus Stein. Diese heissen Ahu.,Die Moai stehen auf Steinplattformen namens Ahu.,Moai,,ok
g_mittelalter,1,Warum heisst die Osterinsel so?,"[""Ein Europäer erreichte sie an Ostern"", ""Dort leben viele Hasen"", ""Sie sieht aus wie ein Ei"", ""Dort wachsen viele Osterglocken""]",Der Holländer Jacob Roggeveen landete am Ostersonntag 1722 auf der Insel. Darum nannte er sie Osterinsel.,Die Osterinsel wurde an Ostern entdeckt.,Osterinsel,,ok
g_mittelalter,1,Wie nennen die Einheimischen die Osterinsel?,"[""Rapa Nui"", ""Aotearoa"", ""Hawaii"", ""Tahiti""]",Die Bewohner nennen ihre Insel Rapa Nui. So heisst auch ihr Volk und ihre Sprache.,Die Osterinsel heisst auf Rapanui Rapa Nui.,Osterinsel,,ok
g_mittelalter,1,Zu welchem Land gehört die Osterinsel heute?,"[""Chile"", ""Neuseeland"", ""Japan"", ""Australien""]","Die Osterinsel gehört seit 1888 zu Chile, obwohl sie sehr weit vom Festland entfernt liegt.",Die Osterinsel gehört zu Chile.,Osterinsel,,ok
g_mittelalter,1,In welchem Land leben die Maori?,"[""In Neuseeland"", ""In Mexiko"", ""In Mali"", ""In Peru""]",Die Maori sind das ursprüngliche Volk von Neuseeland. Sie kamen vor rund 700 bis 800 Jahren auf die Inseln.,Die Maori leben in Neuseeland.,Maori,,ok
g_mittelalter,1,Wie kamen die Vorfahren der Maori nach Neuseeland?,"[""Mit grossen Kanus übers Meer"", ""Zu Fuss über eine Brücke"", ""Mit dem Flugzeug"", ""Auf Elefanten""]",Die Vorfahren der Maori kamen aus Polynesien. Sie segelten mit grossen Kanus über den Pazifik.,Die Maori kamen mit Kanus nach Neuseeland.,Maori,,ok
g_mittelalter,1,Wie heisst Neuseeland in der Sprache der Maori?,"[""Aotearoa"", ""Rapa Nui"", ""Tenochtitlan"", ""Timbuktu""]",Aotearoa bedeutet ungefähr «Land der langen weissen Wolke».,Neuseeland heisst bei den Maori Aotearoa.,Maori,,ok
g_mittelalter,1,Wie heisst der berühmte Tanz der Maori?,"[""Haka"", ""Samba"", ""Walzer"", ""Polka""]","Der Haka ist ein kraftvoller Tanz mit Rufen, Stampfen und Grimassen. Die Rugby-Mannschaft von Neuseeland tanzt ihn vor Spielen.",Der Haka ist ein Tanz der Maori.,Maori,,ok
g_mittelalter,1,Wie begrüssen sich Maori auf traditionelle Weise?,"[""Sie drücken Nase und Stirn aneinander"", ""Sie klatschen dreimal"", ""Sie verbeugen sich tief"", ""Sie winken mit einem Tuch""]",Diese Begrüssung heisst Hongi. Dabei teilt man sinnbildlich den Atem des Lebens.,Maori begrüssen sich mit dem Hongi.,Maori,,ok
g_mittelalter,1,Wie heissen die traditionellen Tätowierungen der Maori?,"[""Tā moko"", ""Haka"", ""Quipu"", ""Moai""]","Tā moko sind kunstvolle Linien und Spiralen, oft im Gesicht. Sie erzählen von der Familie und Herkunft eines Menschen.",Die Tätowierungen der Maori heissen Tā moko.,Maori,,ok
g_mittelalter,1,"Welche riesigen Vögel jagten die frühen Maori, bis sie ausstarben?","[""Moas"", ""Pinguine"", ""Strausse"", ""Adler""]","Moas waren Laufvögel ohne Flügel, manche über drei Meter hoch. Sie starben vor einigen hundert Jahren aus.",Die Maori jagten die riesigen Moas.,Maori,,ok
g_neuzeit,1,Aus welchem Land kam der Seefahrer Vasco da Gama?,"[""Portugal"", ""Spanien"", ""England"", ""Italien""]",Vasco da Gama war ein Seefahrer aus Portugal. Er segelte im Auftrag des portugiesischen Königs.,Vasco da Gama war ein Portugiese.,Vasco da Gama,,ok
g_neuzeit,1,Welches Land erreichte Vasco da Gama im Jahr 1498 auf dem Seeweg?,"[""Indien"", ""China"", ""Japan"", ""Australien""]",Vasco da Gama fand als erster Europäer den Seeweg nach Indien. Er landete 1498 in der Stadt Kalikut.,Vasco da Gama fand den Seeweg nach Indien.,Vasco da Gama,,ok
g_neuzeit,1,Um welchen Kontinent segelte Vasco da Gama auf dem Weg nach Indien herum?,"[""Afrika"", ""Amerika"", ""Australien"", ""Europa""]","Er fuhr von Portugal aus der Küste Afrikas entlang nach Süden, um dessen Südspitze herum und dann nach Osten.",Vasco da Gama umsegelte Afrika.,Vasco da Gama,,ok
g_neuzeit,1,In welcher Stadt startete Vasco da Gama 1497 seine Reise nach Indien?,"[""Lissabon"", ""Madrid"", ""Venedig"", ""London""]","Die Reise begann im Juli 1497 in Lissabon, der Hauptstadt von Portugal.",Vasco da Gama legte in Lissabon ab.,Vasco da Gama,,ok
g_neuzeit,1,Welche wertvolle Ware brachte Vasco da Gama vor allem aus Indien mit?,"[""Gewürze"", ""Gold"", ""Eis"", ""Bananen""]",In Indien kaufte er Gewürze wie Pfeffer. Diese waren in Europa sehr viel wert.,Vasco da Gama brachte kostbare Gewürze nach Portugal.,Vasco da Gama,,ok
g_neuzeit,1,Warum war der Seeweg nach Indien für die Händler so wichtig?,"[""Man brauchte den Landweg nicht mehr"", ""Er war ganz ohne Gefahren"", ""Er dauerte nur einen Tag"", ""Man brauchte keine Schiffe""]",Auf dem langen Landweg verdienten viele Zwischenhändler mit. Mit dem Schiff konnte man die Waren direkt holen.,Auf dem Seeweg konnte man Waren direkt aus Indien holen.,Vasco da Gama,,ok
g_neuzeit,1,Wie reiste Vasco da Gama nach Indien?,"[""Mit Segelschiffen"", ""Mit dem Zug"", ""Zu Fuss"", ""Mit Kamelen""]",Vasco da Gama fuhr mit einer kleinen Flotte von Segelschiffen über das Meer.,Vasco da Gama reiste mit Segelschiffen.,Vasco da Gama,,ok
g_neuzeit,1,Wofür ist die Reise von Ferdinand Magellan berühmt?,"[""Erste Weltumsegelung"", ""Erste Mondlandung"", ""Erste Alpenüberquerung"", ""Erste Fahrt zum Nordpol""]","Magellans Flotte fuhr als erste einmal ganz um die Erde. Damit war gezeigt, dass man die Welt umsegeln kann.",Magellans Flotte umsegelte als erste die ganze Welt.,Ferdinand Magellan,,ok
g_neuzeit,1,Für welches Land segelte Ferdinand Magellan auf seiner grossen Reise?,"[""Spanien"", ""Portugal"", ""Frankreich"", ""Holland""]",Magellan stammte aus Portugal. Seine grosse Reise machte er aber im Auftrag des spanischen Königs.,Magellan segelte für Spanien.,Ferdinand Magellan,,ok
g_neuzeit,1,"Wie heisst die Meeresstrasse im Süden von Südamerika, die nach Magellan benannt ist?","[""Magellanstrasse"", ""Beringstrasse"", ""Strasse von Gibraltar"", ""Cookstrasse""]",Magellan fand 1520 einen Durchgang im Süden von Südamerika. Diese Wasserstrasse trägt heute seinen Namen.,Die Magellanstrasse liegt im Süden von Südamerika.,Ferdinand Magellan,,ok
g_neuzeit,1,Mit wie vielen Schiffen startete Magellan seine Reise im Jahr 1519?,"[""Mit fünf"", ""Mit einem"", ""Mit zwanzig"", ""Mit hundert""]",Magellans Flotte bestand am Anfang aus fünf Schiffen. Am Ende kam nur eines davon zurück.,Magellan startete mit fünf Schiffen.,Ferdinand Magellan,,ok
g_neuzeit,1,"Wie hiess das einzige Schiff, das von Magellans Weltumsegelung zurückkam?","[""Victoria"", ""Titanic"", ""Endeavour"", ""Santa Maria""]",Nur die «Victoria» kehrte 1522 nach Spanien zurück. An Bord waren noch 18 Männer der Flotte.,Die Victoria schaffte als einziges Schiff die ganze Weltumsegelung.,Ferdinand Magellan,,ok
g_neuzeit,1,Erlebte Magellan selbst das Ende seiner Weltumsegelung?,"[""Nein, er starb unterwegs"", ""Ja, er kam gesund heim"", ""Ja, er wurde König"", ""Nein, er blieb in Amerika""]",Magellan starb 1521 bei einem Kampf auf den Philippinen. Juan Sebastián Elcano führte das letzte Schiff nach Hause.,Magellan starb während der Reise auf den Philippinen.,Ferdinand Magellan,,ok
g_neuzeit,1,Welche Pinguinart ist nach Magellan benannt?,"[""Magellan-Pinguin"", ""Kaiserpinguin"", ""Königspinguin"", ""Zwergpinguin""]",Magellans Leute sahen an der Küste Südamerikas Pinguine. Eine Art heisst darum heute Magellan-Pinguin.,Der Magellan-Pinguin trägt den Namen des Seefahrers.,Ferdinand Magellan,,ok
g_neuzeit,1,Nach welchem Seefahrer ist der Kontinent Amerika benannt?,"[""Amerigo Vespucci"", ""Vasco da Gama"", ""James Cook"", ""Abel Tasman""]",Der Name Amerika kommt vom Vornamen des Seefahrers Amerigo Vespucci.,Amerika hat seinen Namen von Amerigo Vespucci.,Amerigo Vespucci,,ok
g_neuzeit,1,Aus welcher Stadt stammte Amerigo Vespucci?,"[""Florenz"", ""Paris"", ""Lissabon"", ""Hamburg""]",Amerigo Vespucci wurde in Florenz in Italien geboren. Er arbeitete zuerst als Kaufmann.,Amerigo Vespucci kam aus Florenz.,Amerigo Vespucci,,ok
g_neuzeit,1,Was erkannte Amerigo Vespucci über das neu gefundene Land im Westen?,"[""Es ist ein neuer Kontinent"", ""Es ist ein Teil von Indien"", ""Es ist eine kleine Insel"", ""Es ist ein Teil von Afrika""]","Viele glaubten, man sei in Asien gelandet. Vespucci schrieb, dass es eine «Neue Welt» sei.","Vespucci erkannte, dass Amerika ein neuer Kontinent ist.",Amerigo Vespucci,,ok
g_neuzeit,1,Was für ein Name ist «Amerigo» bei Amerigo Vespucci?,"[""Sein Vorname"", ""Sein Nachname"", ""Der Name seines Schiffes"", ""Der Name seiner Stadt""]","Amerigo ist sein Vorname, Vespucci sein Familienname. Aus «Amerigo» wurde der Name Amerika.",Amerigo war der Vorname von Vespucci.,Amerigo Vespucci,,ok
g_neuzeit,1,Wo stand der Name «America» zum ersten Mal im Jahr 1507?,"[""Auf einer Weltkarte"", ""Auf einem Schiff"", ""Auf einer Münze"", ""Auf einer Kirche""]",Der Kartenzeichner Martin Waldseemüller schrieb 1507 den Namen «America» auf seine Weltkarte.,Der Name Amerika stand zuerst auf einer Weltkarte.,Amerigo Vespucci,,ok
g_neuzeit,1,Welchen Teil von Amerika bezeichnete der Name «America» auf der Karte von 1507?,"[""Südamerika"", ""Nordamerika"", ""Grönland"", ""Die Karibik""]",Auf der Karte von Waldseemüller stand der Name zuerst auf dem südlichen Teil. Dorthin war Vespucci gesegelt.,Der Name America stand zuerst auf Südamerika.,Amerigo Vespucci,,ok
g_neuzeit,1,Was ist eine Karavelle?,"[""Ein Segelschiff"", ""Ein Musikinstrument"", ""Ein Gewürz"", ""Eine Landkarte""]",Die Karavelle war ein kleines Segelschiff aus Holz. Mit ihr fuhren die Entdecker weit über das Meer.,Die Karavelle ist ein Segelschiff der Entdecker.,Karavelle,,ok
g_neuzeit,1,Aus welchem Material war eine Karavelle gebaut?,"[""Aus Holz"", ""Aus Stahl"", ""Aus Plastik"", ""Aus Stein""]",Damals baute man Schiffe aus Holz. Eisen und Stahl kamen erst viel später.,Die Karavelle war aus Holz gebaut.,Karavelle,,ok
g_neuzeit,1,Welche Seefahrer bauten die ersten Karavellen für ihre Entdeckungsfahrten?,"[""Die Portugiesen"", ""Die Schweizer"", ""Die Chinesen"", ""Die Wikinger""]","Die Portugiesen benutzten Karavellen, um die Küste Afrikas zu erkunden.",Die Portugiesen fuhren mit Karavellen auf Entdeckungsreise.,Karavelle,,ok
g_neuzeit,1,Welche Form hatten die Lateinersegel an vielen Karavellen?,"[""Dreieckig"", ""Rund"", ""Sternförmig"", ""Herzförmig""]","Die dreieckigen Lateinersegel halfen dem Schiff, auch bei schräg kommendem Wind gut zu fahren.",Viele Karavellen hatten dreieckige Segel.,Karavelle,,ok
g_neuzeit,1,Was war ein grosser Vorteil der Karavelle?,"[""Sie war schnell und wendig"", ""Sie konnte fliegen"", ""Sie brauchte keinen Wind"", ""Sie konnte tauchen""]",Die Karavelle war leicht gebaut. Darum war sie schnell und liess sich gut lenken.,Die Karavelle war schnell und wendig.,Karavelle,,ok
g_neuzeit,1,Was trieb eine Karavelle vorwärts?,"[""Der Wind"", ""Ein Motor"", ""Pferde"", ""Strom""]",Die Karavelle hatte Segel. Der Wind blies in die Segel und schob das Schiff an.,Der Wind trieb die Karavelle an.,Karavelle,,ok
g_neuzeit,1,Warum konnte eine Karavelle auch nahe an die Küste fahren?,"[""Sie hatte wenig Tiefgang"", ""Sie hatte Räder"", ""Sie war sehr schwer"", ""Sie hatte keinen Rumpf""]",Die Karavelle lag nicht tief im Wasser. Darum konnte sie auch in flachem Wasser fahren.,Die Karavelle konnte auch in flachem Wasser fahren.,Karavelle,,ok
g_neuzeit,1,Wozu brauchten Seefahrer ein Astrolabium?,"[""Um den Standort zu bestimmen"", ""Um Fische zu fangen"", ""Um Essen zu kochen"", ""Um Musik zu machen""]","Mit dem Astrolabium mass man, wie hoch die Sonne oder ein Stern steht. So wusste man, wie weit nördlich oder südlich man ist.",Das Astrolabium half beim Bestimmen des Standorts.,Astrolabium,,ok
g_neuzeit,1,Was beobachtete man mit dem Astrolabium?,"[""Sonne und Sterne"", ""Fische im Wasser"", ""Vögel am Strand"", ""Wolken im Nebel""]",Man richtete das Astrolabium auf die Sonne oder einen Stern und las dann ihre Höhe ab.,Mit dem Astrolabium beobachtete man Sonne und Sterne.,Astrolabium,,ok
g_neuzeit,1,Woraus war das Astrolabium der Seefahrer meist gemacht?,"[""Aus Metall"", ""Aus Papier"", ""Aus Glas"", ""Aus Stoff""]",Das Astrolabium der Seefahrer war aus Messing oder Bronze. So war es schwer und blieb bei Wind und Wellen ruhiger.,Das Astrolabium der Seefahrer war aus Metall.,Astrolabium,,ok
g_neuzeit,1,Welche Form hatte das Astrolabium der Seefahrer?,"[""Ein runder Ring"", ""Ein Würfel"", ""Ein Dreieck"", ""Eine lange Stange""]",Das Astrolabium war ein runder Ring mit einer Gradeinteilung. In der Mitte drehte sich ein Zeiger zum Anpeilen.,Das Astrolabium der Seefahrer war rund.,Astrolabium,,ok
g_neuzeit,1,Was zeigt eine Seekarte?,"[""Küsten und Meere"", ""Berge und Wanderwege"", ""Strassen und Bahnhöfe"", ""Sterne und Planeten""]","Auf einer Seekarte sieht man Küsten, Inseln, Häfen und gefährliche Stellen im Meer.",Eine Seekarte zeigt Küsten und Meere.,Seekarte,,ok
g_neuzeit,1,Warum waren alte Seekarten oft ungenau?,"[""Viele Gebiete waren unbekannt"", ""Man hatte kein Papier"", ""Man durfte nicht zeichnen"", ""Die Meere waren kleiner""]",Viele Küsten hatte noch niemand gesehen. Darum fehlten sie oder waren falsch gezeichnet.,"Alte Seekarten waren ungenau, weil vieles unbekannt war.",Seekarte,,ok
g_neuzeit,1,Was zeichneten Entdecker auf ihren Reisen neu in die Karten ein?,"[""Neue Küsten und Inseln"", ""Neue Autobahnen"", ""Neue Bahnlinien"", ""Neue Flughäfen""]","Wenn Entdecker ein neues Land sahen, zeichneten sie die Küste auf. So wurden die Karten immer besser.",Entdecker zeichneten neue Küsten in die Karten ein.,Seekarte,,ok
g_neuzeit,1,Was ist eine Windrose auf einer alten Seekarte?,"[""Ein Stern mit den Himmelsrichtungen"", ""Eine Blume aus dem Garten"", ""Ein Bild eines Sturms"", ""Ein Wappen des Königs""]","Die Windrose ist ein Stern mit Spitzen. Sie zeigt Norden, Süden, Osten und Westen an.",Die Windrose zeigt die Himmelsrichtungen.,Seekarte,,ok
g_neuzeit,1,"Aus welchem Land kam der Pfeffer, den die Entdecker suchten?","[""Aus Indien"", ""Aus der Schweiz"", ""Aus Grönland"", ""Aus Island""]",Pfeffer wächst in warmen Ländern. Besonders viel Pfeffer kam aus dem Süden von Indien.,Pfeffer kam vor allem aus Indien.,Pfeffer,,ok
g_neuzeit,1,"Wie nannte man den Pfeffer früher, weil er so teuer war?","[""Schwarzes Gold"", ""Weisses Silber"", ""Rotes Kupfer"", ""Grünes Glas""]",Pfeffer war in Europa sehr kostbar. Darum nannte man ihn «schwarzes Gold».,Pfeffer war so wertvoll wie Gold.,Pfeffer,,ok
g_neuzeit,1,Was sind Pfefferkörner eigentlich?,"[""Getrocknete Früchte"", ""Kleine Steine"", ""Gemahlene Blätter"", ""Getrocknete Wurzeln""]","Pfefferkörner sind die kleinen Früchte der Pfefferpflanze, einer Kletterpflanze. Man trocknet sie, dann werden sie schwarz.",Pfefferkörner sind getrocknete Früchte.,Pfeffer,,ok
g_neuzeit,1,"Wie hiessen die Inseln, die man auch «Gewürzinseln» nannte?","[""Molukken"", ""Kanarische Inseln"", ""Azoren"", ""Färöer""]",Auf den Molukken in Indonesien wuchsen Gewürznelken und Muskatnuss. Darum hiessen sie Gewürzinseln.,Die Molukken heissen auch Gewürzinseln.,Pfeffer,,ok
g_neuzeit,1,Aus welchem Teil des Zimtbaums macht man Zimt?,"[""Aus der Rinde"", ""Aus den Blüten"", ""Aus den Wurzeln"", ""Aus den Samen""]",Zimt ist die getrocknete Rinde des Zimtbaums. Beim Trocknen rollt sie sich zu Stangen ein.,Zimt ist getrocknete Baumrinde.,Zimt,,ok
g_neuzeit,1,"Auf welcher Insel wuchs der beste Zimt, den die Europäer suchten?","[""Sri Lanka"", ""Sizilien"", ""Mallorca"", ""Island""]","Der echte Zimt, auch Ceylon-Zimt, stammt aus Sri Lanka. Die Insel hiess früher Ceylon.",Echter Zimt kommt aus Sri Lanka.,Zimt,,ok
g_neuzeit,1,Wie sieht eine Zimtstange aus?,"[""Wie ein eingerolltes Röhrchen"", ""Wie eine runde Kugel"", ""Wie ein grünes Blatt"", ""Wie ein kleiner Würfel""]",Die Rinde rollt sich beim Trocknen ein. So entstehen die braunen Zimtstangen.,Eine Zimtstange ist eingerollte Rinde.,Zimt,,ok
g_neuzeit,1,Warum war Zimt früher in Europa so teuer?,"[""Er kam von weit her"", ""Er wuchs überall"", ""Er war verboten"", ""Er war aus Gold""]",Zimt musste über einen sehr langen Weg nach Europa gebracht werden. Darum war er selten und teuer.,"Zimt war teuer, weil er von weit her kam.",Zimt,,ok
g_neuzeit,1,Aus welchem Land kam der Seefahrer James Cook?,"[""England"", ""Portugal"", ""Spanien"", ""Italien""]",James Cook war ein britischer Seefahrer aus England. Er segelte für die britische Marine.,James Cook war ein Engländer.,James Cook,,ok
g_neuzeit,1,Wie hiess das Schiff von James Cook auf seiner ersten grossen Reise?,"[""Endeavour"", ""Victoria"", ""Santa Maria"", ""Titanic""]",Cook segelte von 1768 bis 1771 mit der «Endeavour» um die Welt.,Cooks erstes Schiff hiess Endeavour.,James Cook,,ok
g_neuzeit,1,Welchen Ozean nennt man auch die «Südsee»?,"[""Den Pazifik"", ""Den Atlantik"", ""Das Mittelmeer"", ""Die Nordsee""]",Die Südsee ist der südliche Pazifik mit seinen vielen Inseln. Dort war Cook oft unterwegs.,Die Südsee liegt im Pazifik.,James Cook,,ok
g_neuzeit,1,Welche Küste von Australien erkundete James Cook im Jahr 1770?,"[""Die Ostküste"", ""Die Westküste"", ""Die Nordküste"", ""Die Südküste""]",Cook fuhr 1770 die Ostküste von Australien entlang und zeichnete sie in eine Karte ein.,Cook erkundete die Ostküste von Australien.,James Cook,,ok
g_neuzeit,1,Wie viele grosse Entdeckungsreisen machte James Cook?,"[""Drei"", ""Eine"", ""Zehn"", ""Zwanzig""]",Cook unternahm drei grosse Reisen in den Pazifik. Von der dritten kehrte er nicht zurück.,James Cook machte drei grosse Reisen.,James Cook,,ok
g_neuzeit,1,Auf welchen Inseln starb James Cook im Jahr 1779?,"[""Hawaii"", ""Island"", ""Sizilien"", ""Kreta""]",Auf Hawaii kam es zu einem Streit mit den Bewohnern. Dabei wurde Cook getötet.,James Cook starb auf Hawaii.,James Cook,,ok
g_neuzeit,1,Welches Land mit zwei grossen Inseln umsegelte und zeichnete James Cook genau?,"[""Neuseeland"", ""Madagaskar"", ""Grönland"", ""Island""]","Cook fuhr ganz um Neuseeland herum. Er zeigte, dass es aus zwei grossen Inseln besteht.",Cook zeichnete eine genaue Karte von Neuseeland.,James Cook,,ok
g_neuzeit,1,Welches unbekannte Land suchte James Cook auf seiner zweiten Reise weit im Süden?,"[""Ein grosses Südland"", ""Die Sahara"", ""Den Amazonas"", ""Die Alpen""]","Man glaubte an ein grosses Südland. Cook fuhr weit nach Süden ins Eis, fand aber kein bewohnbares Land.",Cook suchte im Süden ein grosses Südland.,James Cook,,ok
g_neuzeit,1,Von welchem Kontinent stammt die Kartoffel?,"[""Südamerika"", ""Afrika"", ""Asien"", ""Australien""]",Die Kartoffel kommt aus den Anden in Südamerika. Die Spanier brachten sie nach Europa.,Die Kartoffel stammt aus Südamerika.,Kartoffel,,ok
g_neuzeit,1,Welches bekannte Schweizer Gericht macht man aus Kartoffeln?,"[""Rösti"", ""Fondue"", ""Birchermüesli"", ""Zopf""]",Für die Rösti reibt man Kartoffeln und brät sie in der Pfanne goldbraun.,Rösti macht man aus Kartoffeln.,Kartoffel,,ok
g_neuzeit,1,Welcher Teil der Kartoffelpflanze wird gegessen?,"[""Die Knolle"", ""Die Blüte"", ""Die Beeren"", ""Die Blätter""]","Wir essen die Knollen, die unter der Erde wachsen. Die grünen Beeren der Pflanze sind giftig.",Von der Kartoffel isst man die Knolle.,Kartoffel,,ok
g_neuzeit,1,Wie sagt man in vielen Schweizer Dialekten zur Kartoffel?,"[""Härdöpfel"", ""Rüebli"", ""Peperoni"", ""Nüsslisalat""]",«Härdöpfel» ist das schweizerdeutsche Wort für die Kartoffel. Man hört es in vielen Kantonen.,Die Kartoffel heisst auf Schweizerdeutsch oft Härdöpfel.,Kartoffel,,ok
g_neuzeit,1,Warum wurde die Kartoffel in Europa so wichtig?,"[""Sie macht satt und wächst gut"", ""Sie wächst nur im Meer"", ""Sie schmeckt nach Zucker"", ""Sie braucht keine Erde""]",Kartoffeln wachsen auch an kühlen Orten und geben viel Ernte. So halfen sie gegen Hunger.,Die Kartoffel half in Europa gegen den Hunger.,Kartoffel,,ok
g_neuzeit,1,Von welchem Kontinent stammt die Tomate?,"[""Amerika"", ""Europa"", ""Afrika"", ""Asien""]",Die Tomate wuchs ursprünglich in Mittel- und Südamerika. Erst nach den Entdeckungsreisen kam sie nach Europa.,Die Tomate stammt aus Amerika.,Tomate,,ok
g_neuzeit,1,Wofür pflanzte man Tomaten in Europa am Anfang oft?,"[""Als Zierpflanze"", ""Als Brennholz"", ""Als Futter für Pferde"", ""Als Seil""]",Viele hielten die Tomate zuerst für giftig. Darum pflanzte man sie lange nur zur Zierde.,Die Tomate war in Europa zuerst eine Zierpflanze.,Tomate,,ok
g_neuzeit,1,Mit welcher Pflanze ist die Tomate verwandt?,"[""Mit der Kartoffel"", ""Mit dem Apfelbaum"", ""Mit der Tanne"", ""Mit dem Löwenzahn""]",Tomate und Kartoffel gehören beide zur Familie der Nachtschattengewächse.,Tomate und Kartoffel sind verwandt.,Tomate,,ok
g_neuzeit,1,Was ist die Tomate eigentlich für die Pflanzenkunde?,"[""Eine Frucht"", ""Eine Wurzel"", ""Ein Blatt"", ""Ein Stängel""]","Die Tomate wächst aus der Blüte und enthält Samen. Darum ist sie für Fachleute eine Frucht, eine Beere.",Die Tomate ist eigentlich eine Frucht.,Tomate,,ok
g_neuzeit,1,Wo wurde der Mais zuerst angebaut?,"[""In Mexiko"", ""In der Schweiz"", ""In China"", ""In Ägypten""]",Die Menschen in Mexiko züchteten den Mais schon vor Tausenden von Jahren aus einem Wildgras.,Der Mais kommt aus Mexiko.,Mais,,ok
g_neuzeit,1,Welches Tessiner Gericht macht man aus Maisgriess?,"[""Polenta"", ""Rösti"", ""Raclette"", ""Älplermagronen""]",Polenta ist ein Brei aus Maisgriess. Im Tessin isst man sie besonders gern.,Polenta macht man aus Mais.,Mais,,ok
g_neuzeit,1,"Welche Knabberei entsteht, wenn man Maiskörner erhitzt?","[""Popcorn"", ""Chips"", ""Salzstängeli"", ""Zwieback""]","Im Maiskorn ist etwas Wasser. Beim Erhitzen platzt das Korn auf, so entsteht Popcorn.",Aus Maiskörnern macht man Popcorn.,Mais,,ok
g_neuzeit,1,"Wie heisst der Teil der Maispflanze, an dem die Körner sitzen?","[""Kolben"", ""Zapfen"", ""Schote"", ""Dolde""]",Die gelben Körner sitzen dicht nebeneinander an einem Kolben.,Maiskörner wachsen an einem Kolben.,Mais,,ok
g_neuzeit,1,Welche Krankheit plagte Seeleute auf langen Reisen oft?,"[""Skorbut"", ""Heuschnupfen"", ""Röteln"", ""Mumps""]",Auf langen Reisen bekamen viele Seeleute Skorbut. Viele starben daran.,Skorbut war eine gefürchtete Krankheit der Seeleute.,Skorbut,,ok
g_neuzeit,1,"Was fehlte den Seeleuten, wenn sie Skorbut bekamen?","[""Vitamin C"", ""Salz"", ""Brot"", ""Wasser zum Waschen""]","Skorbut entsteht, wenn der Körper zu wenig Vitamin C bekommt. Frisches Obst und Gemüse fehlte an Bord.",Skorbut kommt von zu wenig Vitamin C.,Skorbut,,ok
g_neuzeit,1,Welche Früchte halfen gegen Skorbut?,"[""Zitronen"", ""Bananenschalen"", ""Kokosnussschalen"", ""Nüsse""]",Zitronen und Limetten enthalten viel Vitamin C. Darum schützen sie vor Skorbut.,Zitronen helfen gegen Skorbut.,Skorbut,,ok
g_neuzeit,1,Was passiert bei Skorbut mit dem Zahnfleisch?,"[""Es blutet"", ""Es wird blau"", ""Es wächst schneller"", ""Es wird hart""]",Bei Skorbut wird das Zahnfleisch weich und blutet. Später können sogar Zähne ausfallen.,Bei Skorbut blutet das Zahnfleisch.,Skorbut,,ok
g_neuzeit,1,Welches Essen nahm James Cook gegen Skorbut mit auf seine Schiffe?,"[""Sauerkraut"", ""Schokolade"", ""Glace"", ""Käsekuchen""]",Cook liess viel Sauerkraut an Bord bringen. Es hält lange und enthält etwas Vitamin C.,Cook nahm Sauerkraut gegen Skorbut mit.,Skorbut,,ok
g_neuzeit,1,Welches harte Brot assen Seeleute auf langen Reisen?,"[""Schiffszwieback"", ""Weiches Weissbrot"", ""Frische Gipfeli"", ""Butterzopf""]",Schiffszwieback war sehr trocken und hart gebacken. Darum blieb er lange haltbar.,Seeleute assen harten Schiffszwieback.,Leben an Bord,,ok
g_neuzeit,1,Worin schliefen viele Matrosen an Bord?,"[""In Hängematten"", ""In Himmelbetten"", ""Auf Sofas"", ""In Zelten""]",Hängematten brauchten wenig Platz. Sie schaukelten mit dem Schiff und man fiel nicht heraus.,Matrosen schliefen in Hängematten.,Leben an Bord,,ok
g_neuzeit,1,Wo bewahrte man an Bord das Trinkwasser auf?,"[""In Holzfässern"", ""In Plastikflaschen"", ""In Kühlschränken"", ""In Glasvasen""]",Das Wasser lagerte in Fässern aus Holz. Nach einiger Zeit wurde es oft schmutzig und schlecht.,Trinkwasser lagerte in Holzfässern.,Leben an Bord,,ok
g_neuzeit,1,Aus welchem Land kam der Seefahrer Bartolomeu Dias?,"[""Portugal"", ""England"", ""Holland"", ""Frankreich""]",Bartolomeu Dias war ein Seefahrer aus Portugal. Er segelte für den portugiesischen König.,Bartolomeu Dias war ein Portugiese.,Bartolomeu Dias,,ok
g_neuzeit,1,Was schaffte Bartolomeu Dias im Jahr 1488 als erster Europäer?,"[""Er umsegelte die Südspitze Afrikas"", ""Er erreichte den Nordpol"", ""Er umsegelte die Welt"", ""Er fand Australien""]","Dias fuhr 1488 um die Südspitze von Afrika herum. Damit zeigte er, dass man so nach Osten weiterfahren kann.",Dias umsegelte als erster Europäer die Südspitze Afrikas.,Bartolomeu Dias,,ok
g_neuzeit,1,"Welchen Namen gab Bartolomeu Dias dem Kap zuerst, wegen des schlechten Wetters?","[""Kap der Stürme"", ""Kap der Sonne"", ""Kap der Fische"", ""Kap der Ruhe""]",Dias erlebte dort heftige Stürme und nannte es darum «Kap der Stürme».,Dias nannte es zuerst Kap der Stürme.,Bartolomeu Dias,,ok
g_neuzeit,1,"Wie heisst das Kap bei Kapstadt, das Bartolomeu Dias sah, heute?","[""Kap der Guten Hoffnung"", ""Kap Hoorn"", ""Kap Verde"", ""Nordkap""]",Der portugiesische König gab dem Kap einen neuen Namen. Er hoffte nun auf einen Seeweg nach Indien.,Das Kap der Guten Hoffnung liegt bei Kapstadt.,Bartolomeu Dias,,ok
g_neuzeit,1,In welchem heutigen Land liegt das Kap der Guten Hoffnung?,"[""Südafrika"", ""Ägypten"", ""Marokko"", ""Kenia""]","Das Kap der Guten Hoffnung liegt ganz im Süden von Afrika, im Land Südafrika.",Das Kap der Guten Hoffnung liegt in Südafrika.,Bartolomeu Dias,,ok
g_neuzeit,1,Warum kehrte Bartolomeu Dias nach dem Kap wieder um?,"[""Seine Mannschaft wollte heim"", ""Er hatte Indien erreicht"", ""Er fand Gold"", ""Das Meer war gefroren""]","Die Matrosen waren müde und hatten Angst. Darum musste Dias umkehren, ohne Indien zu erreichen.","Dias kehrte um, weil seine Leute heim wollten.",Bartolomeu Dias,,ok
g_neuzeit,1,Aus welchem Land kam der Seefahrer Abel Tasman?,"[""Niederlande"", ""Portugal"", ""Spanien"", ""England""]",Abel Tasman war ein Niederländer. Er segelte für eine niederländische Handelsfirma.,Abel Tasman war ein Niederländer.,Abel Tasman,,ok
g_neuzeit,1,Welche Insel südlich von Australien ist nach Abel Tasman benannt?,"[""Tasmanien"", ""Sizilien"", ""Madagaskar"", ""Sri Lanka""]",Tasman erreichte die Insel 1642. Später wurde sie nach ihm Tasmanien genannt.,Tasmanien ist nach Abel Tasman benannt.,Abel Tasman,,ok
g_neuzeit,1,Welches Land sah Abel Tasman im Jahr 1642 als erster Europäer?,"[""Neuseeland"", ""Japan"", ""Brasilien"", ""Kanada""]",Abel Tasman sah im Dezember 1642 als erster Europäer die Küste von Neuseeland.,Tasman sah als erster Europäer Neuseeland.,Abel Tasman,,ok
g_neuzeit,1,Wie heisst das Meer zwischen Australien und Neuseeland?,"[""Tasmansee"", ""Nordsee"", ""Rotes Meer"", ""Ostsee""]",Das Meer zwischen Australien und Neuseeland trägt den Namen von Abel Tasman.,Die Tasmansee liegt zwischen Australien und Neuseeland.,Abel Tasman,,ok
g_neuzeit,1,Für wen segelte Abel Tasman?,"[""Für eine Handelsfirma"", ""Für den Papst"", ""Für die Schweiz"", ""Für einen Zirkus""]",Tasman segelte für die Niederländische Ostindien-Kompanie. Diese Firma handelte mit Gewürzen.,Abel Tasman segelte für eine Handelsfirma.,Abel Tasman,,ok
g_neuzeit,1,In welchem Jahrhundert lebte Abel Tasman?,"[""Im 17. Jahrhundert"", ""Im 12. Jahrhundert"", ""Im 20. Jahrhundert"", ""Im 21. Jahrhundert""]",Seine grosse Reise machte Tasman im Jahr 1642. Das gehört zum 17. Jahrhundert.,Abel Tasman lebte im 17. Jahrhundert.,Abel Tasman,,ok
g_neuzeit,1,Welcher Nationalpark in Neuseeland trägt den Namen des Seefahrers?,"[""Abel-Tasman-Nationalpark"", ""Yellowstone-Nationalpark"", ""Schweizerischer Nationalpark"", ""Krüger-Nationalpark""]",Im Norden der Südinsel von Neuseeland liegt der Abel-Tasman-Nationalpark.,Ein Nationalpark in Neuseeland heisst nach Abel Tasman.,Abel Tasman,,ok
g_neuzeit,1,Wer liess den ältesten noch erhaltenen Erdglobus anfertigen?,"[""Martin Behaim"", ""James Cook"", ""Abel Tasman"", ""Vasco da Gama""]",Der Globus entstand um 1492 nach den Angaben von Martin Behaim. Man nennt ihn Behaim-Globus.,Martin Behaim liess den ältesten Erdglobus machen.,Behaim-Globus,,ok
g_neuzeit,1,In welcher Stadt entstand der Globus von Martin Behaim?,"[""Nürnberg"", ""Zürich"", ""Rom"", ""Paris""]","Behaim stammte aus Nürnberg. Dort wurde der Globus gebaut, und dort steht er noch heute in einem Museum.",Der Behaim-Globus stammt aus Nürnberg.,Behaim-Globus,,ok
g_neuzeit,1,Welcher Kontinent fehlt auf dem Globus von Martin Behaim?,"[""Amerika"", ""Afrika"", ""Europa"", ""Asien""]","Der Globus wurde fertig, bevor man in Europa von Amerika wusste. Darum ist dort, wo Amerika liegt, vor allem Meer.",Auf dem Behaim-Globus fehlt Amerika.,Behaim-Globus,,ok
g_neuzeit,1,Wie nannte man den Globus von Martin Behaim auch?,"[""Erdapfel"", ""Erdbirne"", ""Weltkugel aus Glas"", ""Sternenrad""]",Wegen seiner runden Form nannte man den Globus «Erdapfel».,Der Behaim-Globus heisst auch Erdapfel.,Behaim-Globus,,ok
g_neuzeit,1,Welche Form der Erde zeigt der Globus von Martin Behaim?,"[""Eine Kugel"", ""Eine Scheibe"", ""Einen Würfel"", ""Ein Ei""]","Gebildete Menschen wussten damals schon, dass die Erde rund ist. Der Globus zeigt sie als Kugel.",Der Behaim-Globus zeigt die Erde als Kugel.,Behaim-Globus,,ok
g_neuzeit,1,"In welchem Land liegt die Stadt Nürnberg, wo der Behaim-Globus heute steht?","[""Deutschland"", ""Österreich"", ""Schweiz"", ""Italien""]",Nürnberg ist eine Stadt in Bayern in Deutschland. Der Globus steht im Germanischen Nationalmuseum.,Der Behaim-Globus steht in Deutschland.,Behaim-Globus,,ok
g_neuzeit,1,Was war Gerhard Mercator von Beruf?,"[""Kartograf"", ""Kapitän"", ""Bäcker"", ""Arzt""]",Gerhard Mercator zeichnete Landkarten und baute Globen. Er war einer der berühmtesten Kartografen.,Gerhard Mercator zeichnete Karten.,Gerhard Mercator,,ok
g_neuzeit,1,In welchem Jahr zeichnete Gerhard Mercator seine berühmte Weltkarte?,"[""1569"", ""1069"", ""1869"", ""1969""]",Mercator stellte seine grosse Weltkarte im Jahr 1569 vor.,Mercators Weltkarte stammt von 1569.,Gerhard Mercator,,ok
g_neuzeit,1,Für wen war die Weltkarte von Mercator besonders nützlich?,"[""Für Seefahrer"", ""Für Bergsteiger"", ""Für Bauern"", ""Für Lokführer""]",Auf Mercators Karte konnten Seeleute ihren Kurs mit einer geraden Linie einzeichnen.,Mercators Karte half den Seefahrern.,Gerhard Mercator,,ok
g_neuzeit,1,Welches Land sieht auf der Mercator-Karte viel zu gross aus?,"[""Grönland"", ""Brasilien"", ""Indien"", ""Ägypten""]","Je näher ein Land an den Polen liegt, desto grösser erscheint es. Grönland wirkt darum riesig.",Auf der Mercator-Karte sieht Grönland viel zu gross aus.,Gerhard Mercator,,ok
g_neuzeit,1,Welches Wort für ein Buch mit vielen Karten geht auf Mercator zurück?,"[""Atlas"", ""Lexikon"", ""Album"", ""Kalender""]",Mercator nannte seine Sammlung von Karten «Atlas». So heissen Kartenbücher bis heute.,Ein Atlas ist ein Buch mit vielen Karten.,Gerhard Mercator,,ok
g_neuzeit,1,Warum kann eine flache Karte die Erde nie ganz richtig zeigen?,"[""Die Erde ist eine Kugel"", ""Die Erde ist zu klein"", ""Die Meere bewegen sich"", ""Die Länder sind farbig""]",Eine Kugel kann man nicht ohne Verzerrung flach ausbreiten. Darum stimmen auf flachen Karten Grössen oder Formen nicht ganz.,Eine Kugel lässt sich nicht ohne Fehler flach zeichnen.,Gerhard Mercator,,ok
g_neuzeit,1,In welcher deutschen Stadt lebte Gerhard Mercator viele Jahre?,"[""Duisburg"", ""München"", ""Berlin"", ""Hamburg""]",Mercator zog 1552 nach Duisburg. Dort arbeitete er bis zu seinem Tod.,Mercator lebte lange in Duisburg.,Gerhard Mercator,,ok
g_neuzeit,1,Wer malte die Decke der Sixtinischen Kapelle?,"[""Michelangelo"", ""Leonardo da Vinci"", ""Albrecht Dürer"", ""Rembrandt""]",Michelangelo malte die riesige Decke von 1508 bis 1512. Der Papst hatte ihm den Auftrag gegeben.,Michelangelo malte die Decke der Sixtinischen Kapelle.,Sixtinische Kapelle,,ok
g_neuzeit,1,In welchem kleinen Staat steht die Sixtinische Kapelle?,"[""Vatikanstadt"", ""Monaco"", ""Liechtenstein"", ""San Marino""]",Die Kapelle gehört zum Palast des Papstes. Der Vatikan ist ein winziger Staat mitten in Rom.,Die Sixtinische Kapelle steht im Vatikan.,Sixtinische Kapelle,,ok
g_neuzeit,1,"Welches Deckenbild zeigt Gott und Adam, deren Finger sich fast berühren?","[""Die Erschaffung Adams"", ""Das Abendmahl"", ""Die Mona Lisa"", ""Die Nachtwache""]",Auf diesem Bild streckt Gott die Hand nach Adam aus. Die beinahe berührenden Finger sind weltberühmt.,Die Erschaffung Adams ist das bekannteste Deckenbild der Kapelle.,Sixtinische Kapelle,,ok
g_neuzeit,1,Wie lange malte Michelangelo etwa an der Decke?,"[""Etwa 4 Jahre"", ""Etwa 4 Wochen"", ""Etwa 40 Jahre"", ""Etwa 4 Tage""]",Er begann 1508 und war 1512 fertig. Die Arbeit hoch oben war sehr anstrengend.,Michelangelo arbeitete rund vier Jahre an der Decke.,Sixtinische Kapelle,,ok
g_neuzeit,1,Welche berühmte Marmorstatue schuf Michelangelo in Florenz?,"[""David"", ""Der Denker"", ""Die Freiheitsstatue"", ""Venus von Milo""]",Michelangelo war auch Bildhauer. Seine Statue des David ist über 5 Meter hoch.,Michelangelo meisselte die Statue des David.,Sixtinische Kapelle,,ok
g_neuzeit,1,Wen wählen die Kardinäle in der Sixtinischen Kapelle?,"[""Den Papst"", ""Den Kaiser"", ""Den Bürgermeister"", ""Den König""]","Wenn ein neuer Papst gewählt wird, treffen sich die Kardinäle in dieser Kapelle. Weisser Rauch zeigt, dass die Wahl geklappt hat.",In der Sixtinischen Kapelle wird der Papst gewählt.,Sixtinische Kapelle,,ok
g_neuzeit,1,Welches riesige Bild malte Michelangelo später an die Altarwand der Kapelle?,"[""Das Jüngste Gericht"", ""Die Schule von Athen"", ""Die Sternennacht"", ""Der Turmbau zu Babel""]",Das Jüngste Gericht entstand viele Jahre nach der Decke. Es bedeckt die ganze Wand hinter dem Altar.,Das Jüngste Gericht schmückt die Altarwand der Kapelle.,Sixtinische Kapelle,,ok
g_neuzeit,1,"Worauf stand Michelangelo, als er die hohe Decke malte?","[""Auf einem Gerüst"", ""Auf einer kurzen Leiter"", ""Auf einem Tisch"", ""Auf dem Dach""]",Er liess ein hohes Holzgerüst bauen. So kam er nahe an die Decke heran.,Michelangelo malte die Decke von einem Gerüst aus.,Sixtinische Kapelle,,ok
g_neuzeit,1,Worauf malt man bei einem Fresko?,"[""Auf frischen, nassen Putz"", ""Auf Leinwand"", ""Auf Papier"", ""Auf Glas""]",Bei einem Fresko trägt man die Farbe auf feuchten Putz auf. Beim Trocknen verbindet sich die Farbe fest mit der Wand.,Ein Fresko wird auf nassen Putz gemalt.,Sixtinische Kapelle,,ok
g_neuzeit,1,"Welchen Planeten sah Galilei mit seltsamen «Ohren», die später als Ringe erkannt wurden?","[""Saturn"", ""Merkur"", ""Venus"", ""Mars""]","Galileis Fernrohr war noch nicht scharf genug. Er sah beim Saturn zwei Ausbuchtungen, erst später erkannte man die Ringe.",Galilei sah als Erster etwas von den Saturnringen.,Galileo Galilei,,ok
g_neuzeit,1,"Welche Raumsonde, die den Jupiter erforschte, wurde nach Galilei benannt?","[""Galileo"", ""Voyager"", ""Apollo"", ""Rosetta""]",Die Raumsonde Galileo startete 1989 und flog zum Jupiter. Sie untersuchte den Planeten und seine Monde.,Die Raumsonde Galileo trägt den Namen des Forschers.,Galileo Galilei,,ok
g_neuzeit,1,An welcher Universität in Italien lehrte Galilei viele Jahre?,"[""Padua"", ""Oxford"", ""Basel"", ""Paris""]",Galilei war von 1592 bis 1610 Professor in Padua. Dort machte er auch seine ersten Fernrohr-Beobachtungen.,Galilei lehrte lange in Padua.,Galileo Galilei,,ok
g_neuzeit,1,Was geschah mit Galileis Augen in seinen letzten Lebensjahren?,"[""Er wurde blind"", ""Er sah wieder schärfer"", ""Sie wurden blau"", ""Nichts""]",Im Alter verlor Galilei sein Augenlicht. Trotzdem arbeitete er mit Helfern weiter.,Galilei wurde im Alter blind.,Galileo Galilei,,ok
g_neuzeit,1,"Mit wem bekam Galilei Streit, weil er sagte, die Erde kreise um die Sonne?","[""Mit der Kirche"", ""Mit den Bauern"", ""Mit den Seefahrern"", ""Mit den Kaufleuten""]",Galilei musste seine Lehre 1633 vor einem Gericht der Kirche widerrufen. Erst viel später gab ihm die Kirche recht.,Galilei geriet wegen seiner Lehre in Streit mit der Kirche.,Galileo Galilei,,ok
g_neuzeit,1,"In welchem Jahr begann Galilei, mit dem Fernrohr den Himmel zu erforschen?","[""1609"", ""1309"", ""1809"", ""1959""]",Im Jahr 1609 baute Galilei sein erstes Fernrohr. Schon kurz danach machte er viele Entdeckungen.,Galilei schaute ab 1609 durch sein Fernrohr.,Galileo Galilei,,ok
g_neuzeit,1,"Was sah Galilei, als er die Milchstrasse durch sein Fernrohr betrachtete?","[""Viele einzelne Sterne"", ""Eine weisse Wolke"", ""Flüssige Milch"", ""Einen leeren Himmel""]",Von blossem Auge sieht die Milchstrasse wie ein heller Streifen aus. Im Fernrohr erkannte Galilei unzählige Sterne.,Die Milchstrasse besteht aus sehr vielen Sternen.,Galileo Galilei,,ok
g_neuzeit,1,Welche dunklen Stellen beobachtete Galilei auf der Sonne?,"[""Sonnenflecken"", ""Mondkrater"", ""Schwarze Löcher"", ""Regenwolken""]","Galilei sah dunkle Flecken, die über die Sonne wanderten. Achtung: Man darf nie direkt in die Sonne schauen!",Auf der Sonne gibt es dunkle Sonnenflecken.,Galileo Galilei,,ok
g_neuzeit,1,"Was untersuchte Galilei, indem er ein hin und her schwingendes Gewicht beobachtete?","[""Das Pendel"", ""Den Magneten"", ""Die Waage"", ""Das Rad""]","Galilei merkte, dass ein Pendel immer gleich lang für einen Schwung braucht. Das half später beim Bau von Pendeluhren.","Galilei erforschte, wie ein Pendel schwingt.",Galileo Galilei,,ok
g_neuzeit,1,Was steht laut Nikolaus Kopernikus in der Mitte unseres Planetensystems?,"[""Die Sonne"", ""Die Erde"", ""Der Mond"", ""Der Mars""]","Kopernikus erkannte, dass die Planeten um die Sonne kreisen. Auch die Erde ist einer dieser Planeten.",Laut Kopernikus steht die Sonne in der Mitte.,Nikolaus Kopernikus,,ok
g_neuzeit,1,Aus welchem Land stammte Kopernikus?,"[""Polen"", ""Spanien"", ""Schweden"", ""Portugal""]","Kopernikus wurde 1473 in Thorn geboren, das zu Polen gehörte. Heute heisst die Stadt Toruń.",Kopernikus stammte aus Polen.,Nikolaus Kopernikus,,ok
g_neuzeit,1,Was glaubten die meisten Menschen vor Kopernikus?,"[""Die Erde steht still in der Mitte"", ""Die Erde ist ein Würfel"", ""Der Mond ist ein Stern"", ""Es gibt keine Planeten""]","Man dachte, Sonne, Mond und Sterne drehten sich um die ruhende Erde. Kopernikus stellte diese Vorstellung in Frage.","Früher glaubte man, die Erde stehe in der Mitte.",Nikolaus Kopernikus,,ok
g_neuzeit,1,Welchen Beruf übte Kopernikus neben der Sternforschung auch aus?,"[""Arzt"", ""Bäcker"", ""Seefahrer"", ""Schmied""]",Kopernikus hatte Medizin studiert und behandelte Kranke. Er war auch für die Kirche tätig.,Kopernikus war auch Arzt.,Nikolaus Kopernikus,,ok
g_neuzeit,1,In welchem Jahr erschien das berühmte Buch von Kopernikus über die Planeten?,"[""1543"", ""1243"", ""1843"", ""1943""]","Sein Buch erschien 1543, kurz vor seinem Tod. Es veränderte das Bild vom Himmel.",Das Buch von Kopernikus erschien 1543.,Nikolaus Kopernikus,,ok
g_neuzeit,1,"Wodurch entstehen Tag und Nacht, wie Kopernikus erklärte?","[""Die Erde dreht sich um sich selbst"", ""Die Sonne geht schlafen"", ""Der Mond verdeckt die Sonne"", ""Die Wolken werden dunkel""]","Die Erde dreht sich einmal am Tag um sich selbst. Die Seite, die zur Sonne zeigt, hat Tag.","Tag und Nacht entstehen, weil sich die Erde dreht.",Nikolaus Kopernikus,,ok
g_neuzeit,1,Was auf dem Mond trägt den Namen von Kopernikus?,"[""Ein grosser Krater"", ""Ein Meer aus Wasser"", ""Ein hoher Turm"", ""Eine Mondstation""]",Viele Mondkrater sind nach berühmten Forschern benannt. Der Krater Kopernikus ist sogar mit einem Feldstecher zu sehen.,Ein Mondkrater ist nach Kopernikus benannt.,Nikolaus Kopernikus,,ok
g_neuzeit,1,Welche Kraft lässt einen Apfel vom Baum auf den Boden fallen?,"[""Die Schwerkraft"", ""Die Windkraft"", ""Die Muskelkraft"", ""Die Magnetkraft""]",Die Erde zieht alle Dinge zu sich hin. Isaac Newton beschrieb diese Kraft genau.,Die Schwerkraft zieht Dinge zur Erde.,Isaac Newton,,ok
g_neuzeit,1,Was erklärte Newton mit der Anziehungskraft des Mondes?,"[""Ebbe und Flut"", ""Regen und Schnee"", ""Tag und Nacht"", ""Sommer und Winter""]",Der Mond zieht am Wasser der Meere. Darum steigt und sinkt das Meer an vielen Küsten zweimal am Tag.,Der Mond verursacht Ebbe und Flut.,Isaac Newton,,ok
g_neuzeit,1,An welcher berühmten englischen Universität studierte und lehrte Newton?,"[""Cambridge"", ""Harvard"", ""Sorbonne"", ""Heidelberg""]",Newton studierte in Cambridge und wurde dort Professor für Mathematik. Er blieb viele Jahre an dieser Universität.,Newton forschte an der Universität Cambridge.,Isaac Newton,,ok
g_neuzeit,1,Was hält laut Newton den Mond auf seiner Bahn um die Erde?,"[""Die Schwerkraft der Erde"", ""Ein unsichtbares Seil"", ""Der Wind im Weltall"", ""Das Licht der Sonne""]","Newton erkannte, dass dieselbe Kraft den Apfel fallen lässt und den Mond festhält. Ohne sie würde der Mond davonfliegen.",Die Schwerkraft hält den Mond bei der Erde.,Isaac Newton,,ok
g_neuzeit,1,In was zerlegte Newton weisses Licht mit einem Glasprisma?,"[""In die Farben des Regenbogens"", ""In Wärme und Kälte"", ""In kleine Steine"", ""In Wasser und Luft""]",Newton liess Sonnenlicht durch ein Prisma fallen. Dahinter erschienen alle Farben des Regenbogens.,Weisses Licht besteht aus allen Regenbogenfarben.,Isaac Newton,,ok
g_neuzeit,1,Welche Masseinheit wurde nach Isaac Newton benannt?,"[""Die Einheit für Kraft"", ""Die Einheit für Länge"", ""Die Einheit für Zeit"", ""Die Einheit für Wärme""]",Kraft misst man in Newton. So ehrt man den grossen Forscher.,Kraft wird in Newton gemessen.,Isaac Newton,,ok
g_neuzeit,1,Welches Fernrohr baute Newton mit einem Spiegel statt mit Glaslinsen?,"[""Ein Spiegelteleskop"", ""Ein Periskop"", ""Eine Lupe"", ""Einen Feldstecher""]",Newton baute um 1668 ein Fernrohr mit einem gebogenen Spiegel. Grosse Teleskope arbeiten noch heute so.,Newton baute ein Spiegelteleskop.,Isaac Newton,,ok
g_neuzeit,1,Warum kann ein Astronaut auf dem Mond viel höher springen als auf der Erde?,"[""Die Schwerkraft ist dort kleiner"", ""Er hat dort mehr Muskeln"", ""Der Mond ist weich"", ""Dort weht starker Wind""]",Der Mond ist viel kleiner als die Erde und zieht schwächer. Darum wiegt man dort weniger.,Auf dem Mond ist die Schwerkraft kleiner.,Isaac Newton,,ok
g_neuzeit,1,Was beschrieb Johannes Kepler mit seinen berühmten Gesetzen?,"[""Die Bahnen der Planeten"", ""Die Farben des Lichts"", ""Das Wachstum der Pflanzen"", ""Die Höhe der Berge""]","Kepler rechnete genau aus, wie die Planeten um die Sonne laufen. Seine Gesetze gelten bis heute.",Kepler beschrieb die Bahnen der Planeten.,Johannes Kepler,,ok
g_neuzeit,1,Welche Form haben die Bahnen der Planeten laut Kepler?,"[""Eine Ellipse"", ""Ein Quadrat"", ""Ein Dreieck"", ""Eine Zickzacklinie""]",Eine Ellipse ist ein leicht in die Länge gezogener Kreis. Die Sonne liegt nicht genau in der Mitte.,Planeten laufen auf Ellipsen um die Sonne.,Johannes Kepler,,ok
g_neuzeit,1,Aus welchem Land stammte Johannes Kepler?,"[""Deutschland"", ""Frankreich"", ""England"", ""Polen""]",Kepler wurde 1571 in Weil der Stadt in Württemberg geboren. Das liegt im heutigen Deutschland.,Johannes Kepler stammte aus Deutschland.,Johannes Kepler,,ok
g_neuzeit,1,Mit welchem Sternforscher aus Dänemark arbeitete Kepler in Prag zusammen?,"[""Tycho Brahe"", ""Isaac Newton"", ""Galileo Galilei"", ""Albert Einstein""]",Tycho Brahe hatte die Planeten sehr genau beobachtet. Kepler nutzte seine Messungen für seine Gesetze.,Kepler arbeitete mit Tycho Brahe zusammen.,Johannes Kepler,,ok
g_neuzeit,1,"Was suchte das Weltraumteleskop, das nach Kepler benannt wurde?","[""Planeten bei anderen Sternen"", ""Wasser auf dem Mond"", ""Neue Kometen"", ""Verlorene Satelliten""]","Das Weltraumteleskop Kepler startete 2009. Es fand tausende Planeten, die um fremde Sterne kreisen.",Das Teleskop Kepler suchte Planeten bei fremden Sternen.,Johannes Kepler,,ok
g_neuzeit,1,"Was verbesserte Kepler, damit man den Himmel besser beobachten konnte?","[""Das Fernrohr"", ""Die Taschenuhr"", ""Den Kompass"", ""Die Landkarte""]",Kepler schlug ein Fernrohr mit zwei gewölbten Linsen vor. Es zeigt ein grösseres Bild als das ältere Fernrohr.,Kepler verbesserte das Fernrohr.,Johannes Kepler,,ok
g_neuzeit,1,Wann bewegt sich ein Planet laut Kepler am schnellsten?,"[""Wenn er nahe an der Sonne ist"", ""Wenn er weit weg von der Sonne ist"", ""Wenn es auf der Erde Nacht ist"", ""Wenn der Mond voll ist""]","Kepler fand heraus, dass Planeten nahe der Sonne schneller laufen. Weiter weg werden sie langsamer.",Nahe an der Sonne sind Planeten schneller.,Johannes Kepler,,ok
g_neuzeit,1,"Wovon handelt die Geschichte «Somnium», die Kepler schrieb?","[""Von einer Reise zum Mond"", ""Von einem Drachen"", ""Von einer Schifffahrt"", ""Von einem Ritter""]",In «Somnium» (lateinisch für Traum) beschreibt Kepler eine Reise zum Mond. Man zählt sie zu den frühen Geschichten über das Weltall.,Kepler schrieb eine Geschichte über eine Reise zum Mond.,Johannes Kepler,,ok
g_neuzeit,1,"Welches Tier malte Albrecht Dürer 1502 so echt, dass man jedes Haar sieht?","[""Einen Feldhasen"", ""Einen Bären"", ""Einen Fuchs"", ""Einen Hirsch""]",Das Bild heisst «Feldhase». Es ist eines der berühmtesten Tierbilder der Welt.,Dürer malte einen sehr echten Feldhasen.,Albrecht Dürer,,ok
g_neuzeit,1,Welche berühmte Zeichnung von Dürer zeigt zwei Hände?,"[""Betende Hände"", ""Winkende Hände"", ""Klatschende Hände"", ""Malende Hände""]",Die «Betenden Hände» sind eine Zeichnung von Dürer. Man findet sie heute auf vielen Karten und Bildern.,Dürer zeichnete die Betenden Hände.,Albrecht Dürer,,ok
g_neuzeit,1,Wen malte Dürer als einer der ersten Künstler immer wieder?,"[""Sich selbst"", ""Den Kaiser"", ""Seinen Hund"", ""Den Papst""]",Dürer malte mehrere Selbstbildnisse. Das war damals etwas Neues.,Dürer malte viele Bilder von sich selbst.,Albrecht Dürer,,ok
g_neuzeit,1,Mit welcher Technik konnte Dürer ein Bild viele Male drucken?,"[""Holzschnitt"", ""Ölmalerei"", ""Fotografie"", ""Wasserfarben""]",Beim Holzschnitt schnitzt man das Bild in eine Holzplatte. Danach kann man es immer wieder auf Papier drucken.,Mit dem Holzschnitt kann man Bilder oft drucken.,Albrecht Dürer,,ok
g_neuzeit,1,"Welches Tier zeichnete Dürer 1515, obwohl er es nie selbst gesehen hatte?","[""Ein Nashorn"", ""Ein Krokodil"", ""Ein Kamel"", ""Einen Löwen""]",Dürer hatte nur eine Beschreibung und eine Skizze. Sein Nashorn trägt darum eine Art Panzer.,"Dürer zeichnete ein Nashorn, ohne je eines gesehen zu haben.",Albrecht Dürer,,ok
g_neuzeit,1,"In welches Land reiste Dürer, um die neue Kunst der Renaissance kennenzulernen?","[""Italien"", ""Schweden"", ""Russland"", ""Irland""]",Dürer reiste über die Alpen nach Venedig. Dort lernte er viel von den italienischen Malern.,Dürer lernte die Renaissance in Italien kennen.,Albrecht Dürer,,ok
g_neuzeit,1,In welcher Schweizer Stadt arbeitete der junge Dürer um 1492?,"[""Basel"", ""Lugano"", ""Chur"", ""Sitten""]",Als junger Geselle war Dürer auf Wanderschaft. In Basel schuf er Bilder für gedruckte Bücher.,Der junge Dürer arbeitete in Basel.,Albrecht Dürer,,ok
g_neuzeit,1,Mit welchen zwei Buchstaben signierte Dürer seine Werke?,"[""AD"", ""DA"", ""AB"", ""MD""]",Dürer setzte ein grosses A mit einem kleinen D darunter auf seine Bilder. Das ist sein Zeichen.,Dürer unterschrieb mit den Buchstaben AD.,Albrecht Dürer,,ok
g_neuzeit,1,Mit welchem Gerät entdeckte Antoni van Leeuwenhoek winzige Lebewesen?,"[""Mit einem Mikroskop"", ""Mit einem Fernrohr"", ""Mit einer Brille"", ""Mit einem Spiegel""]","Leeuwenhoek baute selbst kleine Mikroskope. Damit sah er Dinge, die man mit blossem Auge nicht sieht.",Leeuwenhoek forschte mit dem Mikroskop.,Antoni van Leeuwenhoek,,ok
g_neuzeit,1,Aus welchem Land stammte Leeuwenhoek?,"[""Niederlande"", ""Österreich"", ""Italien"", ""Ungarn""]",Leeuwenhoek lebte in der Stadt Delft. Sie liegt in den Niederlanden.,Leeuwenhoek war ein Niederländer.,Antoni van Leeuwenhoek,,ok
g_neuzeit,1,"Was sah Leeuwenhoek, als er einen Wassertropfen unter dem Mikroskop betrachtete?","[""Winzige Lebewesen"", ""Kleine Fische"", ""Goldkörner"", ""Nichts als Wasser""]",Im Tropfen schwammen viele winzige Tierchen. Er nannte sie «kleine Tierchen».,In einem Wassertropfen leben winzige Lebewesen.,Antoni van Leeuwenhoek,,ok
g_neuzeit,1,"Welchen Beruf hatte Leeuwenhoek, bevor er berühmt wurde?","[""Tuchhändler"", ""Arzt"", ""Kapitän"", ""Lehrer""]","Leeuwenhoek verkaufte Stoffe. Mit Lupen prüfte er die Fäden, so kam er zum Mikroskop.",Leeuwenhoek war ursprünglich Tuchhändler.,Antoni van Leeuwenhoek,,ok
g_neuzeit,1,Was macht ein Mikroskop?,"[""Es zeigt kleine Dinge gross"", ""Es zeigt ferne Dinge nah"", ""Es misst die Zeit"", ""Es zeigt die Richtung""]",Ein Mikroskop vergrössert sehr kleine Dinge. So kann man sie genau anschauen.,Ein Mikroskop vergrössert winzige Dinge.,Antoni van Leeuwenhoek,,ok
g_neuzeit,1,Was fand Leeuwenhoek im Belag seiner Zähne?,"[""Bakterien"", ""Sand"", ""Zucker"", ""Haare""]","Er kratzte Belag von den Zähnen und sah winzige Lebewesen. Heute wissen wir, dass es Bakterien waren.",Im Zahnbelag leben Bakterien.,Antoni van Leeuwenhoek,,ok
g_neuzeit,1,Wie viele Linsen hatten die meisten Mikroskope von Leeuwenhoek?,"[""Eine einzige"", ""Zwei"", ""Fünf"", ""Zehn""]","Seine Mikroskope hatten meist nur eine winzige, sehr gut geschliffene Linse. Trotzdem vergrösserten manche über 200-mal.",Leeuwenhoeks Mikroskope hatten nur eine Linse.,Antoni van Leeuwenhoek,,ok
g_neuzeit,1,Was beobachtete Leeuwenhoek im Blut?,"[""Rote Blutkörperchen"", ""Kleine Steine"", ""Luftblasen"", ""Salzkristalle""]",Leeuwenhoek beschrieb die roten Blutkörperchen sehr genau. Sie geben dem Blut die rote Farbe.,Im Blut schwimmen rote Blutkörperchen.,Antoni van Leeuwenhoek,,ok
g_neuzeit,1,In welche Sprache übersetzte Martin Luther die Bibel?,"[""Deutsch"", ""Latein"", ""Französisch"", ""Englisch""]","Vorher gab es die Bibel in der Kirche meist auf Latein. Luther wollte, dass alle sie lesen konnten.",Luther übersetzte die Bibel ins Deutsche.,Martin Luther,,ok
g_neuzeit,1,Welcher Maler schuf mit seiner Werkstatt Bilder für Luthers Neues Testament?,"[""Lucas Cranach"", ""Leonardo da Vinci"", ""Michelangelo"", ""Raffael""]",Lucas Cranach war ein Freund Luthers. Seine Werkstatt schuf die Bilder für Luthers Bibel.,Lucas Cranach machte Bilder für Luthers Bibel.,Martin Luther,,ok
g_neuzeit,1,Aus welcher Sprache übersetzte Luther das Neue Testament?,"[""Griechisch"", ""Arabisch"", ""Chinesisch"", ""Spanisch""]",Das Neue Testament wurde ursprünglich auf Griechisch geschrieben. Luther übersetzte aus diesem Text.,Luther übersetzte das Neue Testament aus dem Griechischen.,Martin Luther,,ok
g_neuzeit,1,Wie lange brauchte Luther ungefähr für die Übersetzung des Neuen Testaments?,"[""Etwa elf Wochen"", ""Etwa elf Tage"", ""Etwa elf Jahre"", ""Etwa elf Stunden""]",Luther arbeitete sehr schnell und war nach rund elf Wochen fertig. Für die ganze Bibel brauchte er mit Helfern viele Jahre.,Luther übersetzte das Neue Testament in rund elf Wochen.,Martin Luther,,ok
g_neuzeit,1,"Wie wollte Luther übersetzen, damit ihn alle verstehen?","[""So, wie die Leute sprechen"", ""In feiner Gelehrtensprache"", ""Nur mit Bildern"", ""In Reimen und Liedern""]","Luther sagte, man müsse dem Volk «aufs Maul schauen». Er wählte Wörter, die alle kannten.",Luther übersetzte in der Sprache des Volkes.,Martin Luther,,ok
g_neuzeit,1,Unter welchem falschen Namen lebte Luther versteckt auf der Burg?,"[""Junker Jörg"", ""Ritter Hans"", ""Bruder Franz"", ""Graf Karl""]",Luther liess sich Haare und Bart wachsen. Als «Junker Jörg» erkannte ihn niemand.,Luther versteckte sich als Junker Jörg.,Martin Luther,,ok
g_neuzeit,1,Was soll Luther der Legende nach auf der Burg nach dem Teufel geworfen haben?,"[""Ein Tintenfass"", ""Einen Stein"", ""Einen Schuh"", ""Ein Buch""]","So erzählt es eine alte Sage. Wahrscheinlich ist die Geschichte erfunden, aber sie ist sehr bekannt.",Der Sage nach warf Luther ein Tintenfass nach dem Teufel.,Martin Luther,,ok
g_neuzeit,1,Welcher Reformator gab in Zürich ebenfalls eine Bibel auf Deutsch heraus?,"[""Huldrych Zwingli"", ""Wilhelm Tell"", ""Henri Dunant"", ""Niklaus von Flüe""]",In Zürich erschien 1531 die ganze Bibel auf Deutsch. Zwingli und seine Helfer hatten sie übersetzt.,Zwingli gab in Zürich eine deutsche Bibel heraus.,Martin Luther,,ok
g_neuzeit,1,Wer gilt als Erfinder der Taschenuhr?,"[""Peter Henlein"", ""Isaac Newton"", ""Albrecht Dürer"", ""Johannes Gutenberg""]","Der Schlosser Peter Henlein baute um 1510 kleine Uhren, die man mitnehmen konnte. Darum gilt er als Erfinder der Taschenuhr.",Peter Henlein gilt als Erfinder der Taschenuhr.,Taschenuhr,,ok
g_neuzeit,1,Welchen Spitznamen haben frühe Taschenuhren aus Nürnberg?,"[""Nürnberger Ei"", ""Berner Apfel"", ""Basler Kugel"", ""Wiener Nuss""]",Frühe kleine Uhren aus Nürnberg nennt man auch «Nürnberger Ei». Der Name kommt wohl vom alten Wort «Ührlein» für eine kleine Uhr.,Frühe Taschenuhren heissen auch Nürnberger Ei.,Taschenuhr,,ok
g_neuzeit,1,"Woran befestigte man eine Taschenuhr, damit sie nicht verloren ging?","[""An einer Kette"", ""An einem Gummiband"", ""An einem Schnürsenkel"", ""An einem Klebstreifen""]",Die Uhr steckte in der Westentasche. Eine Kette verband sie mit der Kleidung.,Eine Taschenuhr hängt oft an einer Kette.,Taschenuhr,,ok
g_neuzeit,1,Was treibt eine mechanische Taschenuhr an?,"[""Eine gespannte Feder"", ""Eine Batterie"", ""Sonnenlicht"", ""Fliessendes Wasser""]","In der Uhr steckt eine Feder, die man spannt. Beim Entspannen bewegt sie die Zeiger.",Eine Feder treibt die mechanische Uhr an.,Taschenuhr,,ok
g_neuzeit,1,"Was musste man bei einer alten Taschenuhr regelmässig tun, damit sie weiterlief?","[""Sie aufziehen"", ""Sie schütteln"", ""Sie waschen"", ""Sie aufladen""]","Beim Aufziehen dreht man an einem kleinen Rädchen, der Krone. Sonst bleibt die Uhr nach einiger Zeit stehen.",Eine alte Taschenuhr muss man aufziehen.,Taschenuhr,,ok
g_neuzeit,1,Welche zwei Städte im Kanton Neuenburg gehören wegen der Uhrmacherei zum Welterbe?,"[""La Chaux-de-Fonds und Le Locle"", ""Genf und Lausanne"", ""Bern und Thun"", ""Basel und Liestal""]",Die beiden Städte wurden ganz für die Uhrmacher gebaut. Seit 2009 sind sie UNESCO-Welterbe.,La Chaux-de-Fonds und Le Locle sind Uhrmacherstädte.,Taschenuhr,,ok
g_neuzeit,1,In welcher Gegend der Schweiz gibt es seit langem besonders viele Uhrmacher?,"[""Im Jura"", ""Im Engadin"", ""Im Tessin"", ""Im Emmental""]",Im Jurabogen von Genf bis Basel entstanden viele Uhrenwerkstätten. Schweizer Uhren sind weltbekannt.,Im Jura gibt es viele Uhrmacher.,Taschenuhr,,ok
g_neuzeit,1,Welche Uhr verdrängte die Taschenuhr später?,"[""Die Armbanduhr"", ""Die Sonnenuhr"", ""Die Sanduhr"", ""Die Kirchturmuhr""]",Im 20. Jahrhundert trugen immer mehr Leute die Uhr am Handgelenk. Das war praktischer als in der Tasche.,Die Armbanduhr löste die Taschenuhr ab.,Taschenuhr,,ok
g_neuzeit,1,Aus welchem Land stammte William Shakespeare?,"[""England"", ""Schottland"", ""Irland"", ""Frankreich""]",Shakespeare war ein englischer Dichter. Er lebte und arbeitete vor allem in London.,William Shakespeare war Engländer.,William Shakespeare,,ok
g_neuzeit,1,In welchem Städtchen wurde Shakespeare geboren?,"[""Stratford-upon-Avon"", ""Oxford"", ""Dover"", ""Edinburgh""]",Shakespeare kam 1564 in Stratford-upon-Avon zur Welt. Sein Geburtshaus kann man heute besuchen.,Shakespeare wurde in Stratford-upon-Avon geboren.,William Shakespeare,,ok
g_neuzeit,1,Welches Stück von Shakespeare erzählt von einem jungen Liebespaar aus Verona?,"[""Romeo und Julia"", ""Hamlet"", ""Macbeth"", ""Othello""]","Romeo und Julia lieben sich, aber ihre Familien sind verfeindet. Die Geschichte ist sehr traurig.",Romeo und Julia ist ein Stück von Shakespeare.,William Shakespeare,,ok
g_neuzeit,1,"Wie hiess das berühmte runde Theater in London, in dem Shakespeares Stücke gespielt wurden?","[""Globe"", ""Colosseum"", ""Opera"", ""Arena""]",Das Globe Theatre war ein rundes Holztheater. Ein Nachbau steht heute wieder in London.,Shakespeares Stücke liefen im Globe Theatre.,William Shakespeare,,ok
g_neuzeit,1,Was schrieb Shakespeare vor allem?,"[""Theaterstücke"", ""Kochbücher"", ""Landkarten"", ""Zeitungen""]","Shakespeare schrieb Komödien, Tragödien und Gedichte. Seine Theaterstücke werden auf der ganzen Welt gespielt.",Shakespeare schrieb vor allem Theaterstücke.,William Shakespeare,,ok
g_neuzeit,1,Aus welchem Stück stammt der Satz «Sein oder Nichtsein»?,"[""Hamlet"", ""Romeo und Julia"", ""Der Sturm"", ""König Lear""]","Prinz Hamlet spricht diesen Satz, als er nachdenkt. Er gehört zu den bekanntesten Sätzen der Welt.",Der Satz «Sein oder Nichtsein» stammt aus Hamlet.,William Shakespeare,,ok
g_neuzeit,1,In welchem Stück von Shakespeare treiben Elfen in einem Zauberwald Schabernack?,"[""Ein Sommernachtstraum"", ""Macbeth"", ""Hamlet"", ""Othello""]",Im «Sommernachtstraum» spielen Elfen und ein Kobold namens Puck. Es ist eine lustige Komödie.,Im Sommernachtstraum kommen Elfen vor.,William Shakespeare,,ok
g_neuzeit,1,Wer spielte zu Shakespeares Zeit die Frauenrollen im Theater?,"[""Junge Männer und Knaben"", ""Nur Mädchen"", ""Puppen"", ""Niemand""]",Frauen durften damals in England nicht auf der Bühne spielen. Darum übernahmen Knaben die Frauenrollen.,Zu Shakespeares Zeit spielten Knaben die Frauenrollen.,William Shakespeare,,ok
g_neuzeit,1,In welcher italienischen Stadt wurde der Maler Raffael geboren?,"[""Urbino"", ""Venedig"", ""Neapel"", ""Mailand""]",Raffael kam 1483 in Urbino zur Welt. Die Stadt liegt in Mittelitalien.,Raffael wurde in Urbino geboren.,Raffael,,ok
g_neuzeit,1,Welches berühmte Wandbild von Raffael zeigt viele Gelehrte der alten Griechen?,"[""Die Schule von Athen"", ""Das Abendmahl"", ""Die Geburt der Venus"", ""Die Nachtwache""]",Auf dem Bild stehen Denker wie Platon und Aristoteles in einer grossen Halle. Es ist eines der berühmtesten Wandbilder der Welt.,Raffael malte die Schule von Athen.,Raffael,,ok
g_neuzeit,1,Was sieht man ganz unten auf Raffaels Bild «Sixtinische Madonna»?,"[""Zwei kleine Engel"", ""Zwei Hunde"", ""Zwei Ritter"", ""Zwei Boote""]",Die zwei nachdenklichen Engelchen sind weltberühmt. Man findet sie auf vielen Postkarten.,Auf der Sixtinischen Madonna sitzen unten zwei Engel.,Raffael,,ok
g_neuzeit,1,Was malte Raffael besonders oft?,"[""Maria mit dem Kind"", ""Schiffe auf dem Meer"", ""Pferderennen"", ""Berge und Gletscher""]","Raffael malte viele Madonnen, also Bilder von Maria mit dem Jesuskind. Sie wirken sanft und freundlich.",Raffael malte viele Bilder von Maria mit dem Kind.,Raffael,,ok
g_neuzeit,1,Wie alt wurde Raffael?,"[""37 Jahre"", ""17 Jahre"", ""67 Jahre"", ""97 Jahre""]",Raffael lebte von 1483 bis 1520. Er starb also schon mit 37 Jahren.,Raffael wurde nur 37 Jahre alt.,Raffael,,ok
g_neuzeit,1,Für wen malte Raffael prächtige Räume im Vatikan aus?,"[""Für den Papst"", ""Für einen Bauern"", ""Für den Sultan"", ""Für einen Händler""]",Der Papst holte Raffael nach Rom. Die Räume heissen heute «Stanzen des Raffael».,Raffael malte Räume für den Papst aus.,Raffael,,ok
g_neuzeit,1,Welche zwei Künstler zählt man mit Raffael zu den grössten Malern der Hochrenaissance?,"[""Leonardo und Michelangelo"", ""Dürer und Holbein"", ""Rembrandt und Rubens"", ""Monet und Picasso""]","Leonardo da Vinci, Michelangelo und Raffael lebten zur gleichen Zeit. Alle drei arbeiteten in Italien.","Raffael, Leonardo und Michelangelo sind grosse Meister.",Raffael,,ok
g_neuzeit,1,Welchen Beruf hatte Raffaels Vater?,"[""Maler"", ""Schuhmacher"", ""Fischer"", ""Soldat""]",Sein Vater Giovanni Santi war Maler und Dichter. Von ihm lernte Raffael schon früh.,Raffaels Vater war auch Maler.,Raffael,,ok
g_neuzeit,1,Was bedeutet das Wort «Renaissance»?,"[""Wiedergeburt"", ""Neue Erde"", ""Grosse Reise"", ""Helles Licht""]",Das Wort kommt aus dem Französischen. Man meint damit eine Wiedergeburt des alten Wissens.,Renaissance heisst Wiedergeburt.,Renaissance,,ok
g_neuzeit,1,Welche alte Kunst bewunderten die Menschen in der Renaissance wieder?,"[""Die Kunst der alten Griechen und Römer"", ""Die Dinosaurier"", ""Die Steinzeit"", ""Die Ritterburgen""]",Man bewunderte wieder die Werke der Antike. Künstler und Gelehrte lernten von den alten Griechen und Römern.,In der Renaissance lebte die Kunst der Antike wieder auf.,Renaissance,,ok
g_neuzeit,1,"Welche Erfindung half um 1450, neues Wissen schnell zu verbreiten?","[""Der Buchdruck"", ""Das Telefon"", ""Das Radio"", ""Die Eisenbahn""]",Johannes Gutenberg erfand um 1450 den Buchdruck mit beweglichen Buchstaben. Nun konnte man Bücher viel schneller herstellen.,Der Buchdruck verbreitete Wissen schnell.,Renaissance,,ok
g_neuzeit,1,Welche reiche Bankiersfamilie förderte in der Renaissance viele Künstler?,"[""Die Medici"", ""Die Habsburger"", ""Die Tudors"", ""Die Romanows""]",Die Medici waren sehr reiche Bankiers. Sie gaben Künstlern Aufträge und Geld.,Die Medici förderten viele Künstler.,Renaissance,,ok
g_neuzeit,1,Wer malte das berühmte Bild «Mona Lisa»?,"[""Leonardo da Vinci"", ""Raffael"", ""Michelangelo"", ""Albrecht Dürer""]","Leonardo da Vinci war Maler, Erfinder und Forscher. Die Mona Lisa hängt heute im Louvre in Paris.",Leonardo da Vinci malte die Mona Lisa.,Renaissance,,ok
g_neuzeit,1,In welcher Zeit etwa war die Renaissance?,"[""Etwa 1400 bis 1600"", ""Etwa 400 bis 600"", ""Etwa 1800 bis 2000"", ""Etwa 100 bis 300""]",Die Renaissance dauerte ungefähr vom 15. bis ins 16. Jahrhundert. Das sind rund 200 Jahre.,Die Renaissance war ungefähr von 1400 bis 1600.,Renaissance,,ok
g_neuzeit,1,"Was lernten Maler der Renaissance, damit ihre Bilder räumlich und tief wirken?","[""Die Perspektive"", ""Das Stricken"", ""Das Fotografieren"", ""Das Töpfern""]",Mit der Perspektive werden Dinge weiter hinten kleiner gemalt. So sieht ein flaches Bild tief aus.,Die Perspektive macht Bilder räumlich.,Renaissance,,ok
g_neuzeit,1,Welche Zeit kam direkt vor der Renaissance?,"[""Das Mittelalter"", ""Die Steinzeit"", ""Die Antike"", ""Die Moderne""]",Vor der Renaissance war das Mittelalter. Mit der Renaissance beginnt die Neuzeit.,Vor der Renaissance war das Mittelalter.,Renaissance,,ok
g_neuzeit,1,Welcher berühmte Renaissance-Maler arbeitete lange in Basel?,"[""Hans Holbein der Jüngere"", ""Leonardo da Vinci"", ""Sandro Botticelli"", ""Tizian""]",Holbein malte in Basel Bildnisse und Altarbilder. Viele seiner Werke hängen heute im Kunstmuseum Basel.,Hans Holbein der Jüngere arbeitete in Basel.,Renaissance,,ok
g_neuzeit,1,Über welches Land herrschte Ludwig XIV.?,"[""Frankreich"", ""Spanien"", ""England"", ""Italien""]",Ludwig XIV. war König von Frankreich. Er gehörte zur Familie der Bourbonen.,Ludwig XIV. war König von Frankreich.,Ludwig XIV.,,ok
g_neuzeit,1,Wer bestimmte in Frankreich unter Ludwig XIV. fast alles allein?,"[""Der König"", ""Das Volk"", ""Die Bauern"", ""Die Kinder""]",Ludwig XIV. regierte als absoluter Herrscher. Er traf die wichtigen Entscheidungen allein und niemand durfte ihm widersprechen.,Ludwig XIV. herrschte fast ganz allein über Frankreich.,Ludwig XIV.,,ok
g_neuzeit,1,In welchem Land steht das Schloss Versailles?,"[""Frankreich"", ""Österreich"", ""Deutschland"", ""Spanien""]",Das Schloss Versailles steht in Frankreich. Es ist eines der berühmtesten Schlösser der Welt.,Das Schloss Versailles steht in Frankreich.,Schloss Versailles,,ok
g_neuzeit,1,Was liegt rund um das Schloss Versailles?,"[""Ein riesiger Park mit Brunnen"", ""Ein grosser Hafen"", ""Ein tiefes Bergwerk"", ""Ein dichter Urwald""]","Hinter dem Schloss liegt ein riesiger Garten mit Wegen, Teichen und vielen Springbrunnen. Er wurde sehr ordentlich und gerade angelegt.",Um Versailles liegt ein grosser Park mit vielen Brunnen.,Schloss Versailles,,ok
g_neuzeit,1,Wer wohnte ausser der Königsfamilie im Schloss Versailles?,"[""Viele Adlige und Diener"", ""Nur Soldaten"", ""Nur Mönche"", ""Niemand sonst""]","Ludwig XIV. holte viele Adlige an seinen Hof nach Versailles. Dazu kamen Tausende Diener, Köche und Handwerker.",Am Hof von Versailles lebten viele Adlige und Diener.,Schloss Versailles,,ok
g_neuzeit,1,Was trugen vornehme Männer am Hof von Ludwig XIV. auf dem Kopf?,"[""Grosse Lockenperücken"", ""Eiserne Helme"", ""Strohhüte"", ""Wollmützen""]","Am Hof trugen vornehme Männer lange, lockige Perücken. Das war die grosse Mode der Zeit.",Vornehme Männer trugen damals grosse Lockenperücken.,Perücke,,ok
g_neuzeit,1,Womit machte man Perücken oft weiss?,"[""Mit Puder"", ""Mit Schnee"", ""Mit Zucker"", ""Mit Seife""]","Perücken wurden mit Puder bestäubt, oft aus Stärke oder Mehl. So wurden sie weiss oder grau.",Man puderte die Perücken weiss.,Perücke,,ok
g_neuzeit,1,"Was zeigte eine grosse, teure Perücke den anderen Leuten?","[""Dass jemand reich und vornehm war"", ""Dass jemand krank war"", ""Dass jemand Soldat war"", ""Dass jemand Geburtstag hatte""]","Grosse Perücken waren teuer und aufwendig. Wer eine trug, zeigte damit, dass er reich und wichtig war.",Eine grosse Perücke zeigte Reichtum.,Perücke,,ok
g_neuzeit,1,Was ist ein Reifrock?,"[""Ein weiter Rock mit Reifen darunter"", ""Eine enge Hose"", ""Ein dicker Wintermantel"", ""Ein Schuh mit Absatz""]",Unter einem Reifrock sind runde Reifen eingenäht. Dadurch steht der Rock weit vom Körper ab.,Ein Reifrock ist ein weiter Rock mit Reifen.,Reifrock,,ok
g_neuzeit,1,Was trugen vornehme Damen unter dem Kleid eng um den Oberkörper?,"[""Ein Korsett"", ""Einen Rucksack"", ""Einen Schwimmring"", ""Einen Schal""]",Ein Korsett wurde eng geschnürt. So sah die Taille besonders schmal aus.,Ein Korsett machte die Taille schmal.,Reifrock,,ok
g_neuzeit,1,Welche Farbe hatten die Absätze an den Schuhen von Ludwig XIV.?,"[""Rot"", ""Grün"", ""Blau"", ""Gelb""]","Ludwig XIV. trug Schuhe mit roten Absätzen. Nur er und Adlige, denen er es erlaubte, durften solche Schuhe tragen.",Ludwig XIV. trug Schuhe mit roten Absätzen.,Ludwig XIV.,,ok
g_neuzeit,1,In welchem heutigen Land liegt Mozarts Geburtsstadt?,"[""Österreich"", ""Schweiz"", ""Italien"", ""Frankreich""]",Salzburg liegt heute in Österreich. Deshalb gilt Mozart als berühmter österreichischer Komponist.,Mozarts Geburtsstadt liegt in Österreich.,Wolfgang Amadeus Mozart,,ok
g_neuzeit,1,"Wie alt war Mozart ungefähr, als er seine ersten Musikstücke schrieb?","[""5 Jahre"", ""15 Jahre"", ""25 Jahre"", ""40 Jahre""]",Mozart schrieb schon mit etwa 5 Jahren kleine Stücke. Man nennt ihn deshalb ein Wunderkind.,Mozart war ein musikalisches Wunderkind.,Wolfgang Amadeus Mozart,,ok
g_neuzeit,1,"Wie nannte man Mozarts ältere Schwester, die mit ihm musizierte?","[""Nannerl"", ""Gretel"", ""Heidi"", ""Lotte""]",Seine Schwester Maria Anna wurde Nannerl genannt. Die beiden Kinder spielten zusammen vor Königen und Fürsten.,Mozarts Schwester Nannerl spielte mit ihm Musik.,Wolfgang Amadeus Mozart,,ok
g_neuzeit,1,Wer war Mozarts Vater und erster Musiklehrer?,"[""Leopold Mozart"", ""Joseph Haydn"", ""Johann Strauss"", ""Franz Schubert""]",Leopold Mozart war selbst Musiker. Er unterrichtete seine Kinder und reiste mit ihnen durch Europa.,Leopold Mozart war der Vater und Lehrer von Wolfgang.,Wolfgang Amadeus Mozart,,ok
g_neuzeit,1,Welche Schweizer Stadt besuchte der junge Mozart 1766 auf einer Reise?,"[""Zürich"", ""Lugano"", ""Chur"", ""Sitten""]",Auf der Heimreise kam die Familie Mozart 1766 auch durch die Schweiz. Sie gab zum Beispiel in Zürich Konzerte.,Der junge Mozart gab 1766 Konzerte in Zürich.,Wolfgang Amadeus Mozart,,ok
g_neuzeit,1,Welches bekannte Musikstück stammt von Mozart?,"[""Eine kleine Nachtmusik"", ""Für Elise"", ""Die vier Jahreszeiten"", ""Stille Nacht""]",«Eine kleine Nachtmusik» schrieb Mozart 1787. Die fröhliche Melodie kennen viele Menschen.,«Eine kleine Nachtmusik» ist von Mozart.,Wolfgang Amadeus Mozart,,ok
g_neuzeit,1,Aus welchem heutigen Land stammte Johann Sebastian Bach?,"[""Deutschland"", ""Frankreich"", ""England"", ""Schweden""]","Bach wurde in Eisenach geboren, einer Stadt im heutigen Deutschland. Er lebte und arbeitete sein ganzes Leben in deutschen Ländern.",Johann Sebastian Bach war ein deutscher Komponist.,Johann Sebastian Bach,,ok
g_neuzeit,1,Für welches grosse Instrument in der Kirche ist Bach besonders berühmt?,"[""Orgel"", ""Harfe"", ""Trompete"", ""Pauke""]",Bach war ein grossartiger Orgelspieler. Er schrieb viele Stücke für die Orgel in der Kirche.,Bach spielte meisterhaft Orgel.,Johann Sebastian Bach,,ok
g_neuzeit,1,Wie viele Kinder hatte Johann Sebastian Bach ungefähr?,"[""20"", ""2"", ""6"", ""50""]",Bach hatte mit seinen zwei Ehefrauen 20 Kinder. Viele davon starben aber schon als Babys.,Bach hatte rund 20 Kinder.,Johann Sebastian Bach,,ok
g_neuzeit,1,In welcher Stadt arbeitete Bach lange als Kantor der Thomaskirche?,"[""Leipzig"", ""München"", ""Hamburg"", ""Basel""]",Ab 1723 war Bach Thomaskantor in Leipzig. Er leitete dort den Knabenchor und schrieb Musik für die Gottesdienste.,Bach war Thomaskantor in Leipzig.,Johann Sebastian Bach,,ok
g_neuzeit,1,Welches berühmte Werk für die Weihnachtszeit schrieb Bach?,"[""Das Weihnachtsoratorium"", ""Stille Nacht"", ""O Tannenbaum"", ""Jingle Bells""]",Das Weihnachtsoratorium erzählt mit Musik die Geschichte von Jesu Geburt. Bach schrieb es 1734.,Bach schrieb das Weihnachtsoratorium.,Johann Sebastian Bach,,ok
g_neuzeit,1,In welchem Jahr wurde Johann Sebastian Bach geboren?,"[""1685"", ""1485"", ""1885"", ""1985""]",Bach kam am 21. März 1685 zur Welt. Er lebte also vor über 300 Jahren.,Johann Sebastian Bach wurde 1685 geboren.,Johann Sebastian Bach,,ok
g_neuzeit,1,Welchen Beruf hatten viele Verwandte von Johann Sebastian Bach?,"[""Musiker"", ""Bäcker"", ""Fischer"", ""Bergleute""]",Die Familie Bach war eine richtige Musikerfamilie. Auch mehrere seiner Söhne wurden bekannte Komponisten.,In der Familie Bach gab es viele Musiker.,Johann Sebastian Bach,,ok
g_neuzeit,1,"Was passierte mit Beethovens Gehör, als er älter wurde?","[""Er wurde taub"", ""Er hörte besser"", ""Es blieb gleich"", ""Er hörte nur hohe Töne""]",Beethoven hörte immer schlechter und wurde schliesslich ganz taub. Trotzdem komponierte er weiter.,Beethoven wurde taub und komponierte trotzdem weiter.,Ludwig van Beethoven,,ok
g_neuzeit,1,In welcher Stadt lebte Beethoven den grössten Teil seines Lebens?,"[""Wien"", ""Bonn"", ""Rom"", ""London""]",Im Jahr 1792 zog Beethoven nach Wien. Dort blieb er bis zu seinem Tod 1827.,Beethoven lebte lange in Wien.,Ludwig van Beethoven,,ok
g_neuzeit,1,Welches berühmte Klavierstück von Beethoven trägt einen Mädchennamen?,"[""Für Elise"", ""Für Anna"", ""Für Heidi"", ""Für Clara""]",«Für Elise» ist eines der bekanntesten Klavierstücke der Welt. Viele Kinder lernen es im Klavierunterricht.,«Für Elise» ist ein Klavierstück von Beethoven.,Ludwig van Beethoven,,ok
g_neuzeit,1,Auf welchem Instrument war Beethoven ein grosser Meister?,"[""Klavier"", ""Gitarre"", ""Trompete"", ""Harfe""]",Beethoven war ein grossartiger Pianist. In Wien begeisterte er die Leute mit seinem Klavierspiel.,Beethoven spielte meisterhaft Klavier.,Ludwig van Beethoven,,ok
g_neuzeit,1,Wie viele Sinfonien hat Beethoven geschrieben?,"[""9"", ""3"", ""20"", ""100""]","Beethoven schrieb 9 Sinfonien. Die letzte, die 9. Sinfonie, ist besonders berühmt.",Beethoven schrieb neun Sinfonien.,Ludwig van Beethoven,,ok
g_neuzeit,1,"Wie konnte Beethoven komponieren, obwohl er nichts mehr hörte?","[""Er hörte die Musik im Kopf"", ""Er sang laut mit"", ""Er liess andere schreiben"", ""Er spielte nur auf der Trommel""]","Beethoven kannte die Töne so gut, dass er sie sich im Kopf vorstellen konnte. So schrieb er die Noten auf, ohne sie zu hören.",Beethoven hörte die Musik in seinem Kopf.,Ludwig van Beethoven,,ok
g_neuzeit,1,Über welches Reich herrschte Maria Theresia?,"[""Österreich"", ""Frankreich"", ""Russland"", ""England""]",Maria Theresia herrschte ab 1740 über die Länder der Habsburger mit Österreich als Kern. Sie war eine der mächtigsten Frauen ihrer Zeit.,Maria Theresia herrschte über Österreich.,Maria Theresia,,ok
g_neuzeit,1,Wie viele Kinder hatte Maria Theresia?,"[""16"", ""2"", ""5"", ""30""]",Maria Theresia bekam 16 Kinder. Viele ihrer Töchter heirateten Könige und Fürsten in ganz Europa.,Maria Theresia hatte 16 Kinder.,Maria Theresia,,ok
g_neuzeit,1,Welche Tochter von Maria Theresia wurde Königin von Frankreich?,"[""Marie Antoinette"", ""Maria Stuart"", ""Elisabeth"", ""Katharina""]",Marie Antoinette heiratete 1770 den französischen Thronfolger. Ab 1774 war sie Königin von Frankreich.,Marie Antoinette war eine Tochter von Maria Theresia.,Maria Theresia,,ok
g_neuzeit,1,Welches Schloss in Wien liess Maria Theresia zu ihrem Sommersitz ausbauen?,"[""Schloss Schönbrunn"", ""Schloss Neuschwanstein"", ""Schloss Chillon"", ""Schloss Windsor""]",Maria Theresia liess Schloss Schönbrunn prächtig umbauen. Es liegt in Wien und gehört heute zum Welterbe.,Schloss Schönbrunn war Maria Theresias Lieblingsschloss.,Maria Theresia,,ok
g_neuzeit,1,Was führte Maria Theresia 1774 für alle Kinder ein?,"[""Die Schulpflicht"", ""Die Ferien"", ""Das Taschengeld"", ""Den Fussball""]",1774 führte Maria Theresia die allgemeine Schulpflicht ein. Kinder sollten nun mindestens sechs Jahre zur Schule gehen.,Maria Theresia führte die Schulpflicht ein.,Maria Theresia,,ok
g_neuzeit,1,Zu welcher berühmten Herrscherfamilie gehörte Maria Theresia?,"[""Habsburger"", ""Bourbonen"", ""Romanows"", ""Tudors""]",Maria Theresia war eine Habsburgerin. Die Familie Habsburg stammt ursprünglich aus dem Aargau in der Schweiz.,Maria Theresia gehörte zur Familie Habsburg.,Maria Theresia,,ok
g_neuzeit,1,Welche Silbermünze mit ihrem Bild wurde nach Maria Theresia benannt?,"[""Maria-Theresien-Taler"", ""Maria-Theresien-Franken"", ""Maria-Theresien-Euro"", ""Maria-Theresien-Rappen""]","Der Maria-Theresien-Taler zeigt ihr Bild. Er war so beliebt, dass er noch lange nach ihrem Tod geprägt wurde.",Der Maria-Theresien-Taler zeigt Maria Theresia.,Maria Theresia,,ok
g_neuzeit,1,Was erfanden die Brüder Montgolfier?,"[""Den Heissluftballon"", ""Das Velo"", ""Das Telefon"", ""Die Eisenbahn""]",Die Brüder Joseph und Étienne Montgolfier bauten 1783 den ersten Heissluftballon.,Die Brüder Montgolfier erfanden den Heissluftballon.,Montgolfière,,ok
g_neuzeit,1,Aus welchem Land kamen die Brüder Montgolfier?,"[""Frankreich"", ""England"", ""Italien"", ""Schweiz""]",Die Brüder Montgolfier stammten aus Annonay in Frankreich. Dort liessen sie ihren ersten Ballon steigen.,Die Brüder Montgolfier waren Franzosen.,Montgolfière,,ok
g_neuzeit,1,Warum steigt ein Heissluftballon in die Höhe?,"[""Warme Luft ist leichter als kalte"", ""Der Wind drückt ihn hoch"", ""Ein Motor zieht ihn"", ""Er ist mit Wasser gefüllt""]",Warme Luft ist leichter als die kalte Luft draussen. Darum steigt der Ballon mit der heissen Luft nach oben.,Warme Luft steigt nach oben.,Montgolfière,,ok
g_neuzeit,1,Welche Tiere flogen 1783 als erste Passagiere in einem Heissluftballon mit?,"[""Schaf, Ente und Hahn"", ""Hund, Katze und Maus"", ""Pferd, Kuh und Ziege"", ""Affe, Hase und Gans""]","In Versailles flogen ein Schaf, eine Ente und ein Hahn im Korb mit. Alle drei überlebten den kurzen Flug.","Ein Schaf, eine Ente und ein Hahn flogen zuerst im Ballon.",Montgolfière,,ok
g_neuzeit,1,In welchem Jahr stiegen die ersten Heissluftballone der Brüder Montgolfier auf?,"[""1783"", ""1583"", ""1883"", ""1983""]",1783 liessen die Brüder ihre Ballone öffentlich aufsteigen. Im gleichen Jahr flogen auch die ersten Menschen.,Der Heissluftballon flog zum ersten Mal 1783.,Montgolfière,,ok
g_neuzeit,1,Womit verdiente die Familie Montgolfier ihr Geld?,"[""Mit einer Papierfabrik"", ""Mit einer Bäckerei"", ""Mit einem Bauernhof"", ""Mit einem Schiff""]",Die Familie besass eine Papierfabrik. Darum bauten die Brüder ihre Ballone aus Stoff und Papier.,Die Montgolfiers stellten Papier her.,Montgolfière,,ok
g_neuzeit,1,Über welcher Stadt flogen im November 1783 zum ersten Mal Menschen im Heissluftballon?,"[""Paris"", ""London"", ""Rom"", ""Bern""]",Am 21. November 1783 flogen zwei Männer über Paris. Sie waren rund 25 Minuten in der Luft.,Die ersten Menschen flogen 1783 über Paris.,Montgolfière,,ok
g_neuzeit,1,Welches Gefängnis in Paris stürmte das Volk am Anfang der Revolution?,"[""Die Bastille"", ""Den Louvre"", ""Den Eiffelturm"", ""Notre-Dame""]",Im Sommer 1789 stürmten Pariser die Bastille. Sie war ein Zeichen für die Macht des Königs.,Das Volk stürmte die Bastille.,Französische Revolution,,ok
g_neuzeit,1,An welchem Tag feiert Frankreich heute seinen Nationalfeiertag?,"[""14. Juli"", ""1. August"", ""4. Juli"", ""25. Dezember""]",Der Feiertag erinnert an den Beginn der Revolution im Jahr 1789. An diesem Tag gibt es in Frankreich Paraden und Feuerwerk.,Frankreich feiert am 14. Juli.,Französische Revolution,,ok
g_neuzeit,1,"Welcher König regierte Frankreich, als die Revolution begann?","[""Ludwig XVI."", ""Ludwig XIV."", ""Napoleon"", ""Karl der Grosse""]","Ludwig XVI. war König, als die Revolution 1789 ausbrach. Später wurde er abgesetzt und 1793 hingerichtet.",Ludwig XVI. war König zur Zeit der Revolution.,Französische Revolution,,ok
g_neuzeit,1,"Welche Farben hat die Flagge, die seit der Revolution für Frankreich steht?","[""Blau, Weiss, Rot"", ""Rot, Weiss"", ""Schwarz, Rot, Gold"", ""Grün, Weiss, Rot""]","Die französische Flagge hat drei senkrechte Streifen in Blau, Weiss und Rot. Man nennt sie Trikolore.","Die Flagge Frankreichs ist blau, weiss und rot.",Französische Revolution,,ok
g_neuzeit,1,"Wie heisst die französische Nationalhymne, die in der Revolution entstand?","[""Die Marseillaise"", ""Der Schweizerpsalm"", ""God Save the King"", ""Die Internationale""]","Die Marseillaise entstand 1792. Soldaten aus Marseille sangen sie in Paris, daher kommt der Name.",Die Marseillaise ist die Hymne Frankreichs.,Französische Revolution,,ok
g_neuzeit,1,"Welches Denkmal in Luzern erinnert an Schweizer Soldaten, die 1792 in Paris starben?","[""Das Löwendenkmal"", ""Die Kapellbrücke"", ""Der Wasserturm"", ""Das Telldenkmal""]","Schweizer Gardisten verteidigten 1792 den König in Paris, viele starben dabei. Das Löwendenkmal in Luzern erinnert an sie.",Das Löwendenkmal in Luzern erinnert an Schweizer Gardisten.,Französische Revolution,,ok
g_neuzeit,1,Über welches Land herrschte Peter der Grosse?,"[""Russland"", ""Schweden"", ""Polen"", ""Österreich""]",Peter der Grosse war ab 1682 Herrscher von Russland. Er wollte sein Land moderner machen.,Peter der Grosse herrschte über Russland.,Peter der Grosse,,ok
g_neuzeit,1,Welchen Titel trugen die russischen Herrscher wie Peter der Grosse?,"[""Zar"", ""Pharao"", ""Sultan"", ""Kalif""]",Die Herrscher Russlands nannte man Zar. Peter nahm später auch den Titel Kaiser an.,Peter der Grosse war ein russischer Zar.,Peter der Grosse,,ok
g_neuzeit,1,Welches Handwerk lernte Peter der Grosse auf einer Reise in Holland?,"[""Schiffe bauen"", ""Brot backen"", ""Schuhe nähen"", ""Uhren bauen""]","Peter arbeitete in Holland verkleidet auf einer Schiffswerft mit. Er wollte lernen, wie man gute Schiffe baut.",Peter der Grosse lernte in Holland den Schiffbau.,Peter der Grosse,,ok
g_neuzeit,1,"Was mussten russische Männer bezahlen, wenn sie unter Peter dem Grossen einen Bart tragen wollten?","[""Eine Bartsteuer"", ""Eine Hutsteuer"", ""Eine Schuhsteuer"", ""Eine Hundesteuer""]","Peter wollte, dass Russen wie Westeuropäer aussehen. Wer seinen Bart behalten wollte, musste eine Bartsteuer zahlen.",Unter Peter dem Grossen gab es eine Bartsteuer.,Peter der Grosse,,ok
g_neuzeit,1,Wie gross war Peter der Grosse ungefähr?,"[""Rund 2 Meter"", ""Rund 1,40 Meter"", ""Rund 1,60 Meter"", ""Rund 2,50 Meter""]",Peter war etwa 2 Meter gross. Er war also wirklich ein grosser Mann.,Peter der Grosse war rund zwei Meter gross.,Peter der Grosse,,ok
g_neuzeit,1,"Aus welcher Schweizer Stadt stammte Franz Lefort, ein enger Freund und Berater von Peter dem Grossen?","[""Genf"", ""Basel"", ""Luzern"", ""St. Gallen""]",Franz Lefort wurde in Genf geboren. Er war ein wichtiger Freund des jungen Zaren und half ihm beim Aufbau einer Flotte.,Der Genfer Franz Lefort beriet Peter den Grossen.,Peter der Grosse,,ok
g_neuzeit,1,Welche Stadt gründete Peter der Grosse?,"[""Sankt Petersburg"", ""Moskau"", ""Kiew"", ""Warschau""]",Peter der Grosse liess die Stadt an der Mündung eines Flusses bauen. Sie trägt den Namen seines Schutzheiligen Petrus.,Peter der Grosse gründete Sankt Petersburg.,Sankt Petersburg,,ok
g_neuzeit,1,In welchem Jahr wurde Sankt Petersburg gegründet?,"[""1703"", ""1503"", ""1903"", ""2003""]",Sankt Petersburg wurde am 27. Mai 1703 gegründet. Zuerst baute man eine Festung auf einer Insel.,Sankt Petersburg wurde 1703 gegründet.,Sankt Petersburg,,ok
g_neuzeit,1,An welchem Meer liegt Sankt Petersburg?,"[""Ostsee"", ""Mittelmeer"", ""Schwarzes Meer"", ""Nordsee""]","Sankt Petersburg liegt an der Ostsee. Peter wollte einen Hafen, damit Russland Handel mit Westeuropa treiben konnte.",Sankt Petersburg liegt an der Ostsee.,Sankt Petersburg,,ok
g_neuzeit,1,Welcher Fluss fliesst durch Sankt Petersburg?,"[""Newa"", ""Rhein"", ""Donau"", ""Themse""]",Die Newa fliesst mitten durch die Stadt in die Ostsee. Viele Brücken führen über den Fluss und die Kanäle.,Die Newa fliesst durch Sankt Petersburg.,Sankt Petersburg,,ok
g_neuzeit,1,Welche Rolle hatte Sankt Petersburg rund 200 Jahre lang?,"[""Hauptstadt Russlands"", ""Kleines Fischerdorf"", ""Hauptstadt Schwedens"", ""Grösste Stadt Afrikas""]",Peter machte Sankt Petersburg 1712 zur Hauptstadt. Erst 1918 wurde Moskau wieder Hauptstadt.,Sankt Petersburg war lange die Hauptstadt Russlands.,Sankt Petersburg,,ok
g_neuzeit,1,"Aus welchem heutigen Schweizer Kanton stammte Domenico Trezzini, ein wichtiger Baumeister von Sankt Petersburg?","[""Tessin"", ""Bern"", ""Thurgau"", ""Jura""]",Domenico Trezzini kam aus Astano im Tessin. Er baute unter anderem die Peter-und-Paul-Kathedrale in Sankt Petersburg.,Der Tessiner Domenico Trezzini baute in Sankt Petersburg.,Sankt Petersburg,,ok
g_neuzeit,1,Aus welchem Land stammte Benjamin Franklin?,"[""USA"", ""Frankreich"", ""Deutschland"", ""Spanien""]",Benjamin Franklin wurde 1706 in Boston geboren. Er war einer der Gründer der Vereinigten Staaten von Amerika.,Benjamin Franklin war ein Amerikaner.,Benjamin Franklin,,ok
g_neuzeit,1,"Was liess Benjamin Franklin bei einem Gewitter steigen, um den Blitz zu erforschen?","[""Einen Drachen"", ""Einen Ballon"", ""Eine Rakete"", ""Ein Flugzeug""]","Franklin liess 1752 der Überlieferung nach einen Drachen in ein Gewitter steigen. Das war sehr gefährlich, so etwas darf man nie nachmachen!",Franklin erforschte den Blitz mit einem Drachen.,Benjamin Franklin,,ok
g_neuzeit,1,Auf welcher Banknote ist Benjamin Franklin abgebildet?,"[""Auf der 100-Dollar-Note"", ""Auf der 1-Dollar-Note"", ""Auf der 10-Franken-Note"", ""Auf der 5-Euro-Note""]",Das Gesicht von Benjamin Franklin ist auf der amerikanischen 100-Dollar-Note. Er war aber nie Präsident.,Franklin ist auf der 100-Dollar-Note abgebildet.,Benjamin Franklin,,ok
g_neuzeit,1,Welche besondere Brille wird Benjamin Franklin als Erfindung zugeschrieben?,"[""Eine Brille für nah und fern"", ""Eine Sonnenbrille"", ""Eine Taucherbrille"", ""Eine 3D-Brille""]","Franklin teilte die Gläser seiner Brille in zwei Hälften. Mit dem oberen Teil sah er in die Ferne, mit dem unteren in die Nähe.",Franklin hatte eine Brille für nah und fern.,Benjamin Franklin,,ok
g_neuzeit,1,Welche Erfindung von Benjamin Franklin schützt Häuser bei Gewittern?,"[""Der Blitzableiter"", ""Der Regenschirm"", ""Die Dachrinne"", ""Der Fensterladen""]","Franklin erfand um 1752 den Blitzableiter. Er schützt Häuser davor, dass ein Blitz sie in Brand setzt.",Benjamin Franklin erfand den Blitzableiter.,Blitzableiter,,ok
g_neuzeit,1,Wohin leitet ein Blitzableiter den Blitz?,"[""In die Erde"", ""Ins Haus"", ""In den Himmel"", ""Ins Wasserrohr""]",Der Blitzableiter fängt den Blitz ab und führt ihn über einen Draht sicher in die Erde. So bleibt das Haus unbeschädigt.,Der Blitzableiter leitet den Blitz in die Erde.,Blitzableiter,,ok
g_neuzeit,1,Aus welchem Material ist ein Blitzableiter?,"[""Aus Metall"", ""Aus Holz"", ""Aus Plastik"", ""Aus Glas""]",Ein Blitzableiter besteht aus Metall wie Kupfer oder Eisen. Metall leitet Strom sehr gut.,Ein Blitzableiter ist aus Metall.,Blitzableiter,,ok
g_neuzeit,1,Wo wird ein Blitzableiter angebracht?,"[""Oben auf dem Dach"", ""Im Keller"", ""Im Garten unter einem Baum"", ""An der Haustür""]",Der Blitzableiter sitzt an der höchsten Stelle des Hauses. Dort schlägt der Blitz am ehesten ein.,Der Blitzableiter sitzt oben auf dem Dach.,Blitzableiter,,ok
g_neuzeit,1,"Was ist ein Blitz, wie Benjamin Franklin herausfand?","[""Elektrischer Strom"", ""Brennendes Gas"", ""Heisses Wasser"", ""Leuchtender Staub""]","Franklin zeigte, dass ein Blitz eine riesige elektrische Entladung ist. Das war eine wichtige Entdeckung.",Ein Blitz ist elektrischer Strom.,Blitzableiter,,ok
g_neuzeit,1,In welchem Jahr erklärten sich die USA unabhängig?,"[""1776"", ""1676"", ""1876"", ""1976""]",Im Sommer 1776 erklärten die amerikanischen Kolonien ihre Unabhängigkeit. Damit entstanden die Vereinigten Staaten.,Die USA wurden 1776 unabhängig.,Unabhängigkeitserklärung der Vereinigten Staaten,,ok
g_neuzeit,1,An welchem Tag feiern die USA ihren Unabhängigkeitstag?,"[""4. Juli"", ""14. Juli"", ""1. August"", ""1. Mai""]",Der 4. Juli ist der Unabhängigkeitstag der USA. An diesem Tag gibt es überall Feuerwerk und Paraden.,Die USA feiern ihren Geburtstag am 4. Juli.,Unabhängigkeitserklärung der Vereinigten Staaten,,ok
g_neuzeit,1,Von welchem Land wollten die amerikanischen Kolonien 1776 unabhängig werden?,"[""Grossbritannien"", ""Frankreich"", ""Spanien"", ""Russland""]",Die Kolonien gehörten zu Grossbritannien. Sie wollten nicht mehr vom britischen König regiert werden.,Die USA lösten sich von Grossbritannien.,Unabhängigkeitserklärung der Vereinigten Staaten,,ok
g_neuzeit,1,Wer wurde der erste Präsident der USA?,"[""George Washington"", ""Abraham Lincoln"", ""Thomas Jefferson"", ""John F. Kennedy""]",George Washington war zuerst Anführer der Armee. 1789 wurde er der erste Präsident der USA.,George Washington war der erste Präsident der USA.,Unabhängigkeitserklärung der Vereinigten Staaten,,ok
g_neuzeit,1,Wie viele Kolonien erklärten sich 1776 unabhängig?,"[""13"", ""5"", ""20"", ""50""]",Es waren 13 Kolonien an der Ostküste. Daran erinnern die 13 Streifen auf der Flagge der USA.,Dreizehn Kolonien gründeten die USA.,Unabhängigkeitserklärung der Vereinigten Staaten,,ok
g_neuzeit,1,Was warfen wütende Siedler 1773 bei der «Boston Tea Party» ins Meer?,"[""Tee"", ""Kaffee"", ""Gold"", ""Kanonen""]",Die Siedler waren gegen eine Steuer auf Tee. Darum warfen sie im Hafen von Boston ganze Kisten Tee ins Wasser.,Bei der Boston Tea Party landete Tee im Meer.,Unabhängigkeitserklärung der Vereinigten Staaten,,ok
g_neuzeit,1,In welcher Stadt wurde die Unabhängigkeitserklärung unterschrieben?,"[""Philadelphia"", ""New York"", ""Washington"", ""Los Angeles""]",Die Vertreter der Kolonien trafen sich in Philadelphia. Dort steht auch die berühmte Freiheitsglocke.,Die Unabhängigkeitserklärung wurde in Philadelphia unterschrieben.,Unabhängigkeitserklärung der Vereinigten Staaten,,ok
g_neuzeit,1,Welches Zeichen wählte Ludwig XIV. für sich selbst?,"[""Die Sonne"", ""Den Mond"", ""Einen Adler"", ""Einen Löwen""]","Ludwig XIV. wollte wie die Sonne im Mittelpunkt stehen, um den sich alles dreht. Deshalb sieht man an seinen Bauten oft goldene Sonnen.",Ludwig XIV. wählte die Sonne als sein Zeichen.,Ludwig XIV.,,ok
g_neuzeit,1,Wie nennt man die Zeit von Ludwig XIV. in Kunst und Baukunst?,"[""Barock"", ""Steinzeit"", ""Romanik"", ""Moderne""]","Zur Zeit von Ludwig XIV. baute und malte man im Stil des Barocks. Typisch sind viel Gold, Schmuck und Pracht.",Ludwig XIV. lebte in der Zeit des Barocks.,Ludwig XIV.,,ok
g_neuzeit,1,Wie viele Räume hat das Schloss Versailles ungefähr?,"[""Über 2000"", ""Etwa 20"", ""Etwa 100"", ""Etwa 500""]","Das Schloss Versailles hat rund 2300 Räume. Es ist so gross, dass man sich darin verlaufen kann.",Das Schloss Versailles hat über 2000 Räume.,Schloss Versailles,,ok
g_neuzeit,1,"Was gibt es im Park von Versailles, auf dem man mit Booten fahren kann?","[""Einen langen Kanal"", ""Einen Wasserfall"", ""Einen Gletschersee"", ""Ein Meer""]","Im Park liegt der Grosse Kanal, der über einen Kilometer lang ist. Früher fuhren dort sogar kleine Schiffe für den König.",Im Park von Versailles liegt ein langer Kanal.,Schloss Versailles,,ok
g_neuzeit,1,Welche Hutform trug Napoleon meistens?,"[""Einen Zweispitz"", ""Einen Zylinder"", ""Einen Strohhut"", ""Einen Cowboyhut""]","Napoleon trug einen Zweispitz, einen Hut mit zwei Spitzen. Er setzte ihn oft quer auf den Kopf.",Napoleon trug einen Zweispitz.,Napoleon Bonaparte,,ok
g_neuzeit,1,Welches grosse Tor in Paris liess Napoleon für seine Siege bauen?,"[""Den Triumphbogen"", ""Den Eiffelturm"", ""Das Brandenburger Tor"", ""Den Louvre""]",Napoleon gab 1806 den Bau des Triumphbogens in Auftrag. Er sollte an die Siege seiner Armee erinnern.,Der Triumphbogen in Paris erinnert an Napoleons Siege.,Napoleon Bonaparte,,ok
g_neuzeit,1,Welchen Spitznamen gaben die Soldaten Napoleon?,"[""Der kleine Korporal"", ""Der grosse Bär"", ""Der alte Fuchs"", ""Der stille Wolf""]",Die Soldaten nannten Napoleon liebevoll «den kleinen Korporal». Ein Korporal ist ein niedriger Rang in der Armee.,Die Soldaten nannten Napoleon den kleinen Korporal.,Napoleon Bonaparte,,ok
g_neuzeit,1,Wer machte im 18. Jahrhundert die Perücken?,"[""Der Perückenmacher"", ""Der Schmied"", ""Der Bäcker"", ""Der Schuhmacher""]","Perücken stellte ein eigener Handwerker her, der Perückenmacher. Er verwendete echtes Menschenhaar oder Tierhaar.",Perücken wurden vom Perückenmacher gemacht.,Perücke,,ok
g_neuzeit,1,"Warum war es schwierig, mit einem breiten Reifrock durch eine Tür zu gehen?","[""Der Rock war sehr breit"", ""Der Rock war sehr kurz"", ""Der Rock war sehr schwer"", ""Der Rock war sehr nass""]","Manche Reifröcke waren so breit, dass die Damen seitwärts durch Türen gehen mussten. Das war sehr unpraktisch.",Breite Reifröcke passten kaum durch Türen.,Reifrock,,ok
g_neuzeit,1,Welchen Beruf lernte Benjamin Franklin als junger Mann?,"[""Buchdrucker"", ""Bäcker"", ""Seemann"", ""Arzt""]",Franklin lernte bei seinem Bruder das Drucken. Später besass er selbst eine Druckerei und eine Zeitung.,Benjamin Franklin war Buchdrucker.,Benjamin Franklin,,ok
g_neuzeit,1,"In welches Land reiste Benjamin Franklin, um Hilfe für den Kampf um die Unabhängigkeit zu holen?","[""Frankreich"", ""China"", ""Brasilien"", ""Schweden""]","Franklin lebte ab 1776 einige Jahre in Frankreich. Er überzeugte den französischen König, den Amerikanern zu helfen.",Franklin holte in Frankreich Hilfe für Amerika.,Benjamin Franklin,,ok
g_neuzeit,1,"Was gründete Benjamin Franklin, damit Menschen Bücher ausleihen konnten?","[""Eine Bibliothek"", ""Ein Kino"", ""Einen Zoo"", ""Ein Spital""]",Franklin gründete 1731 mit Freunden eine Bibliothek zum Ausleihen. Er fand Lesen und Lernen sehr wichtig.,Benjamin Franklin gründete eine Bibliothek.,Benjamin Franklin,,ok
g_neuzeit,1,Womit machten die Brüder Montgolfier die Luft in ihrem Ballon heiss?,"[""Mit einem Feuer"", ""Mit der Sonne"", ""Mit Strom"", ""Mit heissem Wasser""]","Unter der Öffnung des Ballons brannte ein Feuer, zum Beispiel aus Stroh und Wolle. Die heisse Luft füllte den Ballon.",Ein Feuer machte die Luft im Ballon heiss.,Montgolfière,,ok
g_neuzeit,1,"Welcher König schaute 1783 in Versailles zu, als ein Heissluftballon mit Tieren aufstieg?","[""Ludwig XVI."", ""Ludwig XIV."", ""Karl der Grosse"", ""Napoleon""]",König Ludwig XVI. und sein Hof sahen den Ballonstart in Versailles. Viele Zuschauer staunten.,Ludwig XVI. sah einen der ersten Ballonflüge.,Montgolfière,,ok
g_neuzeit,1,Wie nennt man einen Heissluftballon nach seinen Erfindern auch?,"[""Montgolfière"", ""Zeppelin"", ""Drache"", ""Gleiter""]",Die Brüder Montgolfier gaben dem Heissluftballon ihren Namen. Darum heisst er auch Montgolfière.,Ein Heissluftballon heisst auch Montgolfière.,Montgolfière,,ok
g_neuzeit,1,"Was baute Peter der Grosse für Russland auf, damit es auf dem Meer stark wurde?","[""Eine Kriegsflotte"", ""Eine Eisenbahn"", ""Einen Flughafen"", ""Ein Raumschiff""]",Peter liess viele Schiffe bauen und gründete die russische Kriegsflotte. Russland wurde dadurch auf dem Meer viel mächtiger.,Peter der Grosse baute eine russische Flotte auf.,Peter der Grosse,,ok
g_neuzeit,1,Welchen Beinamen hat Sankt Petersburg wegen seiner vielen Kanäle?,"[""Venedig des Nordens"", ""Paris des Ostens"", ""Rom des Südens"", ""London des Westens""]",Sankt Petersburg hat viele Kanäle und Hunderte Brücken. Deshalb nennt man es Venedig des Nordens.,Sankt Petersburg heisst auch Venedig des Nordens.,Sankt Petersburg,,ok
g_neuzeit,1,"Wie alt war Maria Theresia, als sie 1740 Herrscherin wurde?","[""23 Jahre"", ""6 Jahre"", ""50 Jahre"", ""70 Jahre""]",Maria Theresia wurde 1717 geboren und übernahm 1740 die Herrschaft. Sie war also erst 23 Jahre alt.,Maria Theresia wurde mit 23 Jahren Herrscherin.,Maria Theresia,,ok
g_neuzeit,1,Was zeigen die 50 Sterne auf der Flagge der USA heute?,"[""Die 50 Bundesstaaten"", ""Die 50 Präsidenten"", ""Die 50 grössten Städte"", ""Die 50 Kriege""]",Jeder Stern steht für einen Bundesstaat der USA. Heute sind es 50 Bundesstaaten.,Die Sterne auf der US-Flagge stehen für die Bundesstaaten.,Unabhängigkeitserklärung der Vereinigten Staaten,,ok
g_neuzeit,1,"Wer verbesserte die Dampfmaschine so, dass sie viel besser lief?","[""James Watt"", ""Thomas Edison"", ""Isaac Newton"", ""Albert Einstein""]",James Watt verbesserte die Dampfmaschine ab 1769. Sie brauchte danach viel weniger Brennstoff.,James Watt machte die Dampfmaschine viel besser.,Dampfmaschine,,ok
g_neuzeit,1,Aus welchem Land kam James Watt?,"[""Schottland"", ""Frankreich"", ""Italien"", ""Schweden""]",James Watt wurde 1736 in Greenock in Schottland geboren. Schottland gehört zu Grossbritannien.,James Watt war ein Schotte.,Dampfmaschine,,ok
g_neuzeit,1,Was treibt eine Dampfmaschine an?,"[""Heisser Wasserdampf"", ""Starker Wind"", ""Fliessender Strom"", ""Flüssiges Benzin""]",Wasser wird sehr stark erhitzt und verdampft. Der Dampf drückt einen Kolben hin und her.,Eine Dampfmaschine arbeitet mit der Kraft von Dampf.,Dampfmaschine,,ok
g_neuzeit,1,Wo entsteht in einer Dampfmaschine der Dampf?,"[""Im Kessel"", ""Im Schwungrad"", ""Im Kamin"", ""Im Kolben""]",Unter dem Kessel brennt ein Feuer. Das Wasser im Kessel kocht und wird zu Dampf.,Der Dampf entsteht im Kessel.,Dampfmaschine,,ok
g_neuzeit,1,Wofür brauchte man die ersten Dampfmaschinen in Bergwerken?,"[""Wasser abpumpen"", ""Licht machen"", ""Essen kochen"", ""Luft kühlen""]",In tiefen Gruben sammelte sich Wasser. Schon um 1712 pumpten Dampfmaschinen dieses Wasser nach oben.,Die ersten Dampfmaschinen pumpten Wasser aus Bergwerken.,Dampfmaschine,,ok
g_neuzeit,1,Wo mussten Fabriken vor der Dampfmaschine oft stehen?,"[""An einem Fluss"", ""Auf einem Berg"", ""Mitten im Wald"", ""Neben einer Kirche""]",Vorher trieb meist ein Wasserrad die Maschinen an. Mit der Dampfmaschine konnte man Fabriken fast überall bauen.,Ohne Dampfmaschine brauchte eine Fabrik ein Wasserrad am Fluss.,Dampfmaschine,,ok
g_neuzeit,1,Was ersetzte die Dampfmaschine in vielen Werkstätten?,"[""Die Kraft von Menschen und Tieren"", ""Elektrische Roboter"", ""Grosse Solaranlagen"", ""Schnelle Computer""]",Vorher drehten Menschen oder Tiere die Räder. Die Dampfmaschine arbeitete stärker und ohne Pause.,Die Dampfmaschine nahm Menschen und Tieren schwere Arbeit ab.,Dampfmaschine,,ok
g_neuzeit,1,Womit verglich James Watt die Kraft seiner Maschinen?,"[""Mit Pferden"", ""Mit Kühen"", ""Mit Elefanten"", ""Mit Hunden""]","Watt rechnete aus, wie viele Pferde eine Maschine ersetzt. So entstand die Pferdestärke, kurz PS.",Die Pferdestärke vergleicht eine Maschine mit Pferden.,Dampfmaschine,,ok
g_neuzeit,1,"Wie heisst der Wagen direkt hinter der Dampflok, der Kohle und Wasser trägt?","[""Tender"", ""Speisewagen"", ""Gepäckwagen"", ""Postwagen""]",Im Tender lagen die Vorräte für die ganze Fahrt. Ohne Nachschub wäre die Lok bald stehen geblieben.,Der Tender trägt den Vorrat der Dampflok.,Dampflokomotive,,ok
g_neuzeit,1,Aus welchem Land kam der Lokomotivbauer George Stephenson?,"[""England"", ""Deutschland"", ""Spanien"", ""Russland""]",George Stephenson wurde 1781 in Wylam bei Newcastle geboren. Dort gab es viele Kohlegruben.,George Stephenson stammte aus England.,Dampflokomotive,,ok
g_neuzeit,1,In welchem Jahr fuhr die erste Eisenbahn ganz auf Schweizer Boden?,"[""1847"", ""1747"", ""1897"", ""1947""]","Die erste Bahnstrecke, die ganz in der Schweiz lag, wurde 1847 eröffnet. Sie war etwa 23 Kilometer lang.",Die erste Schweizer Bahn fuhr im Jahr 1847.,Dampflokomotive,,ok
g_neuzeit,1,Welche Orte verband die Spanisch-Brötli-Bahn?,"[""Zürich und Baden"", ""Bern und Thun"", ""Basel und Olten"", ""Genf und Lausanne""]",Die Spanisch-Brötli-Bahn fuhr von Zürich nach Baden im Aargau. Sie hat ihren Namen von einem feinen Gebäck aus Baden.,Die Spanisch-Brötli-Bahn fuhr von Zürich nach Baden.,Dampflokomotive,,ok
g_neuzeit,1,Wer schaufelte auf der Dampflok die Kohle ins Feuer?,"[""Der Heizer"", ""Der Schaffner"", ""Der Kapitän"", ""Der Wirt""]",Der Heizer sorgte für ein starkes Feuer unter dem Kessel. Der Lokführer steuerte die Lok.,Der Heizer hielt das Feuer der Dampflok in Gang.,Dampflokomotive,,ok
g_neuzeit,1,Was stieg oben aus dem Kamin einer Dampflok?,"[""Rauch und Dampf"", ""Mehl und Staub"", ""Sand und Steine"", ""Regen und Hagel""]","Im Feuer verbrannte Kohle, dabei entstand Rauch. Dazu kam der Dampf aus dem Kessel.",Aus dem Kamin der Dampflok kamen Rauch und Dampf.,Dampflokomotive,,ok
g_neuzeit,1,"Wie hiess eine der ersten Lokomotiven der Schweiz, benannt nach einem Fluss in Zürich?","[""Limmat"", ""Rhone"", ""Ticino"", ""Inn""]",Die Lok «Limmat» fuhr auf der ersten Bahnstrecke zwischen Zürich und Baden. Ein Nachbau steht heute im Verkehrshaus in Luzern.,Die Lok Limmat gehört zu den ersten Lokomotiven der Schweiz.,Dampflokomotive,,ok
g_neuzeit,1,Wo kann man in Luzern alte Lokomotiven und Dampfschiffe anschauen?,"[""Im Verkehrshaus"", ""Im Zoo"", ""Im Bundeshaus"", ""Im Hallenbad""]","Das Verkehrshaus der Schweiz zeigt Fahrzeuge zu Land, zu Wasser und in der Luft. Es ist eines der meistbesuchten Museen der Schweiz.",Im Verkehrshaus in Luzern sieht man alte Fahrzeuge.,Dampflokomotive,,ok
g_neuzeit,1,Was macht man mit einem Webstuhl?,"[""Stoff"", ""Papier"", ""Seife"", ""Ziegel""]",Auf dem Webstuhl kreuzt man Fäden. So entsteht Stoff für Kleider und Tücher.,Mit einem Webstuhl stellt man Stoff her.,Mechanischer Webstuhl,,ok
g_neuzeit,1,"Wie nennt man eine Fabrik, in der Stoff gewoben wird?","[""Weberei"", ""Bäckerei"", ""Gärtnerei"", ""Druckerei""]",In einer Weberei stehen viele Webstühle in grossen Hallen. Dort war es sehr laut.,In einer Weberei wird Stoff gewoben.,Mechanischer Webstuhl,,ok
g_neuzeit,1,Was geschah 1832 in Uster im Kanton Zürich?,"[""Arbeiter zündeten eine Fabrik an"", ""Ein Bahnhof wurde eröffnet"", ""Ein Zoo wurde gebaut"", ""Ein Schloss stürzte ein""]","Viele Handweber hatten Angst, dass Maschinen ihre Arbeit wegnehmen. Darum brannten sie eine Fabrik nieder. Man nennt das den Usterbrand.",Beim Usterbrand wehrten sich Weber gegen die Maschinen.,Mechanischer Webstuhl,,ok
g_neuzeit,1,Welchen Stoff verarbeiteten viele Schweizer Fabriken im 19. Jahrhundert?,"[""Baumwolle"", ""Plastik"", ""Glas"", ""Gummi""]",Besonders in der Ostschweiz und im Zürcher Oberland gab es viele Textilfabriken. Sie verarbeiteten vor allem Baumwolle.,Baumwolle war in Schweizer Fabriken sehr wichtig.,Mechanischer Webstuhl,,ok
g_neuzeit,1,Womit steuerte man den Webstuhl von Joseph-Marie Jacquard?,"[""Mit Lochkarten"", ""Mit Musiknoten"", ""Mit Landkarten"", ""Mit Spielkarten""]",Die Löcher in den Karten bestimmten das Muster im Stoff. So konnte die Maschine schöne Muster weben.,Jacquards Webstuhl las Muster von Lochkarten.,Mechanischer Webstuhl,,ok
g_neuzeit,1,"Wo webten viele Menschen, bevor es Fabriken gab?","[""Zu Hause"", ""Im Spital"", ""In der Kirche"", ""Im Schulhaus""]",Viele Familien hatten einen Webstuhl in der Stube. Man nennt das Heimarbeit.,Vor den Fabriken webten viele Leute daheim.,Mechanischer Webstuhl,,ok
g_neuzeit,1,Wie heissen die zwei Fadenarten beim Weben?,"[""Kette und Schuss"", ""Nadel und Öhr"", ""Knopf und Loch"", ""Garn und Spule""]",Die Kettfäden sind lang gespannt. Der Schussfaden läuft quer hindurch.,Beim Weben kreuzen sich Kette und Schuss.,Mechanischer Webstuhl,,ok
g_neuzeit,1,Wie lange arbeiteten Kinder in Fabriken oft an einem Tag?,"[""Etwa 12 Stunden"", ""Etwa 2 Stunden"", ""Etwa 4 Stunden"", ""Etwa 1 Stunde""]",Kinder arbeiteten oft 12 Stunden oder sogar länger. Für Spielen blieb kaum Zeit.,Fabrikkinder mussten sehr lange arbeiten.,Kinderarbeit,,ok
g_neuzeit,1,Warum mussten früher viele Kinder arbeiten?,"[""Die Familie war arm"", ""Sie wollten reich werden"", ""Sie hatten Ferien"", ""Sie mochten Maschinen""]",Der Lohn der Eltern reichte oft nicht zum Leben. Darum musste jedes Kind etwas Geld verdienen.,"Viele Kinder arbeiteten, weil ihre Familien arm waren.",Kinderarbeit,,ok
g_neuzeit,1,Warum mussten Kinder unter die Spinnmaschinen kriechen?,"[""Weil sie klein waren"", ""Weil sie stark waren"", ""Weil sie laut waren"", ""Weil sie schnell rechneten""]",Unter den Maschinen sammelten Kinder Fasern auf oder knüpften Fäden. Das war sehr gefährlich.,Kleine Kinder machten gefährliche Arbeit unter den Maschinen.,Kinderarbeit,,ok
g_neuzeit,1,Was bekamen Kinder für ihre Arbeit in der Fabrik?,"[""Nur wenig Lohn"", ""Mehr Lohn als Erwachsene"", ""Ein eigenes Haus"", ""Ein Pferd""]",Kinder verdienten viel weniger als Erwachsene. Darum stellten Fabrikbesitzer gern Kinder ein.,Kinder waren billige Arbeitskräfte.,Kinderarbeit,,ok
g_neuzeit,1,Welche Arbeit machten viele arme Buben aus dem Tessin früher in fremden Städten?,"[""Kamine fegen"", ""Schiffe bauen"", ""Briefe austragen"", ""Kühe melken""]",Die Buben waren klein und passten in enge Kamine. Viele gingen zum Beispiel nach Mailand.,Tessiner Kaminfegerkinder hatten ein hartes Leben.,Kinderarbeit,,ok
g_neuzeit,1,Was mussten Kinder in Kohlebergwerken oft tun?,"[""Kohlewagen ziehen"", ""Bilder malen"", ""Ziegen hüten"", ""Lieder singen""]",In engen Gängen zogen oder schoben Kinder schwere Wagen. Andere öffneten Türen für die Luft.,Auch in Bergwerken mussten Kinder schwer arbeiten.,Kinderarbeit,,ok
g_neuzeit,1,Dürfen Kinder heute in der Schweiz in Fabriken arbeiten?,"[""Nein, das ist verboten"", ""Ja, ab 6 Jahren"", ""Ja, am Sonntag"", ""Ja, ohne Grenzen""]",Heute schützen Gesetze die Kinder in der Schweiz. Kinder gehen zur Schule statt in die Fabrik.,Heute ist Fabrikarbeit für Kinder in der Schweiz verboten.,Kinderarbeit,,ok
g_neuzeit,1,Seit wann schreibt die Bundesverfassung allen Kantonen eine Schulpflicht vor?,"[""Seit 1874"", ""Seit 1674"", ""Seit 1774"", ""Seit 1974""]",Die Bundesverfassung von 1874 verlangte für alle Kinder eine Primarschule. Vorher war das in jedem Kanton anders.,Seit 1874 müssen alle Kinder in der Schweiz zur Schule.,Schulpflicht,,ok
g_neuzeit,1,Was kostet der Besuch der öffentlichen Volksschule in der Schweiz?,"[""Nichts"", ""100 Franken im Monat"", ""10 Franken am Tag"", ""1 Franken pro Stunde""]","Die öffentliche Schule ist unentgeltlich. So können alle Kinder lernen, egal wie viel Geld die Eltern haben.",Die öffentliche Schule in der Schweiz ist gratis.,Schulpflicht,,ok
g_neuzeit,1,Wer ist in der Schweiz vor allem für die Schulen zuständig?,"[""Die Kantone"", ""Die Post"", ""Die Armee"", ""Die Bahn""]",Jeder Kanton hat eigene Schulgesetze. Darum sind die Schulen nicht überall gleich.,Die Kantone bestimmen über ihre Schulen.,Schulpflicht,,ok
g_neuzeit,1,Welche Schule besuchen Kinder in der Schweiz nach dem Kindergarten?,"[""Primarschule"", ""Gymnasium"", ""Universität"", ""Berufsschule""]","Nach dem Kindergarten beginnt die Primarschule. Dort lernt man Lesen, Schreiben und Rechnen.",Nach dem Kindergarten kommt die Primarschule.,Schulpflicht,,ok
g_neuzeit,1,Warum half die Schulpflicht gegen Kinderarbeit?,"[""Kinder mussten tagsüber zur Schule"", ""Kinder bekamen in der Schule Lohn"", ""Fabriken standen neben Schulen"", ""Lehrer arbeiteten in Fabriken""]","Wer in der Schule sitzt, kann nicht gleichzeitig in der Fabrik arbeiten. So hatten Kinder mehr Zeit zum Lernen.",Die Schulpflicht holte Kinder aus den Fabriken.,Schulpflicht,,ok
g_neuzeit,1,Wie viele Jahre dauert die obligatorische Schule heute in den meisten Kantonen?,"[""11 Jahre"", ""5 Jahre"", ""7 Jahre"", ""15 Jahre""]","Nach dem HarmoS-Konkordat zählen 2 Jahre Kindergarten, 6 Jahre Primarschule und 3 Jahre Oberstufe dazu (Stand 2025). Das sind zusammen 11 Jahre.",Die obligatorische Schule dauert meist 11 Jahre.,Schulpflicht,,ok
g_neuzeit,1,Worauf schrieben Schulkinder im 19. Jahrhundert oft?,"[""Auf eine Schiefertafel"", ""Auf ein Tablet"", ""Auf einen Laptop"", ""Auf eine Plastikfolie""]",Papier war teuer. Darum schrieben Kinder mit einem Griffel auf eine kleine Schiefertafel und wischten sie wieder ab.,Früher schrieben Kinder auf Schiefertafeln.,Schulpflicht,,ok
g_neuzeit,1,"Wie nennt man Menschen, die unter Tag Kohle abbauen?","[""Bergleute"", ""Matrosen"", ""Förster"", ""Bäcker""]",Bergleute arbeiten tief unter der Erde in Gruben. Man nennt sie auch Kumpel.,Bergleute holen Kohle aus der Erde.,Kohlebergbau,,ok
g_neuzeit,1,Welcher Vogel warnte Bergleute vor giftigem Gas?,"[""Der Kanarienvogel"", ""Der Adler"", ""Der Storch"", ""Die Taube""]","Der kleine Vogel merkte giftiges Gas früher als Menschen. Wurde er schwach, mussten die Bergleute schnell hinaus.",Der Kanarienvogel war ein Warner im Bergwerk.,Kohlebergbau,,ok
g_neuzeit,1,Welche Tiere zogen in vielen Bergwerken die Kohlewagen?,"[""Ponys"", ""Kühe"", ""Kamele"", ""Ziegen""]","Kleine Pferde, die Grubenpferde, zogen die Wagen durch die Gänge. Manche lebten lange unter der Erde.",Grubenpferde halfen den Bergleuten.,Kohlebergbau,,ok
g_neuzeit,1,Woraus ist Kohle entstanden?,"[""Aus alten Pflanzen"", ""Aus Eis"", ""Aus Salzwasser"", ""Aus Vulkanglas""]",Vor sehr langer Zeit wurden Wälder und Sümpfe unter Erde begraben. Über Millionen Jahre wurde daraus Kohle.,Kohle ist aus Pflanzen von früher entstanden.,Kohlebergbau,,ok
g_neuzeit,1,Was erfand Humphry Davy um 1815 für Bergleute?,"[""Eine Sicherheitslampe"", ""Einen Helm"", ""Einen Bohrer"", ""Eine Leiter""]",Offenes Feuer konnte Grubengas zur Explosion bringen. Davys Lampe hatte ein feines Drahtgitter um die Flamme.,Die Sicherheitslampe machte Bergwerke sicherer.,Kohlebergbau,,ok
g_neuzeit,1,Wie heisst ein grosses Kohlegebiet in Deutschland?,"[""Ruhrgebiet"", ""Schwarzwald"", ""Allgäu"", ""Bodensee""]",Im Ruhrgebiet gab es sehr viele Zechen. Dort wuchsen grosse Industriestädte.,Das Ruhrgebiet war ein wichtiges Kohlegebiet.,Kohlebergbau,,ok
g_neuzeit,1,Woher bekam die Schweiz im 19. Jahrhundert die meiste Kohle?,"[""Aus dem Ausland"", ""Aus dem Jura"", ""Aus den Alpen"", ""Aus dem Mittelland""]",In der Schweiz gab es nur wenig und schlechte Kohle. Darum kam sie meist mit der Bahn aus Nachbarländern.,Die Schweiz musste Kohle einführen.,Kohlebergbau,,ok
g_neuzeit,1,Was drehte sich bei vielen alten Dampfschiffen an der Seite?,"[""Schaufelräder"", ""Windmühlen"", ""Segel"", ""Anker""]",Die Dampfmaschine drehte grosse Räder. Ihre Schaufeln schoben das Schiff durchs Wasser.,Raddampfer fahren mit Schaufelrädern.,Dampfschiff,,ok
g_neuzeit,1,Wer bediente auf einem Dampfschiff die Dampfmaschine?,"[""Der Maschinist"", ""Der Koch"", ""Der Kassier"", ""Der Kellner""]","Der Maschinist arbeitete unten im Maschinenraum. Er sorgte dafür, dass die Maschine richtig lief.",Der Maschinist kümmert sich um die Maschine des Schiffs.,Dampfschiff,,ok
g_neuzeit,1,Auf welchem See fuhr 1823 das erste Dampfschiff der Schweiz?,"[""Genfersee"", ""Zürichsee"", ""Bodensee"", ""Lago Maggiore""]",Das Schiff hiess «Guillaume Tell». Es fuhr zwischen Genf und anderen Orten am See.,Das erste Schweizer Dampfschiff fuhr auf dem Genfersee.,Dampfschiff,,ok
g_neuzeit,1,Auf welchem See fahren die Raddampfer «Uri» und «Unterwalden»?,"[""Vierwaldstättersee"", ""Thunersee"", ""Neuenburgersee"", ""Walensee""]",Auf dem Vierwaldstättersee fahren mehrere alte Raddampfer. Die «Uri» ist seit 1901 unterwegs.,Auf dem Vierwaldstättersee fahren noch alte Raddampfer.,Dampfschiff,,ok
g_neuzeit,1,Auf welchem See fährt der Raddampfer «Blüemlisalp»?,"[""Thunersee"", ""Zugersee"", ""Bielersee"", ""Luganersee""]",Die «Blüemlisalp» ist nach einer Bergkette im Berner Oberland benannt. Sie fährt seit 1906 auf dem Thunersee.,Die Blüemlisalp ist ein Dampfschiff auf dem Thunersee.,Dampfschiff,,ok
g_neuzeit,1,Welches berühmte Dampfschiff sank 1912 nach einem Zusammenstoss mit einem Eisberg?,"[""Titanic"", ""Santa Maria"", ""Mayflower"", ""Bounty""]",Die Titanic war auf ihrer ersten Fahrt nach Amerika. Über 1500 Menschen starben.,Die Titanic sank 1912 im Atlantik.,Dampfschiff,,ok
g_neuzeit,1,Was war ein grosser Vorteil von Dampfschiffen gegenüber Segelschiffen?,"[""Sie brauchten keinen Wind"", ""Sie waren leiser"", ""Sie brauchten keine Matrosen"", ""Sie waren billiger""]",Ein Segelschiff wartet bei Flaute. Das Dampfschiff fährt auch ohne Wind und sogar gegen den Wind.,Dampfschiffe waren nicht vom Wind abhängig.,Dampfschiff,,ok
g_neuzeit,1,Wozu dienten die hohen Fabrikschornsteine?,"[""Rauch ableiten"", ""Wasser speichern"", ""Glocken aufhängen"", ""Getreide lagern""]",Der Rauch aus den Öfen sollte hoch oben in die Luft ziehen. Ein hoher Kamin zieht auch besser.,Der Fabrikschornstein führt den Rauch nach oben.,Fabrikschornstein,,ok
g_neuzeit,1,Woraus baute man viele Fabrikschornsteine?,"[""Aus Backsteinen"", ""Aus Holz"", ""Aus Glas"", ""Aus Stroh""]",Backsteine halten grosse Hitze aus und brennen nicht. Viele alte Kamine aus rotem Backstein stehen noch heute.,Viele Fabrikkamine sind aus Backstein gemauert.,Fabrikschornstein,,ok
g_neuzeit,1,Was entstand in London oft aus Rauch und Nebel?,"[""Smog"", ""Hagel"", ""Tau"", ""Regenbogen""]",Das Wort Smog setzt sich aus «smoke» für Rauch und «fog» für Nebel zusammen. Smog macht die Luft schmutzig.,Smog ist eine Mischung aus Rauch und Nebel.,Fabrikschornstein,,ok
g_neuzeit,1,Was legte sich durch den Fabrikrauch auf Häuser und Wäsche?,"[""Russ"", ""Schnee"", ""Mehl"", ""Zucker""]",Im Rauch steckten viele schwarze Teilchen. Sie machten Mauern und frische Wäsche dunkel.,Russ machte die Städte schmutzig.,Fabrikschornstein,,ok
g_neuzeit,1,Welcher Falter wurde in rauchigen Gegenden Englands oft dunkler?,"[""Der Birkenspanner"", ""Der Zitronenfalter"", ""Der Schwalbenschwanz"", ""Der Kohlweissling""]","Auf dunklen, russigen Bäumen sahen Vögel die hellen Falter leicht. Dunkle Falter überlebten besser.",Der Birkenspanner passte sich dem Russ an.,Fabrikschornstein,,ok
g_neuzeit,1,"Was verbrannte man in Fabriken, sodass dunkler Rauch entstand?","[""Kohle"", ""Papier"", ""Kerzen"", ""Zucker""]",Kohle war der wichtigste Brennstoff der Industrialisierung. Beim Verbrennen gibt sie viel Rauch ab.,Brennende Kohle machte den Fabrikrauch.,Fabrikschornstein,,ok
g_neuzeit,1,Welche Folge hatte der viele Rauch für die Menschen?,"[""Husten und Lungenkrankheiten"", ""Bessere Augen"", ""Stärkere Knochen"", ""Weissere Zähne""]",Die schmutzige Luft reizte die Lunge. Viele Menschen in Industriestädten wurden krank.,Schmutzige Luft schadet der Lunge.,Fabrikschornstein,,ok
g_neuzeit,1,Wie wohnten Arbeiterfamilien in den Städten oft?,"[""Eng in kleinen Wohnungen"", ""In grossen Villen"", ""In Schlössern"", ""In eigenen Bauernhöfen""]",Oft lebte eine ganze Familie in ein oder zwei Zimmern. Die Mieten waren hoch und der Lohn klein.,Arbeiterfamilien wohnten oft sehr eng.,Arbeitersiedlung,,ok
g_neuzeit,1,Wo war in vielen Arbeiterhäusern die Toilette?,"[""Im Hof für alle"", ""Im eigenen Badezimmer"", ""Neben jedem Bett"", ""Auf dem Dach""]",Viele Familien teilten sich ein einfaches Klo im Hof oder im Treppenhaus. Ein eigenes Bad gab es kaum.,Früher teilten sich viele Familien eine Toilette.,Arbeitersiedlung,,ok
g_neuzeit,1,Was war ein Schlafgänger?,"[""Jemand, der nur ein Bett mietete"", ""Ein Nachtwächter"", ""Ein Arzt für Schlaf"", ""Ein Mann, der im Schlaf ging""]","Viele Familien vermieteten ein Bett, um Geld zu verdienen. Der Schlafgänger durfte dort nur schlafen.",Ein Schlafgänger mietete nur einen Schlafplatz.,Arbeitersiedlung,,ok
g_neuzeit,1,Welche Krankheit verbreitete sich in Städten durch schmutziges Wasser?,"[""Cholera"", ""Sonnenbrand"", ""Heuschnupfen"", ""Karies""]",Abwasser kam ins Trinkwasser. So steckten sich viele Menschen mit Cholera an.,Sauberes Wasser schützt vor Cholera.,Arbeitersiedlung,,ok
g_neuzeit,1,Warum bauten manche Fabrikbesitzer Häuser für ihre Arbeiter?,"[""Damit sie nahe bei der Fabrik wohnten"", ""Damit sie Ferien machten"", ""Damit sie Bauern wurden"", ""Damit sie wegzogen""]",So kamen die Arbeiter schnell zur Arbeit. Solche Häuser nennt man Arbeitersiedlung.,Arbeitersiedlungen standen oft nahe bei der Fabrik.,Arbeitersiedlung,,ok
g_neuzeit,1,Wie nennt man die grossen Miethäuser für Arbeiter in Berlin?,"[""Mietskaserne"", ""Wolkenkratzer"", ""Chalet"", ""Reihenhaus""]",Die Häuser hatten viele Stockwerke und enge Hinterhöfe. Darin lebten sehr viele Menschen.,In Berlin wohnten viele Arbeiter in Mietskasernen.,Arbeitersiedlung,,ok
g_neuzeit,1,Woher holten viele Arbeiterfamilien ihr Wasser?,"[""Vom Brunnen"", ""Aus dem Kühlschrank"", ""Aus der Dusche"", ""Vom Wasserhahn im Bad""]",Fliessendes Wasser in der Wohnung gab es selten. Man trug das Wasser in Kübeln nach Hause.,Früher holte man Wasser oft am Brunnen.,Arbeitersiedlung,,ok
g_neuzeit,1,Wie viel Lohn zahlte Henry Ford ab 1914 vielen Arbeitern pro Tag?,"[""5 Dollar"", ""50 Dollar"", ""500 Dollar"", ""1 Dollar""]",Das war damals etwa doppelt so viel wie in anderen Fabriken. So wollte Ford gute Arbeiter in seiner Fabrik halten.,Ford zahlte ab 1914 fünf Dollar am Tag.,Fliessband,,ok
g_neuzeit,1,Welches Auto liess Henry Ford am Fliessband bauen?,"[""Das Modell T"", ""Den Käfer"", ""Den Mini"", ""Die Ente""]",Das Modell T wurde von 1908 bis 1927 gebaut. Es war eines der ersten Autos für viele Familien.,Das Modell T war Fords Auto vom Fliessband.,Fliessband,,ok
g_neuzeit,1,Was macht ein Arbeiter am Fliessband?,"[""Immer den gleichen Arbeitsschritt"", ""Das ganze Auto allein"", ""Nur das Verkaufen"", ""Nur das Malen von Bildern""]","Jeder Arbeiter hatte eine kleine Aufgabe, zum Beispiel ein Rad anschrauben. Das war schnell, aber eintönig.",Am Fliessband macht jeder einen kleinen Teil der Arbeit.,Fliessband,,ok
g_neuzeit,1,Was passierte mit dem Preis der Autos durch das Fliessband?,"[""Er wurde tiefer"", ""Er wurde höher"", ""Er blieb gleich"", ""Er verdoppelte sich""]",Die Autos waren viel schneller fertig. Darum konnte Ford sie billiger verkaufen.,Das Fliessband machte Autos günstiger.,Fliessband,,ok
g_neuzeit,1,In der Nähe welcher Stadt stand Fords Fabrik mit dem Fliessband?,"[""Detroit"", ""Boston"", ""Miami"", ""Seattle""]",Die Fabrik stand in Highland Park bei Detroit im Norden der USA. Detroit wurde zur Autostadt.,Detroit ist als Autostadt bekannt.,Fliessband,,ok
g_neuzeit,1,Welche Farbe hatten die meisten Autos vom Modell T?,"[""Schwarz"", ""Rot"", ""Gelb"", ""Grün""]",Schwarze Farbe trocknete damals schnell. Darum gab es das Auto viele Jahre nur in Schwarz.,Das Modell T war meistens schwarz.,Fliessband,,ok
g_neuzeit,1,Was bewegt sich beim Fliessband zu den Arbeitern?,"[""Das Werkstück"", ""Der Fabrikchef"", ""Das Fabrikdach"", ""Der Parkplatz""]",Das Band bringt das Auto von einem Platz zum nächsten. Die Arbeiter bleiben an ihrem Platz stehen.,Beim Fliessband kommt die Arbeit zum Arbeiter.,Fliessband,,ok
g_neuzeit,1,In welchem Jahr wurde der Eiffelturm fertig?,"[""1889"", ""1789"", ""1989"", ""1689""]",Der Bau dauerte etwa zwei Jahre. Im Frühling 1889 war der Turm fertig.,Der Eiffelturm wurde 1889 fertig.,Eiffelturm,,ok
g_neuzeit,1,Aus welchem Material ist der Eiffelturm gebaut?,"[""Aus Eisen"", ""Aus Holz"", ""Aus Beton"", ""Aus Stein""]",Der Turm besteht aus vielen Tausend Teilen aus Schmiedeeisen. Das Metall wird regelmässig neu gestrichen.,Der Eiffelturm ist ein Turm aus Eisen.,Eiffelturm,,ok
g_neuzeit,1,Nach wem ist der Eiffelturm benannt?,"[""Gustave Eiffel"", ""Napoleon Bonaparte"", ""Victor Hugo"", ""Louis Pasteur""]",Gustave Eiffel war ein Ingenieur. Seine Firma baute den Turm.,Der Eiffelturm trägt den Namen von Gustave Eiffel.,Eiffelturm,,ok
g_neuzeit,1,Wie hoch war der Eiffelturm bei der Eröffnung ungefähr?,"[""Rund 300 Meter"", ""Rund 30 Meter"", ""Rund 100 Meter"", ""Rund 3000 Meter""]",Der Turm war rund 300 Meter hoch. Lange war er das höchste Bauwerk der Welt.,Der Eiffelturm war rund 300 Meter hoch.,Eiffelturm,,ok
g_neuzeit,1,Was sollte nach etwa 20 Jahren mit dem Eiffelturm geschehen?,"[""Er sollte abgebaut werden"", ""Er sollte vergoldet werden"", ""Er sollte nach London"", ""Er sollte höher werden""]","Der Turm war nur für eine bestimmte Zeit geplant. Weil man ihn für Funkantennen brauchte, blieb er stehen.",Der Eiffelturm sollte eigentlich wieder verschwinden.,Eiffelturm,,ok
g_neuzeit,1,Womit wurden die Eisenteile des Eiffelturms verbunden?,"[""Mit Nieten"", ""Mit Leim"", ""Mit Schnüren"", ""Mit Klebeband""]",Arbeiter schlugen glühende Nieten in die Löcher. Beim Abkühlen hielten sie die Teile fest zusammen.,Millionen Nieten halten den Eiffelturm zusammen.,Eiffelturm,,ok
g_neuzeit,1,Wer erfand den Morsecode?,"[""Samuel Morse"", ""Henry Ford"", ""Robert Fulton"", ""Elias Howe""]",Der Amerikaner Samuel Morse entwickelte ab 1837 einen Telegrafen. Der Code trägt seinen Namen.,Der Morsecode ist nach Samuel Morse benannt.,Telegrafie,,ok
g_neuzeit,1,Woraus besteht der Morsecode?,"[""Aus Punkten und Strichen"", ""Aus Farben"", ""Aus Bildern"", ""Aus Noten""]","Ein Punkt ist ein kurzes Signal, ein Strich ein langes. Zusammen bilden sie Buchstaben.",Im Morsecode gibt es kurze und lange Zeichen.,Telegrafie,,ok
g_neuzeit,1,"Welcher Notruf wird mit drei kurzen, drei langen und drei kurzen Zeichen gemorst?","[""SOS"", ""OK"", ""HILFE"", ""STOP""]","Drei kurze Zeichen sind ein S, drei lange ein O. Der Notruf ist leicht zu merken.",SOS ist der bekannteste Notruf.,Telegrafie,,ok
g_neuzeit,1,Wie reiste eine Nachricht beim elektrischen Telegrafen?,"[""Als Strom durch Drähte"", ""Mit Brieftauben"", ""Mit einer Kutsche"", ""Mit einem Schiff""]",Der Strom floss in Sekunden durch lange Leitungen. So kam die Nachricht viel schneller an als ein Brief.,Der Telegraf schickte Nachrichten über Drähte.,Telegrafie,,ok
g_neuzeit,1,"Wie heisst eine Nachricht, die man mit dem Telegrafen schickt?","[""Telegramm"", ""Postkarte"", ""Zeitung"", ""Plakat""]","Ein Telegramm war kurz, weil jedes Wort Geld kostete. Ein Bote brachte es nach Hause.",Ein Telegramm ist eine telegrafische Nachricht.,Telegrafie,,ok
g_neuzeit,1,Was legte man 1866 erfolgreich durch den Atlantik?,"[""Ein Telegrafenkabel"", ""Eine Eisenbahn"", ""Eine Brücke"", ""Eine Wasserleitung""]",Ein langes Kabel auf dem Meeresboden verband Europa und Amerika. Nachrichten kamen nun in Minuten statt Tagen an.,Ein Kabel im Meer verband Europa mit Amerika.,Telegrafie,,ok
g_neuzeit,1,Welcher Buchstabe ist im Morsecode nur ein einziger Punkt?,"[""E"", ""A"", ""Z"", ""Q""]",Das E ist im Englischen der häufigste Buchstabe. Darum bekam es das kürzeste Zeichen.,Im Morsecode ist das E nur ein Punkt.,Telegrafie,,ok
g_neuzeit,1,Wo ist bei einer Nähmaschinennadel das Loch für den Faden?,"[""Nahe bei der Spitze"", ""Am oberen Ende"", ""In der Mitte"", ""Es gibt kein Loch""]",Bei einer Handnadel ist das Öhr oben. Bei der Maschinennadel sitzt es unten bei der Spitze.,Die Nadel der Nähmaschine hat das Öhr unten.,Nähmaschine,,ok
g_neuzeit,1,Wie viele Fäden braucht eine Nähmaschine für den normalen Stich?,"[""Zwei"", ""Einen"", ""Drei"", ""Vier""]",Es gibt einen Oberfaden und einen Unterfaden. Sie verschlingen sich im Stoff.,Die Nähmaschine näht mit zwei Fäden.,Nähmaschine,,ok
g_neuzeit,1,Wie wurden viele alte Nähmaschinen angetrieben?,"[""Mit dem Fuss"", ""Mit Dampf"", ""Mit Wind"", ""Mit einer Batterie""]",Man trat mit den Füssen auf ein Trittbrett. Die Hände hatten so Zeit für den Stoff.,Alte Nähmaschinen trieb man mit dem Fuss an.,Nähmaschine,,ok
g_neuzeit,1,"Wie heisst das kleine Teil, auf dem der Unterfaden aufgewickelt ist?","[""Spule"", ""Knopf"", ""Schere"", ""Fingerhut""]",Die Spule liegt unter der Nadel in der Maschine. Von dort kommt der untere Faden.,Der Unterfaden ist auf einer Spule.,Nähmaschine,,ok
g_neuzeit,1,Was konnte man mit Nähmaschinen viel schneller herstellen?,"[""Kleider"", ""Brot"", ""Möbel"", ""Bücher""]",Von Hand dauerte ein Hemd viele Stunden. Mit der Maschine ging es viel schneller.,Die Nähmaschine machte das Nähen von Kleidern schneller.,Nähmaschine,,ok
g_neuzeit,1,Welcher Amerikaner liess 1846 eine wichtige Nähmaschine schützen?,"[""Elias Howe"", ""Henry Ford"", ""Samuel Morse"", ""Robert Fulton""]",Elias Howe erhielt 1846 ein Patent für seine Nähmaschine. Andere Erfinder bauten darauf auf.,Elias Howe war ein wichtiger Erfinder der Nähmaschine.,Nähmaschine,,ok
g_neuzeit,1,Aus welchem Land kam der Nähmaschinen-Erfinder Josef Madersperger?,"[""Österreich"", ""Schweiz"", ""Spanien"", ""Schweden""]",Madersperger wurde in Kufstein im Tirol geboren. Er baute in Wien schon früh eine Nähmaschine.,Josef Madersperger war ein Erfinder aus Österreich.,Nähmaschine,,ok
g_neuzeit,1,In welcher Stadt fand 1851 die erste Weltausstellung statt?,"[""London"", ""Paris"", ""Zürich"", ""Rom""]",Die erste Weltausstellung war im Hyde Park. Viele Länder zeigten dort ihre Waren.,Die erste Weltausstellung war in London.,Weltausstellung,,ok
g_neuzeit,1,Wie hiess das grosse Gebäude aus Glas und Eisen der ersten Weltausstellung?,"[""Kristallpalast"", ""Glashaus"", ""Eispalast"", ""Goldpalast""]",Der Gärtner Joseph Paxton plante das riesige Gebäude. Es sah aus wie ein grosses Gewächshaus.,Der Kristallpalast war aus Glas und Eisen.,Weltausstellung,,ok
g_neuzeit,1,Was zeigten Länder an einer Weltausstellung?,"[""Neue Erfindungen und Waren"", ""Nur Haustiere"", ""Nur Sportspiele"", ""Nur alte Münzen""]","Länder wollten zeigen, was sie Neues können. Die Besucher staunten über Maschinen und Erfindungen.",An Weltausstellungen zeigt man Neuheiten aus aller Welt.,Weltausstellung,,ok
g_neuzeit,1,Welche Attraktion gab es 1893 in Chicago zum ersten Mal?,"[""Ein grosses Riesenrad"", ""Eine Achterbahn"", ""Ein Karussell"", ""Eine Rutschbahn""]",George Ferris baute das Riesenrad für die Weltausstellung. Es war etwa 80 Meter hoch.,Das erste grosse Riesenrad drehte sich 1893 in Chicago.,Weltausstellung,,ok
g_neuzeit,1,Welches Bauwerk steht seit der Weltausstellung 1958 in Brüssel?,"[""Atomium"", ""Big Ben"", ""Kolosseum"", ""Tower Bridge""]",Das Atomium sieht aus wie ein riesig vergrösserter Eisenkristall mit neun Kugeln. Es ist heute ein Museum.,Das Atomium in Brüssel stammt von einer Weltausstellung.,Weltausstellung,,ok
g_neuzeit,1,Welches Gerät zeigte Alexander Graham Bell 1876 an der Weltausstellung in Philadelphia?,"[""Telefon"", ""Fernseher"", ""Computer"", ""Radio""]",Bell zeigte sein neues Gerät zum Sprechen über Draht. Die Besucher konnten eine Stimme aus der Ferne hören.,Alexander Graham Bell zeigte das Telefon.,Weltausstellung,,ok
g_neuzeit,1,In welchem Land fand 2025 eine Weltausstellung statt?,"[""Japan"", ""Brasilien"", ""Kanada"", ""Ägypten""]",Die Expo 2025 fand in Osaka statt. Auch die Schweiz hatte dort einen Pavillon.,Die Weltausstellung 2025 war in Osaka in Japan.,Weltausstellung,,ok
g_neuzeit,1,Welcher Erfinder machte die Glühbirne berühmt?,"[""Thomas Edison"", ""Carl Benz"", ""Karl Drais"", ""Graf Zeppelin""]","Thomas Edison baute mit seinem Team eine Glühbirne, die viele Stunden leuchtete. Danach verbreitete sich das elektrische Licht auf der ganzen Welt.",Thomas Edison machte die Glühbirne bekannt.,Glühlampe,,ok
g_neuzeit,1,In welchem Jahr stellte Edison seine lange brennende Glühbirne vor?,"[""1879"", ""1779"", ""1929"", ""1959""]",Edison und sein Team stellten ihre lange brennende Glühbirne im Jahr 1879 vor. Sie leuchtete viele Stunden lang.,Edisons Glühbirne leuchtete im Jahr 1879.,Glühlampe,,ok
g_neuzeit,1,Aus welchem Land kam Thomas Edison?,"[""USA"", ""England"", ""Frankreich"", ""Italien""]",Thomas Edison wurde 1847 im US-Bundesstaat Ohio geboren. Er lebte und arbeitete vor allem in den USA.,Thomas Edison war ein Erfinder aus den USA.,Glühlampe,,ok
g_neuzeit,1,Was glüht in einer alten Glühbirne und gibt Licht?,"[""Ein dünner Faden"", ""Ein Tropfen Öl"", ""Ein Stück Holz"", ""Eine kleine Kerze""]","In der Glühbirne fliesst Strom durch einen sehr dünnen Faden. Der Faden wird heiss, glüht und leuchtet.","In einer Glühbirne leuchtet ein heisser, dünner Faden.",Glühlampe,,ok
g_neuzeit,1,Womit machten viele Menschen vor der Glühbirne am Abend Licht?,"[""Mit Kerzen und Öllampen"", ""Mit Taschenlampen"", ""Mit Leuchtreklamen"", ""Mit Bildschirmen""]","Vor der elektrischen Glühbirne gab es Kerzen, Öllampen und Gaslampen. Diese Lichter hatten eine offene Flamme.",Früher brannten am Abend Kerzen und Öllampen.,Glühlampe,,ok
g_neuzeit,1,Wie viele Patente hatte Thomas Edison ungefähr?,"[""Über 1000"", ""Genau 3"", ""Etwa 20"", ""Etwa 50""]",Thomas Edison meldete in seinem Leben über 1000 Erfindungen als Patent an. Darum gilt er als einer der fleissigsten Erfinder.,Thomas Edison hatte über tausend Patente.,Glühlampe,,ok
g_neuzeit,1,"Was ersetzt heute oft die alte Glühbirne, weil sie weniger Strom braucht?","[""Die LED-Lampe"", ""Die Kerze"", ""Die Öllampe"", ""Die Gaslaterne""]",LED-Lampen geben viel Licht und brauchen nur wenig Strom. Alte Glühbirnen werden dagegen sehr heiss und verschwenden Energie.,LED-Lampen sparen viel Strom.,Glühlampe,,ok
g_neuzeit,1,"In welchem Land lebte Bell, als er das Telefon erfand?","[""In den USA"", ""In Japan"", ""In Australien"", ""In der Schweiz""]",Bell lebte damals in Boston in den USA. Dort baute er mit seinem Helfer das Telefon.,Bell erfand das Telefon in den USA.,Telefon,,ok
g_neuzeit,1,In welchem Jahr bekam Bell sein Patent für das Telefon?,"[""1876"", ""1776"", ""1926"", ""1956""]",Das Patent für Bells Telefon stammt aus dem Jahr 1876. Das ist rund 150 Jahre her.,Das Telefon wurde 1876 patentiert.,Telefon,,ok
g_neuzeit,1,In welchem Land wurde Alexander Graham Bell geboren?,"[""Schottland"", ""Spanien"", ""Schweden"", ""Schweiz""]",Bell wurde 1847 in Edinburgh geboren. Edinburgh ist die Hauptstadt von Schottland.,Alexander Graham Bell stammte aus Schottland.,Telefon,,ok
g_neuzeit,1,Was konnte man mit dem ersten Telefon übertragen?,"[""Die Stimme"", ""Fotos"", ""Filme"", ""Briefe aus Papier""]",Das Telefon verwandelt die Stimme in elektrische Signale. Am anderen Ende wird daraus wieder Ton.,Mit dem Telefon kann man seine Stimme in die Ferne schicken.,Telefon,,ok
g_neuzeit,1,Mit welchen Menschen arbeitete Bell als Lehrer?,"[""Mit gehörlosen Menschen"", ""Mit Bauern"", ""Mit Seeleuten"", ""Mit Bergführern""]",Bell unterrichtete gehörlose Menschen und beschäftigte sich viel mit Sprache und Klang. Das half ihm beim Erfinden des Telefons.,Bell war Lehrer für gehörlose Menschen.,Telefon,,ok
g_neuzeit,1,"Wie hiess Bells Helfer, dem er den ersten Satz am Telefon sagte?","[""Watson"", ""Edison"", ""Wright"", ""Benz""]","Bell rief seinem Helfer Thomas Watson durch das Telefon zu, er solle herkommen. Watson hörte ihn im anderen Zimmer.",Bells Helfer am ersten Telefon hiess Watson.,Telefon,,ok
g_neuzeit,1,Welcher deutsche Lehrer baute schon um 1861 ein frühes Telefon?,"[""Philipp Reis"", ""Karl Drais"", ""Carl Linde"", ""Emil Berliner""]","Der Lehrer Philipp Reis baute um 1861 einen Apparat, der Töne übertragen konnte. Er nannte ihn schon «Telephon».",Philipp Reis baute ein frühes Telefon in Deutschland.,Telefon,,ok
g_neuzeit,1,Womit waren die ersten Telefone miteinander verbunden?,"[""Mit Drähten"", ""Mit Schnüren aus Wolle"", ""Mit Wasserrohren"", ""Mit Holzstangen""]",Frühe Telefone brauchten lange Drähte zwischen den Geräten. Erst viel später kamen Handys ohne Kabel.,Die ersten Telefone hingen an Drähten.,Telefon,,ok
g_neuzeit,1,Wer baute das erste richtige Auto mit Benzinmotor?,"[""Carl Benz"", ""Thomas Edison"", ""Karl Drais"", ""Graf Zeppelin""]",Carl Benz baute einen Motorwagen und meldete ihn zum Patent an. Dieses Patent gilt als Geburtsurkunde des Autos.,Carl Benz baute das erste Auto mit Benzinmotor.,Benz Patent-Motorwagen Nummer 1,,ok
g_neuzeit,1,Wie viele Räder hatte der erste Motorwagen von Carl Benz?,"[""Drei"", ""Zwei"", ""Vier"", ""Sechs""]",Der Benz Patent-Motorwagen hatte zwei grosse Räder hinten und ein Rad vorne. Er sah fast aus wie ein grosses Dreirad.,Das erste Auto von Benz hatte drei Räder.,Benz Patent-Motorwagen Nummer 1,,ok
g_neuzeit,1,In welchem Jahr meldete Carl Benz sein Auto zum Patent an?,"[""1886"", ""1786"", ""1936"", ""1966""]",Am 29. Januar 1886 meldete Carl Benz seinen Motorwagen beim Patentamt an. Darum gilt 1886 als Geburtsjahr des Autos.,Das Auto wurde 1886 erfunden.,Benz Patent-Motorwagen Nummer 1,,ok
g_neuzeit,1,In welcher deutschen Stadt baute Carl Benz sein erstes Auto?,"[""Mannheim"", ""Hamburg"", ""Berlin"", ""München""]",Carl Benz hatte seine Werkstatt in Mannheim. Dort baute und testete er seinen Motorwagen.,Das erste Benz-Auto entstand in Mannheim.,Benz Patent-Motorwagen Nummer 1,,ok
g_neuzeit,1,Wie schnell fuhr der erste Motorwagen von Benz ungefähr?,"[""Etwa 16 km/h"", ""Etwa 160 km/h"", ""Etwa 300 km/h"", ""Etwa 100 km/h""]",Der Motorwagen fuhr höchstens etwa 16 Kilometer pro Stunde. Ein Velofahrer ist heute oft gleich schnell.,Das erste Auto war nur so schnell wie ein Velo.,Benz Patent-Motorwagen Nummer 1,,ok
g_neuzeit,1,Was zog Wagen vor der Erfindung des Autos meistens?,"[""Pferde"", ""Hunde"", ""Motoren"", ""Elefanten""]",Vor dem Auto wurden Kutschen und Wagen meist von Pferden gezogen. Darum nannte man das Auto anfangs auch «Kutsche ohne Pferde».,Vor dem Auto zogen Pferde die Kutschen.,Benz Patent-Motorwagen Nummer 1,,ok
g_neuzeit,1,Welcher andere deutsche Erfinder baute fast gleichzeitig wie Benz ein Auto?,"[""Gottlieb Daimler"", ""Alexander Bell"", ""Louis Lumière"", ""Wilbur Wright""]",Gottlieb Daimler baute im selben Jahr wie Benz eine Kutsche mit Motor und vier Rädern. Später wurden die Firmen von Benz und Daimler vereint.,Auch Gottlieb Daimler baute ein frühes Auto.,Benz Patent-Motorwagen Nummer 1,,ok
g_neuzeit,1,Womit lenkte man den ersten Motorwagen von Benz?,"[""Mit einer Kurbel"", ""Mit einem Seil"", ""Mit den Füssen"", ""Mit einem Joystick""]",Der Patent-Motorwagen hatte noch kein rundes Lenkrad. Man lenkte das Vorderrad mit einer Kurbel.,Das erste Auto lenkte man mit einer Kurbel.,Benz Patent-Motorwagen Nummer 1,,ok
g_neuzeit,1,Wer war Bertha Benz?,"[""Die Frau von Carl Benz"", ""Die Schwester von Edison"", ""Eine Pilotin"", ""Eine Fotografin""]","Bertha Benz war mit Carl Benz verheiratet. Sie half mit ihrem Geld und ihrem Mut, das Auto bekannt zu machen.",Bertha Benz war die Frau von Carl Benz.,Bertha Benz,,ok
g_neuzeit,1,In welchem Jahr machte Bertha Benz ihre berühmte lange Autofahrt?,"[""1888"", ""1788"", ""1938"", ""1968""]",Im August 1888 fuhr Bertha Benz heimlich mit dem Motorwagen los. Es war die erste längere Fahrt mit einem Auto.,Bertha Benz fuhr im Jahr 1888 los.,Bertha Benz,,ok
g_neuzeit,1,Wohin fuhr Bertha Benz auf ihrer berühmten Fahrt?,"[""Nach Pforzheim"", ""Nach Zürich"", ""Nach Paris"", ""Nach Wien""]",Bertha Benz fuhr in ihre Geburtsstadt Pforzheim. Dort wohnte ihre Mutter.,Bertha Benz fuhr nach Pforzheim.,Bertha Benz,,ok
g_neuzeit,1,Wer begleitete Bertha Benz auf ihrer Fahrt?,"[""Ihre zwei Söhne"", ""Ihr Mann"", ""Ein Polizist"", ""Ihre Katze""]",Bertha Benz nahm ihre Söhne Eugen und Richard mit. Ihr Mann Carl wusste nichts von der Fahrt.,Bertha Benz fuhr mit ihren beiden Söhnen.,Bertha Benz,,ok
g_neuzeit,1,Wie lang war die Hinfahrt von Bertha Benz ungefähr?,"[""Etwa 106 km"", ""Etwa 6 km"", ""Etwa 1000 km"", ""Etwa 16 km""]",Die Hinfahrt war rund 106 Kilometer lang. Für ein Auto von damals war das eine riesige Reise.,Bertha Benz fuhr über hundert Kilometer weit.,Bertha Benz,,ok
g_neuzeit,1,Wo kaufte Bertha Benz unterwegs Treibstoff?,"[""In einer Apotheke"", ""In einer Bäckerei"", ""An einer Tankstelle"", ""Auf einem Bauernhof""]",Tankstellen gab es damals noch nicht. Bertha Benz kaufte das Benzin in einer Apotheke in Wiesloch.,Die erste Tankstelle war eine Apotheke.,Bertha Benz,,ok
g_neuzeit,1,Womit reinigte Bertha Benz unterwegs eine verstopfte Benzinleitung?,"[""Mit einer Hutnadel"", ""Mit einem Löffel"", ""Mit einer Gabel"", ""Mit einem Kamm""]",Bertha Benz reparierte unterwegs vieles selbst. Eine verstopfte Leitung putzte sie mit der langen Nadel von ihrem Hut.,Bertha Benz half sich unterwegs mit einer Hutnadel.,Bertha Benz,,ok
g_neuzeit,1,Womit verbesserte Bertha Benz unterwegs die Bremsen?,"[""Mit Leder"", ""Mit Glas"", ""Mit Papier"", ""Mit Gummibärchen""]","Bertha Benz liess unterwegs Leder an die Bremsen machen. So bremste der Wagen besser, und darum gilt sie als Erfinderin des Bremsbelags.",Bertha Benz verbesserte die Bremsen mit Leder.,Bertha Benz,,ok
g_neuzeit,1,"Wer erfand die Laufmaschine, den Vorläufer des Velos?","[""Karl Drais"", ""Carl Benz"", ""Carl Linde"", ""Emil Berliner""]","Karl Drais stellte seine Laufmaschine vor, als es noch keine Velos gab. Sie gilt als Urahn des Velos.",Karl Drais erfand die Laufmaschine.,Laufmaschine,,ok
g_neuzeit,1,In welchem Jahr fuhr Karl Drais zum ersten Mal mit seiner Laufmaschine?,"[""1817"", ""1717"", ""1917"", ""1867""]",Am 12. Juni 1817 fuhr Karl Drais mit seiner Laufmaschine zum ersten Mal eine längere Strecke. Das war die Geburtsstunde des Zweirads.,Die Laufmaschine fuhr zum ersten Mal 1817.,Laufmaschine,,ok
g_neuzeit,1,Wie bewegte man die Laufmaschine vorwärts?,"[""Mit den Füssen am Boden"", ""Mit Pedalen"", ""Mit einem Motor"", ""Mit einem Segel""]",Man sass auf der Laufmaschine und stiess sich mit den Füssen vom Boden ab. So rollte sie vorwärts.,Auf der Laufmaschine stiess man sich mit den Füssen ab.,Laufmaschine,,ok
g_neuzeit,1,Aus welchem Material war die Laufmaschine hauptsächlich?,"[""Aus Holz"", ""Aus Plastik"", ""Aus Glas"", ""Aus Stein""]",Rahmen und Räder der Laufmaschine waren aus Holz. Nur wenige Teile waren aus Eisen.,Die Laufmaschine war vor allem aus Holz.,Laufmaschine,,ok
g_neuzeit,1,In welcher Stadt wurde Karl Drais geboren?,"[""Karlsruhe"", ""Zürich"", ""Paris"", ""London""]",Karl Drais wurde 1785 in Karlsruhe geboren. Die Stadt liegt im Südwesten von Deutschland.,Karl Drais stammte aus Karlsruhe.,Laufmaschine,,ok
g_neuzeit,1,Welches Fahrzeug für kleine Kinder funktioniert heute wie die Laufmaschine?,"[""Das Laufrad"", ""Das Trottinett"", ""Das Dreirad"", ""Das Skateboard""]",Auf einem Laufrad lernen kleine Kinder das Gleichgewicht. Es funktioniert genau gleich wie die Laufmaschine von Drais.,Ein Laufrad funktioniert wie die Laufmaschine von Drais.,Laufmaschine,,ok
g_neuzeit,1,Wie nennt man die Laufmaschine nach ihrem Erfinder auch?,"[""Draisine"", ""Benzine"", ""Lindine"", ""Edisone""]",Nach Karl Drais nannte man die Laufmaschine auch Draisine. Heute heissen auch kleine Schienenfahrzeuge so.,Die Laufmaschine heisst auch Draisine.,Laufmaschine,,ok
g_neuzeit,1,"Was fehlte der Laufmaschine noch, das ein Velo heute hat?","[""Die Pedale"", ""Der Sattel"", ""Die Räder"", ""Der Lenker""]","Die Laufmaschine hatte schon einen Sattel und einen Lenker, aber noch keine Pedale. Pedale kamen erst einige Jahrzehnte später dazu.",Die Laufmaschine hatte noch keine Pedale.,Laufmaschine,,ok
g_neuzeit,1,Wer machte um 1826 die älteste erhaltene Fotografie?,"[""Nicéphore Niépce"", ""Thomas Edison"", ""Carl Benz"", ""Graf Zeppelin""]",Nicéphore Niépce belichtete um 1826 eine beschichtete Zinnplatte in seiner Kamera. Dieses Bild gibt es heute noch.,Nicéphore Niépce machte die älteste erhaltene Fotografie.,Fotografie,,ok
g_neuzeit,1,Was zeigt die älteste erhaltene Fotografie der Welt?,"[""Den Blick aus einem Fenster"", ""Ein Pferd"", ""Ein Kind"", ""Einen Berg im Schnee""]",Niépce richtete seine Kamera aus einem oberen Fenster seines Landhauses. Man sieht Dächer und Gebäude.,Das älteste Foto zeigt den Blick aus einem Fenster.,Fotografie,,ok
g_neuzeit,1,Wie lange dauerte die Aufnahme der ersten Fotografie ungefähr?,"[""Viele Stunden"", ""Eine Sekunde"", ""Zwei Minuten"", ""Fünf Sekunden""]","Die Platte musste viele Stunden, vielleicht sogar Tage im Licht liegen. Ein Handy schafft ein Foto heute in einem Bruchteil einer Sekunde.",Die erste Fotografie brauchte viele Stunden.,Fotografie,,ok
g_neuzeit,1,Aus welchem Land stammte Nicéphore Niépce?,"[""Frankreich"", ""Deutschland"", ""USA"", ""Schottland""]",Nicéphore Niépce war ein französischer Erfinder. Er lebte in einem Dorf in Burgund.,Nicéphore Niépce kam aus Frankreich.,Fotografie,,ok
g_neuzeit,1,Nach welchem Erfinder heisst die Daguerreotypie?,"[""Louis Daguerre"", ""Karl Drais"", ""Emil Berliner"", ""Paul Nipkow""]",Louis Daguerre entwickelte ein Verfahren für scharfe Bilder auf Silberplatten. Es wurde nach ihm Daguerreotypie genannt.,Die Daguerreotypie ist nach Louis Daguerre benannt.,Fotografie,,ok
g_neuzeit,1,In welchem Jahr wurde die Daguerreotypie öffentlich vorgestellt?,"[""1839"", ""1739"", ""1939"", ""1989""]",Im Jahr 1839 wurde das Verfahren von Daguerre in Paris bekannt gemacht. Darum gilt 1839 oft als Geburtsjahr der Fotografie.,Die Daguerreotypie wurde 1839 vorgestellt.,Fotografie,,ok
g_neuzeit,1,Welche Farben hatten die ersten Fotografien?,"[""Keine bunten Farben"", ""Nur Rot und Blau"", ""Alle Farben"", ""Nur Grün""]",Die ersten Fotografien waren schwarz-weiss oder bräunlich. Farbfotos kamen erst viel später.,Die ersten Fotos waren nicht bunt.,Fotografie,,ok
g_neuzeit,1,Warum mussten Menschen auf frühen Fotos lange stillsitzen?,"[""Sonst wurde das Bild unscharf"", ""Sonst ging die Kamera kaputt"", ""Sonst fiel der Strom aus"", ""Sonst wurde das Bild bunt""]","Frühe Kameras brauchten lange, bis das Bild fertig war. Wer sich bewegte, war auf dem Foto verschwommen.",Auf frühen Fotos musste man lange stillhalten.,Fotografie,,ok
g_neuzeit,1,Wie hiessen die beiden Brüder Lumière mit Vornamen?,"[""Auguste und Louis"", ""Orville und Wilbur"", ""Carl und Gottlieb"", ""Paul und Emil""]",Auguste und Louis Lumière arbeiteten zusammen an Kameras und Filmen. Sie gehören zu den Erfindern des Kinos.,Die Brüder Lumière hiessen Auguste und Louis.,Brüder Lumière,,ok
g_neuzeit,1,Aus welchem Land kamen die Brüder Lumière?,"[""Frankreich"", ""Italien"", ""USA"", ""Deutschland""]",Die Brüder Lumière lebten und arbeiteten in Lyon in Frankreich. Ihr Vater hatte dort eine Fabrik für Fotoplatten.,Die Brüder Lumière kamen aus Frankreich.,Brüder Lumière,,ok
g_neuzeit,1,In welcher Stadt zeigten die Brüder Lumière zum ersten Mal Filme für zahlendes Publikum?,"[""Paris"", ""Lyon"", ""Genf"", ""London""]",Sie zeigten ihre Filme in einem Raum unter einem Café in Paris. Die Zuschauer bezahlten Eintritt.,Die erste Kinovorführung der Lumières war in Paris.,Brüder Lumière,,ok
g_neuzeit,1,In welchem Jahr gilt das Kino als geboren?,"[""1895"", ""1795"", ""1945"", ""1975""]",Die Vorführung der Brüder Lumière vor zahlendem Publikum im Dezember 1895 gilt als Geburtsstunde des Kinos.,Das Kino wurde 1895 geboren.,Brüder Lumière,,ok
g_neuzeit,1,Was fuhr in einem berühmten Film der Lumières auf die Zuschauer zu?,"[""Ein Zug"", ""Ein Schiff"", ""Ein Flugzeug"", ""Ein Velo""]","Der Film zeigt einen Zug, der in einen Bahnhof einfährt. Man erzählt, dass manche Zuschauer erschrocken sind.",Ein berühmter Lumière-Film zeigt einen einfahrenden Zug.,Brüder Lumière,,ok
g_neuzeit,1,Wie lange dauerten die ersten Filme der Lumières ungefähr?,"[""Weniger als eine Minute"", ""Etwa zwei Stunden"", ""Etwa eine Stunde"", ""Einen ganzen Tag""]",Die ersten Filme waren sehr kurz und dauerten nicht einmal eine Minute. Mehr Film passte nicht in die Kamera.,Die ersten Filme waren kürzer als eine Minute.,Brüder Lumière,,ok
g_neuzeit,1,Was fehlte den ersten Filmen der Lumières noch?,"[""Der Ton"", ""Das Bild"", ""Die Bewegung"", ""Die Leinwand""]",Die ersten Filme waren Stummfilme ohne Ton. Manchmal spielte jemand im Saal dazu Klavier.,Die ersten Filme waren Stummfilme.,Brüder Lumière,,ok
g_neuzeit,1,"Wie hiess das Gerät der Lumières, das filmen und Filme zeigen konnte?","[""Kinematograph"", ""Grammophon"", ""Telegraf"", ""Mikroskop""]",Der Kinematograph der Brüder Lumière konnte Filme aufnehmen und an eine Wand werfen. Vom Wort Kinematograph kommt das Wort Kino.,Das Wort Kino kommt vom Kinematographen.,Brüder Lumière,,ok
g_neuzeit,1,Wer erfand das Grammophon?,"[""Emil Berliner"", ""Karl Drais"", ""Carl Benz"", ""Paul Nipkow""]",Emil Berliner meldete das Grammophon 1887 zum Patent an. Er war in Deutschland geboren und lebte in den USA.,Emil Berliner erfand das Grammophon.,Grammophon,,ok
g_neuzeit,1,Was spielt man auf einem Grammophon ab?,"[""Schallplatten"", ""Videokassetten"", ""Fotos"", ""Briefe""]",Auf dem Grammophon dreht sich eine Schallplatte. Darauf ist Musik gespeichert.,Ein Grammophon spielt Schallplatten ab.,Grammophon,,ok
g_neuzeit,1,Welche Form hat eine Schallplatte?,"[""Rund und flach"", ""Viereckig"", ""Wie eine Kugel"", ""Wie ein Würfel""]","Eine Schallplatte ist eine runde, flache Scheibe. Die Musik steckt in feinen Rillen.",Eine Schallplatte ist eine runde Scheibe.,Grammophon,,ok
g_neuzeit,1,Was fährt beim Grammophon durch die Rillen der Schallplatte?,"[""Eine Nadel"", ""Ein Pinsel"", ""Ein Rad"", ""Ein Magnet""]","Eine feine Nadel gleitet durch die Rillen der Platte. Sie zittert dabei, und so entsteht der Ton.",Beim Grammophon liest eine Nadel die Rillen.,Grammophon,,ok
g_neuzeit,1,Welcher grosse Teil machte die Musik beim alten Grammophon lauter?,"[""Der Trichter"", ""Der Deckel"", ""Der Fuss"", ""Das Kabel""]",Alte Grammophone hatten einen grossen Trichter. Er machte den leisen Ton der Nadel lauter.,Der Trichter machte die Musik des Grammophons lauter.,Grammophon,,ok
g_neuzeit,1,Wie brachte man ein altes Grammophon zum Laufen?,"[""Mit einer Handkurbel"", ""Mit Batterien"", ""Mit Benzin"", ""Mit einem Solarpanel""]",Man drehte eine Kurbel und zog damit eine Feder auf. Die Feder drehte dann den Plattenteller.,Alte Grammophone zog man mit einer Kurbel auf.,Grammophon,,ok
g_neuzeit,1,Welches Tongerät erfand Thomas Edison schon 1877?,"[""Den Phonographen"", ""Den Fernseher"", ""Das Radio"", ""Das Handy""]",Mit Edisons Phonograph konnte man zum ersten Mal Töne aufnehmen und wieder abspielen. Als Erstes sprach Edison ein Kinderlied hinein.,Edison erfand 1877 den Phonographen.,Grammophon,,ok
g_neuzeit,1,Worauf nahm Edisons Phonograph die Töne auf?,"[""Auf eine Walze"", ""Auf eine flache Platte"", ""Auf Papier"", ""Auf einen Stein""]","Der Phonograph speicherte Töne auf einer Walze, die wie eine Rolle aussieht. Berliner nahm stattdessen flache Scheiben.",Der Phonograph nahm Töne auf einer Walze auf.,Grammophon,,ok
g_neuzeit,1,Welcher Italiener schickte als einer der Ersten Nachrichten ohne Draht durch die Luft?,"[""Guglielmo Marconi"", ""Louis Lumière"", ""Karl Drais"", ""Thomas Edison""]",Guglielmo Marconi machte ab 1895 Versuche mit Funk ohne Kabel. Er gilt als ein Pionier des Radios.,Guglielmo Marconi war ein Pionier des Funks.,Hörfunk,,ok
g_neuzeit,1,"Was braucht ein Radio, um Sendungen zu empfangen?","[""Eine Antenne"", ""Einen Auspuff"", ""Einen Trichter"", ""Ein Pedal""]",Radiosender schicken unsichtbare Funkwellen durch die Luft. Die Antenne fängt diese Wellen auf.,Ein Radio empfängt Funkwellen mit einer Antenne.,Hörfunk,,ok
g_neuzeit,1,Was kann man mit einem Radio machen?,"[""Musik und Nachrichten hören"", ""Filme anschauen"", ""Fotos machen"", ""Briefe schreiben""]","Ein Radio empfängt Töne von einem Sender. Man hört Musik, Nachrichten und Geschichten.",Mit dem Radio hört man Musik und Nachrichten.,Hörfunk,,ok
g_neuzeit,1,"Wie heisst der Landessender, der ab 1931 Radio für die Deutschschweiz sendete?","[""Beromünster"", ""Sottens"", ""Monte Ceneri"", ""Uetliberg""]",Der Landessender Beromünster im Kanton Luzern sendete ab 1931. Er war jahrzehntelang der wichtigste Sender der Deutschschweiz.,Beromünster war der Radiosender der Deutschschweiz.,Hörfunk,,ok
g_neuzeit,1,Welcher Preis wurde Marconi 1909 verliehen?,"[""Der Nobelpreis für Physik"", ""Ein Oscar"", ""Eine Goldmedaille im Sport"", ""Der Friedensnobelpreis""]",Marconi bekam 1909 den Nobelpreis für Physik. Er teilte ihn mit Ferdinand Braun.,Marconi erhielt den Nobelpreis für Physik.,Hörfunk,,ok
g_neuzeit,1,"Was sendete der Funker der Titanic 1912, als das Schiff sank?","[""Notrufe"", ""Wetterberichte"", ""Musik"", ""Werbung""]","Als die Titanic sank, sendete der Funker Notrufe. Ein anderes Schiff kam und rettete viele Menschen.",Die Titanic schickte 1912 Notrufe per Funk.,Hörfunk,,ok
g_neuzeit,1,Welches andere Wort gibt es für Radio?,"[""Rundfunk"", ""Fernrohr"", ""Lautsprecher"", ""Telegramm""]",Das Radio nennt man auch Rundfunk oder Hörfunk. Der Ton wird rundherum in alle Richtungen gesendet.,Ein anderes Wort für Radio ist Rundfunk.,Hörfunk,,ok
g_neuzeit,1,Wie hiessen die Brüder Wright mit Vornamen?,"[""Orville und Wilbur"", ""Auguste und Louis"", ""Carl und Karl"", ""Paul und John""]","Orville und Wilbur Wright waren Brüder aus den USA. Sie bauten das erste Motorflugzeug, das gesteuert fliegen konnte.",Die Brüder Wright hiessen Orville und Wilbur.,Gebrüder Wright,,ok
g_neuzeit,1,In welchem Jahr flogen die Brüder Wright zum ersten Mal mit Motor?,"[""1903"", ""1803"", ""1953"", ""1883""]",Am 17. Dezember 1903 gelang bei Kitty Hawk in den USA der erste gesteuerte Motorflug. Das Flugzeug war schwerer als Luft.,Die Brüder Wright flogen im Jahr 1903.,Gebrüder Wright,,ok
g_neuzeit,1,Wie lange dauerte der erste Flug der Brüder Wright?,"[""Etwa 12 Sekunden"", ""Etwa 12 Minuten"", ""Etwa 2 Stunden"", ""Einen ganzen Tag""]",Der erste Flug dauerte nur etwa 12 Sekunden. Trotzdem war er ein riesiger Erfolg.,Der erste Motorflug dauerte nur 12 Sekunden.,Gebrüder Wright,,ok
g_neuzeit,1,Wie weit flog das Flugzeug beim allerersten Flug der Wrights ungefähr?,"[""Etwa 37 Meter"", ""Etwa 37 Kilometer"", ""Etwa 3 Meter"", ""Etwa 370 Kilometer""]",Beim ersten Flug kam der Flyer etwa 37 Meter weit. Das ist kürzer als ein Fussballfeld.,Der erste Flug war kürzer als ein Fussballfeld.,Gebrüder Wright,,ok
g_neuzeit,1,"Welches Geschäft hatten die Brüder Wright, bevor sie Flugzeuge bauten?","[""Ein Velogeschäft"", ""Eine Bäckerei"", ""Einen Kleiderladen"", ""Eine Apotheke""]",Die Brüder Wright verkauften und reparierten Velos in Dayton. Mit dem Geld bezahlten sie ihre Flugversuche.,Die Brüder Wright hatten ein Velogeschäft.,Gebrüder Wright,,ok
g_neuzeit,1,Wie hiess das erste Motorflugzeug der Brüder Wright?,"[""Flyer"", ""Zeppelin"", ""Spirit"", ""Concorde""]",Das Flugzeug der Brüder Wright hiess Flyer. Es hatte zwei Flügel übereinander und einen kleinen Motor.,Das erste Flugzeug der Wrights hiess Flyer.,Gebrüder Wright,,ok
g_neuzeit,1,Wer von den beiden Brüdern sass beim ersten erfolgreichen Flug am Steuer?,"[""Orville"", ""Wilbur"", ""Beide zusammen"", ""Ihr Vater""]",Orville Wright lag beim ersten erfolgreichen Flug auf dem Flugzeug und steuerte. Wilbur lief daneben her.,Orville Wright steuerte den ersten Motorflug.,Gebrüder Wright,,ok
g_neuzeit,1,Welcher Deutsche flog schon vor den Wrights mit Gleitern?,"[""Otto Lilienthal"", ""Carl Benz"", ""Paul Nipkow"", ""Emil Berliner""]",Otto Lilienthal flog ab 1891 mit selbst gebauten Gleitern ohne Motor. Die Brüder Wright lernten viel von ihm.,Otto Lilienthal flog mit Gleitern vor den Wrights.,Gebrüder Wright,,ok
g_neuzeit,1,Was ist ein Zeppelin?,"[""Ein grosses Luftschiff"", ""Ein U-Boot"", ""Ein Rennauto"", ""Eine Lokomotive""]","Ein Zeppelin ist ein riesiges Luftschiff mit einem festen Gerüst. Es schwebt, weil es mit Gas gefüllt ist.",Ein Zeppelin ist ein grosses Luftschiff.,Zeppelin,,ok
g_neuzeit,1,Nach wem ist der Zeppelin benannt?,"[""Nach Graf Ferdinand von Zeppelin"", ""Nach Carl Benz"", ""Nach Karl Drais"", ""Nach Thomas Edison""]",Graf Ferdinand von Zeppelin baute die ersten grossen Luftschiffe mit festem Gerüst. Darum heissen sie Zeppeline.,Der Zeppelin heisst nach Graf Zeppelin.,Zeppelin,,ok
g_neuzeit,1,Über welchem See flog der erste Zeppelin?,"[""Über dem Bodensee"", ""Über dem Genfersee"", ""Über dem Vierwaldstättersee"", ""Über dem Lago Maggiore""]",Das erste Luftschiff LZ 1 stieg über dem Bodensee auf. Der Bodensee grenzt auch an die Schweiz.,Der erste Zeppelin flog über dem Bodensee.,Zeppelin,,ok
g_neuzeit,1,In welchem Jahr flog der erste Zeppelin?,"[""1900"", ""1800"", ""1950"", ""1850""]",Am 2. Juli 1900 flog das Luftschiff LZ 1 zum ersten Mal. Es war noch vor dem ersten Motorflugzeug in der Luft.,Der erste Zeppelin flog im Jahr 1900.,Zeppelin,,ok
g_neuzeit,1,Mit welchem Gas waren die alten Zeppeline gefüllt?,"[""Wasserstoff"", ""Sauerstoff"", ""Kohlendioxid"", ""Wasserdampf""]","Die alten Zeppeline waren mit Wasserstoff gefüllt. Dieses Gas ist sehr leicht, kann aber leicht brennen.",Alte Zeppeline flogen mit Wasserstoff.,Zeppelin,,ok
g_neuzeit,1,"Wie hiess der berühmte Zeppelin, der 1937 in den USA verbrannte?","[""Hindenburg"", ""Titanic"", ""Flyer"", ""Bremen""]",Das Luftschiff Hindenburg fing 1937 bei der Landung in Lakehurst Feuer. Danach endete die Zeit der grossen Passagier-Zeppeline.,Die Hindenburg verbrannte im Jahr 1937.,Zeppelin,,ok
g_neuzeit,1,In welcher deutschen Stadt wurden viele Zeppeline gebaut?,"[""Friedrichshafen"", ""Mannheim"", ""Lyon"", ""Dayton""]",In Friedrichshafen standen die grossen Hallen der Zeppelin-Werke. Dort gibt es heute ein Zeppelin-Museum.,Viele Zeppeline wurden in Friedrichshafen gebaut.,Zeppelin,,ok
g_neuzeit,1,In welchem Jahr begann in der Schweiz ein erstes Versuchsprogramm im Fernsehen?,"[""1953"", ""1903"", ""1983"", ""1923""]",Die SRG sendete 1953 in Zürich ein erstes Versuchsprogramm. Es lief nur etwa eine Stunde am Abend.,Das Schweizer Fernsehen begann 1953 mit Versuchen.,Fernsehen,,ok
g_neuzeit,1,Ab welchem Jahr sendete das Schweizer Fernsehen regelmässig?,"[""1958"", ""1908"", ""1988"", ""1928""]",Nach einigen Versuchsjahren sendete das Schweizer Fernsehen ab 1958 regulär. Immer mehr Familien kauften ein Gerät.,Ab 1958 gab es regelmässig Schweizer Fernsehen.,Fernsehen,,ok
g_neuzeit,1,Welche Farben hatten die Bilder der ersten Fernseher?,"[""Schwarz und Weiss"", ""Nur Rot"", ""Alle Farben"", ""Nur Blau und Gelb""]","Die ersten Fernseher zeigten nur Schwarz, Weiss und Grautöne. Farbfernsehen kam erst später.",Die ersten Fernseher zeigten schwarz-weisse Bilder.,Fernsehen,,ok
g_neuzeit,1,In welchem Jahr kam das Farbfernsehen in die Schweiz?,"[""1968"", ""1918"", ""1998"", ""1938""]",Im Jahr 1968 begann das Schweizer Fernsehen mit Sendungen in Farbe. Zuerst gab es nur wenige farbige Sendungen.,Farbfernsehen gibt es in der Schweiz seit 1968.,Fernsehen,,ok
g_neuzeit,1,Welcher Schotte führte 1926 ein frühes Fernsehbild vor?,"[""John Logie Baird"", ""Alexander Bell"", ""Wilbur Wright"", ""Louis Daguerre""]",John Logie Baird zeigte 1926 in London bewegte Bilder auf einem Fernsehgerät. Die Bilder waren noch sehr unscharf.,John Logie Baird zeigte 1926 ein frühes Fernsehbild.,Fernsehen,,ok
g_neuzeit,1,Was überträgt ein Fernseher im Unterschied zum Radio zusätzlich?,"[""Bilder"", ""Töne"", ""Stimmen"", ""Musik""]",Das Radio überträgt nur Töne. Der Fernseher zeigt zusätzlich bewegte Bilder.,Der Fernseher zeigt Bilder und Töne.,Fernsehen,,ok
g_neuzeit,1,Wo zeigte die ETH Zürich 1939 den ersten Fernsehversuch der Schweiz?,"[""An der Landesausstellung"", ""Auf dem Matterhorn"", ""Im Bundeshaus"", ""In einem Kino in Genf""]",An der Landesausstellung 1939 in Zürich zeigte die ETH einen Fernsehversuch. Die Besucher staunten über die Bilder.,Der erste Schweizer Fernsehversuch war an der Landi 1939.,Fernsehen,,ok
g_neuzeit,1,"Wie kühlte man Essen, bevor es den Kühlschrank gab?","[""Mit Eis und in Kellern"", ""Mit Feuer"", ""Mit Sonnenlicht"", ""Mit Wind aus dem Föhn""]",Früher lagerte man Essen in kühlen Kellern. Im Winter sägte man Eis aus Seen und bewahrte es auf.,Vor dem Kühlschrank kühlte man mit Eis und Kellern.,Kühlschrank,,ok
g_neuzeit,1,Welcher deutsche Ingenieur baute um 1876 eine wichtige Kältemaschine?,"[""Carl von Linde"", ""Carl Benz"", ""Karl Drais"", ""Emil Berliner""]",Carl von Linde entwickelte in den 1870er-Jahren eine Kältemaschine mit Ammoniak. Sie war eine wichtige Grundlage für spätere Kühlschränke.,Carl von Linde baute eine wichtige Kältemaschine.,Kühlschrank,,ok
g_neuzeit,1,Wo wurden die ersten Kältemaschinen von Linde vor allem eingesetzt?,"[""In Brauereien"", ""In Schulen"", ""In Kirchen"", ""In Ställen""]","Brauereien brauchten viel Kälte, um Bier herzustellen. Darum kauften sie als Erste die Maschinen von Linde.",Lindes Kältemaschinen kühlten zuerst Brauereien.,Kühlschrank,,ok
g_neuzeit,1,Warum stellt man Milch in den Kühlschrank?,"[""Damit sie länger frisch bleibt"", ""Damit sie süsser wird"", ""Damit sie bunter wird"", ""Damit sie mehr wird""]",In der Kälte vermehren sich Bakterien langsamer. So verdirbt die Milch nicht so schnell.,Im Kühlschrank bleibt Essen länger frisch.,Kühlschrank,,ok
g_neuzeit,1,Welcher berühmte Physiker erfand zusammen mit Leo Szilard einen Kühlschrank?,"[""Albert Einstein"", ""Thomas Edison"", ""Alexander Bell"", ""Orville Wright""]",Albert Einstein und Leo Szilard liessen um 1930 einen Kühlschrank ohne bewegliche Teile patentieren. Einstein hatte früher am Patentamt in Bern gearbeitet.,Auch Albert Einstein erfand einen Kühlschrank.,Kühlschrank,,ok
g_neuzeit,1,Ungefähr wann bekamen in der Schweiz viele Familien einen Kühlschrank?,"[""In den 1950er- und 1960er-Jahren"", ""Um das Jahr 1800"", ""Um das Jahr 1700"", ""Erst im Jahr 2020""]",Nach dem Zweiten Weltkrieg wurden Kühlschränke billiger. In den 1950er- und 1960er-Jahren standen sie in immer mehr Schweizer Küchen.,Kühlschränke kamen in den 1950er- und 1960er-Jahren in viele Küchen.,Kühlschrank,,ok
g_neuzeit,1,"Was braucht ein moderner Kühlschrank, damit er kühlt?","[""Strom"", ""Holz"", ""Kohle"", ""Wind""]","Ein moderner Kühlschrank hat einen Kompressor, der mit Strom läuft. Ohne Strom wird es darin langsam warm.",Ein Kühlschrank braucht Strom zum Kühlen.,Kühlschrank,,ok
