thema,stufe,frage,antworten,erklaerung,merksatz,quelle,bild,status
g_mittelalter,1,"Wie hiessen die Seefahrer, die vor etwa 1000 Jahren aus Skandinavien mit Langschiffen loszogen?","[""Wikinger"", ""Römer"", ""Ägypter"", ""Azteken""]","Die Wikinger lebten im Gebiet des heutigen Norwegens, Schwedens und Dänemarks. Mit ihren schnellen Langschiffen fuhren sie als Händler, Entdecker und Krieger über die Meere – sogar bis nach Nordamerika.",Wikinger = Seefahrer aus dem Norden.,,,ok
g_antike,1,Wofür bauten die alten Ägypter die grossen Pyramiden?,"[""Als Grabmäler für ihre Könige"", ""Als Wohnhäuser"", ""Als Leuchttürme"", ""Als Getreidelager""]",Die Könige im alten Ägypten hiessen Pharaonen. Die Ägypter glaubten an ein Leben nach dem Tod und bauten ihnen deshalb riesige Grabmäler: die Pyramiden.,Pyramiden waren Gräber für Pharaonen.,,,ok
ch_geschichte,2,Seit welchem Jahr ist die Schweiz ein moderner Bundesstaat mit einer Bundesverfassung?,"[""1848"", ""1291"", ""1515"", ""1971""]","1291 ist das Jahr des Bundesbriefs der ersten Kantone – daran erinnert der 1. August. Den modernen Bundesstaat mit gemeinsamer Verfassung, Parlament und Bundesrat gibt es aber erst seit 1848.","1291 = Bundesbrief, 1848 = moderner Bundesstaat.",,,ok
ch_geschichte,2,In welcher Stadt sitzen der Bundesrat und das Parlament der Schweiz?,"[""Bern"", ""Zürich"", ""Genf"", ""Luzern""]","Bern ist die Bundesstadt der Schweiz. Dort steht das Bundeshaus, in dem der Bundesrat arbeitet und das Parlament tagt.",Bundeshaus = Bern.,,,ok
ch_geschichte,3,Seit wann dürfen Frauen in der Schweiz auf Bundesebene abstimmen und wählen?,"[""Seit 1971"", ""Seit 1848"", ""Seit 1919"", ""Seit 2000""]","Die Schweizer Männer stimmten 1971 zu, dass Frauen national mitbestimmen dürfen – im Vergleich zu vielen Ländern Europas sehr spät. Im Kanton Appenzell Innerrhoden kam das kantonale Stimmrecht erst 1990, nach einem Entscheid des Bundesgerichts.",Frauenstimmrecht national: 1971.,,,ok
g_neuzeit,3,Welches Ereignis von 1989 wurde zum Symbol für das Ende des Kalten Krieges?,"[""Der Fall der Berliner Mauer"", ""Die Mondlandung"", ""Der Beginn des Ersten Weltkriegs"", ""Die Gründung der UNO""]","Die Berliner Mauer trennte Ost- und Westberlin. Als sie im November 1989 geöffnet wurde, war das der Anfang vom Ende der Teilung Europas in Ost und West.",1989: Die Mauer fällt.,,,ok
pol_demokratie,1,Wie viele Landessprachen hat die Schweiz?,"[""Vier"", ""Zwei"", ""Drei"", ""Sechs""]","In der Schweiz gibt es vier Landessprachen: Deutsch, Französisch, Italienisch und Rätoromanisch. Rätoromanisch wird vor allem in Graubünden gesprochen.","Deutsch, Französisch, Italienisch, Rätoromanisch.",,,ok
pol_demokratie,2,"Wie viele Mitglieder hat der Bundesrat, die Regierung der Schweiz?","[""Sieben"", ""Fünf"", ""Neun"", ""Zwölf""]","Der Bundesrat besteht aus sieben Mitgliedern. Sie leiten gemeinsam das Land, und jedes Mitglied führt ein Departement, zum Beispiel für Finanzen oder Verteidigung.",Bundesrat = 7 Mitglieder.,,,ok
pol_demokratie,2,Was ist der Unterschied zwischen Wählen und Abstimmen?,"[""Beim Wählen bestimmt man Personen, beim Abstimmen entscheidet man über eine Sachfrage"", ""Es gibt keinen Unterschied"", ""Abstimmen machen nur Politiker"", ""Wählen gibt es nur in den Gemeinden""]","Bei Wahlen bestimmst du, wer dich vertritt, zum Beispiel im Nationalrat. Bei Abstimmungen sagst du selbst Ja oder Nein zu einem Thema. In der Schweiz passiert das mehrmals pro Jahr.",Wählen = Personen. Abstimmen = Sachfragen.,,,ok
pol_demokratie,3,Wie viele Unterschriften braucht eine eidgenössische Volksinitiative?,"[""100'000 in 18 Monaten"", ""50'000 in 100 Tagen"", ""10'000 in einem Jahr"", ""1 Million ohne Frist""]","Mit einer Volksinitiative können Bürgerinnen und Bürger eine Änderung der Bundesverfassung vorschlagen. Kommen innert 18 Monaten 100'000 gültige Unterschriften zusammen, stimmt das ganze Volk darüber ab.","Initiative: 100'000 Unterschriften, 18 Monate.",,,ok
pol_demokratie,3,Ab welchem Alter darf man in der Schweiz bei eidgenössischen Abstimmungen mitmachen?,"[""Ab 18"", ""Ab 16"", ""Ab 20"", ""Ab 21""]",Auf Bundesebene gilt das Stimmrechtsalter 18. Der Kanton Glarus erlaubt schon ab 16 die Mitbestimmung bei kantonalen und kommunalen Fragen.,National: ab 18.,,,ok
rel_christentum,1,Welches Fest feiern Christinnen und Christen zur Geburt von Jesus?,"[""Weihnachten"", ""Ostern"", ""Pfingsten"", ""Halloween""]",An Weihnachten erinnern sich Christinnen und Christen an die Geburt von Jesus. Ostern ist ein anderes wichtiges Fest: Es erinnert an seine Auferstehung.,Weihnachten = Geburt von Jesus.,,,ok
rel_islam,1,Wie heisst das Gotteshaus der Musliminnen und Muslime?,"[""Moschee"", ""Kirche"", ""Synagoge"", ""Tempel""]","Musliminnen und Muslime beten gemeinsam in einer Moschee. Christen gehen in die Kirche, Jüdinnen und Juden in die Synagoge.",Moschee – Kirche – Synagoge.,,,ok
rel_andere,2,Welche fünf Religionen werden oft als die grossen Weltreligionen bezeichnet?,"[""Judentum, Christentum, Islam, Hinduismus, Buddhismus"", ""Christentum, Islam, Wikingerglaube, Hinduismus, Buddhismus"", ""Judentum, Christentum, Islam, Olympia, Buddhismus"", ""Nur Christentum und Islam""]",Diese fünf Religionen haben weltweit viele Anhängerinnen und Anhänger und eine lange Geschichte. Daneben gibt es noch viele weitere Religionen und Menschen ohne Religion.,"Judentum, Christentum, Islam, Hinduismus, Buddhismus.",,,ok
rel_islam,2,Wie heisst das Fest am Ende des Fastenmonats Ramadan?,"[""Zuckerfest (Eid al-Fitr)"", ""Chanukka"", ""Diwali"", ""Erntedank""]","Im Ramadan fasten viele Musliminnen und Muslime tagsüber. Am Ende feiern sie das Zuckerfest mit Familie, Besuchen und Süssigkeiten.",Ende des Ramadan = Zuckerfest.,,,ok
rel_andere,2,"Wie heisst die heilige Schrift des Judentums, die die fünf Bücher Mose enthält?","[""Tora"", ""Koran"", ""Veden"", ""Bhagavad Gita""]",Die Tora ist der wichtigste Teil der jüdischen Bibel. In der Synagoge wird sie aus einer handgeschriebenen Schriftrolle vorgelesen.,Tora = heilige Schrift des Judentums.,,,ok
rel_andere,3,Wer gilt als Begründer des Buddhismus?,"[""Siddhartha Gautama, genannt Buddha"", ""Konfuzius"", ""Mose"", ""Martin Luther""]",Siddhartha Gautama lebte vor rund 2500 Jahren in Indien. Nach der Überlieferung erlangte er die «Erleuchtung» und wurde darum Buddha genannt – «der Erwachte».,Buddha = Siddhartha Gautama.,,,ok
rel_christentum,3,Welcher Reformator wirkte ab 1519 am Grossmünster in Zürich?,"[""Huldrych Zwingli"", ""Johannes Calvin"", ""Martin Luther"", ""Niklaus von Flüe""]","Zwingli prägte die Reformation in Zürich. Calvin wirkte später in Genf, Luther in Deutschland. Deshalb ist ein grosser Teil der Schweiz reformiert geprägt.",Zürich: Zwingli. Genf: Calvin.,,,ok
rel_andere,3,Was bedeutet Glaubens- und Gewissensfreiheit in der Schweiz?,"[""Jede Person darf ihre Religion frei wählen, ausüben – oder keine haben"", ""Alle müssen derselben Religion angehören"", ""Nur Erwachsene über 30 dürfen glauben, was sie wollen"", ""Religion ist in der Schweiz verboten""]","Die Bundesverfassung schützt die Glaubens- und Gewissensfreiheit. Niemand darf gezwungen werden, einer Religion beizutreten oder an religiösen Handlungen teilzunehmen.",Glauben ist frei – auch nicht zu glauben.,,,ok
physik,1,"Was passiert mit Wasser, wenn es unter 0 °C kalt wird?","[""Es gefriert zu Eis"", ""Es wird zu Dampf"", ""Es wird zu Sand"", ""Es verschwindet""]","Wasser hat drei Zustände: fest (Eis), flüssig (Wasser) und gasförmig (Dampf). Unter 0 °C wird flüssiges Wasser fest – es gefriert.",Unter 0 °C: Wasser wird Eis.,,,ok
physik,1,Welche Pole von zwei Magneten ziehen sich an?,"[""Nordpol und Südpol"", ""Nordpol und Nordpol"", ""Südpol und Südpol"", ""Keine""]","Jeder Magnet hat einen Nord- und einen Südpol. Ungleiche Pole ziehen sich an, gleiche Pole stossen sich ab.","Ungleich zieht an, gleich stösst ab.",,,ok
physik,2,Warum siehst du bei einem Gewitter zuerst den Blitz und hörst erst danach den Donner?,"[""Licht ist viel schneller als Schall"", ""Der Donner entsteht später"", ""Die Ohren sind langsamer als die Augen"", ""Der Blitz ist näher als der Donner""]","Blitz und Donner entstehen gleichzeitig. Licht ist aber extrem schnell, Schall braucht für einen Kilometer rund drei Sekunden. Zählst du die Sekunden und teilst durch drei, weisst du ungefähr, wie viele Kilometer das Gewitter entfernt ist.",Licht ist schneller als Schall.,,,ok
physik,2,Welches Material leitet elektrischen Strom gut?,"[""Kupfer"", ""Holz"", ""Gummi"", ""Glas""]",Metalle wie Kupfer lassen Strom gut durch – darum bestehen Kabel innen aus Kupfer. Gummi und Kunststoff leiten kaum und werden deshalb als Schutzhülle verwendet.,"Metall leitet, Gummi isoliert.",,,ok
physik,2,Warum schwimmt ein grosses Schiff aus Stahl?,"[""Es verdrängt so viel Wasser, dass der Auftrieb es trägt"", ""Weil Stahl leichter als Wasser ist"", ""Weil der Motor es oben hält"", ""Weil Meerwasser klebrig ist""]","Ein Schiff ist innen grösstenteils hohl und drückt viel Wasser zur Seite. Das Wasser drückt mit einer Kraft zurück, die man Auftrieb nennt. Ist sie so gross wie das Gewicht des Schiffs, schwimmt es.",Viel verdrängtes Wasser = viel Auftrieb.,,,ok
physik,3,"Warum kippst du im Bus nach vorne, wenn er plötzlich bremst?","[""Wegen der Trägheit: Dein Körper will sich weiterbewegen"", ""Weil der Bus dich nach vorne stösst"", ""Wegen der Schwerkraft des Fahrers"", ""Weil die Luft im Bus nach vorne strömt""]","Nach dem Trägheitsgesetz von Newton bleibt ein Körper in Bewegung, solange keine Kraft ihn bremst. Der Bus wird langsamer, dein Körper will aber weiterfahren – darum kippst du nach vorne. Deshalb sind Sicherheitsgurte so wichtig.","Trägheit: Was sich bewegt, will weiterfahren.",,,ok
physik,3,In welcher Einheit misst man eine Kraft?,"[""Newton"", ""Watt"", ""Joule"", ""Volt""]","Kräfte misst man in Newton, benannt nach Isaac Newton. Watt ist die Einheit für Leistung, Joule für Energie und Volt für die elektrische Spannung.",Kraft = Newton.,,,ok
physik,3,Wie schnell ist Licht ungefähr im Vakuum?,"[""Rund 300'000 Kilometer pro Sekunde"", ""Rund 300 Kilometer pro Stunde"", ""Rund 3'000 Kilometer pro Sekunde"", ""Rund 30 Kilometer pro Sekunde""]","Licht legt pro Sekunde etwa 300'000 Kilometer zurück. Das Sonnenlicht, das dich gerade trifft, hat die Sonne vor etwa acht Minuten verlassen.",Licht: ca. 300'000 km pro Sekunde.,,,ok
medien,1,"Im Internet siehst du etwas, das dir Angst macht. Was tust du?","[""Einer erwachsenen Vertrauensperson davon erzählen"", ""Es für dich behalten"", ""Es an alle Freunde schicken"", ""Weiter schauen, bis es vorbei ist""]","Niemand muss mit so etwas allein bleiben. Erzähl es deinen Eltern, einer Lehrperson oder einer anderen Person, der du vertraust. Kinder und Jugendliche können sich auch bei Pro Juventute unter der Nummer 147 melden.",Komisches Gefühl? Erzähl es jemandem.,,,ok
medien,1,Darfst du ein Foto von jemand anderem einfach ins Internet stellen?,"[""Nur wenn die Person einverstanden ist"", ""Ja, immer"", ""Nur am Wochenende"", ""Ja, wenn das Foto lustig ist""]","Jeder Mensch darf selbst entscheiden, ob ein Bild von ihm im Internet landet. Frag deshalb immer zuerst – und denk daran: Was einmal online ist, lässt sich kaum mehr ganz löschen.","Erst fragen, dann posten.",,,ok
medien,2,"Ab welchem Alter erlauben TikTok, Instagram und Snapchat laut ihren eigenen Regeln ein Konto?","[""Ab 13 Jahren"", ""Ab 8 Jahren"", ""Ab 18 Jahren"", ""Es gibt keine Altersgrenze""]","Die grossen Plattformen verlangen in ihren Nutzungsbedingungen ein Mindestalter von 13 Jahren. Für Jüngere sind viele Inhalte und Funktionen nicht gedacht, zum Beispiel Nachrichten von Fremden.",Social Media: meist erst ab 13.,,,ok
medien,2,Was macht der Algorithmus bei TikTok & Co.?,"[""Er wählt aus, welche Videos du siehst – je nachdem, was du dir anschaust"", ""Er prüft, ob Videos wahr sind"", ""Er zählt deine Hausaufgaben"", ""Er schützt dich vor Werbung""]","Die App merkt sich, wie lange du welche Videos anschaust, und zeigt dir mehr davon. So bleibt man leicht länger dran als geplant. Wer das weiss, kann bewusster entscheiden, wann Schluss ist.",Der Algorithmus will dich in der App halten.,,,ok
medien,2,Jemand wird in einem Gruppenchat immer wieder fertiggemacht. Was ist sinnvoll?,"[""Screenshots machen, blockieren oder melden und eine Vertrauensperson einbeziehen"", ""Mitlachen, damit es aufhört"", ""Den Chat löschen und nichts sagen"", ""Zurückbeleidigen""]","Das nennt man Cybermobbing. Beweise sichern, die Person blockieren oder melden und Hilfe holen – bei Eltern, Lehrpersonen oder bei Pro Juventute unter 147. Wer zuschaut und nichts sagt, macht es für die betroffene Person schlimmer.","Sichern, melden, Hilfe holen.",,,ok
medien,3,"Du liest eine überraschende Nachricht auf Social Media. Wie prüfst du, ob sie stimmt?","[""Die Quelle prüfen und schauen, ob seriöse Medien dasselbe berichten"", ""Schauen, wie viele Likes sie hat"", ""Sie sofort teilen"", ""Der Person glauben, die sie gepostet hat""]","Viele Likes heissen nicht, dass etwas stimmt. Frag dich: Wer steckt dahinter? Berichten bekannte Zeitungen oder das Radio und Fernsehen ebenfalls darüber? Wenn nicht, ist Vorsicht angebracht.","Quelle prüfen, vergleichen, dann teilen.",,,ok
medien,3,Was ist ein Deepfake?,"[""Ein mit KI gefälschtes Bild, Video oder eine Stimme, das echt wirkt"", ""Ein besonders tiefes Foto"", ""Ein Filter, der nur die Farbe ändert"", ""Ein Fehler beim Hochladen""]","Mit künstlicher Intelligenz lassen sich Gesichter und Stimmen täuschend echt nachmachen. So können Menschen Dinge «sagen», die sie nie gesagt haben. Bei auffälligen Videos lohnt es sich zu prüfen, woher sie stammen.","Nicht alles, was echt aussieht, ist echt.",,,ok
medien,3,Warum sind viele Apps gratis?,"[""Sie verdienen mit Werbung und mit deinen Daten"", ""Weil der Staat sie bezahlt"", ""Weil die Firmen kein Geld brauchen"", ""Weil Programmieren nichts kostet""]","Wenn du nichts bezahlst, verdient die App meist an Werbung. Je mehr sie über dich weiss, desto gezielter kann sie Werbung zeigen. Darum lohnt sich ein Blick in die Privatsphäre-Einstellungen.",Gratis-App: Du zahlst mit Aufmerksamkeit und Daten.,,,ok
medien,3,Eine Influencerin wird von einer Firma für einen Post bezahlt. Was gilt?,"[""Der Post sollte klar als Werbung erkennbar sein"", ""Das darf man nie"", ""Sie muss es geheim halten"", ""Nur Fernsehwerbung ist Werbung""]","Bezahlte Posts sind Werbung. Damit Followerinnen und Follower nicht getäuscht werden, sollte das klar gekennzeichnet sein, etwa mit «Werbung» oder «Anzeige». Achte darauf, bevor du einer Empfehlung glaubst.",Bezahlt = Werbung.,,,ok
beruf,1,"Welcher Beruf passt zu jemandem, der sehr gerne mit Tieren arbeitet?","[""Tierpflegerin oder Tierpfleger"", ""Bäckerin oder Bäcker"", ""Informatikerin oder Informatiker"", ""Buchhalterin oder Buchhalter""]","Tierpflegerinnen und Tierpfleger füttern und pflegen Tiere, zum Beispiel im Zoo oder im Tierheim. Viele Berufe passen gut zu dem, was man in der Freizeit gerne macht.","Was du gerne machst, kann dein Beruf werden.",,,ok
beruf,2,Wie ist eine Lehre in der Schweiz aufgebaut?,"[""Man arbeitet im Lehrbetrieb und besucht zusätzlich die Berufsfachschule"", ""Man geht nur in die Schule"", ""Man arbeitet nur, ohne Schule"", ""Man lernt alles allein im Internet""]","Die Lehre heisst offiziell berufliche Grundbildung. Du lernst den Beruf im Betrieb, besuchst an einem oder zwei Tagen pro Woche die Berufsfachschule und dazu überbetriebliche Kurse.",Lehre = Betrieb + Schule.,,,ok
beruf,2,Was ist eine Schnupperlehre?,"[""Ein paar Tage in einem Betrieb, um einen Beruf kennenzulernen"", ""Die Abschlussprüfung der Lehre"", ""Ein Parfümkurs"", ""Ein Ferienjob im Sommer""]","Beim Schnuppern arbeitest du einige Tage in einem Betrieb mit. So merkst du, ob dir der Beruf gefällt – und der Betrieb lernt dich kennen. Oft ist das der erste Schritt zu einer Lehrstelle.",Schnuppern = Beruf ausprobieren.,,,ok
beruf,2,Was bedeutet die Abkürzung EFZ?,"[""Eidgenössisches Fähigkeitszeugnis"", ""Eidgenössische Freizeitzone"", ""Erste Firmen-Zulassung"", ""Europäisches Fachzertifikat""]","Das EFZ erhältst du nach einer drei- oder vierjährigen Lehre. Es zeigt, dass du einen Beruf gelernt hast, und wird in der ganzen Schweiz anerkannt.",EFZ = Abschluss einer 3- bis 4-jährigen Lehre.,,,ok
beruf,3,Was ist eine EBA-Lehre?,"[""Eine zweijährige Grundbildung mit Eidgenössischem Berufsattest, danach ist ein EFZ möglich"", ""Eine Lehre nur für Erwachsene"", ""Eine Lehre ohne Schule"", ""Ein Studium an der Universität""]","Die EBA-Lehre dauert zwei Jahre und ist etwas praktischer ausgerichtet. Wer danach weiterlernen möchte, kann oft verkürzt eine EFZ-Lehre im gleichen Berufsfeld anschliessen.","EBA = 2 Jahre, Weg zum EFZ bleibt offen.",,,ok
beruf,3,Was ermöglicht dir die Berufsmaturität?,"[""Ein Studium an einer Fachhochschule, ohne Aufnahmeprüfung"", ""Nichts Zusätzliches"", ""Nur den Autoführerschein"", ""Einen höheren Lohn ab dem ersten Tag""]","Die Berufsmaturität kannst du während oder nach der Lehre machen. Damit steht dir die Fachhochschule offen, mit einer Zusatzprüfung (Passerelle) sogar die Universität. Eine Lehre ist also kein Sackgassenweg.",Lehre + BM = Tür zur Fachhochschule.,,,ok
beruf,3,Wo findest du in der Schweiz offizielle Infos zu Berufen und offene Lehrstellen?,"[""Auf berufsberatung.ch und bei der Berufsberatung deines Kantons"", ""Nur in Social-Media-Kommentaren"", ""Nur im Telefonbuch"", ""Nirgends, man muss raten""]","Auf berufsberatung.ch findest du Beschreibungen zu allen Lehrberufen und den Lehrstellennachweis. Die kantonale Berufsberatung, oft BIZ genannt, berät dich kostenlos persönlich.",berufsberatung.ch + BIZ im Kanton.,,,ok
tiere,1,Welches dieser Tiere ist ein Säugetier?,"[""Delfin"", ""Hai"", ""Pinguin"", ""Frosch""]","Der Delfin lebt im Meer, ist aber kein Fisch: Er atmet Luft mit der Lunge, bringt lebende Junge zur Welt und säugt sie mit Milch. Genau das macht ein Säugetier aus.",Säugetiere säugen ihre Jungen mit Milch.,,,ok
natur,1,"Was brauchen Pflanzen, um selbst Nahrung herzustellen?","[""Licht, Wasser und Luft"", ""Nur Erde"", ""Musik"", ""Dunkelheit""]","Pflanzen machen mit Sonnenlicht, Wasser und Kohlendioxid aus der Luft Zucker. Das nennt man Photosynthese. Dabei geben sie Sauerstoff ab, den wir atmen.",Photosynthese: Licht + Wasser + CO₂ → Zucker + Sauerstoff.,,,ok
natur,2,Wie viele Planeten gibt es in unserem Sonnensystem?,"[""Acht"", ""Neun"", ""Sieben"", ""Zwölf""]","Merkur, Venus, Erde, Mars, Jupiter, Saturn, Uranus und Neptun. Pluto galt früher als neunter Planet, zählt aber seit 2006 als Zwergplanet.",8 Planeten – Pluto ist ein Zwergplanet.,,,ok
tiere,2,Warum sind Bienen für uns so wichtig?,"[""Sie bestäuben viele Pflanzen, die uns Nahrung liefern"", ""Sie fressen Schädlinge"", ""Sie reinigen das Wasser"", ""Sie machen den Boden weich""]","Beim Sammeln tragen Bienen Blütenstaub von Blüte zu Blüte. Erst dadurch entstehen bei vielen Pflanzen Früchte, zum Beispiel Äpfel oder Kirschen.",Bienen bestäuben – ohne sie weniger Früchte.,,,ok
natur,3,Was ist die Hauptursache des heutigen Klimawandels?,"[""Treibhausgase aus menschlichen Tätigkeiten, vor allem durch Verbrennen von Kohle, Öl und Gas"", ""Mehr Sonnenflecken"", ""Vulkanausbrüche"", ""Die Erdrotation wird langsamer""]",Beim Verbrennen fossiler Brennstoffe entsteht CO₂. Es wirkt in der Atmosphäre wie eine Decke und hält Wärme zurück. Darum wird es auf der Erde wärmer – in den Alpen sieht man das zum Beispiel am Schmelzen der Gletscher.,Mehr CO₂ → mehr Wärme bleibt auf der Erde.,,,ok
koerper,1,Welches Organ pumpt das Blut durch deinen Körper?,"[""Das Herz"", ""Die Lunge"", ""Der Magen"", ""Das Gehirn""]","Das Herz ist ein starker Muskel. Es schlägt ohne Pause und pumpt das Blut durch die Adern, damit alle Teile deines Körpers Sauerstoff bekommen.",Herz = Pumpe des Körpers.,,,ok
wissenschaft,2,Warum fällt ein Apfel vom Baum nach unten?,"[""Wegen der Schwerkraft"", ""Wegen des Windes"", ""Weil er zu schwer für die Luft ist"", ""Wegen des Magnetfelds""]",Die Erde zieht alle Dinge zu sich hin. Diese Anziehungskraft heisst Schwerkraft. Sie hält auch uns am Boden und den Mond in seiner Bahn.,Schwerkraft zieht alles zur Erde.,,,ok
wissenschaft,2,Bei wie viel Grad Celsius kocht Wasser auf Meereshöhe?,"[""100 °C"", ""50 °C"", ""80 °C"", ""150 °C""]",Auf Meereshöhe siedet Wasser bei 100 °C. Auf einem hohen Berg ist der Luftdruck tiefer – dort kocht Wasser schon bei weniger Grad.,Wasser siedet bei 100 °C (auf Meereshöhe).,,,ok
koerper,3,Wo ist in einer menschlichen Zelle die Erbinformation (DNA) hauptsächlich gespeichert?,"[""Im Zellkern"", ""In der Zellmembran"", ""Im Blutplasma"", ""In den Knochen""]","Die DNA ist wie eine Bauanleitung für den Körper. Sie liegt vor allem im Zellkern, gut geschützt. Bei jeder Zellteilung wird sie kopiert.","DNA = Bauanleitung, liegt im Zellkern.",,,ok
geld,1,Wie heisst das Geld in der Schweiz?,"[""Schweizer Franken"", ""Euro"", ""Dollar"", ""Taler""]","In der Schweiz bezahlt man mit Schweizer Franken, kurz CHF. Ein Franken hat 100 Rappen.",1 Franken = 100 Rappen.,,,ok
geld,1,Du bekommst jede Woche 5 Franken und wünschst dir ein Spiel für 20 Franken. Was hilft?,"[""Einige Wochen sparen"", ""Alles sofort für Süssigkeiten ausgeben"", ""Das Geld verstecken und vergessen"", ""Nichts, es geht nie""]","Wenn du jede Woche dein Taschengeld beiseitelegst, hast du nach vier Wochen 20 Franken zusammen. Sparen heisst: jetzt verzichten, um später etwas Grösseres zu kaufen.","Sparen = heute zurücklegen, später mehr haben.",,,ok
geld,2,Was ist ein Budget?,"[""Ein Plan, wie viel Geld reinkommt und wofür man es ausgibt"", ""Eine Sparbüchse"", ""Ein Kredit von der Bank"", ""Eine Art Steuer""]","Im Budget schreibst du auf, wie viel Geld du bekommst und wofür du es ausgeben willst. So siehst du früh, ob das Geld reicht, und bleibst nicht plötzlich ohne da.",Budget = Plan für Einnahmen und Ausgaben.,,,ok
geld,2,Was davon ist ein echtes Bedürfnis und nicht nur ein Wunsch?,"[""Essen"", ""Das neuste Handy"", ""Markenturnschuhe"", ""Ein Videospiel""]","Bedürfnisse brauchst du zum Leben, zum Beispiel Essen, Wohnen oder Kleidung. Wünsche sind schön, aber nicht nötig. Wer beides unterscheiden kann, hat sein Geld besser im Griff.","Erst Bedürfnisse, dann Wünsche.",,,ok
geld,3,"Was passiert, wenn du die Rechnung deiner Kreditkarte nicht vollständig bezahlst?","[""Auf den Restbetrag fallen meist hohe Zinsen an"", ""Die Bank schenkt dir den Rest"", ""Nichts, das ist gratis"", ""Die Karte wird automatisch aufgeladen""]","Bei Teilzahlung verlangt die Bank Zinsen auf den offenen Betrag, und die sind bei Kreditkarten meist hoch. So können Schulden schnell wachsen. Am besten zahlst du die Rechnung jeden Monat ganz.",Kreditkarte immer ganz bezahlen.,,,ok
geld,3,"Was bedeutet es, ein Auto zu leasen?","[""Man zahlt monatlich für die Nutzung, das Auto gehört einem aber nicht"", ""Man kauft es billiger"", ""Man bekommt es geschenkt"", ""Man teilt es mit Nachbarn""]","Beim Leasing mietest du das Auto für einige Jahre und zahlst jeden Monat eine Rate. Dazu kommen Versicherung, Service und oft eine Vollkasko-Pflicht. Am Ende gibst du das Auto zurück, es gehört dir nicht.","Leasing = mieten, nicht besitzen.",,,ok
banken,1,Wo kann man Geld sicher aufbewahren?,"[""Auf einem Konto bei einer Bank"", ""Unter der Matratze"", ""In der Hosentasche"", ""Im Briefkasten""]","Auf einem Bankkonto ist dein Geld vor Diebstahl und Feuer geschützt. Du siehst jederzeit, wie viel du hast, und kannst es abheben, wenn du es brauchst.",Bankkonto = sicherer Ort fürs Geld.,,,ok
banken,2,Was sind Zinsen auf einem Sparkonto?,"[""Geld, das dir die Bank dafür bezahlt, dass dein Geld bei ihr liegt"", ""Eine Gebühr für das Konto"", ""Eine Strafe fürs Sparen"", ""Ein Geschenk vom Staat""]","Die Bank arbeitet mit deinem Geld, zum Beispiel indem sie Kredite vergibt. Dafür zahlt sie dir einen kleinen Betrag: den Zins. Wie hoch er ist, hängt von der Bank und der Zeit ab.",Zins = Belohnung fürs Sparen.,,,ok
banken,2,Was ist der Unterschied zwischen einer Debitkarte und einer Kreditkarte?,"[""Die Debitkarte zieht direkt vom Konto ab, die Kreditkarte rechnet später ab"", ""Es gibt keinen"", ""Mit der Debitkarte bekommt man Kredit"", ""Die Kreditkarte ist nur für Kinder""]","Mit der Debitkarte wird der Betrag sofort von deinem Konto abgebucht – du gibst nur aus, was da ist. Bei der Kreditkarte bekommst du am Monatsende eine Rechnung. Das ist praktisch, aber man verliert leichter den Überblick.",Debit = sofort. Kredit = später.,,,ok
banken,3,"Du bekommst eine E-Mail «von deiner Bank», die dein Passwort verlangt. Was tust du?","[""Nicht antworten, keinen Link öffnen, die Bank direkt kontaktieren"", ""Das Passwort schnell eingeben"", ""Die E-Mail an Freunde weiterleiten"", ""Den Anhang öffnen, um nachzusehen""]","Das ist fast sicher Phishing: Betrüger geben sich als Bank aus, um an deine Daten zu kommen. Eine seriöse Bank fragt nie per E-Mail oder SMS nach deinem Passwort.",Banken fragen nie per Mail nach dem Passwort.,,,ok
banken,3,Womit beginnt eine Schweizer IBAN?,"[""Mit CH"", ""Mit SF"", ""Mit SW"", ""Mit einer Null""]",Die IBAN ist deine internationale Kontonummer. Schweizer IBANs beginnen mit dem Ländercode CH. Damit können andere dir Geld überweisen.,Schweizer IBAN = CH…,,,ok
steuern,1,Wofür braucht der Staat Steuern?,"[""Für Schulen, Strassen, Spitäler und vieles mehr"", ""Nur für Politiker"", ""Für Geschenke an Banken"", ""Gar nicht""]","Mit Steuern bezahlen wir gemeinsam Dinge, die alle brauchen: Schulhäuser, Lehrpersonen, Strassen, Polizei, Feuerwehr und vieles mehr.",Steuern = gemeinsames Geld für alle.,,,ok
steuern,2,Welche drei Ebenen erheben in der Schweiz Steuern?,"[""Bund, Kanton und Gemeinde"", ""Stadt, Land und Fluss"", ""Europa, Schweiz und Kanton"", ""Schule, Firma und Familie""]","In der Schweiz zahlst du Steuern an den Bund, an deinen Kanton und an deine Gemeinde. Deshalb zahlt man je nach Wohnort unterschiedlich viel.",Bund – Kanton – Gemeinde.,,,ok
steuern,2,Was ist die Mehrwertsteuer?,"[""Eine Steuer, die im Preis vieler Waren und Dienstleistungen enthalten ist"", ""Eine Steuer nur für Firmen"", ""Eine Steuer auf das Taschengeld"", ""Ein Rabatt beim Einkaufen""]","Die Mehrwertsteuer (MWST) zahlst du bei fast jedem Einkauf mit, auch ohne es zu merken. Sie steht oft klein auf dem Kassenzettel. Für Lebensmittel gilt ein tieferer Satz als für die meisten anderen Dinge.",MWST steckt im Preis.,,,ok
steuern,3,Was macht man mit der Steuererklärung?,"[""Man gibt jedes Jahr Einkommen und Vermögen an, damit die Steuern berechnet werden"", ""Man beantragt Geld vom Staat"", ""Man meldet ein Auto an"", ""Man kündigt die Krankenkasse""]","Wer volljährig ist oder eigenes Einkommen hat, füllt in der Schweiz meist jedes Jahr eine Steuererklärung aus. Darin stehen Einkommen, Vermögen und erlaubte Abzüge. Daraus berechnet das Steueramt die Steuer.",Steuererklärung = jährliche Angaben ans Steueramt.,,,ok
steuern,3,Warum zahlt man nicht in jedem Kanton gleich viel Steuern?,"[""Kantone und Gemeinden legen ihre Steuern teilweise selbst fest"", ""Weil jeder Kanton eine andere Währung hat"", ""Weil der Bund es verbietet"", ""Das stimmt nicht, es ist überall gleich""]","Die Schweiz ist föderalistisch: Kantone und Gemeinden bestimmen einen Teil der Steuern selbst, zum Beispiel über den Steuerfuss. Darum lohnt sich ein Vergleich beim Umzug.",Föderalismus: Steuern je nach Wohnort verschieden.,,,ok
steuern,3,Was ist die Säule 3a?,"[""Freiwilliges Sparen fürs Alter, das man vom steuerbaren Einkommen abziehen kann"", ""Eine Steuer auf Mieten"", ""Die obligatorische AHV"", ""Ein Bankkonto nur für Kinder""]","Die Schweizer Altersvorsorge hat drei Säulen. Die Säule 3a ist freiwillig: Wer arbeitet, kann jedes Jahr bis zu einem Höchstbetrag einzahlen und diesen Betrag bei den Steuern abziehen.",3a = freiwillig vorsorgen und Steuern sparen.,,,ok
krankenkasse,1,Wofür gibt es eine Krankenkasse?,"[""Sie hilft, Kosten für Arzt, Spital und Medikamente zu bezahlen"", ""Sie verkauft Medikamente"", ""Sie macht Schulreisen"", ""Sie gibt Taschengeld""]","Wer krank wird, braucht manchmal teure Behandlungen. Viele Menschen zahlen jeden Monat etwas in die Krankenkasse ein. Damit werden die Kosten für die bezahlt, die Hilfe brauchen.","Krankenkasse = alle zahlen ein, wer krank ist, bekommt Hilfe.",,,ok
krankenkasse,2,Muss man in der Schweiz eine Grundversicherung bei einer Krankenkasse haben?,"[""Ja, sie ist für alle in der Schweiz Wohnenden obligatorisch"", ""Nein, sie ist freiwillig"", ""Nur Erwachsene über 30"", ""Nur wer oft krank ist""]","Die Grundversicherung ist Pflicht für alle, die in der Schweiz wohnen – auch für Kinder. Jede Krankenkasse muss dich dafür aufnehmen, und die Leistungen sind überall gleich.",Grundversicherung = Pflicht für alle.,,,ok
krankenkasse,2,Was ist die Prämie?,"[""Der Betrag, den man jeden Monat der Krankenkasse bezahlt"", ""Eine Belohnung für Gesundheit"", ""Das Geld für den Arztbesuch"", ""Ein Geschenk der Krankenkasse""]","Die Prämie zahlst du regelmässig, egal ob du krank bist oder nicht. Wie hoch sie ist, hängt von Krankenkasse, Wohnort, Alter und deinem Versicherungsmodell ab.",Prämie = monatliche Zahlung.,,,ok
krankenkasse,3,Was ist die Franchise?,"[""Der Betrag, den man pro Jahr selbst zahlt, bevor die Krankenkasse Kosten übernimmt"", ""Die monatliche Prämie"", ""Eine Zusatzversicherung"", ""Ein Rabatt für Gesunde""]","Mit der Franchise zahlst du die ersten Kosten eines Jahres selbst. Wählst du eine höhere Franchise, wird die Prämie günstiger – dafür zahlst du mehr, wenn du krank wirst.","Hohe Franchise = tiefere Prämie, aber mehr Risiko.",,,ok
krankenkasse,3,Was ist der Selbstbehalt?,"[""Ein Anteil der Kosten, den man nach der Franchise noch selbst trägt, bis zu einem Jahresmaximum"", ""Das Gleiche wie die Prämie"", ""Ein Bonus der Krankenkasse"", ""Die Kosten für Zahnarztbesuche""]","Nach der Franchise zahlst du meist noch 10 Prozent der Kosten selbst. Das ist der Selbstbehalt. Er ist pro Jahr begrenzt, danach übernimmt die Krankenkasse den Rest.","Erst Franchise, dann Selbstbehalt.",,,ok
krankenkasse,3,Was stimmt für Zusatzversicherungen?,"[""Sie sind freiwillig, und die Krankenkasse darf einen Antrag ablehnen"", ""Sie sind Pflicht"", ""Sie kosten nichts"", ""Sie ersetzen die Grundversicherung""]","Zusatzversicherungen decken Extras ab, zum Beispiel ein Einzelzimmer im Spital. Anders als bei der Grundversicherung kann die Kasse Gesundheitsfragen stellen und Anträge ablehnen.",Grund = Pflicht. Zusatz = freiwillig.,,,ok
alltag,1,Welche Nummer rufst du in der Schweiz für die Feuerwehr an?,"[""118"", ""117"", ""144"", ""1818""]","In der Schweiz gibt es drei wichtige Notrufnummern: 117 für die Polizei, 118 für die Feuerwehr und 144 für die Sanität. Die 112 funktioniert zusätzlich überall in Europa.","117 Polizei, 118 Feuerwehr, 144 Sanität.",,,ok
alltag,1,"Was machst du, wenn die Fussgängerampel rot zeigt?","[""Stehen bleiben und warten"", ""Schnell rennen"", ""Nur schauen und gehen"", ""Die Augen schliessen""]","Rot heisst stehen bleiben. Erst bei Grün darfst du gehen – und auch dann kurz links und rechts schauen, ob alle Autos wirklich anhalten.","Rot = stehen, Grün = schauen und gehen.",,,ok
alltag,2,Welches Passwort ist am sichersten?,"[""Ein langer Satz mit Zahlen und Zeichen, den nur du kennst"", ""Dein Name"", ""123456"", ""Dein Geburtsdatum""]",Lange Passwörter sind schwer zu erraten. Ein ganzer Satz wie «Mein Hund frisst 3 Rüebli!» ist gut zu merken und schwer zu knacken. Verwende nie dasselbe Passwort überall.,"Lang, einzigartig, geheim.",,,ok
alltag,3,Wie hoch darf eine Mietkaution in der Schweiz für eine Wohnung höchstens sein?,"[""Drei Monatsmieten"", ""Eine Jahresmiete"", ""Zehn Monatsmieten"", ""Es gibt keine Grenze""]","Das Gesetz erlaubt bei Wohnungen höchstens drei Monatsmieten als Kaution. Sie muss auf ein Sperrkonto auf den Namen der Mieterin oder des Mieters – beim Auszug bekommst du sie zurück, wenn alles in Ordnung ist.","Kaution: max. 3 Monatsmieten, auf Sperrkonto.",,,ok
ch_geschichte,1,"Wie heisst der Held, der laut Sage einen Apfel vom Kopf seines Sohnes schoss?","[""Wilhelm Tell"", ""Winkelried"", ""Robin Hood"", ""Heidi""]","Wilhelm Tell ist die bekannteste Sagenfigur der Schweiz. Laut der Sage musste er auf Befehl des Vogts Gessler einen Apfel vom Kopf seines Sohnes schiessen. Ob Tell wirklich gelebt hat, ist nicht belegt.",Tell = Sagenheld mit der Armbrust.,Wilhelm Tell,,ok
g_urzeit,1,"Wie nennt man die Zeit, in der Menschen ihre Werkzeuge vor allem aus Stein herstellten?","[""Steinzeit"", ""Eisenzeit"", ""Neuzeit"", ""Ritterzeit""]","In der Steinzeit gab es noch kein Metall. Die Menschen machten Werkzeuge und Waffen aus Stein, Knochen und Holz. Sie ist die längste Epoche der Menschheitsgeschichte.",Steinzeit = Werkzeuge aus Stein.,Steinzeit,,ok
g_mittelalter,1,Wer lebte im Mittelalter in Burgen?,"[""Ritter und Adelige"", ""Astronauten"", ""Römische Kaiser"", ""Pharaonen""]","Burgen waren gut geschützte Wohnsitze von Adeligen und Rittern. Dicke Mauern, Türme und oft ein Graben schützten vor Angreifern. In der Schweiz gibt es noch viele Burgen, etwa das Schloss Chillon am Genfersee.",Burgen = Wohnsitz von Rittern.,Burg,,ok
g_mittelalter,1,Auf welchem Tier ritten die Ritter in den Kampf?,"[""Auf dem Pferd"", ""Auf dem Esel"", ""Auf dem Kamel"", ""Auf dem Elefanten""]","Ritter waren Krieger zu Pferd. Pferd und Rüstung waren sehr teuer, deshalb stammten Ritter meist aus reichen Familien.",Ritter kämpften zu Pferd.,Ritter,,ok
g_antike,2,Welches Reich baute in der heutigen Schweiz Städte wie Aventicum (Avenches)?,"[""Das Römische Reich"", ""Das Reich der Wikinger"", ""Das Aztekenreich"", ""Das Osmanische Reich""]",Vor rund 2000 Jahren gehörte das Gebiet der heutigen Schweiz zum Römischen Reich. Aventicum war damals eine wichtige Stadt mit Theater und Stadtmauer – Reste davon sieht man heute noch.,Römer bauten Aventicum.,Aventicum,,ok
g_mittelalter,2,"Wer erreichte 1492 Amerika, obwohl er eigentlich einen Seeweg nach Indien suchte?","[""Christoph Kolumbus"", ""Marco Polo"", ""James Cook"", ""Neil Armstrong""]","Kolumbus segelte von Spanien aus nach Westen und glaubte, in Indien gelandet zu sein. Darum nannte man die Menschen dort lange «Indianer». In Amerika lebten aber schon seit Jahrtausenden Menschen.",1492: Kolumbus erreicht Amerika.,Christoph Kolumbus,,ok
g_mittelalter,2,Welche Erfindung von Johannes Gutenberg um 1450 veränderte die Welt?,"[""Der Buchdruck mit beweglichen Buchstaben"", ""Das Telefon"", ""Die Dampfmaschine"", ""Die Glühbirne""]",Vorher wurden Bücher von Hand abgeschrieben – das dauerte sehr lange. Mit Gutenbergs Druckverfahren konnte man Bücher schnell und günstiger herstellen. So verbreitete sich Wissen viel schneller.,Gutenberg = Buchdruck.,Johannes Gutenberg,,ok
g_neuzeit,2,In welchem Jahr begann der Zweite Weltkrieg?,"[""1939"", ""1914"", ""1945"", ""1968""]","Der Zweite Weltkrieg begann 1939 mit dem Angriff Deutschlands auf Polen und endete 1945. Die Schweiz blieb neutral, war aber vom Krieg umgeben.",Zweiter Weltkrieg: 1939–1945.,Zweiter Weltkrieg,,ok
g_neuzeit,2,In welchem Jahr betraten erstmals Menschen den Mond?,"[""1969"", ""1959"", ""1979"", ""1989""]",Mit der Mission Apollo 11 landeten die Amerikaner Neil Armstrong und Buzz Aldrin 1969 auf dem Mond. Millionen Menschen verfolgten das am Fernsehen.,1969: Menschen auf dem Mond.,Apollo 11,,ok
ch_geschichte,3,Nach welcher verlorenen Schlacht von 1515 zogen sich die Eidgenossen aus der Grossmachtpolitik zurück?,"[""Schlacht bei Marignano"", ""Schlacht am Morgarten"", ""Schlacht bei Sempach"", ""Schlacht bei Waterloo""]",Bei Marignano in Norditalien verloren die Eidgenossen 1515 gegen Frankreich. Danach führten sie kaum mehr eigene Eroberungskriege. Das gilt als ein Ausgangspunkt der späteren Schweizer Neutralität.,1515 Marignano – Rückzug aus der Grossmachtpolitik.,Schlacht bei Marignano,,ok
ch_geschichte,3,Welcher kurze Bürgerkrieg ging 1847 der Gründung des Bundesstaates voraus?,"[""Der Sonderbundskrieg"", ""Der Bauernkrieg"", ""Der Dreissigjährige Krieg"", ""Der Schwabenkrieg""]","1847 kämpften liberale gegen konservative, katholische Kantone, die sich im «Sonderbund» zusammengeschlossen hatten. Der Krieg dauerte nur wenige Wochen. Ein Jahr später entstand mit der Bundesverfassung die moderne Schweiz.",1847 Sonderbundskrieg → 1848 Bundesstaat.,Sonderbundskrieg,,ok
g_neuzeit,3,Was versteht man unter der Industriellen Revolution?,"[""Den Übergang zur Arbeit mit Maschinen und Fabriken ab dem 18. Jahrhundert"", ""Eine Revolution gegen den König von Frankreich"", ""Die Erfindung des Internets"", ""Die Gründung der ersten Städte""]","Ab dem 18. Jahrhundert, zuerst in England, ersetzten Maschinen wie die Dampfmaschine viel Handarbeit. Es entstanden Fabriken, Eisenbahnen und neue Städte. Auch die Schweiz, etwa mit Textil- und Maschinenindustrie, wurde stark verändert.",Industrielle Revolution = Maschinen und Fabriken.,Industrielle Revolution,,ok
ch_geschichte,3,Wer gab den Anstoss zur Gründung des Roten Kreuzes?,"[""Der Genfer Henry Dunant"", ""Albert Einstein"", ""Napoleon"", ""Florence Nightingale""]",Henry Dunant erlebte 1859 die Schlacht von Solferino und sah das Leid der Verwundeten. Sein Buch darüber führte 1863 in Genf zur Gründung des Roten Kreuzes. 1901 erhielt er den ersten Friedensnobelpreis.,"Dunant = Rotes Kreuz, Genf.",Henry Dunant,,ok
pol_demokratie,1,Wie sieht die Schweizer Fahne aus?,"[""Weisses Kreuz auf rotem Grund"", ""Rotes Kreuz auf weissem Grund"", ""Blau-weiss gestreift"", ""Grün mit einem Stern""]","Die Schweizer Fahne zeigt ein weisses Kreuz auf rotem Grund und ist quadratisch – das ist selten. Das Rote Kreuz hat übrigens die Farben umgekehrt, als Ehrung für die Schweiz.",Weiss auf Rot – und quadratisch.,Flagge der Schweiz,,ok
pol_demokratie,1,Wie viele Kantone hat die Schweiz?,"[""26"", ""20"", ""12"", ""50""]","Die Schweiz besteht aus 26 Kantonen. Jeder Kanton hat eine eigene Regierung, ein eigenes Parlament und eigene Gesetze, zum Beispiel für die Schulen.",26 Kantone.,Kanton (Schweiz),,ok
pol_demokratie,1,An welchem Tag feiert die Schweiz ihren Nationalfeiertag?,"[""Am 1. August"", ""Am 1. Mai"", ""Am 24. Dezember"", ""Am 1. Januar""]","Am 1. August erinnert man an den Bundesbrief von 1291. Überall gibt es Feuer, Feuerwerk und Reden.",1. August = Bundesfeier.,Schweizer Bundesfeier,,ok
pol_demokratie,2,Aus welchen zwei Kammern besteht das Schweizer Parlament?,"[""Nationalrat und Ständerat"", ""Bundesrat und Gemeinderat"", ""Senat und Unterhaus"", ""Grosser Rat und Kleiner Rat""]","Das Parlament heisst Bundesversammlung. Der Nationalrat vertritt das Volk, der Ständerat die Kantone. Neue Gesetze brauchen die Zustimmung beider Kammern.","Nationalrat = Volk, Ständerat = Kantone.",Bundesversammlung (Schweiz),,ok
pol_demokratie,2,Wie viele Mitglieder hat der Nationalrat?,"[""200"", ""46"", ""7"", ""100""]",Der Nationalrat hat 200 Sitze. Grosse Kantone mit vielen Einwohnern haben mehr Sitze als kleine. Er wird alle vier Jahre neu gewählt.,Nationalrat = 200 Sitze.,Nationalrat (Schweiz),,ok
pol_demokratie,2,Wer wählt die Mitglieder des Bundesrates?,"[""Die Vereinigte Bundesversammlung"", ""Das Volk direkt"", ""Die Kantone"", ""Der Bundespräsident""]",Nationalrat und Ständerat kommen zusammen und wählen als Vereinigte Bundesversammlung die sieben Bundesratsmitglieder. Das Volk wählt den Bundesrat also nicht direkt.,Das Parlament wählt den Bundesrat.,Bundesrat (Schweiz),,ok
pol_demokratie,2,Was passiert an einer Gemeindeversammlung?,"[""Die Stimmberechtigten einer Gemeinde entscheiden direkt über Geschäfte"", ""Der Bundesrat trifft sich"", ""Die Polizei hält eine Übung ab"", ""Es werden Kantone gegründet""]","In vielen Gemeinden, vor allem kleineren, gibt es kein Gemeindeparlament. Dort treffen sich die Stimmberechtigten und entscheiden zum Beispiel über das Budget oder ein neues Schulhaus.",Gemeindeversammlung = direkte Demokratie vor Ort.,Gemeindeversammlung,,ok
pol_demokratie,3,Wie viele Unterschriften braucht ein fakultatives Referendum gegen ein Bundesgesetz?,"[""50'000 in 100 Tagen"", ""100'000 in 18 Monaten"", ""10'000 in 30 Tagen"", ""200'000 in einem Jahr""]",Mit dem fakultativen Referendum kann das Volk ein vom Parlament beschlossenes Gesetz zur Abstimmung bringen. Dafür braucht es 50'000 Unterschriften innert 100 Tagen – oder die Unterstützung von acht Kantonen.,"Referendum: 50'000 Unterschriften, 100 Tage.",Referendum (Schweiz),,ok
pol_demokratie,3,"Was braucht eine eidgenössische Volksinitiative, damit sie angenommen ist?","[""Das Volksmehr und das Ständemehr"", ""Nur die Mehrheit im Kanton Bern"", ""Die Zustimmung des Bundesrates"", ""Zwei Drittel aller Stimmen""]","Weil eine Initiative die Verfassung ändert, braucht sie ein doppeltes Ja: die Mehrheit der Stimmenden in der ganzen Schweiz (Volksmehr) und die Mehrheit der Kantone (Ständemehr).",Initiative = Volksmehr + Ständemehr.,Volksinitiative (Schweiz),,ok
pol_demokratie,3,Wie viele Mitglieder hat der Ständerat?,"[""46"", ""26"", ""200"", ""7""]","Die meisten Kantone schicken zwei Mitglieder in den Ständerat, die sechs früheren Halbkantone je eines. Zusammen ergibt das 46.",Ständerat = 46 Sitze.,Ständerat,,ok
pol_demokratie,3,Was bedeutet Gewaltenteilung?,"[""Gesetzgebung, Regierung und Gerichte sind voneinander getrennt"", ""Die Polizei teilt sich die Arbeit"", ""Jeder Kanton hat eine eigene Armee"", ""Nur eine Person entscheidet alles""]","Die Macht im Staat ist auf drei Gewalten verteilt: Das Parlament macht Gesetze (Legislative), die Regierung führt sie aus (Exekutive), die Gerichte urteilen (Judikative). So kontrollieren sie sich gegenseitig.",Legislative – Exekutive – Judikative.,Gewaltenteilung,,ok
pol_demokratie,3,"Wo hat das Bundesgericht, das oberste Gericht der Schweiz, seinen Hauptsitz?","[""In Lausanne"", ""In Bern"", ""In Zürich"", ""In Genf""]","Das Bundesgericht hat seinen Sitz in Lausanne, einzelne Abteilungen arbeiten in Luzern. So sind die Bundesbehörden auf verschiedene Landesteile verteilt.",Bundesgericht = Lausanne.,Bundesgericht (Schweiz),,ok
pol_demokratie,3,In welchen Kantonen gibt es heute noch eine Landsgemeinde?,"[""Glarus und Appenzell Innerrhoden"", ""Zürich und Bern"", ""Genf und Waadt"", ""Tessin und Graubünden""]",An der Landsgemeinde versammeln sich die Stimmberechtigten unter freiem Himmel und stimmen mit erhobener Hand ab. Diese uralte Form der Demokratie gibt es nur noch in Glarus und Appenzell Innerrhoden.,Landsgemeinde: Glarus und Appenzell Innerrhoden.,Landsgemeinde,,ok
rel_andere,1,Wie heisst das Gotteshaus der Jüdinnen und Juden?,"[""Synagoge"", ""Moschee"", ""Kapelle"", ""Pagode""]","In der Synagoge beten Jüdinnen und Juden gemeinsam und lesen aus der Tora. Der wichtigste Tag in der Woche ist der Sabbat, von Freitagabend bis Samstagabend.",Synagoge = jüdisches Gotteshaus.,Synagoge,,ok
rel_christentum,1,An welchem christlichen Fest suchen viele Kinder bemalte Eier?,"[""Ostern"", ""Weihnachten"", ""Pfingsten"", ""Allerheiligen""]",Ostern ist das wichtigste Fest im Christentum und erinnert an die Auferstehung von Jesus. Eier stehen dabei für neues Leben.,"Ostern = Auferstehung, Ostereier.",Ostern,,ok
rel_christentum,1,Wo wurde Jesus nach der Weihnachtsgeschichte geboren?,"[""In Bethlehem"", ""In Rom"", ""In Zürich"", ""In Mekka""]",Nach der Bibel wurde Jesus in einem Stall in Bethlehem geboren. Die Stadt liegt im Westjordanland. Viele Krippen zeigen diese Geschichte.,Weihnachtsgeschichte: Bethlehem.,Weihnachten,,ok
rel_islam,2,Wie heisst die heilige Schrift des Islams?,"[""Koran"", ""Bibel"", ""Tora"", ""Talmud""]","Für Musliminnen und Muslime ist der Koran das Wort Gottes, überbracht an den Propheten Mohammed. Er ist in Arabisch geschrieben und in Kapitel, die Suren, gegliedert.",Islam = Koran.,Koran,,ok
rel_andere,2,Wie heisst das achttägige jüdische Lichterfest?,"[""Chanukka"", ""Diwali"", ""Ramadan"", ""Advent""]",An Chanukka zünden Familien an acht Abenden je ein Licht mehr an einem besonderen Leuchter an. Das Fest erinnert an die Wiedereinweihung des Tempels in Jerusalem.,Chanukka = 8 Tage Lichterfest.,Chanukka,,ok
rel_andere,2,Welches grosse Lichterfest feiern Hindus im Herbst?,"[""Diwali"", ""Chanukka"", ""Ostern"", ""Eid""]",Zu Diwali schmücken Hindus ihre Häuser mit Lichtern und Lampen. Das Fest steht für den Sieg des Lichts über die Dunkelheit und des Guten über das Böse.,Diwali = hinduistisches Lichterfest.,Diwali,,ok
rel_islam,2,"In welcher Stadt steht die Kaaba, das wichtigste Heiligtum des Islams?","[""Mekka"", ""Jerusalem"", ""Kairo"", ""Istanbul""]","Die Kaaba steht in Mekka in Saudi-Arabien. Muslime beten in ihre Richtung, und viele pilgern einmal im Leben dorthin.",Kaaba = Mekka.,Mekka,,ok
rel_islam,3,Was gehört zu den «Fünf Säulen des Islams»?,"[""Glaubensbekenntnis, Gebet, Almosen, Fasten und Pilgerfahrt"", ""Taufe, Kommunion, Firmung, Ehe und Beichte"", ""Sabbat, Tora, Synagoge, Pessach und Chanukka"", ""Yoga, Meditation, Karma, Tempel und Opfer""]","Die fünf Säulen sind die wichtigsten Pflichten im Islam: das Glaubensbekenntnis, das tägliche Gebet, Spenden an Bedürftige, das Fasten im Ramadan und – wer kann – die Pilgerfahrt nach Mekka.","5 Säulen: Bekenntnis, Gebet, Almosen, Fasten, Pilgerfahrt.",Fünf Säulen des Islam,,ok
rel_andere,3,In welcher Religion ist das Nirwana – das Ende des Kreislaufs der Wiedergeburt – ein zentrales Ziel?,"[""Im Buddhismus"", ""Im Christentum"", ""Im Judentum"", ""Im Islam""]","Im Buddhismus glaubt man an einen Kreislauf von Geburt, Tod und Wiedergeburt. Wer Gier, Hass und Unwissen überwindet, kann laut der Lehre das Nirwana erreichen und diesen Kreislauf verlassen.",Buddhismus: Ziel Nirwana.,Nirwana,,ok
rel_christentum,3,Welche beiden christlichen Konfessionen prägten die Schweiz historisch am stärksten?,"[""Römisch-katholisch und evangelisch-reformiert"", ""Orthodox und anglikanisch"", ""Baptistisch und methodistisch"", ""Mormonisch und koptisch""]","Seit der Reformation im 16. Jahrhundert gibt es in der Schweiz katholische und reformierte Gebiete. Heute gehört ein wachsender Teil der Bevölkerung keiner Religion an, und es gibt viele weitere Glaubensgemeinschaften.",Traditionell: katholisch und reformiert.,Religionen in der Schweiz,,ok
rel_christentum,3,"Wer veröffentlichte 1517 Thesen gegen den Ablasshandel, was als Beginn der Reformation gilt?","[""Martin Luther"", ""Huldrych Zwingli"", ""Papst Leo X."", ""Johannes Calvin""]","Martin Luther kritisierte, dass die Kirche gegen Geld Sünden «erliess». Seine 95 Thesen lösten in Europa die Reformation aus, aus der die evangelischen Kirchen entstanden.",1517 Luther – Beginn der Reformation.,Reformation,,ok
rel_andere,3,"Wie nennt man eine Person, die nicht an einen Gott glaubt?","[""Atheistin oder Atheist"", ""Pilgerin oder Pilger"", ""Prophetin oder Prophet"", ""Missionarin oder Missionar""]","Atheistinnen und Atheisten glauben nicht an Gott oder Götter. Agnostiker sagen dagegen, man könne nicht wissen, ob es einen Gott gibt. In der Schweiz ist jede dieser Haltungen durch die Glaubensfreiheit geschützt.",Atheismus = kein Glaube an Gott.,Atheismus,,ok
tiere,1,Welches ist das grösste Tier der Welt?,"[""Der Blauwal"", ""Der Elefant"", ""Die Giraffe"", ""Der Weisse Hai""]","Der Blauwal kann über 30 Meter lang werden – länger als ein Tennisplatz breit ist. Er ist das grösste Tier, das je gelebt hat, und frisst winzige Krebstierchen namens Krill.",Blauwal = grösstes Tier.,Blauwal,,ok
tiere,1,Was wird aus einer Raupe?,"[""Ein Schmetterling"", ""Eine Spinne"", ""Ein Käfer"", ""Eine Schnecke""]","Die Raupe frisst viel, verpuppt sich dann und verwandelt sich in der Puppe in einen Schmetterling. Diese Verwandlung nennt man Metamorphose.",Raupe → Puppe → Schmetterling.,Metamorphose (Zoologie),,ok
tiere,1,"Wie nennt man ein Tier, das nur Pflanzen frisst?","[""Pflanzenfresser"", ""Fleischfresser"", ""Allesfresser"", ""Aasfresser""]","Kühe, Kaninchen oder Rehe sind Pflanzenfresser. Füchse fressen vor allem Fleisch, Bären und Menschen sind Allesfresser.",Pflanzenfresser fressen nur Pflanzen.,Pflanzenfresser,,ok
tiere,1,"Welches Tier lebt oft in Schweizer Wäldern, und das Männchen trägt ein Geweih?","[""Das Reh"", ""Der Fuchs"", ""Der Dachs"", ""Der Igel""]","Beim Reh trägt nur der Rehbock ein kleines Geweih. Er wirft es jedes Jahr ab, und es wächst wieder nach.","Rehbock = Geweih, das jährlich nachwächst.",Reh,,ok
tiere,2,Warum halten Murmeltiere einen langen Winterschlaf?,"[""Weil sie im Winter kaum Nahrung finden und so Energie sparen"", ""Weil sie Angst vor Schnee haben"", ""Weil sie im Sommer arbeiten müssen"", ""Weil sie nachtaktiv sind""]","In den Alpen gibt es im Winter kaum Gras. Murmeltiere schlafen deshalb viele Monate in ihrem Bau. Herzschlag und Körpertemperatur sinken stark, so reicht ihr Fettvorrat bis zum Frühling.",Winterschlaf = Energie sparen.,Alpenmurmeltier,,ok
natur,2,Wie heisst der höchste Berg der Schweiz?,"[""Dufourspitze"", ""Matterhorn"", ""Eiger"", ""Pilatus""]",Die Dufourspitze im Monte-Rosa-Massiv im Wallis ist mit 4634 Metern der höchste Gipfel der Schweiz. Das berühmtere Matterhorn ist etwas tiefer.,Höchster Berg: Dufourspitze.,Dufourspitze,,ok
natur,2,Wie entsteht Regen?,"[""Wasser verdunstet, bildet Wolken und fällt wieder als Niederschlag"", ""Regen kommt aus dem Weltall"", ""Wolken sind aus Watte und werden ausgewrungen"", ""Regen entsteht nur über Seen""]","Die Sonne erwärmt Wasser aus Meeren, Seen und Pflanzen, es verdunstet. In der Höhe kühlt der Wasserdampf ab und bildet Wolken. Werden die Tröpfchen schwer genug, fallen sie als Regen oder Schnee.",Verdunsten – Wolke – Niederschlag.,Wasserkreislauf,,ok
natur,2,Welcher Planet ist der Sonne am nächsten?,"[""Merkur"", ""Venus"", ""Mars"", ""Neptun""]",Merkur ist der kleinste Planet und kreist am nächsten um die Sonne. Die Reihenfolge merkt man sich mit: Mein Vater erklärt mir jeden Sonntag unseren Nachthimmel.,Merkur ist der Sonne am nächsten.,Merkur (Planet),,ok
natur,2,Welcher ist der grösste Planet in unserem Sonnensystem?,"[""Jupiter"", ""Saturn"", ""Erde"", ""Mars""]","Jupiter ist ein Gasriese und so gross, dass die Erde über tausendmal hineinpassen würde. Sein bekanntestes Merkmal ist der Grosse Rote Fleck, ein riesiger Sturm.",Jupiter = grösster Planet.,Jupiter (Planet),,ok
natur,3,Was bedeutet Biodiversität?,"[""Die Vielfalt an Arten, Genen und Lebensräumen"", ""Die Anzahl Bäume in einem Park"", ""Eine Art Biodünger"", ""Die Lehre vom Wetter""]","Biodiversität beschreibt die Vielfalt des Lebens: verschiedene Tier- und Pflanzenarten, Unterschiede innerhalb einer Art und verschiedene Lebensräume. Eine hohe Vielfalt macht die Natur widerstandsfähiger.",Biodiversität = Vielfalt des Lebens.,Biodiversität,,ok
tiere,3,Was zeigt eine Nahrungskette?,"[""Wer wen frisst – vom Pflanzenmaterial bis zum Raubtier"", ""Wie man Lebensmittel einkauft"", ""Wie Pflanzen Wasser aufnehmen"", ""Welche Tiere Winterschlaf halten""]","Ein Beispiel: Gras → Maus → Fuchs. Pflanzen stehen am Anfang, weil sie mit Sonnenlicht Energie herstellen. Fehlt ein Glied, gerät die ganze Kette aus dem Gleichgewicht.",Nahrungskette: Pflanze → Pflanzenfresser → Fleischfresser.,Nahrungskette,,ok
tiere,3,"Woher kamen die Wölfe, die seit den 1990er-Jahren in die Schweiz zurückkehrten?","[""Aus Italien und Frankreich"", ""Aus Kanada"", ""Aus einem Zoo"", ""Aus Australien""]","Der Wolf war in der Schweiz ausgerottet. Seit den 1990er-Jahren wandern Wölfe über die Alpen wieder ein, vor allem aus Italien und Frankreich. Ihre Rückkehr führt zu Diskussionen, etwa beim Schutz von Schafen.",Wölfe kamen über die Alpen zurück.,Wolf,,ok
natur,3,Was ist ein Ökosystem?,"[""Eine Lebensgemeinschaft von Lebewesen zusammen mit ihrem Lebensraum"", ""Ein Computerprogramm"", ""Ein Bio-Laden"", ""Eine einzelne Tierart""]","Ein Wald, ein Teich oder eine Wiese ist ein Ökosystem. Pflanzen, Tiere, Pilze und Bakterien hängen dort voneinander und von Boden, Wasser und Klima ab.",Ökosystem = Lebewesen + Lebensraum.,Ökosystem,,ok
koerper,1,Mit welchem Sinnesorgan riechst du?,"[""Mit der Nase"", ""Mit den Ohren"", ""Mit den Augen"", ""Mit der Haut""]",In der Nase sitzen viele Riechzellen. Sie erkennen Duftstoffe in der Luft und melden sie ans Gehirn. Riechen hilft auch beim Schmecken.,Nase = Riechen.,Geruchssinn,,ok
koerper,1,Wie viele Sinne zählt man klassisch beim Menschen?,"[""Fünf"", ""Drei"", ""Sieben"", ""Zehn""]","Die fünf klassischen Sinne sind Sehen, Hören, Riechen, Schmecken und Tasten. Heute weiss man, dass wir noch mehr wahrnehmen, zum Beispiel das Gleichgewicht.","5 Sinne: sehen, hören, riechen, schmecken, tasten.",Sinn (Wahrnehmung),,ok
koerper,1,"Wie heisst das Gerüst aus Knochen, das deinen Körper stützt?","[""Skelett"", ""Muskel"", ""Haut"", ""Sehne""]","Das Skelett gibt dem Körper Halt und schützt Organe, zum Beispiel der Schädel das Gehirn. Muskeln bewegen die Knochen an den Gelenken.",Skelett = Knochengerüst.,Skelett des Menschen,,ok
koerper,2,Welches Organ nimmt beim Atmen Sauerstoff aus der Luft auf?,"[""Die Lunge"", ""Die Leber"", ""Der Magen"", ""Die Niere""]","Beim Einatmen gelangt Luft in die Lunge. Dort geht Sauerstoff ins Blut über, und Kohlendioxid wird ausgeatmet.",Lunge = Sauerstoff ins Blut.,Lunge,,ok
koerper,2,Welches ist das grösste Organ des Menschen?,"[""Die Haut"", ""Die Leber"", ""Das Gehirn"", ""Der Darm""]","Die Haut bedeckt den ganzen Körper. Sie schützt vor Keimen und Sonne, hilft die Temperatur zu regeln und lässt uns Berührungen spüren.",Haut = grösstes Organ.,Haut,,ok
koerper,2,Wofür sind die weissen Blutkörperchen zuständig?,"[""Für die Abwehr von Krankheitserregern"", ""Für den Sauerstofftransport"", ""Für die Verdauung"", ""Für das Haarwachstum""]",Weisse Blutkörperchen sind die Polizei des Körpers. Sie erkennen Bakterien und Viren und bekämpfen sie. Den Sauerstoff transportieren die roten Blutkörperchen.,"Weiss = Abwehr, Rot = Sauerstoff.",Leukozyt,,ok
koerper,2,Wie viele Knochen hat ein erwachsener Mensch ungefähr?,"[""Rund 206"", ""Rund 50"", ""Rund 1000"", ""Rund 12""]","Ein erwachsener Mensch hat etwa 206 Knochen. Babys haben mehr, weil einige Knochen erst später zusammenwachsen.",Erwachsene: ca. 206 Knochen.,Skelett des Menschen,,ok
koerper,2,Wie viele Zähne hat ein erwachsener Mensch mit allen Weisheitszähnen?,"[""32"", ""20"", ""28"", ""40""]","Das bleibende Gebiss hat 32 Zähne, davon 4 Weisheitszähne. Kinder haben ein Milchgebiss mit 20 Zähnen.","Erwachsene: 32 Zähne, Kinder: 20.",Gebiss des Menschen,,ok
koerper,3,Wie funktioniert eine Impfung?,"[""Sie trainiert das Immunsystem, einen Erreger zu erkennen, bevor man krank wird"", ""Sie tötet alle Bakterien im Körper"", ""Sie ersetzt das Blut"", ""Sie wirkt nur gegen Knochenbrüche""]",Eine Impfung zeigt dem Körper einen harmlosen Teil oder eine abgeschwächte Form eines Erregers. Das Immunsystem lernt ihn kennen und kann bei einer echten Ansteckung schneller reagieren.,Impfung = Training fürs Immunsystem.,Impfung,,ok
koerper,3,Warum helfen Antibiotika meist nicht gegen eine Erkältung?,"[""Erkältungen werden meist von Viren verursacht, Antibiotika wirken nur gegen Bakterien"", ""Weil Erkältungen zu kurz dauern"", ""Weil Antibiotika nur bei Kindern wirken"", ""Weil Antibiotika nur im Sommer wirken""]","Antibiotika bekämpfen Bakterien, gegen Viren sind sie wirkungslos. Werden sie unnötig eingesetzt, können Bakterien resistent werden – dann wirken die Mittel auch bei echten Infektionen schlechter.","Antibiotika: gegen Bakterien, nicht gegen Viren.",Antibiotikum,,ok
wissenschaft,3,Was ist ein Atom?,"[""Ein winziger Baustein der Materie aus Kern und Elektronenhülle"", ""Eine Zelle im Körper"", ""Ein kleiner Planet"", ""Eine Einheit für Zeit""]","Alles um uns besteht aus Atomen. Im Kern sitzen Protonen und Neutronen, darum kreisen Elektronen. Atome sind so klein, dass Millionen nebeneinander auf einen Millimeter passen.",Atom = Kern + Elektronen.,Atom,,ok
wissenschaft,3,Wie lautet die chemische Formel für Wasser?,"[""H₂O"", ""CO₂"", ""O₂"", ""NaCl""]","Ein Wassermolekül besteht aus zwei Wasserstoffatomen (H) und einem Sauerstoffatom (O). CO₂ ist Kohlendioxid, NaCl ist Kochsalz.",Wasser = H₂O.,Wasser,,ok
wissenschaft,3,Wer entwickelte die Evolutionstheorie durch natürliche Auslese?,"[""Charles Darwin"", ""Isaac Newton"", ""Albert Einstein"", ""Marie Curie""]","Darwin beobachtete auf seinen Reisen, dass sich Lebewesen an ihre Umgebung anpassen. Wer besser angepasst ist, überlebt eher und hat mehr Nachwuchs. So verändern sich Arten über lange Zeit.",Darwin = Evolution.,Charles Darwin,,ok
physik,1,"Was braucht es, damit ein Schatten entsteht?","[""Licht und einen Gegenstand, der das Licht abhält"", ""Nur Dunkelheit"", ""Wasser und Wind"", ""Musik""]","Licht breitet sich geradlinig aus. Steht etwas im Weg, kommt dahinter weniger Licht an – dort entsteht ein Schatten.",Licht + Hindernis = Schatten.,Schatten,,ok
physik,1,Wie entsteht ein Regenbogen?,"[""Sonnenlicht wird in Regentropfen in seine Farben zerlegt"", ""Er wird an den Himmel gemalt"", ""Er entsteht nur in der Nacht"", ""Aus Rauch von Feuern""]","Sonnenlicht sieht weiss aus, besteht aber aus vielen Farben. In Regentropfen wird es gebrochen und in Rot, Orange, Gelb, Grün, Blau und Violett aufgefächert. Dazu muss die Sonne hinter dir stehen.",Regenbogen = zerlegtes Sonnenlicht.,Regenbogen,,ok
physik,1,Was misst ein Thermometer?,"[""Die Temperatur"", ""Das Gewicht"", ""Die Zeit"", ""Die Lautstärke""]","Mit dem Thermometer misst man, wie warm oder kalt etwas ist, zum Beispiel die Luft oder das Fieber. In der Schweiz misst man in Grad Celsius.",Thermometer = Temperatur.,Thermometer,,ok
physik,2,Warum siehst du dich im Spiegel?,"[""Der Spiegel wirft das Licht zurück"", ""Der Spiegel leuchtet selbst"", ""Im Spiegel wohnt ein Bild"", ""Der Spiegel speichert Fotos""]","Licht, das von dir ausgeht, trifft auf die glatte Spiegelfläche und wird zurückgeworfen. Das nennt man Reflexion. Darum siehst du dich seitenverkehrt.",Spiegel = Reflexion.,Reflexion (Physik),,ok
physik,2,"Was passiert mit den meisten Metallen, wenn man sie erhitzt?","[""Sie dehnen sich aus"", ""Sie schrumpfen stark"", ""Sie werden durchsichtig"", ""Sie werden magnetisch""]","Beim Erwärmen bewegen sich die Teilchen stärker und brauchen mehr Platz. Deshalb haben Brücken und Schienen Dehnungsfugen, damit sie sich im Sommer ausdehnen können.",Wärme = Ausdehnung.,Wärmeausdehnung,,ok
physik,2,Welche dieser Energiequellen ist erneuerbar?,"[""Sonnenenergie"", ""Erdöl"", ""Kohle"", ""Erdgas""]","Erneuerbare Energie erschöpft sich nicht, zum Beispiel Sonne, Wind und Wasserkraft. Die Schweiz gewinnt einen grossen Teil ihres Stroms aus Wasserkraft.","Sonne, Wind, Wasser = erneuerbar.",Erneuerbare Energie,,ok
physik,2,Wann leuchtet eine Lampe in einem einfachen Stromkreis?,"[""Wenn der Stromkreis geschlossen ist"", ""Wenn ein Kabel fehlt"", ""Wenn die Batterie leer ist"", ""Wenn man sie schüttelt""]","Strom fliesst nur, wenn ein geschlossener Weg von der Batterie über die Lampe zurück zur Batterie besteht. Ein Schalter öffnet oder schliesst diesen Kreis.",Geschlossener Stromkreis = Licht.,Stromkreis,,ok
physik,3,Was beschreibt Albert Einsteins Formel E = mc²?,"[""Dass Masse und Energie ineinander umgewandelt werden können"", ""Die Geschwindigkeit eines Autos"", ""Die Formel für Wasser"", ""Wie schnell Schall ist""]","E steht für Energie, m für Masse und c für die Lichtgeschwindigkeit. Weil c sehr gross ist, steckt schon in wenig Masse enorm viel Energie – das nutzt zum Beispiel die Sonne bei der Kernfusion.",E = mc²: Masse ist Energie.,Äquivalenz von Masse und Energie,,ok
physik,3,In welcher Einheit misst man elektrische Spannung?,"[""Volt"", ""Newton"", ""Meter"", ""Kelvin""]","Spannung wird in Volt gemessen, benannt nach Alessandro Volta. Eine normale Steckdose in der Schweiz hat 230 Volt.",Spannung = Volt.,Elektrische Spannung,,ok
physik,3,Warum ist der Himmel am Tag blau?,"[""Blaues Licht wird von der Luft stärker gestreut als rotes"", ""Weil das Meer sich spiegelt"", ""Weil der Weltraum blau ist"", ""Weil Wolken blau gefärbt sind""]","Sonnenlicht trifft auf die Luftteilchen. Kurzwelliges, blaues Licht wird viel stärker in alle Richtungen gestreut als rotes. Darum leuchtet der ganze Himmel blau. Bei Sonnenuntergang ist der Weg länger, das Blau wird herausgestreut und der Himmel wirkt rot.",Blauer Himmel = Streuung von blauem Licht.,Rayleigh-Streuung,,ok
physik,3,"Was verändert sich, wenn eine Astronautin auf dem Mond steht?","[""Ihre Gewichtskraft, nicht aber ihre Masse"", ""Ihre Masse, nicht aber ihr Gewicht"", ""Beides bleibt gleich"", ""Sie wird grösser""]","Die Masse, also wie viel Stoff in einem Körper steckt, bleibt überall gleich. Die Gewichtskraft hängt von der Anziehung ab – auf dem Mond ist sie nur etwa ein Sechstel so gross wie auf der Erde.","Masse bleibt, Gewichtskraft ändert sich.",Gewichtskraft,,ok
geld,1,Was ist mehr wert?,"[""Ein 5-Franken-Stück"", ""Ein 2-Franken-Stück"", ""Ein 1-Franken-Stück"", ""Ein 50-Rappen-Stück""]","Das 5-Franken-Stück ist die grösste und wertvollste Münze der Schweiz, man nennt es auch «Fünfliber». Grössere Beträge bezahlt man mit Banknoten ab 10 Franken.",Fünfliber = grösste Münze.,Schweizer Franken,,ok
geld,1,Wofür ist ein Sparschwein gut?,"[""Um Geld zu sammeln und zu sparen"", ""Um Geld zu verstecken und zu vergessen"", ""Um Geld zu verschenken"", ""Um Süssigkeiten aufzubewahren""]","Im Sparschwein sammelst du Münzen, bis genug für etwas Grösseres zusammen ist. Später kann ein Sparkonto bei der Bank dazukommen.",Sparschwein = kleines Sparziel.,Sparbüchse,,ok
geld,1,In einem Handyspiel kannst du für «Juwelen» bezahlen. Was stimmt?,"[""Das kostet echtes Geld – vorher die Eltern fragen"", ""Das ist immer gratis"", ""Juwelen sind echte Edelsteine"", ""Man bekommt das Geld später zurück""]","Solche In-App-Käufe kosten echtes Geld, auch wenn sie wie Spielgeld aussehen. Viele Spiele sind darauf ausgelegt, dass man immer wieder kauft. Frag deshalb immer zuerst.",Spielwährung = echtes Geld.,In-App-Kauf,,ok
geld,2,"Warum lohnt es sich, Preise zu vergleichen?","[""Das gleiche Produkt kann in verschiedenen Läden unterschiedlich viel kosten"", ""Weil Preise überall gleich sind"", ""Weil teurer immer besser ist"", ""Weil man so mehr Taschengeld bekommt""]",Ein Vergleich im Laden oder online zeigt oft grosse Unterschiede. Achte auch auf den Preis pro Kilo oder Liter – der steht meist klein auf dem Preisschild.,Vergleichen spart Geld.,Preisvergleich,,ok
geld,2,Was ist ein Kredit?,"[""Geliehenes Geld, das man mit Zins zurückzahlen muss"", ""Ein Geschenk der Bank"", ""Ein Sparkonto"", ""Eine Steuer""]","Bei einem Kredit leiht dir eine Bank Geld. Du zahlst es in Raten zurück und bezahlst zusätzlich Zinsen. Am Ende zahlst du also mehr zurück, als du bekommen hast.",Kredit = geliehen + Zins.,Kredit,,ok
geld,2,Was ist ein Warnsignal für Schulden?,"[""Man bezahlt Rechnungen mit neuen Krediten"", ""Man spart jeden Monat etwas"", ""Man macht ein Budget"", ""Man zahlt Rechnungen pünktlich""]","Wer alte Schulden mit neuen Krediten bezahlt, rutscht leicht in eine Schuldenspirale. In der Schweiz helfen Schuldenberatungsstellen kostenlos und vertraulich.",Kredit für Schulden = Alarmzeichen.,Schulden,,ok
geld,3,Was bedeutet Inflation?,"[""Die Preise steigen allgemein, und mit dem gleichen Geld kann man weniger kaufen"", ""Die Preise sinken dauernd"", ""Man bekommt automatisch mehr Lohn"", ""Es wird neues Geld gedruckt, das nichts wert ist""]","Bei Inflation werden Waren und Dienstleistungen teurer. Wenn dein Geld auf dem Konto weniger Zins bringt, als die Preise steigen, verliert es an Kaufkraft.",Inflation = Geld verliert Kaufkraft.,Inflation,,ok
geld,3,Was ist der Zinseszins?,"[""Man bekommt auch Zins auf früher erhaltene Zinsen"", ""Eine Strafgebühr der Bank"", ""Doppelte Steuern"", ""Ein Zins nur für Kinder""]","Wenn Zinsen auf dem Konto bleiben, werden sie im nächsten Jahr mitverzinst. So wächst das Geld mit der Zeit immer schneller. Deshalb lohnt es sich, früh mit dem Sparen anzufangen – bei Schulden wirkt der Effekt leider umgekehrt.",Zinseszins: Zinsen verdienen Zinsen.,Zinseszins,,ok
geld,3,Was ist der Unterschied zwischen Brutto- und Nettolohn?,"[""Netto ist, was nach Abzügen wie AHV und Pensionskasse ausbezahlt wird"", ""Brutto ist immer weniger als netto"", ""Es gibt keinen Unterschied"", ""Netto ist der Lohn vor den Abzügen""]","Vom Bruttolohn werden in der Schweiz Beiträge für AHV/IV/EO, Arbeitslosenversicherung und meist Pensionskasse abgezogen. Was aufs Konto kommt, ist der Nettolohn.",Brutto minus Abzüge = Netto.,Bruttolohn,,ok
geld,3,Was kauft man mit einer Aktie?,"[""Einen kleinen Anteil an einem Unternehmen"", ""Eine feste Zinszahlung"", ""Ein Sparkonto"", ""Eine Versicherung""]","Mit einer Aktie wird man Miteigentümer einer Firma. Läuft es gut, kann der Wert steigen und es gibt eine Gewinnbeteiligung (Dividende). Der Wert kann aber auch stark sinken.","Aktie = Firmenanteil, mit Chance und Risiko.",Aktie,,ok
geld,3,Warum legt man Geld besser verteilt an?,"[""Um das Risiko zu streuen"", ""Weil es verboten ist, alles an einem Ort zu haben"", ""Weil man so garantiert Gewinn macht"", ""Weil Banken es verlangen""]","Wer alles auf eine Karte setzt, kann alles verlieren. Verteilt man das Geld auf verschiedene Anlagen, fallen Verluste bei einer Anlage weniger ins Gewicht. Das nennt man Diversifikation.",Nicht alle Eier in einen Korb.,Diversifikation (Wirtschaft),,ok
geld,3,Was ist eine Betreibung in der Schweiz?,"[""Ein amtliches Verfahren, um unbezahlte Schulden einzutreiben"", ""Eine Art Steuerrückerstattung"", ""Ein Sparplan"", ""Eine Versicherung gegen Diebstahl""]","Wer Rechnungen nicht bezahlt, kann betrieben werden. Die Betreibung wird im Betreibungsregister eingetragen. Das kann Probleme machen, etwa bei der Wohnungssuche, weil Vermieter oft einen Auszug verlangen.",Betreibung = offene Schulden amtlich eintreiben.,Schuldbetreibung,,ok
banken,1,"Wie heisst in der Schweiz der Automat, an dem man Bargeld abheben kann?","[""Bancomat"", ""Kassomat"", ""Fotomat"", ""Rechenmaschine""]",In der Schweiz sagt man meist Bancomat. Mit einer Karte und der Geheimzahl kannst du dort Bargeld von deinem Konto abheben.,Bancomat = Bargeld abheben.,Geldautomat,,ok
banken,1,Was machst du mit dem PIN-Code deiner Karte?,"[""Geheim halten und niemandem verraten"", ""Auf die Karte schreiben"", ""Freunden schicken"", ""Im Internet posten""]","Der PIN ist eine Geheimzahl. Wer ihn kennt und die Karte hat, kann dein Geld abheben. Verdecke beim Eintippen die Tastatur.",PIN = geheim.,Persönliche Identifikationsnummer,,ok
banken,2,Wer gibt die Schweizer Banknoten heraus?,"[""Die Schweizerische Nationalbank"", ""Jede Bank selbst"", ""Der Bundesrat"", ""Die Post""]","Die Schweizerische Nationalbank (SNB) ist die Zentralbank der Schweiz. Sie gibt die Banknoten heraus und sorgt dafür, dass der Franken stabil bleibt. Sie hat Sitze in Bern und Zürich.",Banknoten kommen von der SNB.,Schweizerische Nationalbank,,ok
banken,2,Was ist TWINT?,"[""Eine Schweizer App zum Bezahlen mit dem Handy"", ""Eine Schweizer Bank"", ""Eine Kreditkarte"", ""Ein Online-Spiel""]",Mit TWINT kann man mit dem Smartphone bezahlen oder Freunden Geld schicken. Die App ist mit dem Bankkonto oder einem Guthaben verbunden.,TWINT = mit dem Handy bezahlen.,TWINT,,ok
banken,2,Was ist ein Dauerauftrag?,"[""Eine regelmässige automatische Zahlung, zum Beispiel für die Miete"", ""Ein Auftrag, der nie ausgeführt wird"", ""Ein Kredit"", ""Ein Sparbuch""]",Mit einem Dauerauftrag überweist die Bank jeden Monat automatisch den gleichen Betrag. Praktisch für Miete oder Handyabo – so vergisst man keine Zahlung.,Dauerauftrag = automatisch jeden Monat.,Dauerauftrag,,ok
banken,2,Was hat in der Schweiz den alten orangen Einzahlungsschein ersetzt?,"[""Die QR-Rechnung"", ""Der Bancomat"", ""Die Kreditkarte"", ""Das Sparbuch""]","Seit Herbst 2022 gibt es nur noch die QR-Rechnung. Den QR-Code scannt man mit der Banking-App, und alle Zahlungsdaten werden automatisch übernommen.",QR-Rechnung = scannen und zahlen.,QR-Rechnung,,ok
banken,2,Was zeigt ein Kontoauszug?,"[""Alle Ein- und Ausgänge auf deinem Konto"", ""Deine Schulnoten"", ""Deine Steuererklärung"", ""Deinen Lebenslauf""]","Auf dem Kontoauszug oder in der App siehst du, wann Geld gekommen oder gegangen ist. Wer ihn regelmässig anschaut, entdeckt auch falsche Abbuchungen.",Kontoauszug = Übersicht übers Konto.,Kontoauszug,,ok
banken,3,Was schützt die Einlagensicherung in der Schweiz?,"[""Guthaben bis 100'000 Franken pro Person und Bank, falls die Bank pleitegeht"", ""Alle Aktien gegen Kursverluste"", ""Das Bargeld im Portemonnaie"", ""Kredite vor Zinsen""]","Geht eine Bank in Konkurs, sind Guthaben auf Konten bis 100'000 Franken pro Kundin oder Kunde und Bank geschützt. Aktien und Fonds gehören ohnehin dem Kunden und sind davon getrennt.",Einlagen gesichert bis 100'000 Franken.,Einlagensicherung,,ok
banken,3,Was bedeutet das Bankgeheimnis in der Schweiz heute?,"[""Banken dürfen Kundendaten nicht an Unbefugte weitergeben – gegenüber Steuerbehörden vieler Länder gilt aber ein automatischer Informationsaustausch"", ""Banken dürfen nie Auskunft geben, auch nicht an Gerichte"", ""Jede Person darf alle Konten einsehen"", ""Es gibt kein Bankgeheimnis""]",Das Bankgeheimnis schützt die Privatsphäre der Kunden. Seit einigen Jahren tauscht die Schweiz aber mit vielen Staaten automatisch Kontoinformationen für Steuerzwecke aus.,Bankgeheimnis schützt – aber nicht vor dem Steueramt im Ausland.,Bankgeheimnis,,ok
banken,3,Wozu verändert die Nationalbank den Leitzins?,"[""Um die Preise stabil zu halten und die Wirtschaft zu steuern"", ""Um Banken zu bestrafen"", ""Um Steuern einzuziehen"", ""Um neue Münzen zu prägen""]","Hebt die SNB den Leitzins, wird Geld leihen teurer – das bremst die Inflation. Senkt sie ihn, wird Geld günstiger, und die Wirtschaft wird angekurbelt.",Leitzins = Werkzeug gegen Inflation.,Leitzins,,ok
banken,3,Warum verlangt das E-Banking zusätzlich zum Passwort eine Bestätigung auf dem Handy?,"[""Weil ein zweiter Faktor Betrügern das Einloggen stark erschwert"", ""Weil das Passwort zu kurz ist"", ""Um Werbung zu zeigen"", ""Weil Banken Handys verkaufen""]","Bei der Zwei-Faktor-Anmeldung braucht man etwas, das man weiss (Passwort), und etwas, das man hat (Handy). Selbst wenn jemand dein Passwort stiehlt, kommt er so nicht ins Konto.",Passwort + Handy = doppelt sicher.,Zwei-Faktor-Authentisierung,,ok
steuern,1,Welches dieser Dinge wird mit Steuergeld bezahlt?,"[""Ein neues Schulhaus"", ""Dein eigenes Handy"", ""Deine Ferien"", ""Das Velo deines Nachbarn""]","Mit Steuern bezahlen Gemeinden, Kantone und der Bund Dinge für alle: Schulen, Strassen, Parks, Feuerwehr und vieles mehr. Private Dinge kauft jede Person selbst.",Steuergeld = für alle da.,Steuer,,ok
steuern,1,Zahlen auch Kinder manchmal Steuern?,"[""Ja, zum Beispiel die Mehrwertsteuer beim Einkaufen"", ""Nein, niemals"", ""Nur an Geburtstagen"", ""Nur in den Ferien""]","Wenn du im Laden etwas kaufst, ist die Mehrwertsteuer schon im Preis enthalten. So zahlen alle ein wenig mit, auch Kinder.",Einkaufen = MWST mitbezahlt.,Steuer,,ok
steuern,2,Wie hoch ist der Normalsatz der Schweizer Mehrwertsteuer seit 2024?,"[""8,1 Prozent"", ""19 Prozent"", ""2,5 Prozent"", ""25 Prozent""]","Seit 2024 beträgt der Normalsatz 8,1 Prozent. Für Lebensmittel, Bücher und Medikamente gilt ein reduzierter Satz. Im Vergleich zu vielen Ländern Europas ist die Mehrwertsteuer in der Schweiz tief.","MWST-Normalsatz: 8,1 % (seit 2024).",Mehrwertsteuer (Schweiz),,ok
steuern,2,Welche Steuer zahlen Hundehalterinnen und Hundehalter in vielen Gemeinden?,"[""Die Hundesteuer"", ""Die Katzensteuer"", ""Die Futtersteuer"", ""Die Tiersteuer des Bundes""]",Viele Gemeinden verlangen für jeden Hund eine jährliche Gebühr. Damit werden zum Beispiel Robidog-Kästen und deren Leerung bezahlt.,Hund = Hundesteuer der Gemeinde.,Hundesteuer,,ok
steuern,2,Wann muss man in der Schweiz meist zum ersten Mal eine eigene Steuererklärung ausfüllen?,"[""Ab dem Jahr, in dem man volljährig wird"", ""Ab 10 Jahren"", ""Erst ab 30"", ""Nur wenn man ein Haus besitzt""]","Mit der Volljährigkeit wird man selbst steuerpflichtig, auch wenn man noch in der Ausbildung ist. Je nach Kanton gibt es Details, zum Beispiel für Lernende mit Lohn schon vorher.",Mit 18 kommt die erste Steuererklärung.,Steuererklärung,,ok
steuern,3,Was ist die Verrechnungssteuer?,"[""35 Prozent auf bestimmte Zinsen und Dividenden, die man zurückbekommt, wenn man alles korrekt angibt"", ""Eine Steuer auf Lebensmittel"", ""Eine Strafe für zu spätes Zahlen"", ""Eine Steuer auf Autos""]","Der Bund behält auf bestimmte Kapitalerträge 35 Prozent ein. Wer das Vermögen und die Erträge in der Steuererklärung angibt, erhält diesen Betrag zurück. So lohnt sich ehrliches Deklarieren.",Verrechnungssteuer: deklarieren und zurückholen.,Verrechnungssteuer,,ok
steuern,3,Was bedeutet Quellensteuer?,"[""Die Steuer wird direkt vom Lohn abgezogen, vor allem bei ausländischen Arbeitnehmenden ohne Niederlassungsbewilligung"", ""Eine Steuer auf Mineralwasser"", ""Eine Steuer nur für Bauern"", ""Eine Steuer auf Quellen im Wald""]",Bei der Quellensteuer zieht die Arbeitgeberin die Steuer direkt vom Lohn ab und überweist sie dem Steueramt. Das betrifft vor allem Personen mit ausländischer Staatsangehörigkeit ohne Niederlassungsbewilligung C.,Quellensteuer = direkt vom Lohn.,Quellensteuer,,ok
steuern,3,Wer erhebt in der Schweiz eine Vermögenssteuer?,"[""Die Kantone und Gemeinden"", ""Nur der Bund"", ""Die Banken"", ""Niemand""]","Die Vermögenssteuer wird von Kantonen und Gemeinden erhoben, nicht vom Bund. Besteuert wird das Vermögen abzüglich Schulden, wobei es Freibeträge gibt.",Vermögenssteuer = Kanton und Gemeinde.,Vermögenssteuer,,ok
steuern,3,Was bedeutet Progression bei der Einkommenssteuer?,"[""Wer mehr verdient, zahlt einen höheren Prozentsatz"", ""Alle zahlen den gleichen Betrag"", ""Die Steuer sinkt mit steigendem Einkommen"", ""Man zahlt nur alle zwei Jahre""]","Bei der Progression steigt der Steuersatz mit dem Einkommen. Wer wenig verdient, zahlt anteilsmässig weniger. So sollen Menschen nach ihrer wirtschaftlichen Leistungsfähigkeit beitragen.","Progression: mehr Einkommen, höherer Satz.",Steuerprogression,,ok
steuern,3,Was ist ein typischer Abzug in der Steuererklärung?,"[""Einzahlungen in die Säule 3a"", ""Die Kosten für Ferien"", ""Das Taschengeld"", ""Der Kauf eines Handys für Spiele""]","Bestimmte Ausgaben darf man vom Einkommen abziehen, zum Beispiel Einzahlungen in die Säule 3a, Berufsauslagen oder Krankheitskosten über einem Mindestbetrag. So sinkt das steuerbare Einkommen.",Abzüge senken das steuerbare Einkommen.,Steuerabzug,,ok
steuern,3,"Was passiert, wenn man die Steuererklärung trotz Mahnung nicht einreicht?","[""Das Steueramt schätzt das Einkommen selbst ein, und es droht eine Busse"", ""Man muss nie Steuern zahlen"", ""Die Steuern werden automatisch halbiert"", ""Nichts, es ist freiwillig""]","Wer nicht einreicht, wird «nach Ermessen» eingeschätzt – meist eher zu hoch als zu tief. Dazu kann eine Busse kommen. Fristverlängerungen kann man aber in der Regel beantragen.",Nicht einreichen = Schätzung + Busse.,Ermessensveranlagung,,ok
steuern,3,Was ist der Finanzausgleich zwischen den Kantonen?,"[""Finanzstarke Kantone und der Bund unterstützen finanzschwächere Kantone"", ""Alle Kantone zahlen gleich viel Steuern"", ""Der Bund zahlt alle Schulden der Kantone"", ""Die Kantone tauschen ihre Steuerämter""]","Kantone haben unterschiedlich viel Einnahmen. Über den Finanzausgleich fliesst Geld von finanzstarken zu finanzschwächeren Kantonen, damit überall gute Leistungen möglich sind.",Finanzausgleich = Solidarität unter Kantonen.,Finanzausgleich (Schweiz),,ok
krankenkasse,1,"Wohin gehst du, wenn du krank bist und Hilfe brauchst?","[""Zur Ärztin oder zum Arzt"", ""Zur Bank"", ""Zum Coiffeur"", ""Zur Post""]","Die Ärztin oder der Arzt untersucht dich und hilft dir, gesund zu werden. Die Krankenkasse hilft, die Kosten zu bezahlen.",Krank? Ärztin oder Arzt.,Arzt,,ok
krankenkasse,2,"Wie hoch ist die tiefste Franchise, die Erwachsene in der Grundversicherung wählen können?","[""300 Franken"", ""0 Franken"", ""1000 Franken"", ""5000 Franken""]","Erwachsene können eine Franchise zwischen 300 und 2500 Franken wählen. Je höher die Franchise, desto tiefer die Prämie – aber desto mehr zahlt man selbst, wenn man krank wird.",Franchise Erwachsene: 300 bis 2500 Franken.,Franchise (Krankenversicherung),,ok
krankenkasse,2,Wie hoch ist die Franchise für Kinder standardmässig?,"[""0 Franken"", ""300 Franken"", ""2500 Franken"", ""1000 Franken""]","Für Kinder beträgt die Franchise normalerweise 0 Franken. Eltern können freiwillig eine höhere wählen, höchstens 600 Franken.",Kinder: Franchise meist 0 Franken.,Franchise (Krankenversicherung),,ok
krankenkasse,2,Darf eine Krankenkasse dich für die Grundversicherung ablehnen?,"[""Nein, sie muss alle aufnehmen"", ""Ja, wenn du oft krank bist"", ""Ja, wenn du älter als 50 bist"", ""Ja, ohne Grund""]","In der Grundversicherung müssen die Krankenkassen alle Personen aufnehmen, und die Leistungen sind bei allen gleich. Nur bei Zusatzversicherungen dürfen sie Anträge ablehnen.",Grundversicherung: Aufnahmepflicht.,Krankenversicherung in der Schweiz,,ok
krankenkasse,2,"Bis wann muss die Kündigung der Grundversicherung meist bei der Krankenkasse sein, um auf Anfang Jahr zu wechseln?","[""Bis Ende November"", ""Bis Ende Januar"", ""Bis Ende Juni"", ""Man kann nie wechseln""]","Im Herbst werden die neuen Prämien bekannt. Wer wechseln will, muss so kündigen, dass die Kündigung spätestens am letzten Arbeitstag im November ankommt. Ein Vergleich kann sich lohnen, weil die Leistungen überall gleich sind.",Wechsel: Kündigung bis Ende November.,Krankenversicherung in der Schweiz,,ok
krankenkasse,3,Wie hoch ist der jährliche maximale Selbstbehalt für Erwachsene in der Grundversicherung?,"[""700 Franken"", ""70 Franken"", ""7000 Franken"", ""Es gibt kein Maximum""]","Nach der Franchise zahlt man 10 Prozent der Kosten selbst, bei Erwachsenen höchstens 700 Franken pro Jahr, bei Kindern 350 Franken. Danach übernimmt die Grundversicherung die weiteren Kosten.","Selbstbehalt: 10 %, max. 700 Franken.",Selbstbehalt,,ok
krankenkasse,3,Wer muss bei einem Spitalaufenthalt keinen Spitalkostenbeitrag zahlen?,"[""Kinder und junge Erwachsene bis 25 in Ausbildung"", ""Alle Erwachsenen über 30"", ""Nur Männer"", ""Niemand ist befreit""]","Erwachsene zahlen im Spital pro Tag einen kleinen Beitrag an Unterkunft und Verpflegung. Kinder und junge Erwachsene bis 25, die in Ausbildung sind, sind davon befreit, ebenso Leistungen bei Mutterschaft.",Kinder und Junge in Ausbildung: kein Spitalbeitrag.,Spitalkostenbeitrag,,ok
krankenkasse,3,Was ist die Prämienverbilligung?,"[""Kantone unterstützen Menschen mit tiefem Einkommen bei den Krankenkassenprämien"", ""Ein Rabatt für Nichtraucher"", ""Ein Geschenk der Krankenkasse zum Geburtstag"", ""Eine Strafe für hohe Arztkosten""]","Weil die Prämien für viele Haushalte eine grosse Belastung sind, zahlen die Kantone mit Unterstützung des Bundes Beiträge an Personen mit tiefem Einkommen. Wie man sie beantragt, regelt jeder Kanton selbst.",Prämienverbilligung = Hilfe vom Kanton.,Prämienverbilligung,,ok
krankenkasse,3,Was ist das Hausarztmodell?,"[""Man geht zuerst zur Hausärztin und bekommt dafür eine tiefere Prämie"", ""Man darf nie zu Spezialisten"", ""Die Ärztin wohnt bei dir"", ""Man zahlt keine Franchise""]",Im Hausarztmodell ist die Hausärztin oder der Hausarzt immer die erste Anlaufstelle und überweist bei Bedarf weiter. Dafür gibt es einen Prämienrabatt. Notfälle sind natürlich ausgenommen.,"Hausarztmodell: erst Hausarzt, dafür günstiger.",Hausarztmodell,,ok
krankenkasse,3,"Wer zahlt einen Unfall, wenn du mindestens 8 Stunden pro Woche beim gleichen Arbeitgeber arbeitest?","[""Die Unfallversicherung deines Arbeitgebers"", ""Nur du selbst"", ""Die Gemeinde"", ""Niemand""]","Wer mindestens 8 Stunden pro Woche beim gleichen Arbeitgeber arbeitet, ist über diesen auch gegen Unfälle in der Freizeit versichert. Dort gibt es keine Franchise und keinen Selbstbehalt.",Ab 8 Std./Woche: Unfall über den Arbeitgeber.,Unfallversicherung (Schweiz),,ok
krankenkasse,3,"Wie heisst das Gesetz, das die Grundversicherung regelt?","[""KVG – Krankenversicherungsgesetz"", ""ZGB – Zivilgesetzbuch"", ""SVG – Strassenverkehrsgesetz"", ""OR – Obligationenrecht""]","Das Krankenversicherungsgesetz (KVG) legt fest, dass alle versichert sein müssen und welche Leistungen die Grundversicherung bezahlt. Zusatzversicherungen fallen dagegen unter das Versicherungsvertragsgesetz.",Grundversicherung = KVG.,Bundesgesetz über die Krankenversicherung,,ok
krankenkasse,3,Ab welchem Alter zahlt man in der Grundversicherung die volle Erwachsenenprämie?,"[""Ab 26 Jahren"", ""Ab 16 Jahren"", ""Ab 18 Jahren"", ""Ab 40 Jahren""]","Die Prämien sind in drei Altersgruppen eingeteilt: Kinder bis 18, junge Erwachsene von 19 bis 25 und Erwachsene ab 26. Junge Erwachsene zahlen weniger als Erwachsene.",Volle Prämie ab 26.,Krankenversicherung in der Schweiz,,ok
medien,1,Was solltest du im Internet nie mit Fremden teilen?,"[""Deine Adresse und Telefonnummer"", ""Deine Lieblingsfarbe"", ""Dein Lieblingsessen"", ""Welche Tiere du magst""]","Persönliche Daten wie Adresse, Telefonnummer oder Schule gehören nicht ins Internet und nicht in Chats mit Unbekannten. Man weiss nie genau, wer dahintersteckt.",Adresse und Nummer bleiben privat.,Privatsphäre,,ok
medien,1,"Jemand, den du nur online kennst, will dich treffen. Was tust du?","[""Deinen Eltern oder einer Vertrauensperson davon erzählen und nicht allein hingehen"", ""Sofort allein hingehen"", ""Es niemandem sagen"", ""Der Person deine Adresse schicken""]","Online kann sich jede Person als jemand anderes ausgeben. Erzähl es immer einer erwachsenen Vertrauensperson. Wenn dich jemand bittet, etwas geheim zu halten, ist das ein Warnzeichen.",Online-Treffen? Immer zuerst Erwachsene fragen.,Cybergrooming,,ok
medien,1,Warum sind Pausen vom Bildschirm gut?,"[""Sie tun Augen, Kopf und Körper gut"", ""Weil das Handy sonst explodiert"", ""Weil Bildschirme verboten sind"", ""Pausen sind nicht wichtig""]","Nach langem Schauen auf den Bildschirm werden die Augen müde und man kann sich schlechter konzentrieren. Draussen spielen, sich bewegen und Freunde treffen tut dem ganzen Körper gut.",Bildschirm-Pausen = gut für dich.,Bildschirmzeit,,ok
medien,2,Was ist Clickbait?,"[""Reisserische Titel oder Bilder, die nur zum Klicken verleiten sollen"", ""Eine Art Computermaus"", ""Eine Tastenkombination"", ""Ein Virus für Handys""]","Titel wie «Du wirst nicht glauben, was dann passiert!» sollen neugierig machen. Oft hält der Inhalt nicht, was versprochen wird – es geht um Klicks und Werbeeinnahmen.","Reisserischer Titel = Vorsicht, Clickbait.",Clickbait,,ok
medien,2,"Warum ist es gut, das Handy vor dem Schlafen wegzulegen?","[""Licht und spannende Inhalte halten das Gehirn wach"", ""Weil das Handy nachts kaputt geht"", ""Weil Nachrichten nachts verboten sind"", ""Es spielt keine Rolle""]","Das helle Licht des Bildschirms und aufregende Videos machen den Kopf wach. Wer das Handy vor dem Schlafen weglegt oder ausserhalb des Zimmers lädt, schläft meist besser ein.",Handy weg = besser schlafen.,Schlafhygiene,,ok
medien,2,Was ist ein Influencer oder eine Influencerin?,"[""Eine Person, die auf Social Media viele Follower hat und andere beeinflusst"", ""Eine Krankheit"", ""Ein Computerprogramm"", ""Ein Beruf bei der Polizei""]","Influencer zeigen ihr Leben, Produkte oder Meinungen und verdienen oft mit Werbung Geld. Was sie zeigen, ist meist ausgewählt und bearbeitet – nicht das ganze echte Leben.",Influencer zeigen nur einen Ausschnitt.,Influencer,,ok
medien,2,Ein Kollege filmt dich heimlich und will das Video posten. Was gilt?,"[""Er braucht deine Erlaubnis, sonst verletzt er dein Recht am eigenen Bild"", ""Er darf alles posten"", ""Nur Lehrer dürfen das verbieten"", ""Es gibt dazu keine Regeln""]","In der Schweiz ist das Recht am eigenen Bild durch das Persönlichkeitsrecht geschützt. Wer Bilder oder Videos von anderen ohne Einverständnis veröffentlicht, kann dafür belangt werden.",Dein Bild – deine Entscheidung.,Recht am eigenen Bild,,ok
medien,3,Was ist eine Filterblase?,"[""Man sieht online vor allem Inhalte, die zur eigenen Meinung passen"", ""Eine Seifenblase mit Filter"", ""Ein Fotofilter für Gesichter"", ""Ein Wasserfilter""]","Algorithmen zeigen dir mehr von dem, was dir bisher gefallen hat. So sieht man andere Meinungen immer seltener. Wer bewusst verschiedene Quellen nutzt, bekommt ein vollständigeres Bild.",Filterblase = nur noch die eigene Meinung sehen.,Filterblase,,ok
medien,3,Was ist ein Social Bot?,"[""Ein automatisches Konto, das wie ein Mensch postet"", ""Ein Roboter in der Schule"", ""Ein Lautsprecher"", ""Eine Handyhülle""]","Social Bots sind Programme, die automatisch Beiträge, Likes oder Kommentare erzeugen. Sie können so tun, als ob viele Menschen eine Meinung teilen, obwohl nur wenige dahinterstecken.",Nicht jedes Konto ist ein Mensch.,Social Bot,,ok
medien,3,Welches Schweizer Gesetz schützt persönliche Daten und wurde 2023 erneuert?,"[""Das Datenschutzgesetz (DSG)"", ""Das Strassenverkehrsgesetz"", ""Das Krankenversicherungsgesetz"", ""Das Mietrecht""]","Das Datenschutzgesetz regelt, wie Firmen und Behörden mit Personendaten umgehen dürfen. Seit September 2023 gilt eine überarbeitete Version mit strengeren Regeln, etwa zur Information der Betroffenen.",Datenschutz = DSG.,Datenschutzgesetz (Schweiz),,ok
medien,3,Was ist die SRG?,"[""Das öffentliche Medienhaus der Schweiz mit SRF, RTS, RSI und RTR"", ""Eine Social-Media-App"", ""Eine Bank"", ""Eine Zeitung aus Deutschland""]","Die SRG produziert Radio, Fernsehen und Online-Angebote in allen Landessprachen. Sie wird grösstenteils über die Medienabgabe finanziert und hat einen Auftrag zur ausgewogenen Information.",SRG = öffentliches Radio und Fernsehen.,SRG SSR,,ok
medien,3,"Wer prüft in der Schweiz, ob sich Journalistinnen und Journalisten an ethische Regeln halten?","[""Der Schweizer Presserat"", ""Der Bundesrat"", ""Die Polizei"", ""Die Nationalbank""]","Der Presserat ist eine Beschwerdestelle der Medienbranche. Er prüft zum Beispiel, ob Fakten korrekt sind und die Privatsphäre respektiert wurde. Solche Regeln gelten für Social-Media-Posts meist nicht.",Presserat = Ethik für Journalismus.,Schweizer Presserat,,ok
beruf,1,Wer repariert in der Garage Autos?,"[""Automobil-Mechatronikerinnen und -Mechatroniker"", ""Bäckerinnen und Bäcker"", ""Gärtnerinnen und Gärtner"", ""Coiffeusen und Coiffeure""]","In der Garage prüfen und reparieren Automobil-Mechatronikerinnen und -Mechatroniker Motoren, Bremsen und Elektronik. Das ist eine vierjährige Lehre mit EFZ.",Autos reparieren = Automobil-Mechatronik.,Automobil-Mechatroniker,,ok
beruf,1,Wer schneidet und färbt Haare?,"[""Coiffeusen und Coiffeure"", ""Polymechaniker"", ""Logistikerinnen"", ""Köche""]","Coiffeusen und Coiffeure beraten Kundinnen und Kunden, schneiden und färben Haare. Kreativität und Freude am Kontakt mit Menschen sind hier wichtig.",Haare = Coiffeur/Coiffeuse.,Friseur,,ok
beruf,2,Welchen Weg wählen in der Schweiz nach der obligatorischen Schule die meisten Jugendlichen?,"[""Eine berufliche Grundbildung (Lehre)"", ""Direkt die Universität"", ""Keine Ausbildung"", ""Ein Auslandjahr""]",Rund zwei Drittel der Jugendlichen in der Schweiz machen eine Lehre. Das duale System mit Betrieb und Schule gilt international als Vorbild.,Die Lehre ist der häufigste Weg.,Berufliche Grundbildung,,ok
beruf,2,Was ist ein Lehrvertrag?,"[""Ein schriftlicher Vertrag zwischen Lernenden und Lehrbetrieb, den der Kanton genehmigt"", ""Ein mündliches Versprechen"", ""Ein Vertrag mit der Schule"", ""Ein Handyvertrag""]","Im Lehrvertrag stehen Dauer, Lohn, Ferien und Arbeitszeit. Bei Minderjährigen unterschreiben auch die Eltern. Das kantonale Berufsbildungsamt muss den Vertrag genehmigen.",Lehrvertrag = schriftlich und vom Kanton genehmigt.,Lehrvertrag,,ok
beruf,2,Was sind überbetriebliche Kurse (üK)?,"[""Kurse ausserhalb des Lehrbetriebs, in denen grundlegende Fertigkeiten geübt werden"", ""Ferienlager"", ""Sportkurse der Schule"", ""Kurse für Lehrpersonen""]","In den üK lernen alle Lernenden eines Berufs die wichtigsten Grundlagen, egal in welchem Betrieb sie arbeiten. So haben alle die gleiche Basis.",üK = gemeinsame Grundlagen.,Überbetriebliche Kurse,,ok
beruf,2,Was gehört in eine Bewerbung für eine Lehrstelle?,"[""Motivationsschreiben, Lebenslauf und Zeugnisse"", ""Nur ein Selfie"", ""Eine Liste mit Lieblingsfilmen"", ""Das Handy-Passwort""]","Im Motivationsschreiben erklärst du, warum dich der Beruf interessiert. Dazu kommen Lebenslauf, Schulzeugnisse und oft Schnupperberichte oder Testergebnisse.","Bewerbung: Brief, Lebenslauf, Zeugnisse.",Bewerbung,,ok
beruf,3,Wie heisst die Abschlussprüfung am Ende der Lehre?,"[""Qualifikationsverfahren (QV)"", ""Maturaprüfung"", ""Aufnahmeprüfung"", ""Fahrprüfung""]","Im Qualifikationsverfahren zeigen Lernende in praktischen und schulischen Prüfungen, was sie gelernt haben. Wer besteht, erhält das EFZ oder EBA.",Lehrabschluss = QV.,Qualifikationsverfahren,,ok
beruf,3,Wie viele Wochen Ferien haben Lernende bis zum 20. Geburtstag mindestens?,"[""5 Wochen"", ""2 Wochen"", ""4 Tage"", ""10 Wochen""]",Jugendliche bis zum vollendeten 20. Altersjahr haben laut Gesetz mindestens fünf Wochen Ferien pro Jahr. Erwachsene haben mindestens vier Wochen.,Bis 20: mindestens 5 Wochen Ferien.,Ferien (Arbeitsrecht),,ok
beruf,3,Welche Weiterbildung kann man nach einer Lehre ohne Matura besuchen?,"[""Eine höhere Fachschule (HF)"", ""Nur das Gymnasium"", ""Keine"", ""Nur die Primarschule""]","Höhere Fachschulen richten sich an Berufsleute mit Erfahrung, zum Beispiel in Technik, Pflege oder Wirtschaft. Dazu gibt es Berufsprüfungen und höhere Fachprüfungen. Die Lehre ist ein Startpunkt, kein Endpunkt.","Nach der Lehre: HF, Berufsprüfungen, FH.",Höhere Fachschule,,ok
beruf,3,Was ermöglicht die Passerelle nach der Berufsmaturität?,"[""Ein Studium an einer Universität oder ETH"", ""Den Lernfahrausweis"", ""Eine zweite Lehre"", ""Einen Job bei der Nationalbank""]","Mit der Berufsmaturität kommt man an die Fachhochschule. Wer an die Universität oder ETH will, kann zusätzlich die Ergänzungsprüfung Passerelle ablegen.",BM + Passerelle = Uni möglich.,Passerelle,,ok
alltag,1,Was solltest du beim Velofahren tragen?,"[""Einen Helm"", ""Eine Sonnenbrille in der Nacht"", ""Flip-Flops"", ""Nichts Besonderes""]","Ein Helm schützt bei einem Sturz den Kopf. Wichtig ist, dass er gut sitzt und der Riemen geschlossen ist.",Velo = Helm auf.,Fahrradhelm,,ok
alltag,1,Auf welcher Strassenseite fährt man in der Schweiz?,"[""Rechts"", ""Links"", ""In der Mitte"", ""Egal""]",In der Schweiz gilt Rechtsverkehr: Velos und Autos fahren auf der rechten Seite. In Grossbritannien fährt man dagegen links.,Schweiz = rechts fahren.,Rechtsverkehr,,ok
alltag,1,Wohin gehört eine leere PET-Flasche?,"[""In die PET-Sammlung"", ""In den Kompost"", ""In den Wald"", ""In den Briefkasten""]",PET-Flaschen kann man in vielen Läden zurückgeben. Aus dem Material werden neue Flaschen gemacht. So spart man Rohstoffe und Energie.,PET zurück in die Sammlung.,PET-Recycling,,ok
alltag,1,Warum wäscht man sich vor dem Essen die Hände?,"[""Um Keime zu entfernen"", ""Damit die Hände nass sind"", ""Weil Seife gut schmeckt"", ""Das ist nicht nötig""]",An den Händen sammeln sich Bakterien und Viren. Mit Wasser und Seife – etwa 20 Sekunden lang – werden die meisten entfernt. So wird man seltener krank.,Hände waschen = weniger Keime.,Händewaschen,,ok
alltag,2,Welche Nummer rufst du in der Schweiz bei einer Vergiftung an?,"[""145"", ""117"", ""1818"", ""112 nur im Ausland""]","Tox Info Suisse berät unter 145 rund um die Uhr bei Vergiftungen, zum Beispiel wenn ein Kind Putzmittel oder Tabletten geschluckt hat. Bei Bewusstlosigkeit sofort 144.",Vergiftung: 145.,Tox Info Suisse,,ok
alltag,2,"Mit welcher Nummer alarmiert man die Rega, die Schweizer Luftrettung?","[""1414"", ""144"", ""118"", ""1818""]","Die Rega fliegt mit Helikoptern und Ambulanzjets Verletzte ins Spital, etwa nach einem Unfall in den Bergen. Man erreicht sie unter 1414.",Rega: 1414.,Rega,,ok
alltag,2,Wovon sollte man laut Lebensmittelpyramide am meisten essen oder trinken?,"[""Wasser sowie Gemüse und Früchte"", ""Süssigkeiten"", ""Chips"", ""Energy-Drinks""]","Die Basis bilden ungesüsste Getränke wie Wasser, darüber folgen Gemüse und Früchte, dann Getreide. Süsses und Salziges steht zuoberst – davon wenig.","Viel Wasser, Gemüse, Früchte – wenig Süsses.",Lebensmittelpyramide,,ok
alltag,2,Warum zahlt man in vielen Gemeinden eine Gebühr für den Kehrichtsack?,"[""Wer mehr Abfall macht, soll mehr bezahlen"", ""Weil Säcke Gold enthalten"", ""Um Recycling zu verbieten"", ""Damit Abfall teurer als Essen ist""]","Mit der Sackgebühr gilt das Verursacherprinzip: Wer viel Abfall produziert, zahlt mehr. Das motiviert, Glas, Papier und PET separat zu sammeln.",Sackgebühr = Verursacherprinzip.,Sackgebühr,,ok
alltag,3,Ab welchem Alter darf man in der Schweiz den Lernfahrausweis für das Auto beantragen?,"[""Ab 17 Jahren"", ""Ab 16 Jahren"", ""Ab 18 Jahren"", ""Ab 21 Jahren""]","Seit 2021 kann man den Lernfahrausweis für Autos schon mit 17 erhalten. Wer vor 20 lernt, muss mindestens ein Jahr üben, bevor die praktische Prüfung möglich ist.",Lernfahrausweis Auto: ab 17.,Lernfahrausweis,,ok
alltag,3,Was bezahlt eine private Haftpflichtversicherung?,"[""Schäden, die du anderen Personen oder deren Sachen verursachst"", ""Deine eigenen kaputten Sachen"", ""Deine Arztkosten"", ""Deine Steuern""]","Wenn du beim Nachbarn aus Versehen das Fenster einschlägst, zahlt die Haftpflichtversicherung. Sie ist freiwillig, aber sehr verbreitet und wird oft von Vermietern verlangt.",Haftpflicht = Schaden bei anderen.,Haftpflichtversicherung,,ok
alltag,3,Was versichert die Hausratversicherung?,"[""Deine eigenen Sachen, zum Beispiel bei Feuer, Wasser oder Diebstahl"", ""Schäden an fremden Autos"", ""Deine Gesundheit"", ""Den Lohn""]","Die Hausratversicherung ersetzt Möbel, Kleider oder Elektronik, wenn sie durch Feuer, Wasser oder Einbruch beschädigt werden oder verloren gehen. Sie schützt also deine eigenen Sachen.",Hausrat = eigene Sachen.,Hausratversicherung,,ok
alltag,3,Wie lange ist die gesetzliche Kündigungsfrist für eine Wohnung mindestens?,"[""Drei Monate"", ""Eine Woche"", ""Ein Jahr"", ""Es gibt keine Frist""]",Für Wohnungen gilt eine Kündigungsfrist von mindestens drei Monaten auf die ortsüblichen Kündigungstermine. Im Mietvertrag können längere Fristen stehen. Kündigungen macht man am besten eingeschrieben.,Wohnung kündigen: mind. 3 Monate.,Mietrecht (Schweiz),,ok
alltag,3,Was musst du nach einem Umzug in eine andere Gemeinde tun?,"[""Dich bei der neuen Gemeinde anmelden, in der Regel innert 14 Tagen"", ""Nichts"", ""Nur der Post Bescheid geben"", ""Einen neuen Pass beantragen""]","Bei einem Umzug meldet man sich bei der alten Gemeinde ab und bei der neuen an, meist innert 14 Tagen. Das geht oft auch online. Die Anmeldung ist wichtig für Steuern, Abstimmungen und Versicherungen.",Umzug: innert 14 Tagen anmelden.,Einwohnerkontrolle,,ok
g_urzeit,1,Welche Tiere lebten vor Millionen Jahren und sind heute ausgestorben?,"[""Die Dinosaurier"", ""Die Hauskatzen"", ""Die Kühe"", ""Die Tauben""]","Dinosaurier beherrschten über 150 Millionen Jahre lang die Erde. Wir kennen sie heute durch Fossilien, also versteinerte Knochen und Spuren. Die Vögel stammen übrigens von Dinosauriern ab.",Dinosaurier sind ausgestorben – ihre Nachfahren sind die Vögel.,Dinosaurier,,ok
g_urzeit,1,Wo malten Menschen in der Steinzeit Bilder von Tieren?,"[""An Höhlenwände"", ""Auf Papier"", ""Auf Leinwände im Museum"", ""Auf Handys""]","Vor Zehntausenden Jahren malten Menschen Pferde, Bisons und Hirsche an Höhlenwände. Dafür nutzten sie Farben aus Erde, Kohle und Pflanzen. Diese Bilder sind die ältesten Kunstwerke der Menschheit.",Steinzeit-Kunst = Höhlenmalerei.,Höhlenmalerei,,ok
g_urzeit,1,Womit konnten Steinzeitmenschen Feuer machen?,"[""Mit Feuerstein, Schwefelkies und trockenem Zunder"", ""Mit Streichhölzern"", ""Mit einem Feuerzeug"", ""Mit Strom""]","Schlägt man Feuerstein gegen ein eisenhaltiges Gestein, entstehen Funken. Fallen sie auf trockenen Zunder, beginnt er zu glimmen. Feuer gab Wärme, Licht und Schutz und machte das Kochen möglich.",Funken + Zunder = Feuer.,Feuerstein,,ok
g_urzeit,2,Wie alt ist das Universum nach heutigem Wissen ungefähr?,"[""Rund 13,8 Milliarden Jahre"", ""Rund 6000 Jahre"", ""Rund 1 Million Jahre"", ""Es war schon immer da""]","Forschende berechnen aus Beobachtungen, dass das Universum vor etwa 13,8 Milliarden Jahren mit dem Urknall begann. Seither dehnt es sich aus.","Universum: ca. 13,8 Milliarden Jahre alt.",Urknall,,ok
g_urzeit,2,Wie alt ist die Erde ungefähr?,"[""Rund 4,6 Milliarden Jahre"", ""Rund 2000 Jahre"", ""Rund 100 Millionen Jahre"", ""Rund 50 Milliarden Jahre""]","Die Erde entstand vor etwa 4,6 Milliarden Jahren aus Staub und Gestein, das um die junge Sonne kreiste. Menschen gibt es erst seit einem winzigen Bruchteil dieser Zeit.","Erde: ca. 4,6 Milliarden Jahre alt.",Erde,,ok
g_urzeit,2,Was war nach heutigem Wissen der Hauptgrund für das Aussterben der Dinosaurier vor etwa 66 Millionen Jahren?,"[""Der Einschlag eines riesigen Asteroiden"", ""Eine Eiszeit durch den Menschen"", ""Sie wurden alle von Säbelzahntigern gefressen"", ""Sie wanderten ins Weltall aus""]","Ein Asteroid von etwa zehn Kilometern Durchmesser schlug im heutigen Mexiko ein. Staub verdunkelte den Himmel, das Klima änderte sich stark, und viele Tierarten starben aus. Menschen gab es damals noch lange nicht.",Asteroid vor 66 Mio. Jahren → Ende der Dinosaurier.,Kreide-Paläogen-Grenze,,ok
g_urzeit,2,"Wie heisst der Mann aus der Steinzeit, der 1991 im Eis der Ötztaler Alpen gefunden wurde?","[""Ötzi"", ""Heidi"", ""Tell"", ""Ötzli""]","Ötzi lebte vor über 5000 Jahren. Weil er im Gletschereis lag, blieben Körper, Kleidung und Werkzeuge erstaunlich gut erhalten. So weiss man viel über das Leben in der Jungsteinzeit.","Ötzi = Gletschermumie, über 5000 Jahre alt.",Ötzi,,ok
g_urzeit,3,Was beschreibt die Urknall-Theorie?,"[""Dass sich das Universum aus einem extrem heissen, dichten Zustand ausgedehnt hat"", ""Dass die Erde durch eine Explosion eines Vulkans entstand"", ""Dass Sterne aus der Erde herauswachsen"", ""Dass das Universum immer kleiner wird""]",Nach der Urknall-Theorie war alles Material des Universums am Anfang unvorstellbar heiss und dicht. Seither dehnt es sich aus und kühlt ab. Wichtige Hinweise darauf sind die Flucht der Galaxien und die kosmische Hintergrundstrahlung.,Urknall = Beginn der Ausdehnung des Universums.,Urknall,,ok
g_urzeit,3,Auf welchem Kontinent entstand nach heutigem Wissen der moderne Mensch (Homo sapiens)?,"[""In Afrika"", ""In Europa"", ""In Australien"", ""In Südamerika""]",Die ältesten Funde des Homo sapiens stammen aus Afrika und sind rund 300'000 Jahre alt. Von dort breiteten sich die Menschen später über die ganze Welt aus.,Wiege der Menschheit: Afrika.,Homo sapiens,,ok
g_urzeit,3,Was veränderte sich in der Jungsteinzeit grundlegend?,"[""Die Menschen wurden sesshaft und betrieben Ackerbau und Viehzucht"", ""Die Menschen erfanden das Auto"", ""Die Menschen zogen in Städte mit Hochhäusern"", ""Die Menschen hörten auf, Werkzeuge zu benutzen""]","Statt nur zu jagen und zu sammeln, pflanzten die Menschen Getreide an und hielten Tiere. Sie bauten feste Häuser und Dörfer. Diese Veränderung nennt man Neolithische Revolution.","Jungsteinzeit: sesshaft, Ackerbau, Viehzucht.",Neolithische Revolution,,ok
g_urzeit,3,"Was sind die Pfahlbauten, die man an vielen Schweizer Seen gefunden hat?","[""Reste von Dörfern aus der Stein- und Bronzezeit, heute UNESCO-Welterbe"", ""Moderne Ferienhäuser"", ""Römische Tempel"", ""Mittelalterliche Burgen""]","An Seeufern und in Mooren blieben Holzpfähle, Werkzeuge und sogar Essensreste Tausende Jahre erhalten. Die Pfahlbauten rund um die Alpen sind seit 2011 UNESCO-Welterbe – viele davon liegen in der Schweiz.",Pfahlbauten = Dörfer der Urzeit an Seen.,Prähistorische Pfahlbauten um die Alpen,,ok
g_urzeit,3,Wie sahen die ersten Lebewesen auf der Erde aus?,"[""Winzige Einzeller im Wasser"", ""Grosse Dinosaurier"", ""Affen"", ""Bäume""]","Die ersten Lebewesen entstanden vor über 3,5 Milliarden Jahren im Wasser und bestanden aus nur einer Zelle. Aus ihnen entwickelten sich über sehr lange Zeit alle Pflanzen und Tiere.",Leben begann mit Einzellern im Wasser.,Evolution,,ok
g_antike,1,Wie nannte man die Könige im alten Ägypten?,"[""Pharaonen"", ""Kaiser"", ""Ritter"", ""Häuptlinge""]","Die Pharaonen regierten das alte Ägypten und wurden wie Götter verehrt. Einer der bekanntesten ist Tutanchamun, dessen Grab voller Schätze 1922 entdeckt wurde.",Ägyptische Könige = Pharaonen.,Pharao,,ok
g_antike,1,Woher stammen die Olympischen Spiele ursprünglich?,"[""Aus dem alten Griechenland"", ""Aus der Schweiz"", ""Aus Amerika"", ""Aus China""]","Die ersten Olympischen Spiele fanden vor rund 2800 Jahren in Olympia in Griechenland statt, zu Ehren des Gottes Zeus. Die modernen Spiele gibt es seit 1896.",Olympia liegt in Griechenland.,Olympische Spiele der Antike,,ok
g_antike,2,Wie heisst die Bilderschrift der alten Ägypter?,"[""Hieroglyphen"", ""Runen"", ""Keilschrift der Römer"", ""Emojis""]",Hieroglyphen bestehen aus kleinen Bildern für Laute und Wörter. Lange konnte niemand sie lesen. Erst mit dem Stein von Rosetta wurden sie im 19. Jahrhundert entschlüsselt.,Ägyptische Schrift = Hieroglyphen.,Hieroglyphen,,ok
g_antike,2,"Was bauten die Römer, um Wasser in ihre Städte zu leiten?","[""Aquädukte"", ""Staudämme aus Beton"", ""Wasserleitungen aus Plastik"", ""Pumpwerke mit Strom""]","Aquädukte waren Wasserleitungen mit leichtem Gefälle, oft über hohe Bogenbrücken. So floss frisches Wasser über viele Kilometer zu Brunnen und Bädern.",Römer = Aquädukte.,Aquädukt,,ok
g_antike,2,In welcher Stadt der Antike entstand eine frühe Form der Demokratie?,"[""Athen"", ""Rom"", ""Kairo"", ""Babylon""]","Im alten Athen durften freie Männer in der Volksversammlung mitentscheiden. Frauen, Sklaven und Fremde waren aber ausgeschlossen. Das Wort Demokratie bedeutet «Herrschaft des Volkes».",Demokratie begann in Athen.,Attische Demokratie,,ok
g_antike,2,Welcher Vulkan begrub im Jahr 79 die römische Stadt Pompeji?,"[""Der Vesuv"", ""Der Ätna"", ""Der Stromboli"", ""Der Fuji""]","Beim Ausbruch des Vesuvs wurde Pompeji unter Asche begraben. Dadurch blieb die Stadt erhalten – heute kann man dort Strassen, Häuser und Wandbilder besichtigen.",Vesuv verschüttete Pompeji.,Pompeji,,ok
g_antike,3,Wer war Julius Cäsar?,"[""Ein römischer Feldherr und Politiker, der 44 v. Chr. ermordet wurde"", ""Ein griechischer Philosoph"", ""Ein ägyptischer Pharao"", ""Ein Ritter im Mittelalter""]","Cäsar eroberte Gallien und wurde zum mächtigsten Mann Roms. Weil viele fürchteten, er wolle König werden, wurde er an den Iden des März 44 v. Chr. ermordet.","Cäsar: Feldherr, 44 v. Chr. ermordet.",Gaius Iulius Caesar,,ok
g_antike,3,Welches keltische Volk lebte im Gebiet der heutigen Schweiz und wurde 58 v. Chr. von Cäsar besiegt?,"[""Die Helvetier"", ""Die Wikinger"", ""Die Hunnen"", ""Die Azteken""]","Die Helvetier wollten nach Gallien auswandern, wurden aber von Cäsar bei Bibracte besiegt und mussten zurückkehren. Von ihrem Namen kommt «Helvetia» und das «CH» für Confoederatio Helvetica.",Helvetier → Helvetia → CH.,Helvetier,,ok
g_antike,3,Wann endete das Weströmische Reich nach üblicher Zählung?,"[""476 n. Chr."", ""44 v. Chr."", ""1492"", ""1291""]",476 wurde der letzte weströmische Kaiser abgesetzt. Das gilt als Ende der Antike im Westen. Das Oströmische Reich mit Hauptstadt Konstantinopel bestand noch fast 1000 Jahre weiter.,476: Ende Westroms.,Weströmisches Reich,,ok
g_antike,3,"Was verbindet Sokrates, Platon und Aristoteles?","[""Sie waren berühmte Philosophen im antiken Griechenland"", ""Sie waren römische Kaiser"", ""Sie waren ägyptische Baumeister"", ""Sie waren Olympiasieger""]","Die drei Denker lebten vor etwa 2400 Jahren in Griechenland. Sie fragten zum Beispiel, was Gerechtigkeit ist und wie man gut lebt. Ihre Ideen prägen das Denken bis heute.","Sokrates, Platon, Aristoteles = griechische Philosophen.",Antike Philosophie,,ok
g_mittelalter,1,Wer lebte im Mittelalter in einem Kloster?,"[""Mönche und Nonnen"", ""Ritter und Könige"", ""Piraten"", ""Bauarbeiter""]","In Klöstern lebten Mönche oder Nonnen nach festen Regeln. Sie beteten, arbeiteten und schrieben Bücher von Hand ab. So bewahrten sie viel Wissen.",Kloster = Mönche und Nonnen.,Kloster,,ok
g_mittelalter,2,Welche Krankheit tötete um 1350 einen grossen Teil der Menschen in Europa?,"[""Die Pest"", ""Die Grippe"", ""Die Masern"", ""Der Schnupfen""]","Die Pest, auch Schwarzer Tod genannt, wurde durch Bakterien übertragen, oft über Flöhe von Ratten. Schätzungen zufolge starb etwa ein Drittel der Bevölkerung Europas.",Um 1350: Pest in Europa.,Schwarzer Tod,,ok
g_mittelalter,2,Welcher Frankenkönig wurde im Jahr 800 zum Kaiser gekrönt?,"[""Karl der Grosse"", ""Julius Cäsar"", ""Napoleon"", ""Wilhelm Tell""]","Karl der Grosse herrschte über ein riesiges Reich, zu dem auch Teile der heutigen Schweiz gehörten. Er förderte Schulen und Klöster. Der Sage nach gründete er das Grossmünster in Zürich.",Jahr 800: Karl der Grosse wird Kaiser.,Karl der Große,,ok
g_mittelalter,2,Wessen Expedition umsegelte als erste die ganze Welt?,"[""Die Expedition von Ferdinand Magellan"", ""Die von Christoph Kolumbus"", ""Die der Wikinger"", ""Die von Marco Polo""]","Magellan brach 1519 mit fünf Schiffen auf. Er selbst starb unterwegs, aber ein Schiff kam 1522 unter Juan Sebastián Elcano zurück. Damit war bewiesen, dass man die Erde umrunden kann.",1519–1522: erste Weltumsegelung.,Ferdinand Magellan,,ok
g_mittelalter,3,Was war die Hanse?,"[""Ein Bund von Kaufleuten und Handelsstädten in Nordeuropa"", ""Ein Ritterorden"", ""Eine Krankheit"", ""Ein Königreich in Spanien""]","Die Hanse verband im Mittelalter Städte wie Lübeck, Hamburg und Bergen. Gemeinsam schützten sie ihren Handel über Nord- und Ostsee und wurden sehr reich.",Hanse = Handelsbund im Norden.,Hanse,,ok
g_mittelalter,3,Was waren die Kreuzzüge?,"[""Religiös begründete Kriegszüge christlicher Heere, vor allem ins Heilige Land"", ""Friedliche Pilgerwanderungen in die Schweiz"", ""Handelsreisen nach China"", ""Entdeckungsfahrten nach Amerika""]","Ab 1096 zogen christliche Heere Richtung Jerusalem, um das «Heilige Land» zu erobern. Die Kreuzzüge brachten viel Leid, aber auch Kontakt mit der arabischen Welt und ihrem Wissen.",Kreuzzüge: ab 1096 ins Heilige Land.,Kreuzzug,,ok
g_mittelalter,3,Welcher Künstler der Renaissance malte die Mona Lisa?,"[""Leonardo da Vinci"", ""Pablo Picasso"", ""Vincent van Gogh"", ""Albrecht Dürer""]","Leonardo da Vinci war Maler, Erfinder und Forscher. In der Renaissance ab dem 15. Jahrhundert besannen sich Künstler und Gelehrte neu auf die Antike und stellten den Menschen in den Mittelpunkt.",Mona Lisa = Leonardo da Vinci.,Renaissance,,ok
g_mittelalter,3,Welches neue Weltbild beschrieb Nikolaus Kopernikus?,"[""Die Sonne steht im Zentrum, und die Erde kreist um sie"", ""Die Erde ist eine Scheibe"", ""Die Sonne kreist um die Erde"", ""Die Sterne sind Löcher im Himmel""]","Früher glaubte man, die Erde stehe im Mittelpunkt. Kopernikus zeigte 1543, dass sich die Planeten mit Hilfe eines sonnenzentrierten Modells besser erklären lassen. Das veränderte das Denken grundlegend.",Kopernikus: Sonne im Zentrum.,Nikolaus Kopernikus,,ok
g_neuzeit,1,Was gab es vor 100 Jahren noch nicht?,"[""Smartphones"", ""Brot"", ""Häuser"", ""Pferde""]",Smartphones gibt es erst seit etwa 20 Jahren. Vor 100 Jahren hatten viele Familien noch nicht einmal ein Telefon zu Hause.,Smartphones sind sehr neu.,Smartphone,,ok
g_neuzeit,2,In welchem Jahr begann die Französische Revolution?,"[""1789"", ""1492"", ""1914"", ""1848""]","1789 stürmten Menschen in Paris die Bastille, ein Gefängnis. Die Revolution forderte Freiheit, Gleichheit und Brüderlichkeit und veränderte ganz Europa, auch die Schweiz.",1789: Französische Revolution.,Französische Revolution,,ok
g_neuzeit,2,In welchem Jahr begann der Erste Weltkrieg?,"[""1914"", ""1939"", ""1789"", ""1968""]","Der Erste Weltkrieg dauerte von 1914 bis 1918. Neue Waffen machten ihn besonders zerstörerisch. Die Schweiz blieb neutral, litt aber unter Hunger und Not.",Erster Weltkrieg: 1914–1918.,Erster Weltkrieg,,ok
g_neuzeit,2,"Welche Organisation wurde 1945 gegründet, um den Frieden in der Welt zu sichern?","[""Die UNO (Vereinte Nationen)"", ""Die FIFA"", ""Die EU"", ""Die NATO""]",Nach dem Zweiten Weltkrieg gründeten 51 Staaten die Vereinten Nationen. Heute sind fast alle Länder der Welt Mitglied. Ein wichtiger Sitz der UNO ist Genf.,1945: Gründung der UNO.,Vereinte Nationen,,ok
g_neuzeit,3,Wann erklärten die USA ihre Unabhängigkeit von Grossbritannien?,"[""1776"", ""1492"", ""1848"", ""1918""]",Am 4. Juli 1776 erklärten 13 amerikanische Kolonien ihre Unabhängigkeit. Darum ist der 4. Juli in den USA Nationalfeiertag.,4. Juli 1776: Unabhängigkeit der USA.,Unabhängigkeitserklärung der Vereinigten Staaten,,ok
g_neuzeit,3,Was war der Kalte Krieg?,"[""Ein jahrzehntelanger Konflikt zwischen den USA und der Sowjetunion ohne direkten Krieg zwischen beiden"", ""Ein Krieg in der Arktis"", ""Ein Krieg im Winter 1914"", ""Ein Streit zwischen zwei Kantonen""]","Nach 1945 standen sich der Westen unter Führung der USA und der Osten unter der Sowjetunion gegenüber. Sie rüsteten auf, kämpften aber nicht direkt gegeneinander. Mit dem Fall der Berliner Mauer ging der Kalte Krieg zu Ende.","Kalter Krieg: USA gegen Sowjetunion, 1947–1991.",Kalter Krieg,,ok
g_neuzeit,3,Wo wurde das World Wide Web erfunden?,"[""Am CERN bei Genf"", ""Im Silicon Valley"", ""In Tokio"", ""An der Universität Oxford""]","Der britische Forscher Tim Berners-Lee entwickelte das Web 1989 am CERN, dem Forschungszentrum bei Genf. Es sollte Forschenden helfen, Informationen auszutauschen – heute nutzt es fast die ganze Welt.",Das Web entstand 1989 am CERN.,World Wide Web,,ok
g_neuzeit,3,Wofür kämpfte Martin Luther King in den USA?,"[""Für gleiche Rechte für Schwarze – gewaltfrei"", ""Für die Unabhängigkeit der USA"", ""Für die Mondlandung"", ""Für die Reformation""]",Martin Luther King setzte sich in den 1950er- und 1960er-Jahren gewaltfrei gegen Rassentrennung ein. Seine Rede «I have a dream» ist weltberühmt. 1964 erhielt er den Friedensnobelpreis.,MLK: gewaltfrei für Gleichberechtigung.,Martin Luther King,,ok
g_neuzeit,3,Wer war Nelson Mandela?,"[""Ein Kämpfer gegen die Apartheid und später erster schwarzer Präsident Südafrikas"", ""Ein amerikanischer Astronaut"", ""Ein Schweizer Bundesrat"", ""Ein römischer Kaiser""]","Mandela war 27 Jahre im Gefängnis, weil er gegen die Rassentrennung in Südafrika kämpfte. 1994 wurde er zum Präsidenten gewählt und setzte sich für Versöhnung ein.","Mandela: gegen Apartheid, Präsident 1994.",Nelson Mandela,,ok
ch_geschichte,1,Welche drei Orte gelten als Gründer der Eidgenossenschaft?,"[""Uri, Schwyz und Unterwalden"", ""Zürich, Bern und Basel"", ""Genf, Waadt und Wallis"", ""Tessin, Graubünden und Glarus""]","Die drei «Urkantone» schlossen sich laut Überlieferung 1291 zusammen, um sich gegenseitig zu helfen. Unterwalden ist heute in Obwalden und Nidwalden geteilt.","Urkantone: Uri, Schwyz, Unterwalden.",Urkantone,,ok
ch_geschichte,1,Auf welcher Wiese am Vierwaldstättersee soll der Rütlischwur stattgefunden haben?,"[""Auf dem Rütli"", ""Auf dem Bundesplatz"", ""Auf dem Gotthard"", ""Auf der Rigi""]","Laut der Sage schworen sich Vertreter der Urkantone auf dem Rütli ewige Treue. Die Wiese ist heute ein Symbol der Schweiz, und am 1. August finden dort Feiern statt.",Rütli = Symbolort der Eidgenossenschaft.,Rütlischwur,,ok
ch_geschichte,2,Welche Schlacht gewannen die Eidgenossen 1315 gegen ein habsburgisches Heer?,"[""Die Schlacht am Morgarten"", ""Die Schlacht bei Marignano"", ""Die Schlacht bei Waterloo"", ""Die Schlacht bei Hastings""]",Am Morgarten überraschten Schwyzer ein habsburgisches Ritterheer an einem engen Weg zwischen Berg und See. Der Sieg stärkte den Bund der Eidgenossen.,1315: Sieg am Morgarten.,Schlacht am Morgarten,,ok
ch_geschichte,2,Was geschah 1798 mit der Alten Eidgenossenschaft?,"[""Französische Truppen marschierten ein, und die Helvetische Republik wurde ausgerufen"", ""Sie trat der EU bei"", ""Sie wurde ein Königreich"", ""Sie gewann die Fussball-WM""]","1798 besetzte das revolutionäre Frankreich die Schweiz. Die alte Ordnung mit Untertanengebieten wurde abgeschafft und ein Einheitsstaat, die Helvetische Republik, gegründet. Sie hielt nur wenige Jahre.",1798: Helvetische Republik.,Helvetische Republik,,ok
ch_geschichte,2,Wann wurde die Neutralität der Schweiz von den europäischen Grossmächten anerkannt?,"[""1815 im Rahmen des Wiener Kongresses"", ""1291"", ""1971"", ""2002""]",Nach dem Ende der Napoleonischen Kriege anerkannten die Grossmächte 1815 die dauernde Neutralität der Schweiz. Auch die heutigen Grenzen stammen weitgehend aus dieser Zeit.,1815: Neutralität anerkannt.,Neutralität der Schweiz,,ok
ch_geschichte,3,Was war der Landesstreik von 1918?,"[""Ein landesweiter Generalstreik von Arbeiterinnen und Arbeitern für bessere Lebensbedingungen"", ""Ein Streik der Bauern gegen Kühe"", ""Ein Streik der Banken"", ""Ein Krieg gegen Frankreich""]","Im November 1918 legten rund 250'000 Menschen die Arbeit nieder. Sie forderten unter anderem die 48-Stunden-Woche, eine Altersversicherung und das Frauenstimmrecht. Der Streik wurde vom Militär beendet, doch viele Forderungen wurden später umgesetzt.",1918: Landesstreik – viele Forderungen später erfüllt.,Landesstreik,,ok
ch_geschichte,3,Wer war General Henri Guisan?,"[""Der Oberbefehlshaber der Schweizer Armee im Zweiten Weltkrieg"", ""Der erste Bundespräsident"", ""Der Gründer des Roten Kreuzes"", ""Ein Reformator in Genf""]","Henri Guisan führte die Armee von 1939 bis 1945. Bekannt ist sein «Rütlirapport» 1940, bei dem er den Widerstandswillen der Schweiz betonte. Dazu gehörte der Plan, sich im Alpen-Réduit zu verteidigen.",Guisan: General im Zweiten Weltkrieg.,Henri Guisan,,ok
ch_geschichte,3,Was war das Réduit im Zweiten Weltkrieg?,"[""Ein Verteidigungsplan, bei dem sich die Armee in die Alpen zurückziehen sollte"", ""Ein Luxushotel"", ""Ein Friedensvertrag"", ""Eine Bank""]",Bei einem Angriff sollte die Armee das Mittelland nur verzögern und sich in eine stark befestigte Alpenfestung zurückziehen. So sollte ein Angriff auf die Schweiz möglichst teuer werden.,Réduit = Alpenfestung.,Réduit,,ok
ch_geschichte,3,In welchem Jahr trat die Schweiz der UNO bei?,"[""2002"", ""1945"", ""1971"", ""1848""]","Obwohl Genf seit Langem ein wichtiger UNO-Standort ist, wurde die Schweiz erst 2002 nach einer Volksabstimmung Mitglied. Sie war eines der letzten Länder, die beitraten.",UNO-Beitritt: 2002.,Schweiz in den Vereinten Nationen,,ok
ch_geschichte,3,"In welchem Jahr wurde der Gotthard-Basistunnel eröffnet, der längste Eisenbahntunnel der Welt?","[""2016"", ""1882"", ""1980"", ""2030""]",Der Gotthard-Basistunnel ist rund 57 Kilometer lang und wurde 2016 eröffnet. Güter und Personen können seither schneller und flacher durch die Alpen reisen. Der erste Gotthard-Eisenbahntunnel stammt von 1882.,"Gotthard-Basistunnel: 2016, 57 km.",Gotthard-Basistunnel,,ok
kt_ZH,1,Welcher Schneemann wird am Zürcher Sechseläuten verbrannt?,"[""Der Böögg"", ""Der Samichlaus"", ""Der Schmutzli"", ""Der Grittibänz""]","Am Sechseläuten im Frühling ziehen die Zünfte durch Zürich. Zum Schluss wird der Böögg auf einem Scheiterhaufen angezündet. Je schneller sein Kopf explodiert, desto schöner soll der Sommer werden.",Sechseläuten: Der Böögg brennt.,Sechseläuten,,ok
kt_ZH,2,Wie hiess Zürich zur Römerzeit?,"[""Turicum"", ""Aventicum"", ""Vindonissa"", ""Salodurum""]",Die Römer hatten am Ausfluss der Limmat aus dem Zürichsee eine Zollstation namens Turicum. Daraus entstand der Name Zürich.,Zürich = römisch Turicum.,Zürich,,ok
kt_ZH,2,In welchem Jahr trat Zürich der Eidgenossenschaft bei?,"[""1351"", ""1291"", ""1803"", ""1848""]",Zürich schloss 1351 einen Bund mit den Waldstätten und Luzern. Damit bekam die Eidgenossenschaft eine bedeutende Handelsstadt.,Zürich: seit 1351 dabei.,Kanton Zürich,,ok
kt_ZH,3,Welche Hochschule wurde 1855 in Zürich als Eidgenössisches Polytechnikum gegründet?,"[""Die ETH Zürich"", ""Die Universität Basel"", ""Die HSG"", ""Die EPFL""]","Die ETH wurde vom Bund gegründet, um Ingenieure und Naturwissenschaftler auszubilden. Viele Nobelpreisträger haben dort studiert oder gelehrt, darunter Albert Einstein.",ETH Zürich: seit 1855.,ETH Zürich,,ok
kt_BE,1,Welches Tier ist das Wappentier von Bern?,"[""Der Bär"", ""Der Löwe"", ""Der Adler"", ""Der Steinbock""]",Der Bär ist seit Jahrhunderten das Symbol von Bern. Im Bärenpark an der Aare kann man bis heute lebende Bären sehen.,Bern = Bär.,Bern,,ok
kt_BE,2,Welches Adelsgeschlecht gründete 1191 die Stadt Bern?,"[""Die Zähringer"", ""Die Habsburger"", ""Die Medici"", ""Die Kyburger""]",Herzog Berchtold V. von Zähringen gründete Bern auf einer Halbinsel in einer Aareschlaufe. Die Zähringer gründeten auch Freiburg im Üechtland.,Bern: Gründung 1191 durch die Zähringer.,Zähringer,,ok
kt_BE,3,Welcher berühmte Physiker entwickelte 1905 in Bern seine spezielle Relativitätstheorie?,"[""Albert Einstein"", ""Isaac Newton"", ""Marie Curie"", ""Galileo Galilei""]",Einstein arbeitete damals als Experte im Eidgenössischen Patentamt in Bern. Im Jahr 1905 veröffentlichte er mehrere bahnbrechende Arbeiten. Seine Wohnung in der Berner Altstadt ist heute ein Museum.,Einstein: 1905 in Bern.,Albert Einstein,,ok
kt_BE,3,In welchem Jahr trat Bern der Eidgenossenschaft bei?,"[""1353"", ""1291"", ""1481"", ""1815""]",Bern verbündete sich 1353 mit den Waldstätten. Später wurde es zum mächtigsten Stadtstaat der Eidgenossenschaft und beherrschte lange auch die Waadt und den Aargau.,Bern: seit 1353 dabei.,Kanton Bern,,ok
kt_LU,1,Welche berühmte überdachte Holzbrücke steht in Luzern?,"[""Die Kapellbrücke"", ""Die Teufelsbrücke"", ""Die Golden Gate Bridge"", ""Die Rialtobrücke""]",Die Kapellbrücke stammt aus dem 14. Jahrhundert und gehört zu den ältesten Holzbrücken Europas. 1993 brannte sie teilweise ab und wurde wieder aufgebaut. Daneben steht der Wasserturm.,Luzern = Kapellbrücke.,Kapellbrücke,,ok
kt_LU,2,Woran erinnert das Löwendenkmal in Luzern?,"[""An Schweizer Gardisten, die 1792 in Paris ums Leben kamen"", ""An einen entlaufenen Zoolöwen"", ""An die Gründung der Stadt"", ""An den Bau der Eisenbahn""]","Der sterbende Löwe im Fels erinnert an Schweizer Söldner, die 1792 beim Sturm auf die Tuilerien in Paris den französischen König verteidigten. Viele Schweizer dienten damals in fremden Armeen.",Löwendenkmal: Schweizergarde 1792.,Löwendenkmal,,ok
kt_LU,2,Welche Schlacht fand 1386 im heutigen Kanton Luzern statt?,"[""Die Schlacht bei Sempach"", ""Die Schlacht am Morgarten"", ""Die Schlacht bei Murten"", ""Die Schlacht bei Marignano""]",Bei Sempach besiegten die Eidgenossen 1386 ein habsburgisches Heer. Herzog Leopold III. von Österreich fiel dabei. Mit dieser Schlacht ist die Sage von Winkelried verbunden.,1386: Sempach.,Schlacht bei Sempach,,ok
kt_LU,3,Als erste Stadt schloss sich Luzern den Waldstätten an. In welchem Jahr?,"[""1332"", ""1291"", ""1415"", ""1798""]","1332 verbündete sich Luzern mit Uri, Schwyz und Unterwalden. Damit trat erstmals eine Stadt dem Bund bei.",Luzern: 1332 als erste Stadt.,Kanton Luzern,,ok
kt_UR,1,In welchem Urner Ort steht das berühmte Telldenkmal?,"[""In Altdorf"", ""In Zürich"", ""In Genf"", ""In Chur""]",Das Telldenkmal in Altdorf zeigt Wilhelm Tell mit Armbrust und seinem Sohn Walter. Laut Sage schoss Tell in Altdorf den Apfel.,Telldenkmal = Altdorf.,Telldenkmal,,ok
kt_UR,2,Um welche Brücke in der Schöllenenschlucht rankt sich eine Sage mit dem Teufel?,"[""Die Teufelsbrücke"", ""Die Kapellbrücke"", ""Die Kornhausbrücke"", ""Die Tower Bridge""]","Laut Sage baute der Teufel die Brücke über die Reuss und verlangte die erste Seele, die sie überquert. Die Urner schickten einen Ziegenbock. Die Brücke machte den Gotthardweg erst richtig passierbar.",Teufelsbrücke: der Teufel bekam einen Geissbock.,Teufelsbrücke (Schöllenen),,ok
kt_UR,3,Welcher bedeutende Alpenpass verbindet Uri mit dem Tessin?,"[""Der Gotthardpass"", ""Der Grosse St. Bernhard"", ""Der Simplon"", ""Der Julier""]",Seit dem Mittelalter ist der Gotthard eine der wichtigsten Nord-Süd-Verbindungen Europas. Der Handel über den Pass machte Uri bedeutend. Heute führen auch Strassen- und Bahntunnel darunter hindurch.,Uri = Tor zum Gotthard.,Gotthardpass,,ok
kt_SZ,1,Welcher Kanton gab der ganzen Schweiz ihren Namen?,"[""Schwyz"", ""Zürich"", ""Bern"", ""Uri""]","Nach den Schwyzern, die in vielen Schlachten auffielen, wurden bald alle Eidgenossen «Schwyzer» genannt. Daraus wurde der Name Schweiz.",Schwyz → Schweiz.,Kanton Schwyz,,ok
kt_SZ,2,Wo wird der Bundesbrief von 1291 aufbewahrt?,"[""Im Bundesbriefmuseum in Schwyz"", ""Im Bundeshaus in Bern"", ""Im Landesmuseum in Paris"", ""Im Vatikan""]","Der Bundesbrief ist eine Urkunde auf Latein, in der sich Uri, Schwyz und Unterwalden gegenseitige Hilfe versprechen. Das Original liegt im Bundesbriefmuseum in Schwyz.",Bundesbrief: Museum in Schwyz.,Bundesbrief,,ok
kt_SZ,3,Woraus hat sich die Schweizer Fahne entwickelt?,"[""Aus dem Banner von Schwyz, einem roten Tuch mit kleinem weissem Kreuz"", ""Aus der Fahne Frankreichs"", ""Aus der Fahne des Roten Kreuzes"", ""Aus einem Wettbewerb im Jahr 2000""]","Die Schwyzer führten ein rotes Banner, später mit einem kleinen weissen Kreuz. Eidgenössische Truppen übernahmen das Kreuz als gemeinsames Zeichen. Offizielle Landesfahne wurde es im 19. Jahrhundert.",Schweizer Kreuz kommt von Schwyz.,Flagge der Schweiz,,ok
kt_OW,1,Zu welchem Urkanton gehörten Obwalden und Nidwalden gemeinsam?,"[""Unterwalden"", ""Uri"", ""Schwyz"", ""Luzern""]","Obwalden und Nidwalden bildeten zusammen Unterwalden, einen der drei Urkantone. Sie wurden aber schon früh getrennt verwaltet.",Obwalden + Nidwalden = Unterwalden.,Unterwalden,,ok
kt_OW,2,"Welcher Einsiedler aus Obwalden half 1481, einen gefährlichen Streit zwischen den Eidgenossen zu schlichten?","[""Niklaus von Flüe"", ""Wilhelm Tell"", ""Huldrych Zwingli"", ""Arnold Winkelried""]","Niklaus von Flüe lebte als Einsiedler im Ranft. Sein Rat trug 1481 zum Stanser Verkommnis bei, einer Einigung, die einen Bruch der Eidgenossenschaft verhinderte. Er ist Schutzpatron der Schweiz.",Bruder Klaus: Friedensstifter 1481.,Niklaus von Flüe,,ok
kt_OW,3,Welche Handschrift im Staatsarchiv in Sarnen enthält eine der frühesten Erzählungen der Tellsage?,"[""Das Weisse Buch von Sarnen"", ""Der Bundesbrief"", ""Die Bibel von Gutenberg"", ""Das Nibelungenlied""]","Das Weisse Buch wurde um 1470 geschrieben. Es erzählt von der Befreiung der Waldstätte und von Wilhelm Tell. Historiker halten es für eine Sammlung von Überlieferungen, nicht für einen genauen Bericht.",Weisses Buch: frühe Tellsage.,Weisses Buch von Sarnen,,ok
kt_NW,1,Welcher Sagenheld aus Nidwalden soll bei Sempach die Speere der Feinde gepackt haben?,"[""Arnold Winkelried"", ""Wilhelm Tell"", ""Niklaus von Flüe"", ""Henri Guisan""]","Laut Sage öffnete Winkelried in der Schlacht bei Sempach eine Lücke in den feindlichen Reihen, indem er viele Speere auf sich zog. Ob er wirklich gelebt hat, ist nicht sicher. In Stans steht ein Denkmal für ihn.",Winkelried: Held von Sempach (Sage).,Arnold Winkelried,,ok
kt_NW,2,Wie heisst der Hauptort von Nidwalden?,"[""Stans"", ""Sarnen"", ""Altdorf"", ""Schwyz""]",Stans ist der Hauptort von Nidwalden. Dort wurde 1481 das Stanser Verkommnis geschlossen. Sarnen ist der Hauptort von Obwalden.,Nidwalden: Stans. Obwalden: Sarnen.,Stans,,ok
kt_NW,3,Was geschah 1798 in Nidwalden?,"[""Nidwalden wehrte sich gegen die Helvetische Republik, und französische Truppen richteten grosse Zerstörung an"", ""Nidwalden wurde ein eigenes Land"", ""Nidwalden trat Österreich bei"", ""Nidwalden baute die erste Eisenbahn""]","Nidwalden lehnte die neue Verfassung der Helvetischen Republik ab. Im September 1798 griffen französische Truppen an. Viele Menschen starben, und Dörfer wurden niedergebrannt. Man spricht von den «Schreckenstagen».",1798: Schreckenstage in Nidwalden.,Franzoseneinfall,,ok
kt_GL,1,Welcher Heilige ist auf der Glarner Fahne abgebildet?,"[""Der heilige Fridolin"", ""Der heilige Gallus"", ""Der heilige Nikolaus"", ""Der heilige Georg""]","Glarus ist der einzige Kanton, dessen Wappen eine Person zeigt: den heiligen Fridolin als Wanderer mit Stab und Bibel. Er soll im Frühmittelalter das Christentum in die Gegend gebracht haben.",Glarus-Wappen: Fridolin.,Fridolin von Säckingen,,ok
kt_GL,2,An welche Schlacht erinnert die jährliche Näfelser Fahrt?,"[""An die Schlacht bei Näfels von 1388"", ""An die Schlacht bei Marignano"", ""An die Schlacht bei Murten"", ""An die Schlacht am Morgarten""]","1388 besiegten die Glarner bei Näfels ein habsburgisches Heer. Seither erinnern sie jedes Jahr im April mit einer Wallfahrt, der Näfelser Fahrt, an diesen Sieg.",Näfelser Fahrt: Sieg von 1388.,Schlacht bei Näfels,,ok
kt_GL,3,Was macht Glarus politisch besonders?,"[""Die Landsgemeinde und das Stimmrechtsalter 16 für kantonale Fragen"", ""Glarus hat keinen Regierungsrat"", ""In Glarus gibt es keine Gemeinden"", ""Glarus gehört nicht zur Schweiz""]",In Glarus entscheiden die Stimmberechtigten an der Landsgemeinde unter freiem Himmel. Seit 2007 dürfen dort schon 16-Jährige bei kantonalen und kommunalen Fragen abstimmen – als erster Kanton der Schweiz.,Glarus: Landsgemeinde und Stimmrecht ab 16.,Kanton Glarus,,ok
kt_ZG,1,Welche süsse Spezialität ist nach Zug benannt?,"[""Die Zuger Kirschtorte"", ""Die Basler Läckerli"", ""Die Engadiner Nusstorte"", ""Die Luzerner Chügelipastete""]","Die Zuger Kirschtorte besteht aus Biskuit, Buttercreme und Japonais-Böden und wird mit Kirsch getränkt. Rund um Zug wachsen seit Langem viele Kirschbäume.",Zug = Kirschtorte.,Zuger Kirschtorte,,ok
kt_ZG,2,In welchem Jahr trat Zug der Eidgenossenschaft bei?,"[""1352"", ""1291"", ""1803"", ""1979""]","Zug wurde 1352 in den Bund aufgenommen, im gleichen Jahr wie Glarus. Ein Jahr später folgte Bern.",Zug: 1352.,Kanton Zug,,ok
kt_ZG,3,Was geschah 1887 bei der Zuger Vorstadtkatastrophe?,"[""Ein Teil der Stadt rutschte in den Zugersee"", ""Ein Vulkan brach aus"", ""Ein Erdbeben zerstörte die ganze Stadt"", ""Ein Stausee lief aus""]","Am 5. Juli 1887 gab das Ufer nach, und Häuser der Vorstadt versanken im Zugersee. Elf Menschen kamen ums Leben. Danach wurde die Uferzone neu gestaltet.",1887: Vorstadt versinkt im Zugersee.,Zuger Vorstadtkatastrophe,,ok
kt_FR,1,Welche beiden Sprachen spricht man im Kanton Freiburg?,"[""Französisch und Deutsch"", ""Italienisch und Rätoromanisch"", ""Englisch und Deutsch"", ""Nur Deutsch""]","Freiburg liegt an der Sprachgrenze. Die Mehrheit spricht Französisch, ein Teil Deutsch. Die Stadt heisst auf Französisch Fribourg.",Freiburg: zweisprachig.,Kanton Freiburg,,ok
kt_FR,2,Gegen wen kämpften die Eidgenossen 1476 in der Schlacht bei Murten?,"[""Gegen Karl den Kühnen, Herzog von Burgund"", ""Gegen Napoleon"", ""Gegen die Römer"", ""Gegen die Wikinger""]",In den Burgunderkriegen besiegten die Eidgenossen den mächtigen Herzog Karl den Kühnen bei Grandson und Murten. Der Sieg brachte grosse Beute und Ansehen in Europa.,1476 Murten: Sieg über Burgund.,Schlacht bei Murten,,ok
kt_FR,3,Mit welchem Kanton trat Freiburg 1481 gemeinsam der Eidgenossenschaft bei?,"[""Mit Solothurn"", ""Mit Genf"", ""Mit Basel"", ""Mit dem Tessin""]",Nach langem Streit einigten sich die Orte 1481 im Stanser Verkommnis. Dabei wurden die Städte Freiburg und Solothurn aufgenommen.,1481: Freiburg und Solothurn.,Stanser Verkommnis,,ok
kt_SO,1,Welche Zahl spielt in Solothurn eine besondere Rolle?,"[""Die Zahl 11"", ""Die Zahl 7"", ""Die Zahl 100"", ""Die Zahl 3""]","Solothurn wurde als elfter Ort in die Eidgenossenschaft aufgenommen. Seither taucht die 11 überall auf: Es gibt 11 Kirchen und Kapellen, 11 Brunnen, und die Kathedrale hat 11 Glocken. Es gibt sogar eine Uhr mit nur 11 Stunden.",Solothurn liebt die 11.,Solothurn,,ok
kt_SO,2,Wie hiess Solothurn zur Römerzeit?,"[""Salodurum"", ""Turicum"", ""Genava"", ""Basilia""]",Solothurn gehört zu den ältesten Städten der Schweiz. Die Römer nannten die Siedlung an der Aare Salodurum.,Solothurn = römisch Salodurum.,Solothurn,,ok
kt_SO,3,Warum nennt man Solothurn «Ambassadorenstadt»?,"[""Weil von 1530 bis 1792 der französische Botschafter bei den Eidgenossen dort residierte"", ""Weil dort alle Botschaften der Welt stehen"", ""Weil dort die UNO sitzt"", ""Weil der Bundesrat dort wohnt""]",Die französischen Botschafter lebten über 250 Jahre lang in Solothurn. Das brachte Geld und französische Lebensart in die Stadt. Viele barocke Bauten stammen aus dieser Zeit.,Ambassadorenstadt = Sitz des französischen Botschafters.,Ambassadorenstadt,,ok
kt_BS,1,Welches grosse Fest beginnt in Basel mit dem Morgestraich um 4 Uhr früh?,"[""Die Basler Fasnacht"", ""Das Sechseläuten"", ""Die Escalade"", ""Der Zibelemärit""]","Beim Morgestraich wird um 4 Uhr morgens das Licht in der Stadt gelöscht, und Cliquen ziehen mit Laternen, Piccolos und Trommeln los. Die Basler Fasnacht ist UNESCO-Kulturerbe.",Basel: Fasnacht mit Morgestraich.,Basler Fasnacht,,ok
kt_BS,2,Welche ist die älteste Universität der Schweiz?,"[""Die Universität Basel, gegründet 1460"", ""Die ETH Zürich"", ""Die Universität Bern"", ""Die Universität Genf""]","Die Universität Basel wurde 1460 gegründet. Berühmte Gelehrte wie Erasmus von Rotterdam wirkten in Basel, das auch ein Zentrum des Buchdrucks war.","Älteste Uni: Basel, 1460.",Universität Basel,,ok
kt_BS,2,In welchem Jahr trat Basel der Eidgenossenschaft bei?,"[""1501"", ""1291"", ""1848"", ""1353""]","Basel wurde 1501 aufgenommen, im gleichen Jahr wie Schaffhausen. Als Handelsstadt am Rhein war es ein wichtiger Partner.",Basel: 1501.,Kanton Basel-Stadt,,ok
kt_BS,3,Warum gibt es heute zwei Basler Kantone?,"[""Nach Konflikten zwischen Stadt und Landschaft wurde der Kanton 1833 geteilt"", ""Weil der Rhein Basel in zwei Hälften teilt"", ""Weil Basel zwei Sprachen hat"", ""Weil der Bund es 1999 so entschied""]",Die Landbevölkerung forderte mehr Mitsprache gegenüber der Stadt. Nach Unruhen und Kämpfen wurde der Kanton 1833 in Basel-Stadt und Basel-Landschaft getrennt.,1833: Basel wird geteilt.,Kantonstrennung Basel,,ok
kt_BL,1,Welche römische Stadt kann man in Augst im Kanton Basel-Landschaft besuchen?,"[""Augusta Raurica"", ""Pompeji"", ""Aventicum"", ""Turicum""]","Augusta Raurica war eine grosse römische Stadt. Heute sieht man dort ein Theater, Tempel und einen nachgebauten Römerhaushalt. Jedes Jahr findet ein Römerfest statt.",Augst = Augusta Raurica.,Augusta Raurica,,ok
kt_BL,2,Wie heisst der Hauptort von Basel-Landschaft?,"[""Liestal"", ""Basel"", ""Aarau"", ""Olten""]",Seit der Kantonstrennung 1833 ist Liestal der Hauptort von Basel-Landschaft. Bekannt ist dort der Feuerbrauch «Chienbäse» an der Fasnacht.,Basel-Landschaft: Liestal.,Liestal,,ok
kt_BL,3,Seit wann ist Basel-Landschaft ein eigener Kanton?,"[""Seit 1833"", ""Seit 1291"", ""Seit 1979"", ""Seit 1501""]","Nach der Trennung vom Stadtkanton 1833 wurde Basel-Landschaft eigenständig. Spätere Versuche, die beiden Basel wieder zu vereinen, wurden an der Urne abgelehnt.",Basel-Landschaft: seit 1833.,Kanton Basel-Landschaft,,ok
kt_SH,1,Welcher grosse Wasserfall liegt bei Schaffhausen?,"[""Der Rheinfall"", ""Die Reichenbachfälle"", ""Die Niagarafälle"", ""Der Staubbachfall""]",Der Rheinfall ist einer der grössten Wasserfälle Europas. Man kann mit dem Boot bis zum Felsen in der Mitte fahren.,Schaffhausen = Rheinfall.,Rheinfall,,ok
kt_SH,2,Wie heisst die runde Festung über der Altstadt von Schaffhausen?,"[""Munot"", ""Castelgrande"", ""Chillon"", ""Kyburg""]",Der Munot wurde im 16. Jahrhundert gebaut. Jeden Abend läutet dort das Munotglöckchen. Im Sommer finden auf der Zinne Bälle statt.,Schaffhausen: Munot.,Munot,,ok
kt_SH,3,Was geschah am 1. April 1944 in Schaffhausen?,"[""Amerikanische Flugzeuge bombardierten die Stadt irrtümlich"", ""Die Stadt wurde von Frankreich erobert"", ""Der Rheinfall versiegte"", ""Es gab ein grosses Erdbeben""]",Im Zweiten Weltkrieg verwechselten amerikanische Bomber Schaffhausen mit einer deutschen Stadt. 40 Menschen starben. Die USA entschuldigten sich und zahlten später Entschädigung.,1944: irrtümliche Bombardierung.,Bombardierung von Schaffhausen,,ok
kt_AR,1,Welcher Käse trägt den Namen des Appenzellerlands?,"[""Appenzeller"", ""Emmentaler"", ""Gruyère"", ""Tilsiter""]","Der Appenzeller wird mit einer geheimen Kräutersulz behandelt, das gibt ihm seinen würzigen Geschmack. Die Region ist auch für Brauchtum wie das Silvesterchlausen bekannt.",Appenzellerland = Appenzeller Käse.,Appenzeller (Käse),,ok
kt_AR,2,Warum wurde das Land Appenzell 1597 geteilt?,"[""Wegen der Konfession: Ausserrhoden wurde reformiert, Innerrhoden blieb katholisch"", ""Wegen eines Streits um Käse"", ""Weil der Bund es verlangte"", ""Wegen eines Erdbebens""]","Nach der Reformation gab es im Appenzell reformierte und katholische Gemeinden. Um den Frieden zu bewahren, teilte man das Land 1597 in Ausserrhoden und Innerrhoden.",1597: Teilung nach Konfession.,Appenzeller Landteilung,,ok
kt_AR,3,In welchem Jahr schaffte Appenzell Ausserrhoden seine Landsgemeinde ab?,"[""1997"", ""1848"", ""1291"", ""2020""]","Die Stimmberechtigten beschlossen 1997, die Landsgemeinde abzuschaffen und an der Urne abzustimmen. Innerrhoden hält dagegen bis heute an der Landsgemeinde fest.",Ausserrhoden: Landsgemeinde bis 1997.,Kanton Appenzell Ausserrhoden,,ok
kt_AI,1,Welcher Kanton hat die wenigsten Einwohnerinnen und Einwohner?,"[""Appenzell Innerrhoden"", ""Zürich"", ""Bern"", ""Tessin""]",Appenzell Innerrhoden ist der bevölkerungsmässig kleinste Kanton der Schweiz. Er ist ländlich geprägt und für seine Traditionen bekannt.,Kleinster Kanton (Einwohner): Innerrhoden.,Kanton Appenzell Innerrhoden,,ok
kt_AI,2,"Wie heisst der Hauptort von Appenzell Innerrhoden, wo die Landsgemeinde stattfindet?","[""Appenzell"", ""Herisau"", ""Trogen"", ""St. Gallen""]",Auf dem Landsgemeindeplatz in Appenzell stimmen die Innerrhoder jeden April mit erhobener Hand ab. Herisau ist der Hauptort von Ausserrhoden.,Innerrhoden: Hauptort Appenzell.,Appenzell,,ok
kt_AI,3,Wie erhielten die Frauen in Appenzell Innerrhoden 1990 das kantonale Stimmrecht?,"[""Durch einen Entscheid des Bundesgerichts"", ""Durch einen Beschluss der Landsgemeinde"", ""Durch einen Befehl des Bundesrates"", ""Durch eine Volksabstimmung in ganz Europa""]","Die Landsgemeinde hatte das Frauenstimmrecht mehrfach abgelehnt. 1990 entschied das Bundesgericht, dass dies gegen die Gleichberechtigung in der Bundesverfassung verstösst. Innerrhoden war damit der letzte Kanton.",1990: Bundesgericht erzwingt Frauenstimmrecht.,Frauenstimmrecht in der Schweiz,,ok
kt_SG,1,Welcher Mönch gab der Stadt St. Gallen ihren Namen?,"[""Gallus"", ""Fridolin"", ""Nikolaus"", ""Benedikt""]",Der irische Mönch Gallus liess sich um 612 im Steinachtal nieder. Laut Legende half ihm ein Bär beim Bau seiner Zelle – darum ist ein Bär im Stadtwappen.,St. Gallen: Gallus und der Bär.,Gallus (Heiliger),,ok
kt_SG,2,Welcher Schatz in St. Gallen gehört zum UNESCO-Welterbe?,"[""Der Stiftsbezirk mit der Stiftsbibliothek"", ""Der Rheinfall"", ""Das Matterhorn"", ""Die Kapellbrücke""]",Die Stiftsbibliothek ist eine der ältesten Bibliotheken der Welt und besitzt kostbare mittelalterliche Handschriften. Den prachtvollen Barocksaal betritt man in Filzpantoffeln.,Stiftsbibliothek = UNESCO-Welterbe.,Stiftsbibliothek St. Gallen,,ok
kt_SG,3,Wofür war St. Gallen um 1900 weltberühmt?,"[""Für Stickereien"", ""Für Uhren"", ""Für Schokolade"", ""Für Autos""]","Um 1910 war Stickerei das wichtigste Exportprodukt der Schweiz, und ein grosser Teil der Weltproduktion kam aus der Ostschweiz. Nach dem Ersten Weltkrieg brach der Markt ein. Bis heute stammen feine Stoffe aus St. Gallen.",St. Gallen = Stickerei.,St. Galler Stickerei,,ok
kt_SG,3,Seit wann gibt es den Kanton St. Gallen?,"[""Seit 1803"", ""Seit 1291"", ""Seit 1515"", ""Seit 1979""]",Der Kanton St. Gallen wurde 1803 durch die Mediationsakte von Napoleon geschaffen. Er wurde aus früheren Herrschaftsgebieten des Klosters und anderen Gebieten zusammengesetzt.,St. Gallen: Kanton seit 1803.,Kanton St. Gallen,,ok
kt_GR,1,Welcher ist der flächenmässig grösste Kanton der Schweiz?,"[""Graubünden"", ""Bern"", ""Wallis"", ""Zürich""]",Graubünden ist fast so gross wie ein Sechstel der Schweiz. Es hat rund 150 Täler und sehr viele Berggipfel.,Grösster Kanton: Graubünden.,Kanton Graubünden,,ok
kt_GR,2,Welche drei Sprachen sind in Graubünden Amtssprachen?,"[""Deutsch, Rätoromanisch und Italienisch"", ""Deutsch, Französisch und Englisch"", ""Nur Deutsch"", ""Italienisch, Französisch und Spanisch""]",Graubünden ist der einzige dreisprachige Kanton. Rätoromanisch wird fast nur hier gesprochen.,Graubünden: dreisprachig.,Kanton Graubünden,,ok
kt_GR,3,Aus welchem Zusammenschluss entstand Graubünden?,"[""Aus den Drei Bünden: Gotteshausbund, Grauer Bund und Zehngerichtebund"", ""Aus drei Klöstern"", ""Aus drei Königreichen"", ""Aus drei Urkantonen""]",Die drei Bünde waren lange ein eigener Freistaat und mit den Eidgenossen verbündet. Erst 1803 wurde Graubünden ein Kanton der Schweiz. Der Name kommt vom Grauen Bund.,"Graubünden = Drei Bünde, Kanton seit 1803.",Drei Bünde,,ok
kt_GR,3,Welche Bahnstrecken in Graubünden gehören zum UNESCO-Welterbe?,"[""Die Albula- und die Berninalinie der Rhätischen Bahn"", ""Die Gotthardbahn"", ""Die Jungfraubahn"", ""Die Zürcher S-Bahn""]",Die Strecken über Albula und Bernina führen durch Kehrtunnels und über kühne Viadukte wie das Landwasserviadukt. Sie sind seit 2008 UNESCO-Welterbe.,Albula/Bernina: Welterbe-Bahn.,Rhätische Bahn in der Landschaft Albula/Bernina,,ok
kt_AG,1,Welches mächtige Herrschergeschlecht hat seinen Namen von einer Burg im Aargau?,"[""Die Habsburger"", ""Die Zähringer"", ""Die Medici"", ""Die Windsor""]","Die Habsburg steht bei Brugg im Aargau. Die Familie, die sich nach ihr benannte, wurde später eine der mächtigsten in Europa und herrschte über Österreich und Spanien.",Habsburg liegt im Aargau.,Habsburg (Schloss),,ok
kt_AG,2,Welches grosse römische Legionslager lag bei Windisch im Aargau?,"[""Vindonissa"", ""Turicum"", ""Salodurum"", ""Genava""]",In Vindonissa waren einst Tausende römische Soldaten stationiert. Das Lager war das einzige römische Legionslager auf dem Gebiet der heutigen Schweiz.,Windisch = Vindonissa.,Vindonissa,,ok
kt_AG,3,Seit wann ist der Aargau ein eigener Kanton?,"[""Seit 1803"", ""Seit 1291"", ""Seit 1415"", ""Seit 1979""]",Vorher war der Aargau zum Teil Untertanengebiet von Bern und anderen Orten. 1803 wurde er durch die Mediationsakte ein gleichberechtigter Kanton.,Aargau: Kanton seit 1803.,Kanton Aargau,,ok
kt_TG,1,Wegen welcher Früchte nennt man den Thurgau scherzhaft «Mostindien»?,"[""Wegen der vielen Äpfel"", ""Wegen der Bananen"", ""Wegen der Orangen"", ""Wegen der Kokosnüsse""]","Im Thurgau wachsen besonders viele Obstbäume. Aus den Äpfeln wird Most gemacht. Weil die Form des Kantons ein wenig an Indien erinnert, entstand der Spitzname.",Thurgau = Mostindien.,Kanton Thurgau,,ok
kt_TG,2,An welchem grossen See liegt der Thurgau?,"[""Am Bodensee"", ""Am Genfersee"", ""Am Lago Maggiore"", ""Am Zürichsee""]","Der Bodensee grenzt an die Schweiz, Deutschland und Österreich. Am Thurgauer Ufer liegen Orte wie Kreuzlingen, Romanshorn und Arbon.",Thurgau liegt am Bodensee.,Bodensee,,ok
kt_TG,3,Wie wurde der Thurgau vor 1798 regiert?,"[""Als gemeinsames Untertanengebiet mehrerer eidgenössischer Orte"", ""Als eigenes Königreich"", ""Von Frankreich"", ""Er war unbewohnt""]",Ab 1460 war der Thurgau eine «gemeine Herrschaft»: Mehrere eidgenössische Orte schickten abwechselnd Landvögte. Erst 1803 wurde der Thurgau ein gleichberechtigter Kanton.,Thurgau: bis 1798 Untertanengebiet.,Landgrafschaft Thurgau,,ok
kt_TI,1,Welche Sprache spricht man im Tessin hauptsächlich?,"[""Italienisch"", ""Französisch"", ""Rätoromanisch"", ""Englisch""]","Das Tessin ist der einzige Kanton, in dem nur Italienisch Amtssprache ist. Zusammen mit Südbünden bildet es die italienische Schweiz.",Tessin = Italienisch.,Kanton Tessin,,ok
kt_TI,2,Welche Burgen in Bellinzona gehören zum UNESCO-Welterbe?,"[""Castelgrande, Montebello und Sasso Corbaro"", ""Chillon, Munot und Kyburg"", ""Habsburg und Lenzburg"", ""Die Burgen am Rhein""]",Die drei Burgen sicherten im Mittelalter den Zugang zu mehreren Alpenpässen. Die Herzöge von Mailand bauten sie aus. Seit 2000 sind sie UNESCO-Welterbe.,"Bellinzona: drei Burgen, UNESCO.",Burgen von Bellinzona,,ok
kt_TI,3,Wie war das Tessin vor 1798 mit der Eidgenossenschaft verbunden?,"[""Als Untertanengebiet, das von eidgenössischen Landvögten verwaltet wurde"", ""Als eigenständiger Kanton"", ""Gar nicht, es gehörte zu Spanien"", ""Als Teil von Graubünden""]",Die Eidgenossen eroberten die Tessiner Täler im 15. und 16. Jahrhundert und verwalteten sie als «ennetbirgische Vogteien». Erst 1803 wurde das Tessin ein gleichberechtigter Kanton.,Tessin: Kanton seit 1803.,Ennetbirgische Vogteien,,ok
kt_VD,1,Welches berühmte Wasserschloss steht bei Montreux am Genfersee?,"[""Schloss Chillon"", ""Schloss Lenzburg"", ""Castelgrande"", ""Schloss Neuschwanstein""]",Schloss Chillon steht auf einem Felsen im See. Es gehörte lange den Grafen von Savoyen und später Bern. Es gehört zu den meistbesuchten historischen Bauten der Schweiz.,Chillon: Schloss im Genfersee.,Schloss Chillon,,ok
kt_VD,2,Welche internationale Sportorganisation hat ihren Sitz in Lausanne?,"[""Das Internationale Olympische Komitee (IOC)"", ""Die FIFA"", ""Die UEFA"", ""Die NBA""]",Das IOC sitzt seit 1915 in Lausanne. Dort gibt es auch ein grosses Olympisches Museum. Lausanne nennt sich deshalb «Olympische Hauptstadt».,IOC = Lausanne.,Internationales Olympisches Komitee,,ok
kt_VD,2,Welche Weinbergterrassen am Genfersee sind UNESCO-Welterbe?,"[""Das Lavaux"", ""Die Bündner Herrschaft"", ""Das Seeland"", ""Das Emmental""]",Die steilen Rebterrassen im Lavaux wurden seit dem Mittelalter von Mönchen und Bauern angelegt. Seit 2007 sind sie UNESCO-Welterbe.,"Lavaux: Rebterrassen, UNESCO.",Lavaux,,ok
kt_VD,3,Welcher Kanton beherrschte die Waadt bis 1798?,"[""Bern"", ""Genf"", ""Freiburg"", ""Wallis""]",Bern eroberte die Waadt 1536. Mit der Revolution 1798 befreite sich die Waadt von der Berner Herrschaft und wurde 1803 ein eigener Kanton.,Waadt: bis 1798 unter Bern.,Kanton Waadt,,ok
kt_VS,1,Welcher berühmte Berg steht bei Zermatt im Wallis?,"[""Das Matterhorn"", ""Die Rigi"", ""Der Säntis"", ""Der Pilatus""]",Das Matterhorn ist wegen seiner Pyramidenform einer der bekanntesten Berge der Welt. Es liegt an der Grenze zu Italien.,Zermatt = Matterhorn.,Matterhorn,,ok
kt_VS,2,Welcher ist der grösste Gletscher der Alpen?,"[""Der Grosse Aletschgletscher"", ""Der Rhonegletscher"", ""Der Morteratschgletscher"", ""Der Gornergletscher""]",Der Aletschgletscher ist rund 20 Kilometer lang. Wie alle Alpengletscher schmilzt er wegen der Klimaerwärmung und wird jedes Jahr kürzer.,Grösster Alpengletscher: Aletsch.,Grosser Aletschgletscher,,ok
kt_VS,3,Wann wurde das Matterhorn zum ersten Mal bestiegen?,"[""1865"", ""1492"", ""1953"", ""1999""]",1865 erreichte eine Seilschaft um den Engländer Edward Whymper den Gipfel. Beim Abstieg stürzten vier Männer tödlich ab. Die Tragödie machte das Matterhorn weltberühmt.,Matterhorn-Erstbesteigung: 1865.,Matterhorn,,ok
kt_VS,3,In welchem Jahr wurde das Wallis ein Kanton der Eidgenossenschaft?,"[""1815"", ""1291"", ""1481"", ""1979""]","Das Wallis war lange mit den Eidgenossen verbündet, aber nicht Mitglied. Unter Napoleon gehörte es zeitweise zu Frankreich. 1815 wurde es als Kanton aufgenommen, zusammen mit Genf und Neuenburg.",Wallis: 1815.,Kanton Wallis,,ok
kt_NE,1,Für welche Industrie ist der Kanton Neuenburg besonders bekannt?,"[""Für die Uhrenindustrie"", ""Für den Schiffsbau"", ""Für Erdöl"", ""Für Bananen""]",Im Neuenburger Jura entwickelte sich seit dem 18. Jahrhundert eine berühmte Uhrenindustrie. Viele Familien fertigten Uhrenteile in Heimarbeit.,Neuenburg = Uhren.,Uhrenindustrie,,ok
kt_NE,2,Welche beiden Neuenburger Uhrenstädte sind UNESCO-Welterbe?,"[""La Chaux-de-Fonds und Le Locle"", ""Neuenburg und Biel"", ""Genf und Lausanne"", ""Zürich und Winterthur""]",Die beiden Städte wurden nach Bränden im 19. Jahrhundert ganz auf die Uhrmacherei ausgerichtet: mit geraden Strassen und Häusern mit grossen Fenstern für gutes Licht. Seit 2009 sind sie UNESCO-Welterbe.,La Chaux-de-Fonds & Le Locle: Uhren-Welterbe.,"La Chaux-de-Fonds / Le Locle, Stadtlandschaft Uhrenindustrie",,ok
kt_NE,3,Wer war bis 1848 der Fürst von Neuenburg?,"[""Der König von Preussen"", ""Der König von Frankreich"", ""Der Papst"", ""Der Bundesrat""]",Neuenburg war ab 1815 ein Schweizer Kanton und gleichzeitig ein Fürstentum des preussischen Königs – eine seltsame Doppelrolle. 1848 riefen die Neuenburger die Republik aus. Preussen verzichtete erst 1857 endgültig.,Neuenburg: bis 1848 preussisches Fürstentum.,Fürstentum Neuenburg,,ok
kt_GE,1,"Welches Fest feiert Genf jedes Jahr im Dezember, oft mit Schokoladentöpfen?","[""Die Escalade"", ""Die Fasnacht"", ""Das Sechseläuten"", ""Das Knabenschiessen""]","Die Escalade erinnert an die Nacht im Dezember 1602, als Genf einen Angriff von Savoyen abwehrte. Laut Legende goss Mère Royaume heisse Suppe auf die Angreifer. Darum zerschlägt man heute Schokoladentöpfe.","Escalade: Genf 1602, Suppentopf.",Escalade,,ok
kt_GE,2,Welcher Reformator prägte Genf im 16. Jahrhundert?,"[""Johannes Calvin"", ""Martin Luther"", ""Huldrych Zwingli"", ""Niklaus von Flüe""]",Calvin machte Genf zu einem Zentrum der Reformation. Viele Glaubensflüchtlinge kamen in die Stadt. Genf wurde deshalb auch «protestantisches Rom» genannt.,Genf = Calvin.,Johannes Calvin,,ok
kt_GE,3,Welche Organisation hat im Palais des Nations in Genf einen ihrer Hauptsitze?,"[""Die Vereinten Nationen (UNO)"", ""Die FIFA"", ""Die Schweizerische Nationalbank"", ""Die ETH""]","Das Palais des Nations wurde für den Völkerbund gebaut und ist heute der europäische Sitz der UNO. Dazu kommen in Genf viele weitere internationale Organisationen, etwa das Rote Kreuz.",Genf: UNO im Palais des Nations.,Palais des Nations,,ok
kt_GE,3,In welchem Jahr wurde Genf ein Kanton der Eidgenossenschaft?,"[""1815"", ""1291"", ""1602"", ""1848""]",Genf war lange eine unabhängige Stadtrepublik und mit den Eidgenossen verbündet. Nach der französischen Herrschaft trat es 1815 als Kanton bei.,Genf: 1815.,Kanton Genf,,ok
kt_JU,1,Welcher ist der jüngste Kanton der Schweiz?,"[""Der Jura"", ""Zürich"", ""Uri"", ""Genf""]",Der Kanton Jura existiert erst seit 1979. Er ist damit der jüngste der 26 Kantone.,Jüngster Kanton: Jura.,Kanton Jura,,ok
kt_JU,2,Von welchem Kanton trennte sich der Jura?,"[""Von Bern"", ""Von Neuenburg"", ""Von Basel"", ""Von Solothurn""]","Der Nordjura gehörte seit 1815 zum Kanton Bern. Viele französischsprachige, katholische Jurassierinnen und Jurassier fühlten sich nicht vertreten und kämpften jahrzehntelang für einen eigenen Kanton.",Jura trennte sich von Bern.,Jurafrage,,ok
kt_JU,3,Wann wurde der Kanton Jura offiziell ein Kanton der Schweiz?,"[""1979, nach Volksabstimmungen im Jura und in der ganzen Schweiz"", ""1815 am Wiener Kongress"", ""1848 mit der Bundesverfassung"", ""2002 mit dem UNO-Beitritt""]","1974 stimmte der Nordjura für einen eigenen Kanton, 1978 stimmte das ganze Schweizer Volk zu. Am 1. Januar 1979 wurde der Kanton Jura Wirklichkeit – ein seltenes Beispiel für eine friedliche Grenzänderung per Abstimmung.",Jura: Kanton seit 1979.,Kanton Jura,,ok
pol_demokratie,1,Wer leitet in vielen Schweizer Gemeinden die Gemeinderegierung?,"[""Die Gemeindepräsidentin oder der Gemeindepräsident"", ""Der Bundesrat"", ""Die Polizei"", ""Der Schulleiter""]","Jede Gemeinde hat eine eigene Regierung, meist Gemeinderat genannt. An ihrer Spitze steht die Gemeindepräsidentin oder der Gemeindepräsident. In Städten heisst das Amt oft Stadtpräsidium.",Gemeinde: Gemeindepräsidium.,Gemeindepräsident,,ok
pol_demokratie,2,Wie oft wird der Nationalrat neu gewählt?,"[""Alle vier Jahre"", ""Jedes Jahr"", ""Alle zehn Jahre"", ""Nie, man bleibt lebenslang""]",Die Nationalratswahlen finden alle vier Jahre im Oktober statt. Die Ständeratsmitglieder werden in den meisten Kantonen am gleichen Tag gewählt.,Nationalratswahlen: alle 4 Jahre.,Nationalrat (Schweiz),,ok
pol_demokratie,3,Wie lange bleibt jemand Bundespräsidentin oder Bundespräsident der Schweiz?,"[""Ein Jahr"", ""Vier Jahre"", ""Acht Jahre"", ""Bis zur Pensionierung""]","Das Präsidium wechselt jedes Jahr zwischen den sieben Bundesratsmitgliedern. Die Präsidentin oder der Präsident leitet die Sitzungen und vertritt die Schweiz, hat aber nicht mehr Macht als die anderen.",Bundespräsidium: 1 Jahr.,Bundespräsident (Schweiz),,ok
tiere,1,Welches Tier hat Federn und legt Eier?,"[""Das Huhn"", ""Die Katze"", ""Der Hund"", ""Die Kuh""]","Alle Vögel haben Federn und legen Eier. Das Huhn ist ein Vogel, auch wenn es kaum fliegen kann.",Federn + Eier = Vogel.,Vögel,,ok
natur,2,"Welcher ist der grösste See, der vollständig in der Schweiz liegt?","[""Der Neuenburgersee"", ""Der Genfersee"", ""Der Bodensee"", ""Der Lago Maggiore""]","Der Genfersee und der Bodensee sind grösser, liegen aber teilweise in Frankreich beziehungsweise Deutschland und Österreich. Der grösste See ganz auf Schweizer Boden ist der Neuenburgersee.",Grösster rein schweizerischer See: Neuenburgersee.,Neuenburgersee,,ok
natur,3,Warum werfen viele Laubbäume im Herbst ihre Blätter ab?,"[""Um im Winter Wasser zu sparen und Frostschäden zu vermeiden"", ""Weil die Blätter zu schwer werden"", ""Weil Vögel sie abreissen"", ""Damit mehr Licht auf den Boden fällt""]","Über die Blätter verdunstet viel Wasser. Im Winter ist der Boden oft gefroren, und der Baum kann kaum Wasser aufnehmen. Darum zieht er wichtige Stoffe aus den Blättern zurück und wirft sie ab.",Laubfall = Wasser sparen im Winter.,Laubfall,,ok
koerper,1,Wie oft sollte man die Zähne mindestens putzen?,"[""Zweimal am Tag"", ""Einmal pro Woche"", ""Nur am Wochenende"", ""Gar nicht""]","Zahnärzte empfehlen, morgens und abends die Zähne zu putzen. So werden Essensreste und Beläge entfernt, die sonst Karies verursachen können.",Zähne putzen: morgens und abends.,Zahnpflege,,ok
koerper,2,Was passiert im Magen?,"[""Die Nahrung wird mit Magensaft vermischt und zerkleinert"", ""Das Blut wird gepumpt"", ""Die Luft wird gefiltert"", ""Die Knochen wachsen""]","Im Magen wird die Nahrung mit Säure und Verdauungssäften vermischt und durchgeknetet. Danach geht der Brei in den Darm, wo die Nährstoffe ins Blut gelangen.",Magen = Nahrung vorverdauen.,Magen,,ok
koerper,2,Warum ist genug Schlaf wichtig?,"[""Der Körper erholt sich, und das Gehirn verarbeitet Gelerntes"", ""Weil man sonst verhungert"", ""Damit die Haare schneller wachsen"", ""Schlaf ist nicht wichtig""]","Im Schlaf erholen sich Körper und Gehirn. Was man am Tag gelernt hat, wird dabei im Gedächtnis gefestigt. Kinder und Jugendliche brauchen deshalb besonders viel Schlaf.",Schlaf = Erholung + Lernen festigen.,Schlaf,,ok
wissenschaft,3,"Wer entdeckte 1928 das Penicillin, das erste Antibiotikum?","[""Alexander Fleming"", ""Louis Pasteur"", ""Robert Koch"", ""Marie Curie""]","Fleming bemerkte, dass ein Schimmelpilz Bakterien in einer Schale abtötete. Aus dieser Entdeckung entstand das Penicillin, das seither unzählige Leben gerettet hat.","Penicillin: Fleming, 1928.",Penicillin,,ok
geld,1,Welche Farbe hat die aktuelle 10-Franken-Note?,"[""Gelb"", ""Blau"", ""Grün"", ""Violett""]","Jede Schweizer Banknote hat ihre eigene Farbe: 10 Franken gelb, 20 rot, 50 grün, 100 blau, 200 braun und 1000 violett. So kann man sie leicht unterscheiden.","10er gelb, 20er rot, 50er grün, 100er blau.",Banknoten des Schweizer Frankens,,ok
geld,2,"Warum lohnt es sich, Abos regelmässig zu überprüfen?","[""Kleine monatliche Beträge summieren sich über das Jahr zu viel Geld"", ""Weil Abos jedes Jahr gratis werden"", ""Weil man Abos nicht kündigen kann"", ""Es lohnt sich nie""]","Streaming, Musik, Spiele, Handy: Jedes Abo kostet vielleicht nur ein paar Franken pro Monat. Zusammen und über ein ganzes Jahr gerechnet kommt aber schnell ein grosser Betrag zusammen.",Abos checken – kleine Beträge läppern sich.,Abonnement,,ok
geld,3,Wozu dient eine Notfallreserve?,"[""Um unerwartete Ausgaben bezahlen zu können, ohne Schulden zu machen"", ""Um jeden Monat Ferien zu machen"", ""Um Aktien zu kaufen"", ""Um Steuern zu vermeiden""]","Ein kaputtes Handy, eine Zahnarztrechnung oder eine Nachzahlung: Unerwartete Ausgaben kommen vor. Wer eine Reserve auf der Seite hat, muss dafür keinen teuren Kredit aufnehmen. Oft wird empfohlen, mehrere Monatsausgaben zu sparen.",Notfallreserve schützt vor Schulden.,Rücklage,,ok
banken,1,Wofür ist ein Sparkonto gedacht?,"[""Um Geld länger auf die Seite zu legen"", ""Um täglich einzukaufen"", ""Um Schulden zu machen"", ""Um Steuern zu bezahlen""]","Auf dem Sparkonto legt man Geld zur Seite, das man nicht sofort braucht. Oft gibt es dafür etwas mehr Zins als auf dem Konto für den Alltag.",Sparkonto = Geld zur Seite legen.,Sparkonto,,ok
banken,2,Was ist eine Überweisung?,"[""Man schickt Geld von einem Konto auf ein anderes"", ""Man hebt Bargeld ab"", ""Man eröffnet ein Konto"", ""Man wechselt Franken in Euro""]","Bei einer Überweisung gibst du der Bank den Auftrag, Geld auf ein anderes Konto zu senden – zum Beispiel für eine Rechnung. Dazu braucht es die IBAN der Empfängerin oder des Empfängers.",Überweisung = Geld von Konto zu Konto.,Überweisung,,ok
banken,2,Was bieten viele Banken speziell für Jugendliche an?,"[""Jugendkonten, oft ohne Gebühren"", ""Kredite ohne Zinsen"", ""Gratis-Aktien"", ""Nichts""]","Viele Banken haben Konten für Kinder und Jugendliche, oft ohne Kontogebühren und mit einer eigenen Karte. So lernt man früh, mit Geld umzugehen. Bei Minderjährigen müssen die Eltern meist zustimmen.",Jugendkonto = günstiger Einstieg.,Bankkonto,,ok
banken,3,Was ist eine Hypothek?,"[""Ein Kredit für ein Haus oder eine Wohnung, gesichert durch die Liegenschaft"", ""Eine Versicherung gegen Feuer"", ""Ein Sparkonto für Kinder"", ""Eine Art Steuer""]","Wer ein Haus kauft, bezahlt meist nur einen Teil selbst. Den Rest leiht die Bank als Hypothek. Wird der Kredit nicht zurückbezahlt, kann die Bank die Liegenschaft verkaufen lassen.",Hypothek = Kredit fürs Eigenheim.,Hypothek,,ok
banken,3,Was stimmt über Kryptowährungen wie Bitcoin?,"[""Ihr Wert kann stark schwanken, und es gibt keine Einlagensicherung"", ""Sie sind garantiert sicher"", ""Sie werden von der Nationalbank herausgegeben"", ""Ihr Wert steigt immer""]","Kryptowährungen sind digitale Werte, die ohne Zentralbank funktionieren. Ihr Preis kann innert Tagen stark steigen oder fallen. Geht eine Handelsplattform pleite, ist das Geld nicht wie ein Bankguthaben geschützt.",Krypto = hohes Risiko.,Bitcoin,,ok
steuern,2,Wer erhebt die direkte Bundessteuer auf dem Einkommen?,"[""Der Bund – eingezogen wird sie von den Kantonen"", ""Die Gemeinden allein"", ""Die Banken"", ""Die Arbeitgeber für sich selbst""]","Die direkte Bundessteuer ist eine Steuer des Bundes. Damit nicht jede Person zwei Steuererklärungen ausfüllen muss, veranlagen und beziehen die Kantone sie zusammen mit ihren eigenen Steuern.",Bundessteuer – eingezogen vom Kanton.,Direkte Bundessteuer,,ok
steuern,3,Was gilt in den meisten Kantonen für die Kirchensteuer?,"[""Sie wird von Mitgliedern anerkannter Landeskirchen erhoben – wer austritt, zahlt keine"", ""Alle Personen müssen sie zahlen"", ""Nur Kinder zahlen sie"", ""Sie wird vom Bund erhoben""]","In den meisten Kantonen zahlen Mitglieder der anerkannten Landeskirchen eine Kirchensteuer. Wer aus der Kirche austritt, zahlt sie als Privatperson nicht mehr. In vielen Kantonen zahlen jedoch auch Firmen eine Kirchensteuer.",Kirchensteuer: für Kirchenmitglieder.,Kirchensteuer,,ok
steuern,3,Was gilt in den meisten Kantonen bei einer Erbschaft von den Eltern an ihre Kinder?,"[""Die Kinder zahlen keine Erbschaftssteuer"", ""Die Kinder zahlen die Hälfte als Steuer"", ""Der Bund nimmt alles"", ""Man darf nichts erben""]","Die Erbschaftssteuer ist Sache der Kantone. In den meisten Kantonen sind Ehepartner und direkte Nachkommen befreit. Andere Erbende, etwa Geschwister oder Freunde, zahlen je nach Kanton eine Steuer.",Kinder erben meist steuerfrei.,Erbschaftssteuer,,ok
krankenkasse,1,"Wo bekommst du Medikamente, die dir die Ärztin verschrieben hat?","[""In der Apotheke"", ""Beim Kiosk"", ""In der Bibliothek"", ""Bei der Post""]","In der Apotheke erhältst du Medikamente und kannst dich auch beraten lassen. Medikamente sollte man nur so nehmen, wie es die Ärztin oder die Apotheke erklärt.","Medikamente: aus der Apotheke, wie verordnet.",Apotheke,,ok
krankenkasse,2,Wofür brauchst du die Versichertenkarte der Krankenkasse?,"[""Du zeigst sie beim Arzt oder in der Apotheke, damit abgerechnet werden kann"", ""Um im Laden zu bezahlen"", ""Als Ausweis für den Bus"", ""Um Geld abzuheben""]","Auf der Versichertenkarte stehen deine Versichertennummer und deine Krankenkasse. Arztpraxen und Apotheken brauchen diese Angaben, um die Kosten abzurechnen.",Versichertenkarte immer dabei haben.,Versichertenkarte,,ok
krankenkasse,2,Was ist das Telmed-Modell?,"[""Man ruft vor einem Arztbesuch zuerst eine medizinische Beratung an und bekommt dafür eine tiefere Prämie"", ""Man darf nur per Telefon krank sein"", ""Man bekommt ein Gratis-Handy"", ""Die Krankenkasse ruft jeden Tag an""]","Bei Telmed meldet man sich vor einem Arztbesuch zuerst bei einer telefonischen Beratung. Die Fachleute sagen, ob und wo eine Behandlung nötig ist. Dafür ist die Prämie günstiger. Notfälle sind ausgenommen.","Telmed: erst anrufen, dafür günstiger.",Telmed,,ok
krankenkasse,3,Bezahlt die Grundversicherung normale Zahnarztbehandlungen wie Kontrollen oder Füllungen?,"[""Nein, in der Regel nicht"", ""Ja, immer vollständig"", ""Nur bei Kindern unter 5"", ""Nur im Sommer""]","Normale Zahnbehandlungen muss man in der Schweiz meist selbst bezahlen oder über eine Zusatzversicherung abdecken. Die Grundversicherung zahlt nur in besonderen Fällen, etwa bei bestimmten schweren Erkrankungen. Gute Zahnpflege spart also Geld.",Zahnarzt: meist selbst zahlen.,Krankenversicherung in der Schweiz,,ok
beruf,1,Wer macht in der Backstube Brot und Gipfeli?,"[""Bäckerinnen und Bäcker"", ""Gärtnerinnen und Gärtner"", ""Informatikerinnen und Informatiker"", ""Coiffeusen und Coiffeure""]","Bäcker-Konditorinnen und -Konditoren beginnen oft sehr früh am Morgen, damit das Brot frisch ist. Die Lehre dauert drei Jahre und schliesst mit dem EFZ ab.",Brot = Bäckerei.,Bäcker,,ok
beruf,2,Was kann man an einer Berufsmesse machen?,"[""Viele Berufe kennenlernen und mit Lernenden und Betrieben sprechen"", ""Nur einkaufen"", ""Eine Lehre sofort abschliessen"", ""Ferien buchen""]","An Berufsmessen stellen sich viele Berufe und Betriebe vor. Man kann Tätigkeiten ausprobieren und Lernende direkt fragen, wie ihr Alltag aussieht.",Berufsmesse = Berufe entdecken.,Berufsmesse,,ok
beruf,2,Was stimmt über den Lohn von Lernenden?,"[""Er ist im Lehrvertrag festgelegt und steigt meist mit jedem Lehrjahr"", ""Lernende bekommen nie Lohn"", ""Er ist immer gleich hoch wie bei ausgelernten Fachleuten"", ""Die Schule zahlt ihn""]","Lernende erhalten einen Lohn, der im Lehrvertrag steht. Er ist tiefer als bei ausgebildeten Fachleuten, weil man noch lernt, und steigt meist von Lehrjahr zu Lehrjahr. Je nach Beruf gibt es grosse Unterschiede.",Lernendenlohn steigt pro Lehrjahr.,Lehrlingslohn,,ok
beruf,3,Was ist ein Arbeitszeugnis?,"[""Eine Beurteilung von Leistung und Verhalten, die man vom Arbeitgeber verlangen kann"", ""Eine Schulnote"", ""Eine Steuerrechnung"", ""Ein Arztzeugnis""]",Arbeitnehmende und Lernende können jederzeit ein Zeugnis verlangen. Es beschreibt die Aufgaben und beurteilt Leistung und Verhalten. Bei Bewerbungen ist es sehr wichtig.,Arbeitszeugnis = Beurteilung der Arbeit.,Arbeitszeugnis,,ok
alltag,1,Was gilt am Fussgängerstreifen in der Schweiz?,"[""Fussgängerinnen und Fussgänger haben Vortritt, trotzdem immer zuerst schauen"", ""Autos haben immer Vortritt"", ""Man darf dort nicht über die Strasse"", ""Man muss rennen""]","Wer am Fussgängerstreifen erkennbar über die Strasse will, hat Vortritt. Trotzdem gilt: warten, bis die Autos anhalten, und Blickkontakt suchen.","Streifen = Vortritt, aber zuerst schauen.",Fussgängerstreifen,,ok
alltag,2,"Welche Notrufnummer funktioniert in ganz Europa, auch in der Schweiz?","[""112"", ""911"", ""144"", ""999""]",Die 112 ist die europäische Notrufnummer. In der Schweiz wird man damit zur Polizei verbunden. Für Sanität (144) und Feuerwehr (118) gibt es eigene Nummern.,112 = Notruf in ganz Europa.,Euronotruf,,ok
alltag,2,Was bedeutet Foodwaste?,"[""Essbare Lebensmittel, die weggeworfen werden"", ""Eine Fastfood-Kette"", ""Kompost im Garten"", ""Ein Kochwettbewerb""]","Ein grosser Teil der Lebensmittel landet im Abfall, obwohl er noch essbar wäre. Tipps dagegen: gezielt einkaufen, Resten verwerten und beim Mindesthaltbarkeitsdatum riechen und probieren statt sofort wegwerfen.","Foodwaste vermeiden: planen, Resten nutzen.",Lebensmittelverschwendung,,ok
alltag,3,Wofür bezahlen Haushalte in der Schweiz die Medienabgabe (Serafe)?,"[""Für Radio und Fernsehen mit Service-public-Auftrag, unabhängig davon, ob man ein Gerät hat"", ""Für das Internet-Abo"", ""Für Handyverträge"", ""Für Zeitungen""]","Die Abgabe wird pro Haushalt erhoben und finanziert vor allem die SRG und regionale Sender. Ob man ein Radio oder einen Fernseher besitzt, spielt keine Rolle.",Medienabgabe: pro Haushalt.,Radio- und Fernsehabgabe,,ok
ch_geschichte,1,Wofür steht das Kürzel CH?,"[""Confoederatio Helvetica"", ""Canton Helvetia"", ""Central Helvetica"", ""Chocolat Heaven""]","CH ist die Abkürzung für den lateinischen Namen der Schweiz: Confoederatio Helvetica, also Schweizerische Eidgenossenschaft. Latein ist neutral und keine der vier Landessprachen.",CH = Confoederatio Helvetica.,Confoederatio Helvetica,,ok
ch_geschichte,2,Seit wann gibt es den Franken als gemeinsame Währung der Schweiz?,"[""Seit 1850"", ""Seit 1291"", ""Seit 1971"", ""Seit 2002""]",Vor 1850 gab es in der Schweiz viele verschiedene Münzen der Kantone und Städte. Mit dem neuen Bundesstaat wurde der Franken als einheitliche Währung eingeführt.,Franken: seit 1850.,Schweizer Franken,,ok
ch_geschichte,2,Wer gab der Schweiz 1803 mit der Mediationsakte eine neue Ordnung?,"[""Napoleon Bonaparte"", ""Karl der Grosse"", ""Henri Guisan"", ""Wilhelm Tell""]","Die Helvetische Republik war zerstritten. Napoleon vermittelte 1803 eine neue Verfassung, die Mediationsakte. Dabei entstanden neue Kantone wie Aargau, Thurgau, St. Gallen, Graubünden, Tessin und Waadt.",1803: Mediationsakte von Napoleon.,Mediationsakte,,ok
ch_geschichte,2,"Welche Strecke befuhr 1847 die erste Eisenbahn, die ganz in der Schweiz verlief?","[""Zürich–Baden"", ""Bern–Thun"", ""Genf–Lausanne"", ""Chur–St. Moritz""]","Die erste Bahn innerhalb der Schweiz verband 1847 Zürich mit Baden. Man nennt sie «Spanisch-Brötli-Bahn», weil damit angeblich ein beliebtes Gebäck aus Baden schnell nach Zürich kam.",1847: Spanisch-Brötli-Bahn Zürich–Baden.,Spanisch-Brötli-Bahn,,ok
ch_geschichte,3,Seit wann gibt es in der Schweiz die AHV?,"[""Seit 1948"", ""Seit 1848"", ""Seit 1918"", ""Seit 2000""]",Die AHV sichert ein Grundeinkommen im Alter. Sie wurde 1947 vom Volk angenommen und trat 1948 in Kraft. Die Forderung nach einer Altersversicherung war schon beim Landesstreik 1918 erhoben worden.,AHV: seit 1948.,Alters- und Hinterlassenenversicherung,,ok
g_urzeit,1,Welcher Dinosaurier war ein riesiger Fleischfresser mit auffällig kleinen Armen?,"[""Tyrannosaurus rex"", ""Brachiosaurus"", ""Triceratops"", ""Stegosaurus""]","Der Tyrannosaurus rex war einer der grössten Fleischfresser an Land. Seine Arme waren im Vergleich zum Körper winzig, sein Biss dafür extrem stark.","T. rex: grosser Kopf, kleine Arme.",Tyrannosaurus,,ok
g_urzeit,1,Was ist ein Fossil?,"[""Versteinerte Überreste oder Spuren von Lebewesen aus der Urzeit"", ""Ein altes Spielzeug"", ""Ein Edelstein"", ""Ein Werkzeug aus Metall""]","Wenn Tiere oder Pflanzen nach dem Tod schnell von Schlamm bedeckt werden, können sich über Millionen Jahre Versteinerungen bilden. So wissen wir, wie Dinosaurier aussahen.",Fossil = Versteinerung aus der Urzeit.,Fossil,,ok
g_urzeit,1,"Welches grosse, haarige Tier mit langen Stosszähnen lebte in der Eiszeit?","[""Das Mammut"", ""Das Nashorn von heute"", ""Das Kamel"", ""Das Nilpferd""]",Mammuts waren mit den Elefanten verwandt und hatten ein dichtes Fell gegen die Kälte. Auch in der Schweiz wurden Knochen und Zähne von Mammuts gefunden.,Mammut = Eiszeit-Elefant mit Fell.,Mammut,,ok
g_urzeit,2,Was formten die Gletscher der Eiszeit in der Schweiz?,"[""Viele Täler und Seen, zum Beispiel den Zürichsee"", ""Die Vulkane im Jura"", ""Das Mittelmeer"", ""Die Städte""]","Während der Eiszeiten bedeckten riesige Gletscher weite Teile der Schweiz. Sie schliffen Täler aus und hinterliessen Seen, Hügel und grosse Findlinge.",Eiszeit-Gletscher formten die Landschaft.,Eiszeitalter,,ok
g_urzeit,2,Welche Menschenform lebte schon vor dem modernen Menschen in Europa?,"[""Der Neandertaler"", ""Der Wikinger"", ""Der Römer"", ""Der Pharao""]",Neandertaler lebten Hunderttausende Jahre in Europa und waren an die Kälte angepasst. Sie starben vor etwa 40'000 Jahren aus. Viele Menschen tragen heute noch einen kleinen Teil ihres Erbguts in sich.,Neandertaler: frühe Europäer.,Neandertaler,,ok
g_urzeit,2,Was war typisch für eine Eiszeit?,"[""Grosse Teile der Erde waren von Eis bedeckt, und es war viel kälter"", ""Es gab kein Wasser"", ""Die Sonne ging nie auf"", ""Es war heisser als heute""]","In Eiszeiten war es im Durchschnitt deutlich kälter, und Gletscher breiteten sich weit aus. Die letzte Eiszeit endete vor etwa 12'000 Jahren.",Eiszeit = kalt und viel Gletschereis.,Eiszeitalter,,ok
g_urzeit,3,Bronze gab einer ganzen Epoche ihren Namen. Woraus besteht sie?,"[""Aus Kupfer und Zinn"", ""Aus Eisen und Gold"", ""Aus Stein und Holz"", ""Aus Silber und Blei""]","Bronze ist eine Mischung aus Kupfer und etwas Zinn und härter als reines Kupfer. Ab etwa 2200 v. Chr. stellten Menschen daraus Werkzeuge, Waffen und Schmuck her.",Bronze = Kupfer + Zinn.,Bronzezeit,,ok
g_urzeit,3,Aus welchen Stoffen bestanden die ersten Sterne nach dem Urknall hauptsächlich?,"[""Aus Wasserstoff und Helium"", ""Aus Eisen und Gold"", ""Aus Wasser und Sand"", ""Aus Kohle und Öl""]","Nach dem Urknall gab es fast nur Wasserstoff und Helium. Schwerere Elemente wie Kohlenstoff, Sauerstoff oder Eisen entstanden erst später im Inneren von Sternen.",Erste Sterne: Wasserstoff und Helium.,Urknall,,ok
g_antike,1,Wer war bei den alten Griechen der oberste Gott?,"[""Zeus"", ""Thor"", ""Ra"", ""Odin""]","Die Griechen glaubten an viele Götter, die auf dem Berg Olymp wohnten. Zeus war ihr König und schleuderte laut Sagen Blitze. Thor und Odin sind nordische Götter.",Griechischer Göttervater: Zeus.,Zeus,,ok
g_antike,1,Mit welchen Tieren überquerte der Feldherr Hannibal die Alpen?,"[""Mit Elefanten"", ""Mit Kamelen"", ""Mit Pferden aus Plastik"", ""Mit Löwen""]","Hannibal aus Karthago zog 218 v. Chr. mit einem Heer und Kriegselefanten über die Alpen, um Rom anzugreifen. Viele Tiere überlebten die Kälte nicht.",Hannibal: Elefanten über die Alpen.,Hannibal,,ok
g_antike,2,"Wie heisst das berühmte Amphitheater in Rom, in dem Gladiatoren kämpften?","[""Kolosseum"", ""Akropolis"", ""Pantheon"", ""Parthenon""]",Das Kolosseum bot Platz für Zehntausende Zuschauer. Dort fanden Gladiatorenkämpfe und Tierhetzen statt. Es gehört heute zu den bekanntesten Bauwerken der Welt.,Gladiatoren im Kolosseum.,Kolosseum,,ok
g_antike,2,Welches der sieben Weltwunder der Antike steht heute noch?,"[""Die Pyramiden von Gizeh"", ""Der Koloss von Rhodos"", ""Der Leuchtturm von Alexandria"", ""Die Hängenden Gärten""]","Von den sieben Weltwundern der Antike sind nur die Pyramiden von Gizeh erhalten geblieben. Die anderen wurden durch Erdbeben, Feuer oder Zerfall zerstört.",Einziges erhaltenes Weltwunder: Pyramiden.,Sieben Weltwunder,,ok
g_antike,2,Welche Sprache sprachen die alten Römer?,"[""Latein"", ""Griechisch"", ""Italienisch"", ""Französisch""]","Die Römer sprachen Latein. Daraus entwickelten sich Italienisch, Französisch, Spanisch und Rätoromanisch. Auch viele deutsche Wörter stammen aus dem Latein, etwa «Fenster» oder «Mauer».",Römer = Latein.,Latein,,ok
g_antike,2,Wer war Kleopatra?,"[""Die letzte Königin des alten Ägyptens"", ""Eine griechische Göttin"", ""Eine römische Kaiserin"", ""Eine Pharaonin, die die Pyramiden baute""]",Kleopatra regierte im 1. Jahrhundert v. Chr. Sie verbündete sich mit Cäsar und später mit Marcus Antonius. Nach ihrem Tod 30 v. Chr. wurde Ägypten eine römische Provinz.,Kleopatra: letzte Königin Ägyptens.,Kleopatra VII.,,ok
g_antike,3,Wofür ist Alexander der Grosse bekannt?,"[""Er eroberte ein riesiges Reich von Griechenland bis nach Indien"", ""Er baute die Chinesische Mauer"", ""Er erfand die Demokratie"", ""Er gründete Rom""]",Alexander wurde mit 20 Jahren König von Makedonien. In nur etwa zehn Jahren eroberte er das Perserreich und zog bis nach Indien. Er starb schon mit 32 Jahren.,Alexander: Reich bis Indien.,Alexander der Große,,ok
g_antike,3,Welche riesige Grenzbefestigung wurde in China ab der Antike gebaut?,"[""Die Chinesische Mauer"", ""Der Hadrianswall"", ""Der Limes"", ""Die Berliner Mauer""]",Erste Mauerabschnitte entstanden schon vor über 2000 Jahren. Über viele Jahrhunderte wurden sie verlängert und ausgebaut. Die meisten heute sichtbaren Teile stammen aus der späteren Ming-Zeit.,Chinesische Mauer: über Jahrhunderte gebaut.,Chinesische Mauer,,ok
g_mittelalter,1,"Wie heisst die schützende Kleidung aus Metall, die Ritter trugen?","[""Rüstung"", ""Mantel"", ""Tracht"", ""Uniform""]","Eine Rüstung schützte den Ritter im Kampf. Sie war schwer und teuer. Man brauchte Hilfe, um sie anzuziehen.",Ritter tragen Rüstungen.,Rüstung,,ok
g_mittelalter,1,Worauf schrieben Mönche im Mittelalter ihre Bücher?,"[""Auf Pergament aus Tierhaut"", ""Auf Plastik"", ""Auf Glas"", ""Auf Handybildschirme""]",Pergament wurde aus Tierhaut hergestellt. Mit Feder und Tinte schrieben Mönche Bücher sorgfältig ab und verzierten sie mit bunten Bildern.,Mittelalter-Bücher: Pergament und Feder.,Pergament,,ok
g_mittelalter,2,Wer war Marco Polo?,"[""Ein Händler aus Venedig, der bis nach China reiste"", ""Ein Wikinger"", ""Ein römischer Kaiser"", ""Ein Erfinder aus der Schweiz""]",Marco Polo reiste im 13. Jahrhundert nach China und lebte dort viele Jahre. Sein Reisebericht machte Europa neugierig auf Asien.,Marco Polo: Venedig → China.,Marco Polo,,ok
g_mittelalter,2,Wer war Jeanne d’Arc?,"[""Eine junge Französin, die im Hundertjährigen Krieg ein Heer anführte"", ""Eine englische Königin"", ""Eine Nonne aus Zürich"", ""Eine Entdeckerin Amerikas""]","Jeanne d’Arc half Frankreich 1429, die Stadt Orléans zu befreien. Später wurde sie gefangen genommen und 1431 verbrannt. Heute ist sie eine Nationalheldin Frankreichs.",Jeanne d’Arc: Heldin von Orléans.,Jeanne d’Arc,,ok
g_mittelalter,2,Was waren Leibeigene im Mittelalter?,"[""Bauern, die von einem Grundherrn abhängig waren und nicht frei wegziehen durften"", ""Reiche Kaufleute"", ""Ritter mit eigener Burg"", ""Mönche""]",Leibeigene bearbeiteten das Land eines Grundherrn und mussten ihm Abgaben und Dienste leisten. Ohne seine Erlaubnis durften sie weder wegziehen noch heiraten.,Leibeigene: unfreie Bauern.,Leibeigenschaft,,ok
g_mittelalter,3,Was regelte die Magna Carta von 1215 in England?,"[""Sie beschränkte die Macht des Königs gegenüber dem Adel"", ""Sie gründete das englische Parlament der Arbeiter"", ""Sie verbot das Christentum"", ""Sie machte England zur Republik""]","Der englische König musste 1215 zusagen, dass auch er an Gesetze gebunden ist. Die Magna Carta gilt als wichtiger früher Schritt zu Rechtsstaat und Grundrechten.",Magna Carta: auch der König steht unter dem Recht.,Magna Carta,,ok
g_mittelalter,3,"In welchem Jahr eroberten die Osmanen Konstantinopel, das heutige Istanbul?","[""1453"", ""1291"", ""1066"", ""1789""]",Mit der Eroberung Konstantinopels endete das Oströmische (Byzantinische) Reich. Die Stadt wurde Hauptstadt des Osmanischen Reiches.,1453: Konstantinopel fällt.,Eroberung von Konstantinopel (1453),,ok
g_mittelalter,3,Wer erreichte 1498 als erster Europäer auf dem Seeweg um Afrika herum Indien?,"[""Vasco da Gama"", ""Christoph Kolumbus"", ""Marco Polo"", ""Ferdinand Magellan""]",Der Portugiese Vasco da Gama segelte um die Südspitze Afrikas bis nach Indien. So entstand ein direkter Seehandel mit Gewürzen zwischen Europa und Asien.,1498: Vasco da Gama erreicht Indien.,Vasco da Gama,,ok
g_neuzeit,1,Wer betrat als erster Mensch den Mond?,"[""Neil Armstrong"", ""Juri Gagarin"", ""Buzz Lightyear"", ""Albert Einstein""]",Neil Armstrong stieg 1969 als Erster aus der Mondfähre. Juri Gagarin war 1961 der erste Mensch im Weltall. Buzz Lightyear ist eine Filmfigur.,Erster auf dem Mond: Neil Armstrong.,Neil Armstrong,,ok
g_neuzeit,1,Welches Verkehrsmittel veränderte im 19. Jahrhundert das Reisen und fährt auf Schienen?,"[""Die Eisenbahn"", ""Das Flugzeug"", ""Das Velo"", ""Das Segelschiff""]",Mit der Eisenbahn konnte man plötzlich viel schneller und weiter reisen. Güter liessen sich günstig transportieren. In der Schweiz entstand ab 1847 ein dichtes Bahnnetz.,19. Jahrhundert: Siegeszug der Eisenbahn.,Eisenbahn,,ok
g_neuzeit,2,Wer erhielt 1876 ein Patent für das Telefon?,"[""Alexander Graham Bell"", ""Thomas Edison"", ""Nikola Tesla"", ""Steve Jobs""]",Alexander Graham Bell liess das Telefon 1876 patentieren. Auch andere Erfinder arbeiteten daran. Heute trägt fast jede Person ein Telefon in der Hosentasche.,Telefon-Patent 1876: Bell.,Alexander Graham Bell,,ok
g_neuzeit,2,Welcher französische Herrscher krönte sich 1804 selbst zum Kaiser?,"[""Napoleon Bonaparte"", ""Ludwig XIV."", ""Karl der Grosse"", ""Charles de Gaulle""]","Napoleon war ein erfolgreicher General der Revolution und wurde 1804 Kaiser. Er eroberte grosse Teile Europas, auch die Schweiz stand unter seinem Einfluss. 1815 wurde er endgültig besiegt.",Napoleon: Kaiser ab 1804.,Napoleon Bonaparte,,ok
g_neuzeit,3,Was bezeichnet man als Holocaust?,"[""Den Völkermord an rund sechs Millionen europäischen Jüdinnen und Juden durch das nationalsozialistische Deutschland"", ""Einen Vulkanausbruch"", ""Eine Revolution in Frankreich"", ""Einen Friedensvertrag""]","Im Zweiten Weltkrieg verfolgten und ermordeten die Nationalsozialisten systematisch Jüdinnen und Juden sowie weitere Gruppen, etwa Sinti und Roma. Die Erinnerung daran soll helfen, dass so etwas nie wieder geschieht.",Holocaust: Völkermord – nie vergessen.,Holocaust,,ok
g_neuzeit,3,Mit welchem Vertrag entstand 1993 die Europäische Union?,"[""Mit dem Vertrag von Maastricht"", ""Mit dem Wiener Kongress"", ""Mit der Magna Carta"", ""Mit dem Bundesbrief""]","Der Vertrag von Maastricht wurde 1992 unterzeichnet und trat 1993 in Kraft. Er schuf die Europäische Union. Die Schweiz ist nicht Mitglied, arbeitet aber über bilaterale Verträge eng mit der EU zusammen.",EU seit 1993 (Maastricht).,Vertrag von Maastricht,,ok
g_neuzeit,3,Wofür ist Mahatma Gandhi bekannt?,"[""Für seinen gewaltfreien Kampf für die Unabhängigkeit Indiens"", ""Für die Erfindung des Telefons"", ""Als erster Mensch auf dem Mond"", ""Als Kaiser von Frankreich""]","Gandhi setzte auf friedlichen Widerstand, etwa Boykotte und Protestmärsche. 1947 wurde Indien von Grossbritannien unabhängig. Sein Vorbild beeinflusste auch Martin Luther King.",Gandhi: gewaltfrei zur Unabhängigkeit.,Mahatma Gandhi,,ok
g_neuzeit,3,Welches Ziel hat das Klimaabkommen von Paris aus dem Jahr 2015?,"[""Die Erderwärmung auf deutlich unter 2 Grad zu begrenzen"", ""Alle Autos sofort zu verbieten"", ""Die Sonne abzukühlen"", ""Mehr Kohle zu verbrennen""]","Fast alle Staaten der Welt, auch die Schweiz, haben sich verpflichtet, ihre Treibhausgase zu senken. Die Erwärmung soll deutlich unter 2 Grad bleiben, möglichst bei 1,5 Grad.",Paris 2015: unter 2 Grad bleiben.,Übereinkommen von Paris,,ok
physik,1,Was zieht ein Magnet an?,"[""Eine Büroklammer aus Eisen"", ""Ein Stück Holz"", ""Ein Blatt Papier"", ""Einen Plastiklöffel""]","Magnete ziehen vor allem Eisen und Stahl an, zum Beispiel Büroklammern oder Nägel. Holz, Papier und Kunststoff reagieren nicht auf Magnete.",Magnete ziehen Eisen an.,Magnet,,ok
physik,2,"Wie heisst die Kraft, die ein rollendes Velo langsam abbremst, wenn man nicht mehr tritt?","[""Die Reibung"", ""Die Magnetkraft"", ""Der Auftrieb"", ""Die Fliehkraft""]",Zwischen Reifen und Strasse und in der Luft entsteht Reibung. Sie wirkt gegen die Bewegung und bremst. Ohne Reibung könnte man aber auch nicht bremsen oder gehen.,Reibung bremst Bewegung.,Reibung,,ok
pol_welt,1,"Welche Organisation hat das Ziel, den Frieden auf der ganzen Welt zu sichern?","[""Die UNO (Vereinte Nationen)"", ""Die FIFA"", ""Die Post"", ""Der Zirkus Knie""]","In der UNO arbeiten fast alle Länder der Welt zusammen. Sie wollen Kriege verhindern, Menschenrechte schützen und Menschen in Not helfen.",UNO = Länder arbeiten für Frieden zusammen.,Vereinte Nationen,,ok
pol_welt,1,In welcher Schweizer Stadt haben besonders viele internationale Organisationen ihren Sitz?,"[""Genf"", ""Chur"", ""Luzern"", ""Schaffhausen""]","In Genf arbeiten die UNO, das Rote Kreuz, die Weltgesundheitsorganisation und viele weitere Organisationen. Darum wird dort oft über Frieden verhandelt.",Genf = Stadt der internationalen Organisationen.,Internationales Genf,,ok
pol_welt,2,Wie viele Staaten sind ungefähr Mitglied der UNO?,"[""193"", ""50"", ""12"", ""500""]",Fast alle Staaten der Welt sind Mitglied der Vereinten Nationen – es sind 193. Die Schweiz ist seit 2002 dabei.,UNO: 193 Mitgliedstaaten.,Vereinte Nationen,,ok
pol_welt,2,In welcher Stadt steht das Hauptquartier der UNO?,"[""New York"", ""Genf"", ""Paris"", ""Brüssel""]",Das Hauptquartier der UNO steht in New York. In Genf befindet sich der wichtigste Sitz in Europa.,UNO-Hauptquartier: New York.,Hauptquartier der Vereinten Nationen,,ok
pol_welt,2,Was stimmt über die Europäische Union (EU)?,"[""Viele europäische Staaten arbeiten eng zusammen – die Schweiz ist nicht Mitglied"", ""Alle Länder der Welt sind Mitglied"", ""Die Schweiz ist Gründungsmitglied"", ""Sie ist ein Fussballverband""]","In der EU arbeiten 27 europäische Staaten politisch und wirtschaftlich eng zusammen. Die Schweiz ist nicht Mitglied, hat aber viele Verträge mit der EU.","Schweiz: nicht in der EU, aber mit Verträgen verbunden.",Europäische Union,,ok
pol_welt,2,Was ist die NATO?,"[""Ein Verteidigungsbündnis von Staaten aus Nordamerika und Europa"", ""Eine Organisation für Sport"", ""Die Nationalbank der Schweiz"", ""Eine Hilfsorganisation für Tiere""]","In der NATO versprechen sich die Mitglieder, einander bei einem Angriff beizustehen. Die neutrale Schweiz ist nicht Mitglied.",NATO = Verteidigungsbündnis.,NATO,,ok
pol_welt,3,Welche fünf Staaten sind ständige Mitglieder im UNO-Sicherheitsrat?,"[""USA, Russland, China, Frankreich und Grossbritannien"", ""Schweiz, Deutschland, Italien, Österreich und Frankreich"", ""Japan, Indien, Brasilien, Kanada und Australien"", ""USA, Kanada, Mexiko, Brasilien und Argentinien""]",Der Sicherheitsrat ist für Frieden und Sicherheit zuständig. Die fünf ständigen Mitglieder haben ein Vetorecht – jedes kann einen Beschluss allein verhindern.,Sicherheitsrat: 5 ständige Mitglieder mit Veto.,UN-Sicherheitsrat,,ok
pol_welt,3,Was regeln die Genfer Konventionen?,"[""Den Schutz von Verwundeten, Gefangenen und Zivilpersonen in Kriegen"", ""Die Regeln im Fussball"", ""Die Steuern in Genf"", ""Den Handel mit Uhren""]","Die Genfer Konventionen legen fest, dass auch im Krieg bestimmte Regeln gelten. Sie gehen auf eine Idee von Henry Dunant zurück.",Genfer Konventionen = Regeln zum Schutz im Krieg.,Genfer Konventionen,,ok
pol_welt,3,Was sind die «Guten Dienste» der Schweiz?,"[""Die Schweiz vermittelt zwischen Staaten oder vertritt Staaten, die keine direkten Beziehungen haben"", ""Ein Lieferdienst für Käse"", ""Freiwillige Hilfe in Schulen"", ""Eine Versicherung""]","Als neutrales Land stellt die Schweiz Orte für Verhandlungen zur Verfügung und übernimmt Schutzmachtmandate. So hilft sie, Konflikte friedlich zu lösen.",Gute Dienste = Vermitteln für den Frieden.,Gute Dienste,,ok
pol_welt,3,Was macht eine Botschafterin oder ein Botschafter?,"[""Vertritt das eigene Land in einem anderen Staat"", ""Verteilt Briefe"", ""Leitet eine Bank"", ""Schreibt Zeitungsartikel""]","Botschafterinnen und Botschafter pflegen die Beziehungen zwischen zwei Ländern. Sie arbeiten in einer Botschaft, meist in der Hauptstadt des Gastlandes.",Botschaft = Vertretung im Ausland.,Botschafter,,ok
pol_demokratie,1,Was bedeutet das Wort «Demokratie»?,"[""Herrschaft des Volkes"", ""Herrschaft eines Königs"", ""Herrschaft der Reichen"", ""Herrschaft der Armee""]","Das Wort kommt aus dem Griechischen: «demos» heisst Volk, «kratos» heisst Macht. In einer Demokratie bestimmen die Menschen mit, wer regiert und was gilt.",Demokratie = das Volk bestimmt.,Demokratie,,ok
pol_demokratie,2,Was ist in einer Demokratie besonders wichtig?,"[""Meinungs- und Pressefreiheit"", ""Dass nur eine Partei erlaubt ist"", ""Dass Zeitungen verboten sind"", ""Dass niemand wählen darf""]","In einer Demokratie darf man seine Meinung frei sagen, und Medien dürfen kritisch berichten. Nur so können sich alle eine eigene Meinung bilden.",Demokratie braucht freie Meinung und freie Medien.,Pressefreiheit,,ok
pol_kommunismus,2,Was ist die Grundidee des Kommunismus?,"[""Fabriken und Boden sollen allen gemeinsam gehören, es soll keine reichen und armen Klassen geben"", ""Jeder soll so viel besitzen, wie er will"", ""Ein König soll über alles bestimmen"", ""Die Kirche soll regieren""]","Der Kommunismus ist eine politische Idee, nach der das Eigentum an Fabriken, Land und Maschinen der Gemeinschaft gehört. In der Praxis regierten in kommunistischen Staaten meist eine einzige Partei und ihre Führung.",Kommunismus: gemeinsames Eigentum als Ziel.,Kommunismus,,ok
pol_kommunismus,2,Wer schrieb 1848 das «Kommunistische Manifest»?,"[""Karl Marx und Friedrich Engels"", ""Napoleon und Cäsar"", ""Martin Luther und Zwingli"", ""Einstein und Newton""]",Marx und Engels beschrieben darin die Ungleichheit zwischen Arbeitern und Fabrikbesitzern und forderten eine neue Gesellschaft. Das Buch hatte grossen Einfluss auf das 20. Jahrhundert.,"Kommunistisches Manifest: Marx und Engels, 1848.",Manifest der Kommunistischen Partei,,ok
pol_kommunismus,2,Welcher grosse Staat wurde von 1922 bis 1991 kommunistisch regiert?,"[""Die Sowjetunion"", ""Die Schweiz"", ""Frankreich"", ""Kanada""]",Die Sowjetunion war ein riesiger Staat mit Russland als grösstem Teil. Sie zerfiel 1991 in viele unabhängige Länder.,Sowjetunion: 1922–1991.,Sowjetunion,,ok
pol_kommunismus,2,Was war die DDR?,"[""Ein kommunistisch regierter Staat im Osten Deutschlands von 1949 bis 1990"", ""Ein Fussballclub"", ""Ein Teil der Schweiz"", ""Eine Automarke""]","Nach dem Zweiten Weltkrieg war Deutschland geteilt. Die DDR im Osten wurde von der SED regiert, die Menschen durften nicht frei in den Westen reisen. 1990 wurde Deutschland wiedervereinigt.",DDR: Ostdeutschland 1949–1990.,Deutsche Demokratische Republik,,ok
pol_kommunismus,3,Wer führte 1917 die Oktoberrevolution in Russland an?,"[""Lenin mit den Bolschewiki"", ""Napoleon"", ""Zar Nikolaus II."", ""Karl Marx""]","Lenin und die Bolschewiki übernahmen 1917 die Macht in Russland. Kurz davor lebte Lenin einige Zeit im Exil in der Schweiz, unter anderem in Zürich.",1917: Lenin und die Oktoberrevolution.,Oktoberrevolution,,ok
pol_kommunismus,3,Was ist Planwirtschaft?,"[""Der Staat plant, was produziert wird und was es kostet"", ""Firmen und Kundschaft bestimmen die Preise frei"", ""Jede Familie druckt ihr eigenes Geld"", ""Es gibt keine Waren mehr""]","In kommunistischen Staaten legte der Staat in Plänen fest, was hergestellt wurde. Oft gab es dadurch zu wenig von manchen Waren. In der Marktwirtschaft entscheiden dagegen Angebot und Nachfrage.",Planwirtschaft: Der Staat plant die Wirtschaft.,Planwirtschaft,,ok
pol_kommunismus,3,Was kritisierten viele Menschen in den kommunistischen Staaten Osteuropas?,"[""Fehlende Meinungs- und Reisefreiheit"", ""Zu viele Wahlen mit vielen Parteien"", ""Zu viele Feiertage"", ""Zu viele Schulen""]","Kritik an der Regierung war gefährlich, und Reisen in den Westen war meist verboten. 1989 protestierten viele Menschen friedlich – danach fielen die kommunistischen Regierungen in Osteuropa.",1989: friedliche Proteste in Osteuropa.,Ostblock,,ok
pol_kommunismus,3,In welchem grossen Land regiert bis heute eine kommunistische Partei als einzige Partei?,"[""China"", ""Deutschland"", ""Brasilien"", ""Australien""]","In China regiert seit 1949 die Kommunistische Partei. Die Wirtschaft ist heute teilweise marktwirtschaftlich, politisch bestimmt aber die Partei.",China: Einparteienstaat der Kommunistischen Partei.,Kommunistische Partei Chinas,,ok
pol_diktatur,1,Was ist eine Diktatur?,"[""Eine einzelne Person oder kleine Gruppe hat die ganze Macht, das Volk darf nicht frei wählen"", ""Alle entscheiden gemeinsam"", ""Das Volk stimmt über alles ab"", ""Es gibt keine Regierung""]","In einer Diktatur bestimmt eine Person oder eine kleine Gruppe allein. Wer anderer Meinung ist, kann bestraft werden. Das Gegenteil ist die Demokratie.","Diktatur = Macht bei wenigen, keine freien Wahlen.",Diktatur,,ok
pol_diktatur,2,Woher stammt das Wort «Diktator»?,"[""Aus dem alten Rom: ein Amt mit grosser Macht in Notzeiten"", ""Aus dem Englischen für «Lehrer»"", ""Von einem Schweizer Berg"", ""Aus dem Mittelalter für «Ritter»""]","Im alten Rom konnte in Notzeiten ein Diktator ernannt werden, der für kurze Zeit fast unbeschränkte Macht hatte. Heute bezeichnet man damit Herrscher, die ohne Kontrolle regieren.",Diktator: ursprünglich ein römisches Notamt.,Diktator (Rom),,ok
pol_diktatur,2,Was ist Zensur?,"[""Der Staat kontrolliert oder verbietet, was in Medien, Büchern oder im Internet erscheinen darf"", ""Eine Schulnote"", ""Eine Steuer"", ""Ein Wahlverfahren""]","In Diktaturen werden kritische Zeitungen, Bücher oder Webseiten oft verboten. In der Schweiz schützt die Verfassung die Meinungs- und Medienfreiheit.",Zensur = Kontrolle der Meinung.,Zensur,,ok
pol_diktatur,2,Was ist ein Putsch?,"[""Eine gewaltsame Machtübernahme, oft durch das Militär"", ""Eine Wahl"", ""Ein Feiertag"", ""Ein Sportanlass""]","Bei einem Putsch reisst eine Gruppe die Macht an sich, ohne Wahl. Daraus entsteht häufig eine Diktatur.",Putsch = Macht mit Gewalt ergreifen.,Putsch,,ok
pol_diktatur,3,Wer regierte Deutschland von 1933 bis 1945 als Diktator?,"[""Adolf Hitler"", ""Otto von Bismarck"", ""Konrad Adenauer"", ""Kaiser Wilhelm I.""]","Die Nationalsozialisten unter Hitler errichteten eine Diktatur, verfolgten Andersdenkende und begingen den Holocaust. Der Zweite Weltkrieg, den Deutschland begann, kostete Millionen Menschen das Leben.",1933–1945: NS-Diktatur in Deutschland.,Zeit des Nationalsozialismus,,ok
pol_diktatur,3,Wer regierte ab 1922 Italien als faschistischer Diktator?,"[""Benito Mussolini"", ""Giuseppe Garibaldi"", ""Julius Cäsar"", ""Napoleon""]",Mussolini kam 1922 an die Macht und schaffte die Demokratie in Italien schrittweise ab. Später verbündete er sich mit Hitler.,Italien: Mussolini ab 1922.,Benito Mussolini,,ok
pol_diktatur,3,Was bedeutet absolute Monarchie?,"[""Ein König oder eine Königin herrscht mit uneingeschränkter Macht"", ""Das Volk wählt den König jedes Jahr"", ""Der König hat keine Macht"", ""Mehrere Könige teilen sich ein Land""]",Ein bekanntes Beispiel ist Ludwig XIV. von Frankreich. Ihm wird der Satz «Der Staat bin ich» zugeschrieben. Die Französische Revolution richtete sich gegen diese Herrschaftsform.,Absolutismus: alle Macht beim König.,Absolutismus,,ok
pol_diktatur,3,Was ist Propaganda?,"[""Gezielte Beeinflussung der Menschen, oft mit einseitigen oder falschen Informationen"", ""Neutrale Berichterstattung"", ""Eine Art Sport"", ""Ein Musikstil""]","Diktaturen nutzen Propaganda, um ihre Macht zu sichern: Sie zeigen nur, was ihnen nützt, und stellen Gegner schlecht dar. Mehrere Quellen zu vergleichen hilft, Propaganda zu erkennen.",Propaganda erkennen: Quellen vergleichen.,Propaganda,,ok
rel_christentum,1,Wie heisst das Gotteshaus der Christinnen und Christen?,"[""Kirche"", ""Moschee"", ""Synagoge"", ""Tempel""]","In der Kirche feiern Christinnen und Christen Gottesdienste, zum Beispiel an Sonntagen, Weihnachten und Ostern.",Christen gehen in die Kirche.,Kirchengebäude,,ok
rel_christentum,1,Wie heisst die heilige Schrift der Christinnen und Christen?,"[""Die Bibel"", ""Der Koran"", ""Die Tora allein"", ""Die Veden""]",Die Bibel besteht aus dem Alten und dem Neuen Testament. Im Neuen Testament wird vom Leben von Jesus erzählt.,Christentum = Bibel.,Bibel,,ok
rel_christentum,2,Woran erinnern Christinnen und Christen an Pfingsten?,"[""An die Sendung des Heiligen Geistes"", ""An die Geburt von Jesus"", ""An die Auferstehung von Jesus"", ""An die Erschaffung der Welt""]","Pfingsten wird 50 Tage nach Ostern gefeiert. Laut Bibel empfingen die Jünger den Heiligen Geist und begannen, die Botschaft von Jesus zu verbreiten.",Pfingsten: 50 Tage nach Ostern.,Pfingsten,,ok
rel_christentum,2,Wie heisst das Oberhaupt der römisch-katholischen Kirche?,"[""Der Papst"", ""Der Bischof von Basel"", ""Der Dalai Lama"", ""Der Rabbiner""]",Der Papst leitet die katholische Kirche weltweit und lebt im Vatikan in Rom. Er wird von den Kardinälen gewählt.,Katholische Kirche: Papst in Rom.,Papst,,ok
rel_christentum,2,Wer beschützt den Papst im Vatikan seit über 500 Jahren?,"[""Die Schweizergarde"", ""Die französische Armee"", ""Die UNO"", ""Die italienische Polizei allein""]",Die Päpstliche Schweizergarde wurde 1506 gegründet. Ihre Mitglieder sind junge katholische Schweizer und tragen bunte Uniformen.,Schweizergarde schützt den Papst seit 1506.,Päpstliche Schweizergarde,,ok
rel_christentum,3,Was bedeutet das Wort «Evangelium»?,"[""Frohe oder gute Botschaft"", ""Heiliger Ort"", ""Letzter Tag"", ""Grosses Buch""]",Das Wort kommt aus dem Griechischen. Die vier Evangelien im Neuen Testament erzählen vom Leben und der Lehre von Jesus.,Evangelium = gute Botschaft.,Evangelium,,ok
rel_islam,1,Wie heisst der Fastenmonat im Islam?,"[""Ramadan"", ""Advent"", ""Chanukka"", ""Diwali""]",Im Ramadan essen und trinken viele gläubige Musliminnen und Muslime von der Morgendämmerung bis zum Sonnenuntergang nichts. Am Abend wird oft gemeinsam gegessen.,Fastenmonat = Ramadan.,Ramadan,,ok
rel_islam,2,Wer ist für Musliminnen und Muslime der wichtigste Prophet?,"[""Mohammed"", ""Mose"", ""Buddha"", ""Paulus""]","Nach islamischem Glauben empfing Mohammed im 7. Jahrhundert die Offenbarungen, die im Koran stehen.",Islam: Prophet Mohammed.,Mohammed,,ok
rel_islam,2,Wie oft am Tag beten gläubige Musliminnen und Muslime nach der Tradition?,"[""Fünfmal"", ""Einmal"", ""Zwölfmal"", ""Nur am Freitag""]",Das Gebet zu festen Zeiten gehört zu den fünf Säulen des Islams. Am Freitag gibt es ein besonderes gemeinsames Gebet in der Moschee.,Gebet: fünfmal am Tag.,Salat (Gebet),,ok
rel_islam,2,In welcher Sprache wurde der Koran ursprünglich verfasst?,"[""Arabisch"", ""Latein"", ""Hebräisch"", ""Türkisch""]","Der Koran wurde auf Arabisch überliefert. Er ist in viele Sprachen übersetzt, doch beim Gebet wird er meist auf Arabisch rezitiert.",Koran: auf Arabisch.,Koran,,ok
rel_islam,3,Wie heisst die grosse Pilgerfahrt nach Mekka?,"[""Hadsch"", ""Ramadan"", ""Sabbat"", ""Pessach""]","Wer gesund ist und es sich leisten kann, soll einmal im Leben die Pilgerfahrt nach Mekka unternehmen. Jedes Jahr kommen dafür Millionen Menschen zusammen.",Pilgerfahrt nach Mekka = Hadsch.,Haddsch,,ok
rel_islam,3,Was ist ein Minarett?,"[""Ein Turm bei einer Moschee, von dem traditionell zum Gebet gerufen wird"", ""Ein Gebetsteppich"", ""Ein islamischer Feiertag"", ""Eine heilige Schrift""]","Vom Minarett aus ruft der Muezzin traditionell zum Gebet. In der Schweiz wurde 2009 in einer Volksabstimmung beschlossen, dass keine neuen Minarette gebaut werden dürfen.",Minarett = Turm der Moschee.,Minarett,,ok
rel_islam,3,Welches sind die beiden grössten Glaubensrichtungen im Islam?,"[""Sunniten und Schiiten"", ""Katholiken und Reformierte"", ""Orthodoxe und Anglikaner"", ""Hindus und Sikhs""]","Die Trennung entstand nach dem Tod Mohammeds in der Frage, wer die Gemeinschaft führen soll. Die grosse Mehrheit der Musliminnen und Muslime sind Sunniten.",Islam: Sunniten und Schiiten.,Sunniten,,ok
rel_andere,2,"In welcher Religion werden unter anderem die Götter Brahma, Vishnu und Shiva verehrt?","[""Im Hinduismus"", ""Im Buddhismus"", ""Im Judentum"", ""Im Christentum""]","Der Hinduismus ist vor allem in Indien verbreitet und kennt viele Götter und Göttinnen. Zu den wichtigsten gehören Brahma, Vishnu und Shiva.","Brahma, Vishnu, Shiva = Hinduismus.",Hinduismus,,ok
rel_andere,2,Wie heisst der wöchentliche Ruhetag im Judentum?,"[""Sabbat"", ""Sonntag"", ""Freitag"", ""Diwali""]","Der Sabbat dauert von Freitagabend bis Samstagabend. Viele Jüdinnen und Juden ruhen dann, beten und essen gemeinsam mit der Familie.","Judentum: Sabbat, Freitag- bis Samstagabend.",Sabbat,,ok
rel_andere,2,Wie heisst das Gotteshaus im Hinduismus?,"[""Tempel (Mandir)"", ""Kirche"", ""Moschee"", ""Synagoge""]","Im Hindu-Tempel stehen Figuren von Gottheiten. Gläubige bringen Blumen, Früchte oder Licht als Gabe.",Hinduismus: Tempel.,Hindu-Tempel,,ok
rel_andere,3,Wer gilt als Begründer des Sikhismus?,"[""Guru Nanak"", ""Buddha"", ""Mose"", ""Konfuzius""]",Der Sikhismus entstand im 15. Jahrhundert im Punjab in Indien. Viele Sikh-Männer tragen einen Turban.,Sikhismus: Guru Nanak.,Sikhismus,,ok
wissenschaft,1,Womit kann man sehr kleine Dinge stark vergrössert sehen?,"[""Mit einem Mikroskop"", ""Mit einem Fernrohr"", ""Mit einem Thermometer"", ""Mit einem Kompass""]","Ein Mikroskop vergrössert winzige Dinge, zum Beispiel Zellen oder Bakterien. Mit einem Fernrohr schaut man dagegen in die Ferne.",Klein anschauen = Mikroskop.,Mikroskop,,ok
wissenschaft,1,Welches Gas brauchen Menschen und Tiere zum Atmen?,"[""Sauerstoff"", ""Helium"", ""Kohlendioxid"", ""Stickstoff allein""]","Wir atmen Luft ein, und unser Körper braucht daraus den Sauerstoff. Pflanzen stellen Sauerstoff bei der Photosynthese her.",Atmen = Sauerstoff.,Sauerstoff,,ok
wissenschaft,2,Welche Forscherin erhielt als erste Frau einen Nobelpreis?,"[""Marie Curie"", ""Ada Lovelace"", ""Rosalind Franklin"", ""Jane Goodall""]",Marie Curie erforschte die Radioaktivität. Sie erhielt 1903 den Nobelpreis für Physik und 1911 den für Chemie.,Marie Curie: erste Nobelpreisträgerin.,Marie Curie,,ok
wissenschaft,2,Womit entdeckte Galileo Galilei die Monde des Jupiter?,"[""Mit einem Fernrohr"", ""Mit einem Mikroskop"", ""Mit einer Rakete"", ""Mit blossem Auge""]",Galilei richtete um 1610 als einer der Ersten ein Fernrohr auf den Himmel. Er entdeckte vier Monde des Jupiter.,"Galilei: Fernrohr, Jupitermonde.",Galileo Galilei,,ok
wissenschaft,2,Welches chemische Zeichen hat Gold?,"[""Au"", ""Go"", ""Gd"", ""Ag""]","Das Zeichen Au kommt vom lateinischen Wort «aurum». Ag steht für Silber, vom Lateinischen «argentum».","Gold = Au, Silber = Ag.",Gold,,ok
wissenschaft,3,Was wird im Periodensystem geordnet?,"[""Die chemischen Elemente"", ""Die Planeten"", ""Die Tierarten"", ""Die Musiknoten""]",Das Periodensystem ordnet alle bekannten chemischen Elemente nach ihrem Aufbau. Elemente mit ähnlichen Eigenschaften stehen untereinander.,Periodensystem = Ordnung der Elemente.,Periodensystem,,ok
wissenschaft,3,Wozu machen Forschende ein Experiment?,"[""Um eine Vermutung durch einen geplanten Versuch zu überprüfen"", ""Um Zeit zu vertreiben"", ""Um etwas zu zerstören"", ""Um Geld zu drucken""]","Bei einem Experiment stellt man eine Vermutung auf, plant einen Versuch und beobachtet genau. Wiederholt man es mit gleichem Ergebnis, wird das Wissen verlässlicher.",Experiment = Vermutung prüfen.,Experiment,,ok
wissenschaft,3,"Welches Gas entsteht beim Verbrennen von Holz, Kohle und Benzin vor allem?","[""Kohlendioxid (CO₂)"", ""Sauerstoff"", ""Helium"", ""Wasserstoff""]",Beim Verbrennen verbindet sich Kohlenstoff mit Sauerstoff zu Kohlendioxid. Zu viel CO₂ in der Luft verstärkt den Treibhauseffekt.,Verbrennen erzeugt CO₂.,Kohlenstoffdioxid,,ok
alltag,1,Welche Notrufnummer gehört zu diesem Fahrzeug?,"[""118"", ""117"", ""144"", ""1414""]",Das ist ein Feuerwehrauto. Die Feuerwehr erreichst du in der Schweiz unter 118.,Feuerwehr: 118.,Feuerwehr,e:🚒,ok
alltag,1,Welche Notrufnummer gehört zu diesem Fahrzeug?,"[""144"", ""118"", ""117"", ""145""]",Das ist ein Krankenwagen. Die Sanität erreichst du unter 144.,Sanität: 144.,Rettungsdienst,e:🚑,ok
alltag,1,Welche Notrufnummer gehört zu diesem Fahrzeug?,"[""117"", ""118"", ""144"", ""1818""]",Das ist ein Polizeiauto. Die Polizei erreichst du unter 117.,Polizei: 117.,Polizei (Schweiz),e:🚓,ok
alltag,2,Wofür steht dieses Zeichen?,"[""Recycling – Wiederverwerten von Material"", ""Einbahnstrasse"", ""Gefahr"", ""Waschanleitung""]","Die drei Pfeile im Kreis stehen für Recycling. Aus gesammeltem Glas, Papier oder PET werden neue Produkte hergestellt.",♻️ = wiederverwerten.,Recycling,e:♻️,ok
tiere,1,Was macht die Biene bei der Blüte?,"[""Sie sammelt Nektar und bestäubt die Blüte"", ""Sie schläft"", ""Sie frisst die Blätter"", ""Sie baut ein Nest aus der Blüte""]",Bienen holen Nektar und Pollen. Dabei tragen sie Blütenstaub von Blüte zu Blüte – so entstehen Früchte.,Biene + Blüte = Bestäubung.,Bestäubung,e:🐝🌸,ok
tiere,1,Wie nennt man diese Verwandlung?,"[""Metamorphose"", ""Winterschlaf"", ""Häutung beim Menschen"", ""Photosynthese""]",Aus der Raupe wird in der Puppe ein Schmetterling. Diese vollständige Verwandlung heisst Metamorphose.,Raupe → Schmetterling = Metamorphose.,Metamorphose (Zoologie),e:🐛➡️🦋,ok
natur,2,"Was entsteht, wenn die Sonne auf Regentropfen scheint?","[""Ein Regenbogen"", ""Ein Gewitter"", ""Nebel"", ""Schnee""]",Das Sonnenlicht wird in den Regentropfen gebrochen und in seine Farben zerlegt. Dazu muss die Sonne hinter dir stehen.,Sonne + Regen = Regenbogen.,Regenbogen,e:🌧️☀️🌈,ok
physik,1,Was passiert hier?,"[""Der Magnet zieht die Büroklammer an"", ""Die Büroklammer schmilzt"", ""Der Magnet stösst alles ab"", ""Nichts""]","Büroklammern bestehen meist aus Stahl, also aus Eisen. Das wird von Magneten angezogen.",Magnet zieht Eisen an.,Magnet,e:🧲📎,ok
physik,1,Welche drei Zustände von Wasser siehst du?,"[""Fest, flüssig und gasförmig"", ""Warm, kalt und nass"", ""Klein, mittel und gross"", ""Süss, sauer und salzig""]","Wasser kann fest sein (Eis), flüssig (Wasser) oder gasförmig (Dampf). Das nennt man Aggregatzustände.",Eis – Wasser – Dampf.,Aggregatzustand,e:🧊💧♨️,ok
physik,2,Warum siehst du bei einem Gewitter zuerst den Blitz und hörst erst dann den Donner?,"[""Licht ist schneller als Schall"", ""Der Donner ist schüchtern"", ""Der Blitz entsteht früher"", ""Die Ohren sind langsamer als die Augen""]","Blitz und Donner entstehen gleichzeitig. Das Licht erreicht dich fast sofort, der Schall braucht etwa drei Sekunden pro Kilometer.",Licht vor Schall.,Gewitter,e:⚡🔊,ok
geld,1,Wofür braucht man das?,"[""Um Geld zu sparen"", ""Um Geld auszugeben"", ""Um Tiere zu füttern"", ""Um zu kochen""]",Im Sparschwein sammelt man Münzen für ein grösseres Ziel.,Sparschwein = sparen.,Sparbüchse,e:🐷🪙,ok
banken,2,"Wie heisst die Schweizer App, mit der man mit dem Handy bezahlen kann?","[""TWINT"", ""WhatsApp"", ""TikTok"", ""Snapchat""]",Mit TWINT bezahlt man im Laden oder schickt Freunden Geld – direkt vom Handy.,Handy-Zahlen: TWINT.,TWINT,e:📱💸,ok
banken,3,Welcher Begriff passt zu diesem Emoji-Rätsel?,"[""Phishing – Betrüger «angeln» nach Passwörtern"", ""Fischen am Wochenende"", ""Ein neues E-Mail-Programm"", ""Ein Schlüsseldienst""]","Beim Phishing versuchen Betrüger mit gefälschten Mails oder SMS, an Passwörter oder Kartendaten zu kommen.",Phishing = Passwort-Angeln.,Phishing,e:🎣📧🔑,ok
g_antike,1,An welches alte Reich denkst du bei diesen Bildern?,"[""Das alte Ägypten"", ""Die Wikinger"", ""Die Azteken"", ""Das Römische Reich""]","Pyramiden, Kamele und Wüstensonne passen zum alten Ägypten am Nil.",Pyramiden = Ägypten.,Altes Ägypten,e:🔺🐫☀️,ok
g_urzeit,1,Welches Tier ist das?,"[""Ein Dinosaurier"", ""Ein Krokodil"", ""Ein Drache"", ""Eine Eidechse von heute""]","Das ist ein Tyrannosaurus rex, einer der bekanntesten Dinosaurier.",🦖 = Dinosaurier.,Tyrannosaurus,e:🦖,ok
g_neuzeit,1,An welches Ereignis erinnern diese Bilder?,"[""Die Mondlandung 1969"", ""Die Erfindung des Telefons"", ""Die Gründung der Schweiz"", ""Den Bau der Pyramiden""]",1969 landeten mit Apollo 11 erstmals Menschen auf dem Mond.,1969: Mondlandung.,Apollo 11,e:🚀👨‍🚀🌕,ok
g_mittelalter,1,Wer passt zu diesen Bildern?,"[""Ein Ritter"", ""Ein Astronaut"", ""Ein Pirat"", ""Ein Pharao""]","Ritter lebten im Mittelalter, kämpften zu Pferd und wohnten oft auf Burgen.",Burg + Schwert + Pferd = Ritter.,Ritter,e:🏰⚔️🐴,ok
ch_geschichte,1,Welche Sagenfigur passt zu diesen Bildern?,"[""Wilhelm Tell"", ""Heidi"", ""Robin Hood"", ""Winkelried""]",Wilhelm Tell soll mit der Armbrust einen Apfel vom Kopf seines Sohnes geschossen haben.,Apfel + Armbrust = Tell.,Wilhelm Tell,e:🍎🏹,ok
ch_geschichte,1,Welcher Schweizer Feiertag wird mit Höhenfeuern und Feuerwerk gefeiert?,"[""Der 1. August"", ""Ostern"", ""Der 1. Mai"", ""Weihnachten""]","Am Nationalfeiertag, dem 1. August, gibt es Höhenfeuer, Lampions und Feuerwerk.",1. August = Bundesfeier.,Schweizer Bundesfeier,e:🔥🎆🎉,ok
kt_ZH,1,Welcher Zürcher Brauch ist hier gemeint?,"[""Das Sechseläuten mit dem Böögg"", ""Die Basler Fasnacht"", ""Die Escalade"", ""Der Zibelemärit""]","Am Sechseläuten wird der Schneemann Böögg verbrannt. Je schneller sein Kopf explodiert, desto schöner soll der Sommer werden.",Böögg brennt am Sechseläuten.,Sechseläuten,e:⛄🔥,ok
kt_GE,1,Welches Genfer Fest ist hier gemeint?,"[""Die Escalade"", ""Das Sechseläuten"", ""Die Fasnacht"", ""Das Knabenschiessen""]",An der Escalade zerschlägt man Schokoladentöpfe – in Erinnerung an die Suppe der Mère Royaume von 1602.,Escalade = Schokoladentopf.,Escalade,e:🍲🍫,ok
medien,1,Was ist hier gemeint?,"[""Vor dem Schlafen das Handy weglegen"", ""Im Bett Videos schauen"", ""Das Bett verkaufen"", ""Das Handy ins Bett legen""]",Helles Bildschirmlicht und spannende Videos halten wach. Ohne Handy schläft man besser ein.,Handy weg = besser schlafen.,Schlafhygiene,e:📵🛏️,ok
rel_christentum,1,Welches Fest passt zu diesen Bildern?,"[""Weihnachten"", ""Ostern"", ""Halloween"", ""Diwali""]","Weihnachtsbaum, Geschenke und Stern gehören zu Weihnachten, dem Fest der Geburt Jesu.",🎄 = Weihnachten.,Weihnachten,e:🎄🎁⭐,ok
rel_christentum,1,Welches Fest passt zu diesen Bildern?,"[""Ostern"", ""Weihnachten"", ""Pfingsten"", ""Neujahr""]","Küken, Eier und Hasen sind Zeichen für Ostern und neues Leben im Frühling.",🥚🐰 = Ostern.,Ostern,e:🐣🥚🐰,ok
rel_andere,2,Zu welchem Fest gehört dieser Leuchter?,"[""Chanukka"", ""Weihnachten"", ""Ramadan"", ""Ostern""]",Am jüdischen Lichterfest Chanukka wird an acht Abenden jeweils ein Licht mehr angezündet.,🕎 = Chanukka.,Chanukka,e:🕎,ok
koerper,1,Wie oft sollte man das mindestens am Tag machen?,"[""Zweimal"", ""Nie"", ""Einmal pro Woche"", ""Zehnmal""]",Morgens und abends Zähne putzen schützt vor Karies.,Zähneputzen: 2× am Tag.,Zahnpflege,e:🦷🪥,ok
pol_demokratie,1,Was machen die Stimmberechtigten hier?,"[""Sie stimmen ab oder wählen"", ""Sie schicken Ferienkarten"", ""Sie bezahlen Rechnungen"", ""Sie spielen Lotto""]",In der Schweiz kann man per Brief oder an der Urne abstimmen und wählen.,Urne = abstimmen.,Abstimmung,e:🗳️✉️,ok
steuern,1,Womit werden diese Dinge bezahlt?,"[""Mit Steuern"", ""Mit Taschengeld"", ""Mit Spielgeld"", ""Gar nicht""]","Schulen, Strassen und Feuerwehr bezahlen wir gemeinsam mit Steuern.","Steuern zahlen, was alle brauchen.",Steuer,e:🏫🛣️🚒,ok
krankenkasse,1,"Wer hilft, diese Kosten zu bezahlen?","[""Die Krankenkasse"", ""Die Bank"", ""Die Schule"", ""Der Kiosk""]",Arztbesuche und Medikamente werden zu einem grossen Teil über die Krankenkasse bezahlt.,Krank? Krankenkasse hilft zahlen.,Krankenversicherung,e:🤒👩‍⚕️💊,ok
beruf,1,Welcher Beruf passt dazu?,"[""Bäckerin oder Bäcker"", ""Coiffeuse oder Coiffeur"", ""Polymechanikerin oder Polymechaniker"", ""Gärtnerin oder Gärtner""]",Brot und Gipfeli werden in der Bäckerei gebacken.,🥖 = Bäckerei.,Bäcker,e:🥖🥐,ok
beruf,1,Welcher Beruf passt dazu?,"[""Coiffeuse oder Coiffeur"", ""Bäckerin oder Bäcker"", ""Informatikerin oder Informatiker"", ""Logistikerin oder Logistiker""]","Coiffeusen und Coiffeure schneiden, waschen und färben Haare.",✂️ = Coiffeur.,Friseur,e:✂️💇,ok
kt_ZH,2,Zu welchem Kanton gehört dieses Wappen?,"[""Zürich"", ""Solothurn"", ""Appenzell Innerrhoden"", ""Graubünden""]","Das ist das Wappen von Zürich: schräg geteilt, oben weiss und unten blau. (Hier vereinfacht gezeichnet.)",Zürich: schräg geteilt.,Wappen des Kantons Zürich,w:ZH,ok
kt_BE,2,Zu welchem Kanton gehört dieses Wappen?,"[""Bern"", ""Graubünden"", ""Neuenburg"", ""Tessin""]",Das ist das Wappen von Bern: ein schwarzer Bär auf einem goldenen Schrägbalken in Rot. (Hier vereinfacht gezeichnet.),Bern: ein schwarzer Bär auf einem goldenen Schrägbalken in Rot.,Wappen des Kantons Bern,w:BE,ok
kt_LU,2,Zu welchem Kanton gehört dieses Wappen?,"[""Luzern"", ""St. Gallen"", ""Zug"", ""Neuenburg""]","Das ist das Wappen von Luzern: senkrecht geteilt, links blau und rechts weiss. (Hier vereinfacht gezeichnet.)",Luzern: senkrecht geteilt.,Wappen des Kantons Luzern,w:LU,ok
kt_UR,2,Zu welchem Kanton gehört dieses Wappen?,"[""Uri"", ""Jura"", ""Nidwalden"", ""Waadt""]",Das ist das Wappen von Uri: ein schwarzer Stierkopf mit rotem Nasenring auf Gold. (Hier vereinfacht gezeichnet.),Uri: ein schwarzer Stierkopf mit rotem Nasenring auf Gold.,Wappen des Kantons Uri,w:UR,ok
kt_SZ,2,Zu welchem Kanton gehört dieses Wappen?,"[""Schwyz"", ""Glarus"", ""Appenzell Ausserrhoden"", ""Nidwalden""]",Das ist das Wappen von Schwyz: rot mit einem kleinen weissen Kreuz oben links – daraus entstand die Schweizer Fahne. (Hier vereinfacht gezeichnet.),Schwyz: rot mit einem kleinen weissen Kreuz oben links – daraus entstand die Schweizer Fahne.,Wappen des Kantons Schwyz,w:SZ,ok
kt_OW,2,Zu welchem Kanton gehört dieses Wappen?,"[""Obwalden"", ""Zürich"", ""Basel-Landschaft"", ""Schaffhausen""]","Das ist das Wappen von Obwalden: oben rot, unten weiss, mit einem Schlüssel in den Gegenfarben. (Hier vereinfacht gezeichnet.)",Obwalden: oben rot.,Wappen des Kantons Obwalden,w:OW,ok
kt_NW,2,Zu welchem Kanton gehört dieses Wappen?,"[""Nidwalden"", ""Thurgau"", ""Basel-Landschaft"", ""Tessin""]",Das ist das Wappen von Nidwalden: zwei weisse Schlüssel auf rotem Grund. (Hier vereinfacht gezeichnet.),Nidwalden: zwei weisse Schlüssel auf rotem Grund.,Wappen des Kantons Nidwalden,w:NW,ok
kt_GL,2,Zu welchem Kanton gehört dieses Wappen?,"[""Glarus"", ""Zug"", ""Graubünden"", ""Thurgau""]",Das ist das Wappen von Glarus: der heilige Fridolin als Wanderer auf rotem Grund. (Hier vereinfacht gezeichnet.),Glarus: der heilige Fridolin als Wanderer auf rotem Grund.,Wappen des Kantons Glarus,w:GL,ok
kt_ZG,2,Zu welchem Kanton gehört dieses Wappen?,"[""Zug"", ""Luzern"", ""Basel-Stadt"", ""Bern""]",Das ist das Wappen von Zug: weiss mit einem blauen Querbalken. (Hier vereinfacht gezeichnet.),Zug: weiss mit einem blauen Querbalken.,Wappen des Kantons Zug,w:ZG,ok
kt_FR,2,Zu welchem Kanton gehört dieses Wappen?,"[""Freiburg"", ""Glarus"", ""St. Gallen"", ""Neuenburg""]","Das ist das Wappen von Freiburg: oben schwarz, unten weiss. (Hier vereinfacht gezeichnet.)",Freiburg: oben schwarz.,Wappen des Kantons Freiburg,w:FR,ok
kt_SO,2,Zu welchem Kanton gehört dieses Wappen?,"[""Solothurn"", ""Jura"", ""Appenzell Ausserrhoden"", ""Bern""]","Das ist das Wappen von Solothurn: oben rot, unten weiss. (Hier vereinfacht gezeichnet.)",Solothurn: oben rot.,Wappen des Kantons Solothurn,w:SO,ok
kt_BS,2,Zu welchem Kanton gehört dieses Wappen?,"[""Basel-Stadt"", ""St. Gallen"", ""Luzern"", ""Jura""]","Das ist das Wappen von Basel-Stadt: ein schwarzer Baselstab auf Weiss, nach links gewendet. (Hier vereinfacht gezeichnet.)",Basel-Stadt: ein schwarzer Baselstab auf Weiss.,Wappen des Kantons Basel-Stadt,w:BS,ok
kt_BL,2,Zu welchem Kanton gehört dieses Wappen?,"[""Basel-Landschaft"", ""Aargau"", ""Schaffhausen"", ""Solothurn""]","Das ist das Wappen von Basel-Landschaft: ein roter Baselstab auf Weiss mit kleinen Knöpfen, nach rechts gewendet. (Hier vereinfacht gezeichnet.)",Basel-Landschaft: ein roter Baselstab auf Weiss mit kleinen Knöpfen.,Wappen des Kantons Basel-Landschaft,w:BL,ok
kt_SH,2,Zu welchem Kanton gehört dieses Wappen?,"[""Schaffhausen"", ""Glarus"", ""Tessin"", ""Uri""]","Das ist das Wappen von Schaffhausen: ein schwarzer, springender Widder auf Gold. (Hier vereinfacht gezeichnet.)",Schaffhausen: ein schwarzer.,Wappen des Kantons Schaffhausen,w:SH,ok
kt_AR,2,Zu welchem Kanton gehört dieses Wappen?,"[""Appenzell Ausserrhoden"", ""Glarus"", ""Appenzell Innerrhoden"", ""Nidwalden""]",Das ist das Wappen von Appenzell Ausserrhoden: ein aufrechter schwarzer Bär auf Weiss mit den Buchstaben V und R. (Hier vereinfacht gezeichnet.),Appenzell Ausserrhoden: ein aufrechter schwarzer Bär auf Weiss mit den Buchstaben V und R.,Wappen des Kantons Appenzell Ausserrhoden,w:AR,ok
kt_AI,2,Zu welchem Kanton gehört dieses Wappen?,"[""Appenzell Innerrhoden"", ""Obwalden"", ""Genf"", ""Basel-Landschaft""]",Das ist das Wappen von Appenzell Innerrhoden: ein aufrechter schwarzer Bär auf Weiss. (Hier vereinfacht gezeichnet.),Appenzell Innerrhoden: ein aufrechter schwarzer Bär auf Weiss.,Wappen des Kantons Appenzell Innerrhoden,w:AI,ok
kt_SG,2,Zu welchem Kanton gehört dieses Wappen?,"[""St. Gallen"", ""Neuenburg"", ""Basel-Landschaft"", ""Uri""]",Das ist das Wappen von St. Gallen: ein weisses Rutenbündel mit Beil auf Grün. (Hier vereinfacht gezeichnet.),St. Gallen: ein weisses Rutenbündel mit Beil auf Grün.,Wappen des Kantons St. Gallen,w:SG,ok
kt_GR,2,Zu welchem Kanton gehört dieses Wappen?,"[""Graubünden"", ""Wallis"", ""Bern"", ""St. Gallen""]","Das ist das Wappen von Graubünden: die Zeichen der Drei Bünde: schwarz-weiss, ein Kreuz auf Blau und Gold und ein Steinbock. (Hier vereinfacht gezeichnet.)",Graubünden: die Zeichen der Drei Bünde: schwarz-weiss.,Wappen des Kantons Graubünden,w:GR,ok
kt_AG,2,Zu welchem Kanton gehört dieses Wappen?,"[""Aargau"", ""Glarus"", ""Schwyz"", ""St. Gallen""]","Das ist das Wappen von Aargau: links schwarz mit weissen Wellen für die Flüsse, rechts blau mit drei Sternen. (Hier vereinfacht gezeichnet.)",Aargau: links schwarz mit weissen Wellen für die Flüsse.,Wappen des Kantons Aargau,w:AG,ok
kt_TG,2,Zu welchem Kanton gehört dieses Wappen?,"[""Thurgau"", ""Graubünden"", ""Zürich"", ""Zug""]",Das ist das Wappen von Thurgau: schräg geteilt in Weiss und Grün mit zwei goldenen Löwen. (Hier vereinfacht gezeichnet.),Thurgau: schräg geteilt in Weiss und Grün mit zwei goldenen Löwen.,Wappen des Kantons Thurgau,w:TG,ok
kt_TI,2,Zu welchem Kanton gehört dieses Wappen?,"[""Tessin"", ""Obwalden"", ""Nidwalden"", ""Waadt""]","Das ist das Wappen von Tessin: senkrecht geteilt, links rot und rechts blau. (Hier vereinfacht gezeichnet.)",Tessin: senkrecht geteilt.,Wappen des Kantons Tessin,w:TI,ok
kt_VD,2,Zu welchem Kanton gehört dieses Wappen?,"[""Waadt"", ""Appenzell Ausserrhoden"", ""Nidwalden"", ""Tessin""]","Das ist das Wappen von Waadt: oben weiss mit der Inschrift «Liberté et Patrie», unten grün. (Hier vereinfacht gezeichnet.)",Waadt: oben weiss mit der Inschrift «Liberté et Patrie».,Wappen des Kantons Waadt,w:VD,ok
kt_VS,2,Zu welchem Kanton gehört dieses Wappen?,"[""Wallis"", ""Basel-Landschaft"", ""Basel-Stadt"", ""Nidwalden""]","Das ist das Wappen von Wallis: links weiss, rechts rot, mit 13 Sternen für die Bezirke. (Hier vereinfacht gezeichnet.)",Wallis: links weiss.,Wappen des Kantons Wallis,w:VS,ok
kt_NE,2,Zu welchem Kanton gehört dieses Wappen?,"[""Neuenburg"", ""Nidwalden"", ""Jura"", ""Solothurn""]","Das ist das Wappen von Neuenburg: grün, weiss, rot mit einem weissen Kreuz im roten Feld. (Hier vereinfacht gezeichnet.)",Neuenburg: grün.,Wappen des Kantons Neuenburg,w:NE,ok
kt_GE,2,Zu welchem Kanton gehört dieses Wappen?,"[""Genf"", ""Basel-Landschaft"", ""Freiburg"", ""Tessin""]","Das ist das Wappen von Genf: links ein halber schwarzer Adler auf Gold, rechts ein goldener Schlüssel auf Rot. (Hier vereinfacht gezeichnet.)",Genf: links ein halber schwarzer Adler auf Gold.,Wappen des Kantons Genf,w:GE,ok
kt_JU,2,Zu welchem Kanton gehört dieses Wappen?,"[""Jura"", ""Tessin"", ""Aargau"", ""Wallis""]","Das ist das Wappen von Jura: links ein roter Baselstab auf Weiss, rechts rot-weisse Streifen. (Hier vereinfacht gezeichnet.)",Jura: links ein roter Baselstab auf Weiss.,Wappen des Kantons Jura,w:JU,ok
bilder,1,Zu welchem Land oder welcher Organisation gehört diese Flagge?,"[""Schweiz"", ""Dänemark"", ""Schweden"", ""Japan""]",Das ist die Flagge von Schweiz. Die Schweizer Fahne ist eigentlich quadratisch: ein weisses Kreuz auf Rot.,Schweiz: Die Schweizer Fahne ist eigentlich quadratisch: ein weisses Kreuz auf Rot.,Flagge Schweiz,f:CH,ok
bilder,1,Zu welchem Land oder welcher Organisation gehört diese Flagge?,"[""Deutschland"", ""Österreich"", ""Italien"", ""Europäische Union""]","Das ist die Flagge von Deutschland. Schwarz, Rot, Gold – waagrecht gestreift.","Deutschland: Schwarz, Rot, Gold.",Flagge Deutschland,f:DE,ok
bilder,1,Zu welchem Land oder welcher Organisation gehört diese Flagge?,"[""Frankreich"", ""Belgien"", ""Niederlande"", ""Liechtenstein""]","Das ist die Flagge von Frankreich. Blau, Weiss, Rot – senkrecht, die «Tricolore».","Frankreich: Blau, Weiss, Rot.",Flagge Frankreich,f:FR,ok
bilder,1,Zu welchem Land oder welcher Organisation gehört diese Flagge?,"[""Italien"", ""Deutschland"", ""Österreich"", ""Japan""]","Das ist die Flagge von Italien. Grün, Weiss, Rot – senkrecht gestreift.","Italien: Grün, Weiss, Rot.",Flagge Italien,f:IT,ok
bilder,1,Zu welchem Land oder welcher Organisation gehört diese Flagge?,"[""Österreich"", ""Belgien"", ""Schweden"", ""Italien""]","Das ist die Flagge von Österreich. Rot, Weiss, Rot – waagrecht gestreift.","Österreich: Rot, Weiss, Rot.",Flagge Österreich,f:AT,ok
bilder,2,Zu welchem Land oder welcher Organisation gehört diese Flagge?,"[""Liechtenstein"", ""Dänemark"", ""Schweiz"", ""Deutschland""]",Das ist die Flagge von Liechtenstein. Blau über Rot mit einer goldenen Krone.,Liechtenstein: Blau über Rot mit einer goldenen Krone.,Flagge Liechtenstein,f:LI,ok
bilder,2,Zu welchem Land oder welcher Organisation gehört diese Flagge?,"[""Niederlande"", ""Deutschland"", ""Liechtenstein"", ""Italien""]","Das ist die Flagge von Niederlande. Rot, Weiss, Blau – waagrecht gestreift.","Niederlande: Rot, Weiss, Blau.",Flagge Niederlande,f:NL,ok
bilder,2,Zu welchem Land oder welcher Organisation gehört diese Flagge?,"[""Belgien"", ""Schweden"", ""Frankreich"", ""Niederlande""]","Das ist die Flagge von Belgien. Schwarz, Gelb, Rot – senkrecht gestreift.","Belgien: Schwarz, Gelb, Rot.",Flagge Belgien,f:BE,ok
bilder,2,Zu welchem Land oder welcher Organisation gehört diese Flagge?,"[""Schweden"", ""Liechtenstein"", ""Japan"", ""Frankreich""]","Das ist die Flagge von Schweden. Ein gelbes Kreuz auf Blau, leicht nach links verschoben.","Schweden: Ein gelbes Kreuz auf Blau, leicht nach links verschoben.",Flagge Schweden,f:SE,ok
bilder,2,Zu welchem Land oder welcher Organisation gehört diese Flagge?,"[""Dänemark"", ""Europäische Union"", ""Belgien"", ""Italien""]",Das ist die Flagge von Dänemark. Ein weisses Kreuz auf Rot – eine der ältesten Flaggen der Welt.,Dänemark: Ein weisses Kreuz auf Rot.,Flagge Dänemark,f:DK,ok
bilder,2,Zu welchem Land oder welcher Organisation gehört diese Flagge?,"[""Japan"", ""Niederlande"", ""Europäische Union"", ""Frankreich""]",Das ist die Flagge von Japan. Ein roter Kreis auf Weiss – er steht für die Sonne.,Japan: Ein roter Kreis auf Weiss.,Flagge Japan,f:JP,ok
bilder,2,Zu welchem Land oder welcher Organisation gehört diese Flagge?,"[""Europäische Union"", ""Japan"", ""Italien"", ""Liechtenstein""]",Das ist die Flagge von Europäische Union. Zwölf goldene Sterne im Kreis auf Blau.,Europäische Union: Zwölf goldene Sterne im Kreis auf Blau.,Flagge Europäische Union,f:EU,ok
bilder,2,Wofür steht dieses Zeichen?,"[""Das Rote Kreuz"", ""Die Schweiz"", ""Dänemark"", ""Die Apotheke""]","Das Rote Kreuz ist die Schweizer Fahne in umgekehrten Farben – zu Ehren der Schweiz, wo es gegründet wurde.",Rotes Kreuz = Schweizer Fahne umgekehrt.,Rotes Kreuz,f:RK,ok
bilder,1,Welches Tier ist das?,"[""Fuchs"", ""Oktopus"", ""Schildkröte"", ""Delfin""]",Füchse leben auch in Schweizer Wäldern und Städten und haben einen buschigen Schwanz.,Das ist ein Fuchs.,Fuchs,a:fuchs,ok
bilder,1,Welches Tier ist das?,"[""Panda"", ""Eule"", ""Delfin"", ""Pinguin""]",Grosse Pandas leben in China und fressen fast nur Bambus.,Das ist ein Panda.,Panda,a:panda,ok
bilder,1,Welches Tier ist das?,"[""Löwe"", ""Panda"", ""Oktopus"", ""Schildkröte""]",Löwen leben in Rudeln in Afrika. Die Männchen haben eine Mähne.,Das ist ein Löwe.,Löwe,a:loewe,ok
bilder,1,Welches Tier ist das?,"[""Frosch"", ""Einhorn"", ""Eule"", ""Schildkröte""]",Frösche leben an Land und im Wasser. Aus Kaulquappen werden Frösche.,Das ist ein Frosch.,Frosch,a:frosch,ok
bilder,1,Welches Tier ist das?,"[""Pinguin"", ""Eule"", ""Tiger"", ""Löwe""]","Pinguine sind Vögel, die nicht fliegen, aber sehr gut schwimmen können.",Das ist ein Pinguin.,Pinguin,a:pinguin,ok
bilder,1,Welches Tier ist das?,"[""Eule"", ""Fuchs"", ""Einhorn"", ""Schildkröte""]",Eulen jagen nachts und können ihren Kopf sehr weit drehen.,Das ist eine Eule.,Eule,a:eule,ok
bilder,1,Welches Tier ist das?,"[""Oktopus"", ""Löwe"", ""Panda"", ""Delfin""]",Ein Oktopus hat acht Arme und kann seine Farbe ändern.,Das ist ein Oktopus.,Oktopus,a:oktopus,ok
bilder,1,Welches Tier ist das?,"[""Schildkröte"", ""Einhorn"", ""Panda"", ""Löwe""]",Schildkröten tragen einen harten Panzer und können sehr alt werden.,Das ist eine Schildkröte.,Schildkröte,a:schildkroete,ok
bilder,1,Welches Tier ist das?,"[""Einhorn"", ""Delfin"", ""Biene"", ""Eule""]",Einhörner gibt es nicht wirklich – sie sind Fabelwesen aus Sagen und Märchen.,Das ist ein Einhorn.,Einhorn,a:einhorn,ok
bilder,1,Welches Tier ist das?,"[""Biene"", ""Eule"", ""Tiger"", ""Pinguin""]","Bienen sammeln Nektar, machen Honig und bestäuben Blüten.",Das ist eine Biene.,Biene,a:biene,ok
bilder,1,Welches Tier ist das?,"[""Delfin"", ""Schildkröte"", ""Eule"", ""Oktopus""]","Delfine sind Säugetiere und atmen Luft, obwohl sie im Meer leben.",Das ist ein Delfin.,Delfin,a:delfin,ok
bilder,1,Welches Tier ist das?,"[""Tiger"", ""Löwe"", ""Eule"", ""Panda""]",Tiger sind die grössten Raubkatzen und haben ein gestreiftes Fell.,Das ist ein Tiger.,Tiger,a:tiger,ok
pol_welt,1,Welches Tier gilt weltweit als Symbol für den Frieden?,"[""Die Taube"", ""Der Adler"", ""Der Löwe"", ""Der Hai""]","Die weisse Taube, oft mit einem Olivenzweig, ist ein bekanntes Friedenssymbol. Man sieht sie auf Plakaten, Fahnen und Briefmarken.",Friedenssymbol = weisse Taube.,Friedenstaube,,ok
pol_welt,1,Was bedeutet Frieden zwischen Ländern?,"[""Es gibt keinen Krieg, Streit wird ohne Gewalt gelöst"", ""Alle Länder haben die gleiche Flagge"", ""Niemand darf reisen"", ""Es gibt keine Regeln""]","Frieden heisst, dass Länder ihre Probleme durch Gespräche und Verträge lösen statt mit Waffen. Die UNO und die Schweiz setzen sich dafür ein.",Frieden = Streit ohne Gewalt lösen.,Frieden,,ok
pol_welt,2,Wie viele Nachbarländer hat die Schweiz?,"[""Fünf"", ""Drei"", ""Vier"", ""Sieben""]","Die Schweiz grenzt an Deutschland, Frankreich, Italien, Österreich und Liechtenstein.","5 Nachbarn: DE, FR, IT, AT, LI.",Schweiz,,ok
pol_welt,2,Wofür setzt sich UNICEF ein?,"[""Für die Rechte und das Wohl von Kindern weltweit"", ""Für Fussballturniere"", ""Für den Bau von Autobahnen"", ""Für die Rechte von Banken""]","UNICEF ist das Kinderhilfswerk der Vereinten Nationen. Es hilft Kindern mit Impfungen, Schulen, sauberem Wasser und Schutz in Notlagen.",UNICEF = Kinderhilfswerk der UNO.,UNICEF,,ok
pol_welt,2,Welche UNO-Organisation mit Sitz in Genf kümmert sich um die Gesundheit weltweit?,"[""Die WHO (Weltgesundheitsorganisation)"", ""Die FIFA"", ""Die NATO"", ""Die SNB""]","Die WHO unterstützt Länder im Kampf gegen Krankheiten, etwa bei Impfprogrammen. Ihr Hauptsitz ist in Genf.","WHO = Gesundheit, Sitz in Genf.",Weltgesundheitsorganisation,,ok
pol_welt,2,Was ist ein Flüchtling?,"[""Ein Mensch, der wegen Krieg oder Verfolgung seine Heimat verlassen musste"", ""Jemand, der in den Ferien ist"", ""Ein Sportler auf der Flucht vor dem Ball"", ""Ein Tourist in einem Hotel""]","Flüchtlinge fliehen vor Gefahr für Leib und Leben. Die Genfer Flüchtlingskonvention schützt ihre Rechte, und das UNO-Flüchtlingshilfswerk UNHCR unterstützt sie.",Flüchtling = Flucht vor Krieg oder Verfolgung.,Flüchtling,,ok
pol_welt,2,In welcher Stadt haben die wichtigsten Institutionen der EU ihren Sitz?,"[""Brüssel"", ""Bern"", ""Wien"", ""Madrid""]",Die EU-Kommission und der Rat der EU sitzen in Brüssel in Belgien. Das EU-Parlament tagt auch in Strassburg.,EU-Zentrale: Brüssel.,Europäische Kommission,,ok
pol_welt,3,Was sind Sanktionen in der Weltpolitik?,"[""Strafmassnahmen gegen einen Staat, zum Beispiel Handelsverbote"", ""Geschenke an befreundete Länder"", ""Ein Sportwettbewerb"", ""Eine Wahl in der UNO""]","Mit Sanktionen wollen Staaten Druck ausüben, etwa wenn ein Land das Völkerrecht verletzt. Häufig wird der Handel eingeschränkt oder Vermögen wird eingefroren.",Sanktionen = Druck durch Strafmassnahmen.,Sanktion,,ok
pol_welt,3,Welches Gericht in Den Haag entscheidet über Streitigkeiten zwischen Staaten?,"[""Der Internationale Gerichtshof"", ""Das Bundesgericht"", ""Der Europäische Fussballverband"", ""Das Zürcher Obergericht""]",Der Internationale Gerichtshof ist das wichtigste Gericht der UNO. Staaten können dort Streitfragen friedlich klären lassen.,Den Haag: Internationaler Gerichtshof.,Internationaler Gerichtshof,,ok
pol_welt,3,Was sind die 17 Nachhaltigkeitsziele der UNO?,"[""Ziele wie keine Armut, Bildung für alle und Klimaschutz, die bis 2030 erreicht werden sollen"", ""Regeln für die Olympischen Spiele"", ""Die 17 Artikel der Schweizer Verfassung"", ""Eine Liste der 17 grössten Städte""]","2015 haben sich alle UNO-Mitglieder auf 17 Ziele geeinigt, zum Beispiel Hunger beenden, Gleichstellung und Klimaschutz. Auch die Schweiz arbeitet daran.",17 UNO-Ziele bis 2030.,Ziele für nachhaltige Entwicklung,,ok
pol_welt,3,Was bedeutet Globalisierung?,"[""Die weltweite Vernetzung von Wirtschaft, Politik und Kultur"", ""Dass alle Menschen gleich gross werden"", ""Die Erfindung des Globus"", ""Dass Länder keinen Handel mehr treiben""]","Waren, Informationen und Menschen bewegen sich heute schnell über die ganze Welt. Ein T-Shirt wird zum Beispiel oft in einem Land genäht und in einem anderen verkauft.",Globalisierung = weltweite Vernetzung.,Globalisierung,,ok
pol_kommunismus,1,Welche Farbe wird oft mit dem Kommunismus verbunden?,"[""Rot"", ""Grün"", ""Gelb"", ""Violett""]","Die rote Fahne war das Zeichen vieler Arbeiterbewegungen und kommunistischer Staaten, zum Beispiel der Sowjetunion und Chinas.",Kommunismus = Rot.,Rote Fahne,,ok
pol_kommunismus,1,Was trennte früher Ost- und Westberlin?,"[""Eine Mauer"", ""Ein Fluss ohne Brücken"", ""Ein Gebirge"", ""Ein Meer""]","Die kommunistische Regierung der DDR baute eine Mauer quer durch Berlin, damit die Menschen nicht in den Westen gingen. 1989 wurde sie geöffnet.",Berlin war durch eine Mauer geteilt.,Berliner Mauer,,ok
pol_kommunismus,2,Welches Zeichen war auf der Flagge der Sowjetunion?,"[""Hammer und Sichel mit einem Stern"", ""Ein weisses Kreuz"", ""Ein Adler mit Krone"", ""Zwölf Sterne im Kreis""]",Hammer und Sichel standen für die Arbeiter in den Fabriken und die Bauern auf dem Feld. Der Stern darüber stand für die Partei.,"Sowjetflagge: Hammer, Sichel, Stern.",Flagge der Sowjetunion,,ok
pol_kommunismus,2,In welchem Jahr wurde die Berliner Mauer gebaut?,"[""1961"", ""1945"", ""1989"", ""1918""]","Im August 1961 riegelte die DDR Ost-Berlin ab. Die Mauer stand 28 Jahre lang, bis sie im November 1989 geöffnet wurde.","Mauerbau 1961, Mauerfall 1989.",Berliner Mauer,,ok
pol_kommunismus,2,Welche Insel in der Karibik wird seit der Revolution von 1959 kommunistisch regiert?,"[""Kuba"", ""Jamaika"", ""Island"", ""Mallorca""]",Nach der Revolution übernahm Fidel Castro die Macht in Kuba. Bis heute regiert dort die Kommunistische Partei als einzige Partei.,Kuba: seit 1959 kommunistisch.,Kuba,,ok
pol_kommunismus,2,Wer führte 1959 die Revolution in Kuba an?,"[""Fidel Castro"", ""Lenin"", ""Mao Zedong"", ""Napoleon""]",Fidel Castro regierte Kuba fast 50 Jahre lang. Danach übernahm sein Bruder Raúl die Führung.,Kuba: Fidel Castro.,Fidel Castro,,ok
pol_kommunismus,2,Was bezeichnete man als «Eisernen Vorhang»?,"[""Die stark bewachte Grenze zwischen Ost- und Westeuropa im Kalten Krieg"", ""Einen Vorhang im Theater"", ""Eine Rüstung aus dem Mittelalter"", ""Eine Mauer um Moskau""]","Die Grenze zwischen den kommunistischen Staaten im Osten und den Demokratien im Westen war mit Zäunen, Minen und Wachtürmen gesichert. 1989 öffnete sie sich.",Eiserner Vorhang = Grenze im Kalten Krieg.,Eiserner Vorhang,,ok
pol_kommunismus,3,Wer war Josef Stalin?,"[""Der Diktator der Sowjetunion, unter dem Millionen Menschen verfolgt wurden"", ""Ein amerikanischer Präsident"", ""Ein Schweizer Bundesrat"", ""Ein Erfinder aus England""]","Stalin herrschte ab den 1920er-Jahren bis zu seinem Tod 1953. Unter seiner Herrschaft wurden Millionen Menschen verhaftet, in Lager gesperrt oder getötet.",Stalin: Diktatur in der Sowjetunion.,Josef Stalin,,ok
pol_kommunismus,3,Was war der Gulag?,"[""Ein System von Straf- und Arbeitslagern in der Sowjetunion"", ""Ein russisches Nationalgericht"", ""Ein Fluss in Sibirien"", ""Eine Zeitung""]","In den Lagern mussten Gefangene unter sehr harten Bedingungen arbeiten, viele starben. Oft reichte schon Kritik an der Regierung für eine Verhaftung.",Gulag = Arbeitslager der Sowjetunion.,Gulag,,ok
pol_kommunismus,3,Wer rief 1949 die Volksrepublik China aus?,"[""Mao Zedong"", ""Konfuzius"", ""Deng Xiaoping"", ""Fidel Castro""]",Mao führte die Kommunistische Partei im Bürgerkrieg zum Sieg und regierte China bis 1976. Seine Politik wie der «Grosse Sprung nach vorn» führte zu einer Hungersnot mit sehr vielen Toten.,1949: Mao gründet die Volksrepublik China.,Mao Zedong,,ok
pol_kommunismus,3,Welcher sowjetische Politiker leitete ab 1985 Reformen wie «Glasnost» (Offenheit) ein?,"[""Michail Gorbatschow"", ""Josef Stalin"", ""Wladimir Lenin"", ""Leonid Breschnew""]",Gorbatschow wollte die Sowjetunion öffnen und modernisieren. Seine Reformen trugen zum Ende des Kalten Krieges bei. 1990 erhielt er den Friedensnobelpreis.,Gorbatschow: Glasnost und Perestroika.,Michail Gorbatschow,,ok
pol_kommunismus,3,"Welches Land ist seit dem Koreakrieg geteilt, wobei der Norden bis heute diktatorisch regiert wird?","[""Korea"", ""Japan"", ""Vietnam"", ""China""]","Seit 1953 trennt eine stark bewachte Grenze Nord- und Südkorea. Im Norden herrscht eine Familie mit grosser Macht, der Süden ist eine Demokratie.","Korea: Norden Diktatur, Süden Demokratie.",Nordkorea,,ok
pol_diktatur,1,"Darf man in einer Diktatur meistens frei sagen, was man über die Regierung denkt?","[""Nein, Kritik kann bestraft werden"", ""Ja, immer"", ""Nur am Wochenende"", ""Nur Kinder dürfen das""]",In Diktaturen ist Kritik an den Herrschenden oft verboten. In einer Demokratie wie der Schweiz darf man seine Meinung frei sagen.,Diktatur: keine freie Meinung.,Meinungsfreiheit,,ok
pol_diktatur,1,"In welcher Staatsform kann das Volk frei wählen, wer regiert?","[""In einer Demokratie"", ""In einer Diktatur"", ""In einer absoluten Monarchie"", ""In gar keiner""]",In einer Demokratie wählen die Menschen ihre Regierung frei und können sie auch wieder abwählen. In einer Diktatur geht das nicht.,Frei wählen = Demokratie.,Demokratie,,ok
pol_diktatur,2,Was ist ein Personenkult?,"[""Ein Herrscher wird übertrieben verehrt, zum Beispiel mit riesigen Bildern und Statuen"", ""Ein Klub für Fans eines Sängers"", ""Ein religiöses Fest"", ""Ein Schulfach""]","Viele Diktatoren lassen sich überall zeigen und loben. So soll der Eindruck entstehen, dass sie unersetzlich sind und niemand sie kritisieren darf.",Personenkult = übertriebene Verehrung.,Personenkult,,ok
pol_diktatur,2,Was machte die «Stasi» in der DDR?,"[""Sie überwachte als Geheimpolizei die Bevölkerung"", ""Sie baute Strassen"", ""Sie organisierte Sportfeste"", ""Sie war eine Fernsehsendung""]","Die Stasi hörte Telefone ab, las Briefe und hatte viele Spitzel. Wer als Gegner galt, konnte verhaftet werden. Heute können Menschen ihre Stasi-Akten einsehen.",Stasi = Geheimpolizei der DDR.,Ministerium für Staatssicherheit,,ok
pol_diktatur,2,Was ist eine Militärdiktatur?,"[""Die Armee oder Generäle regieren das Land ohne freie Wahlen"", ""Ein Land ohne Armee"", ""Eine Demokratie mit Wehrpflicht"", ""Ein Sportverein""]","Oft übernimmt das Militär durch einen Putsch die Macht. Parlamente werden aufgelöst, Gegner verfolgt.",Militärdiktatur = Generäle an der Macht.,Militärdiktatur,,ok
pol_diktatur,2,Was sind Menschenrechte?,"[""Rechte, die jedem Menschen zustehen, zum Beispiel Freiheit und Schutz vor Folter"", ""Rechte nur für Erwachsene über 30"", ""Regeln für den Strassenverkehr"", ""Rechte, die man kaufen muss""]","1948 verabschiedete die UNO die Allgemeine Erklärung der Menschenrechte. Diktaturen verletzen diese Rechte oft, etwa durch willkürliche Verhaftungen.",Menschenrechte gelten für alle.,Allgemeine Erklärung der Menschenrechte,,ok
pol_diktatur,3,Wer regierte Spanien von 1939 bis 1975 als Diktator?,"[""Francisco Franco"", ""Benito Mussolini"", ""Juan Carlos I."", ""Pablo Picasso""]",Franco kam nach dem Spanischen Bürgerkrieg an die Macht. Nach seinem Tod 1975 wurde Spanien eine Demokratie mit König Juan Carlos I. als Staatsoberhaupt.,Spanien: Franco 1939–1975.,Francisco Franco,,ok
pol_diktatur,3,Wer war Augusto Pinochet?,"[""Ein General, der Chile von 1973 bis 1990 als Militärdiktator regierte"", ""Ein Schweizer Maler"", ""Ein Fussballspieler aus Argentinien"", ""Ein Papst""]","Pinochet kam 1973 durch einen Putsch an die Macht. Tausende Gegner wurden verfolgt, gefoltert oder getötet. 1988 stimmte das Volk gegen ihn, danach kehrte Chile zur Demokratie zurück.",Chile: Pinochet 1973–1990.,Augusto Pinochet,,ok
pol_diktatur,3,Was bedeutete «Gleichschaltung» in der Zeit des Nationalsozialismus?,"[""Parteien, Vereine und Medien wurden aufgelöst oder unter Kontrolle der Nazis gebracht"", ""Alle Uhren wurden gleich gestellt"", ""Alle bekamen den gleichen Lohn"", ""Alle Schulen erhielten die gleichen Bücher über Mathematik""]",Ab 1933 schalteten die Nationalsozialisten alle unabhängigen Organisationen aus. So gab es keine Opposition und keine freie Presse mehr.,Gleichschaltung = keine unabhängigen Stimmen mehr.,Gleichschaltung,,ok
pol_diktatur,3,Was ist ein Schauprozess?,"[""Ein öffentliches Gerichtsverfahren, dessen Urteil schon vorher feststeht"", ""Eine Theateraufführung im Gericht"", ""Ein Prozess, bei dem man zuschauen darf und fair urteilt"", ""Eine Modeschau""]","Diktaturen nutzen Schauprozesse, um Gegner vor aller Augen zu verurteilen und die Bevölkerung einzuschüchtern. Ein faires Verfahren gibt es dabei nicht.",Schauprozess = Urteil steht vorher fest.,Schauprozess,,ok
pol_diktatur,3,Was geschah 1989 auf dem Tian’anmen-Platz in Peking?,"[""Proteste für mehr Freiheit wurden vom Militär gewaltsam niedergeschlagen"", ""Die Olympischen Spiele wurden eröffnet"", ""Die Chinesische Mauer wurde fertiggestellt"", ""China wurde eine Demokratie""]","Viele Studierende demonstrierten für mehr Freiheit. Im Juni 1989 liess die Regierung die Proteste mit Panzern beenden, dabei starben zahlreiche Menschen. In China wird darüber bis heute kaum offen gesprochen.",1989: Proteste in Peking gewaltsam beendet.,Tian’anmen-Massaker,,ok
pol_diktatur,3,"Was schützt ein Land am besten davor, zur Diktatur zu werden?","[""Gewaltenteilung, freie Wahlen, freie Medien und unabhängige Gerichte"", ""Eine möglichst grosse Armee"", ""Ein einziger starker Anführer"", ""Möglichst wenige Gesetze""]","Wenn sich Parlament, Regierung, Gerichte und Medien gegenseitig kontrollieren, kann niemand allein alle Macht an sich reissen.",Kontrolle der Macht schützt die Demokratie.,Rechtsstaat,,ok
rel_christentum,1,Wer kommt in der Schweiz am 6. Dezember zu vielen Kindern?,"[""Der Samichlaus"", ""Der Osterhase"", ""Das Christkind im Sommer"", ""Der Weihnachtsmann im Juli""]","Der Samichlaus geht auf den heiligen Nikolaus zurück, einen Bischof, der Kindern und Armen geholfen haben soll. Oft begleitet ihn der Schmutzli.",6. Dezember: Samichlaus.,Nikolaus von Myra,,ok
rel_christentum,1,Wie viele Jünger (Apostel) hatte Jesus laut der Bibel?,"[""Zwölf"", ""Drei"", ""Sieben"", ""Hundert""]",Die zwölf Apostel begleiteten Jesus und verbreiteten nach seinem Tod seine Lehre. Bekannte Apostel sind Petrus und Johannes.,Jesus hatte 12 Apostel.,Apostel,,ok
rel_christentum,1,Wie viele Kerzen hat ein Adventskranz?,"[""Vier"", ""Zwei"", ""Sieben"", ""Zwölf""]",An jedem der vier Adventssonntage vor Weihnachten wird eine Kerze mehr angezündet. So zählt man die Zeit bis Weihnachten.,Adventskranz: 4 Kerzen.,Adventskranz,,ok
rel_christentum,2,Wie heisst das bekannteste Gebet der Christinnen und Christen?,"[""Das Vaterunser"", ""Das Ave-Gebet im Koran"", ""Das Schma Israel"", ""Das Mantra Om""]",Laut Bibel hat Jesus seinen Jüngern das Vaterunser gelehrt. Es wird in katholischen und reformierten Gottesdiensten gebetet.,Wichtigstes christliches Gebet: Vaterunser.,Vaterunser,,ok
rel_christentum,2,Was bedeutet die Taufe im Christentum?,"[""Die Aufnahme in die christliche Gemeinschaft, meist mit Wasser"", ""Ein Geburtstagsfest"", ""Ein Schwimmkurs"", ""Die Hochzeit""]","Bei der Taufe wird meist Wasser über den Kopf gegossen. Viele Kinder werden als Babys getauft, manche Menschen erst als Erwachsene.",Taufe = Aufnahme ins Christentum.,Taufe,,ok
rel_christentum,3,Was ist die Konfirmation in der reformierten Kirche?,"[""Jugendliche bestätigen ihre Taufe und werden volles Gemeindemitglied"", ""Die Wahl eines Pfarrers"", ""Ein Fest zum Schulabschluss"", ""Eine Pilgerreise nach Rom""]",Die Konfirmation findet meist mit etwa 15 oder 16 Jahren statt. In der katholischen Kirche gibt es dafür die Firmung.,"Reformiert: Konfirmation, katholisch: Firmung.",Konfirmation,,ok
rel_islam,1,Wie lautet das arabische Wort für Gott?,"[""Allah"", ""Buddha"", ""Jahwe allein"", ""Zeus""]",«Allah» ist das arabische Wort für Gott. Auch arabisch sprechende Christen nennen Gott so.,Gott auf Arabisch: Allah.,Allah,,ok
rel_islam,1,Welches Fleisch essen gläubige Musliminnen und Muslime nicht?,"[""Schweinefleisch"", ""Hühnerfleisch"", ""Rindfleisch"", ""Lammfleisch""]",Nach den islamischen Speisevorschriften ist Schweinefleisch verboten. Erlaubte Speisen nennt man «halal».,"Erlaubt = halal, Schwein = verboten.",Islamische Speisevorschriften,,ok
rel_islam,2,Woran erinnert das islamische Opferfest?,"[""An Abraham (Ibrahim), der bereit war, Gott zu gehorchen"", ""An die Geburt Mohammeds"", ""An den Bau der ersten Moschee"", ""An das Ende des Winters""]",Das Opferfest ist das höchste Fest im Islam und findet während der Pilgerzeit statt. Familien feiern gemeinsam und teilen Essen mit Bedürftigen.,Opferfest: Erinnerung an Abraham.,Opferfest,,ok
rel_islam,2,In welche Richtung beten Musliminnen und Muslime?,"[""In Richtung Mekka"", ""Immer nach Norden"", ""In Richtung Jerusalem"", ""In Richtung Sonnenuntergang""]",Beim Gebet wenden sich Musliminnen und Muslime auf der ganzen Welt der Kaaba in Mekka zu. In der Moschee zeigt eine Nische an der Wand die Richtung.,Gebetsrichtung: Mekka.,Qibla,,ok
rel_islam,2,Was ist ein Imam?,"[""Jemand, der in der Moschee das Gebet leitet"", ""Ein Gebetsteppich"", ""Ein Monat im Jahr"", ""Eine heilige Stadt""]",Der Imam steht beim gemeinsamen Gebet vorne und betet vor. Oft hält er auch die Predigt am Freitag.,Imam = Vorbeter in der Moschee.,Imam,,ok
rel_islam,2,An welchem Wochentag findet das wichtige gemeinsame Gebet in der Moschee statt?,"[""Am Freitag"", ""Am Sonntag"", ""Am Samstag"", ""Am Montag""]",Das Freitagsgebet am Mittag ist für viele Musliminnen und Muslime der wichtigste Gottesdienst der Woche.,Islam: Freitagsgebet.,Freitagsgebet,,ok
rel_islam,3,"Welche Person ist im Judentum, Christentum und Islam gleichermassen wichtig?","[""Abraham"", ""Buddha"", ""Zeus"", ""Konfuzius""]","Abraham, im Islam Ibrahim, gilt in allen drei Religionen als Stammvater des Glaubens. Deshalb nennt man sie auch «abrahamitische Religionen».","Judentum, Christentum, Islam: Abraham.",Abraham,,ok
rel_islam,3,Mit welchem Ereignis beginnt die islamische Zeitrechnung?,"[""Mit der Auswanderung Mohammeds von Mekka nach Medina im Jahr 622"", ""Mit der Geburt von Jesus"", ""Mit dem Bau der Kaaba"", ""Mit dem Jahr 1000""]","Diese Auswanderung heisst Hidschra. Der islamische Kalender richtet sich nach dem Mond, darum verschieben sich Feste wie der Ramadan jedes Jahr.",Islamischer Kalender beginnt 622.,Hidschra,,ok
rel_islam,3,Wie heissen die Kapitel des Korans?,"[""Suren"", ""Psalmen"", ""Verse der Tora"", ""Mantras""]",Der Koran besteht aus 114 Suren. Die erste heisst «Al-Fatiha» und wird in jedem Gebet gesprochen.,Koran: 114 Suren.,Sure,,ok
rel_andere,1,"Wie heisst die kleine Kopfbedeckung, die viele jüdische Männer tragen?","[""Kippa"", ""Turban"", ""Kappe mit Schirm"", ""Helm""]","Die Kippa ist ein Zeichen des Respekts vor Gott. Viele tragen sie beim Beten, manche den ganzen Tag.",Jüdische Kopfbedeckung: Kippa.,Kippa,,ok
rel_andere,1,Welches Tier ist im Hinduismus besonders geachtet?,"[""Die Kuh"", ""Das Schwein"", ""Der Hai"", ""Die Ratte im Keller""]","Im Hinduismus gilt die Kuh als heilig, weil sie Milch gibt und für Leben und Güte steht. Viele Hindus essen darum kein Rindfleisch.",Hinduismus: Kuh ist heilig.,Heilige Kuh,,ok
rel_andere,2,In welchem Land leben die meisten Hindus?,"[""Indien"", ""Brasilien"", ""Schweden"", ""Ägypten""]","Die grosse Mehrheit der Hindus lebt in Indien und Nepal. Auch in der Schweiz gibt es Hindu-Tempel, zum Beispiel in Bern.",Hinduismus: vor allem Indien.,Hinduismus,,ok
rel_andere,2,Woran erinnert das jüdische Fest Pessach?,"[""An den Auszug der Israeliten aus Ägypten"", ""An die Geburt von Jesus"", ""An die Ernte im Herbst"", ""An das Ende des Ramadan""]","Laut Tora führte Mose die Israeliten aus der Sklaverei in Ägypten. An Pessach isst man ungesäuertes Brot, die Matze.",Pessach: Auszug aus Ägypten.,Pessach,,ok
rel_andere,2,Wie heisst das geistliche Oberhaupt des tibetischen Buddhismus?,"[""Dalai Lama"", ""Papst"", ""Imam"", ""Rabbiner""]",Der Dalai Lama setzt sich für Frieden und Gewaltlosigkeit ein. 1989 erhielt er den Friedensnobelpreis.,Tibetischer Buddhismus: Dalai Lama.,Dalai Lama,,ok
rel_andere,3,Was bedeutet «Karma» im Hinduismus und Buddhismus?,"[""Die Vorstellung, dass gute und schlechte Taten Folgen haben – auch für ein späteres Leben"", ""Ein Gericht aus Reis"", ""Ein Tempel in Indien"", ""Ein Feiertag im Winter""]","Nach dieser Lehre bestimmen die eigenen Taten, wie es einem im weiteren Leben oder in einer Wiedergeburt ergeht.",Karma: Taten haben Folgen.,Karma,,ok
rel_andere,3,Was feiern jüdische Jungen mit 13 Jahren?,"[""Bar Mizwa – sie werden religiös mündig"", ""Ihre Taufe"", ""Die Konfirmation"", ""Das Zuckerfest""]","Mit der Bar Mizwa (bei Mädchen Bat Mizwa, meist mit 12) übernehmen Jugendliche Verantwortung für die religiösen Gebote. Oft lesen sie dabei aus der Tora vor.",Bar/Bat Mizwa: religiös erwachsen.,Bar Mitzwa,,ok
natur,1,"Wie heisst der Stern, um den die Erde kreist?","[""Die Sonne"", ""Der Mond"", ""Der Polarstern"", ""Der Mars""]","Die Sonne ist ein riesiger Stern. Sie spendet Licht und Wärme, ohne sie gäbe es kein Leben auf der Erde.",Die Erde kreist um die Sonne.,Sonne,,ok
natur,1,Welche Jahreszeit folgt auf den Winter?,"[""Der Frühling"", ""Der Sommer"", ""Der Herbst"", ""Nochmals Winter""]","Die Reihenfolge ist Frühling, Sommer, Herbst, Winter. Im Frühling blühen die ersten Blumen, und die Tage werden länger.",Nach dem Winter kommt der Frühling.,Jahreszeit,,ok
natur,1,Was ist der Mond?,"[""Ein Himmelskörper, der um die Erde kreist"", ""Ein kleiner Stern, der selbst leuchtet"", ""Ein Planet wie die Erde mit Städten"", ""Eine Wolke""]","Der Mond leuchtet nicht selbst, er wird von der Sonne angestrahlt. Deshalb sehen wir ihn mal als Sichel, mal als Vollmond.",Der Mond kreist um die Erde.,Mond,,ok
natur,1,Woraus besteht Schnee?,"[""Aus winzigen Eiskristallen"", ""Aus Zucker"", ""Aus Watte"", ""Aus Salz""]","Wenn es in den Wolken sehr kalt ist, gefriert das Wasser zu Eiskristallen. Viele davon zusammen fallen als Schneeflocken.",Schnee = Eiskristalle.,Schnee,,ok
natur,2,Warum gibt es Tag und Nacht?,"[""Die Erde dreht sich in etwa 24 Stunden einmal um sich selbst"", ""Die Sonne geht jede Nacht aus"", ""Der Mond verdeckt die Sonne"", ""Wolken verdunkeln den Himmel""]","Die Seite der Erde, die zur Sonne zeigt, hat Tag. Die abgewandte Seite hat Nacht.",Erddrehung = Tag und Nacht.,Erdrotation,,ok
natur,2,Wie lange braucht die Erde für eine ganze Runde um die Sonne?,"[""Ungefähr ein Jahr"", ""Einen Tag"", ""Einen Monat"", ""Zehn Jahre""]","Die Erde braucht etwa 365 Tage für eine Runde. Weil es genau etwa 365 und ein Viertel Tage sind, gibt es alle vier Jahre ein Schaltjahr.",Eine Runde um die Sonne = 1 Jahr.,Erdbahn,,ok
natur,2,"Welcher Fluss ist der längste, der vollständig in der Schweiz fliesst?","[""Die Aare"", ""Der Rhein"", ""Die Rhone"", ""Der Inn""]","Die Aare entspringt im Berner Oberland und mündet bei Koblenz AG in den Rhein. Der Rhein ist insgesamt länger, fliesst aber auch durch andere Länder.",Längster Fluss nur in der Schweiz: Aare.,Aare,,ok
natur,3,Was ist Permafrost?,"[""Boden, der das ganze Jahr über gefroren bleibt"", ""Frost, der nur eine Nacht dauert"", ""Eine Eissorte"", ""Ein Wintersport""]","In den Alpen gibt es Permafrost in grosser Höhe. Wenn er wegen der Erwärmung auftaut, können Felsstürze und Murgänge häufiger werden.",Permafrost = dauerhaft gefrorener Boden.,Permafrost,,ok
natur,3,Warum ist der natürliche Treibhauseffekt für das Leben wichtig?,"[""Ohne ihn wäre es auf der Erde viel zu kalt"", ""Er macht den Himmel blau"", ""Er sorgt für Ebbe und Flut"", ""Er erzeugt Sauerstoff""]","Gase in der Atmosphäre halten einen Teil der Wärme zurück. Ohne diesen Effekt wäre es im Durchschnitt deutlich unter null Grad. Problematisch ist, dass der Mensch den Effekt verstärkt.",Natürlicher Treibhauseffekt: gut – zu viel: Klimawandel.,Treibhauseffekt,,ok
tiere,2,Welches ist das schnellste Landtier der Welt?,"[""Der Gepard"", ""Das Pferd"", ""Der Hase"", ""Der Strauss""]",Ein Gepard kann für kurze Strecken über 90 Kilometer pro Stunde erreichen. Lange durchhalten kann er dieses Tempo aber nicht.,Schnellstes Landtier: Gepard.,Gepard,,ok
tiere,2,Womit atmen Fische?,"[""Mit Kiemen"", ""Mit einer Lunge wie wir"", ""Mit der Haut allein"", ""Mit den Flossen""]",Fische nehmen Wasser durch das Maul auf. In den Kiemen gelangt der im Wasser gelöste Sauerstoff ins Blut.,Fische atmen mit Kiemen.,Kieme,,ok
tiere,2,Welcher Vogel kann sogar rückwärts fliegen?,"[""Der Kolibri"", ""Der Spatz"", ""Die Taube"", ""Das Huhn""]","Kolibris schlagen extrem schnell mit den Flügeln. So können sie in der Luft stehen bleiben und sogar rückwärts fliegen, während sie Nektar trinken.",Kolibri: fliegt auch rückwärts.,Kolibris,,ok
tiere,2,"Welches Tier der Alpen hat als Männchen grosse, gebogene Hörner und klettert sehr geschickt?","[""Der Steinbock"", ""Das Reh"", ""Der Fuchs"", ""Das Murmeltier""]",Der Steinbock war in der Schweiz fast ausgerottet und wurde wieder angesiedelt. Heute leben wieder viele Tausend in den Alpen. Er ist auch im Wappen von Graubünden.,Steinbock: Kletterkünstler der Alpen.,Alpensteinbock,,ok
tiere,2,Wie viele Beine hat eine Spinne?,"[""Acht"", ""Sechs"", ""Vier"", ""Zehn""]",Spinnen haben acht Beine und gehören nicht zu den Insekten. Insekten wie Käfer oder Bienen haben sechs Beine.,"Spinne 8 Beine, Insekt 6 Beine.",Webspinnen,,ok
tiere,3,"Was bedeutet es, wenn eine Tierart «vom Aussterben bedroht» ist?","[""Es gibt nur noch wenige Tiere, und die Art könnte ganz verschwinden"", ""Die Tiere sind gefährlich für Menschen"", ""Die Art ist neu entdeckt worden"", ""Die Tiere leben nur im Zoo""]","Auf der Roten Liste steht, welche Arten gefährdet sind. Gründe sind oft der Verlust von Lebensräumen, Wilderei oder der Klimawandel.",Bedroht = die Art könnte verschwinden.,Rote Liste gefährdeter Arten,,ok
tiere,3,Warum fliegen viele Vögel im Herbst in den Süden?,"[""Weil sie im Winter bei uns zu wenig Nahrung finden"", ""Weil sie Ferien machen"", ""Weil sie das Meer sehen wollen"", ""Weil ihre Federn im Winter ausfallen""]","Schwalben und Störche fressen zum Beispiel Insekten, die es im Winter kaum gibt. Darum fliegen sie Tausende Kilometer bis nach Afrika und kehren im Frühling zurück.",Zugvögel folgen der Nahrung.,Vogelzug,,ok
tiere,3,Was haben alle Wirbeltiere gemeinsam?,"[""Eine Wirbelsäule"", ""Federn"", ""Sechs Beine"", ""Kiemen""]","Zu den Wirbeltieren gehören Fische, Amphibien, Reptilien, Vögel und Säugetiere. Insekten, Schnecken und Würmer haben keine Wirbelsäule.",Wirbeltiere = Tiere mit Wirbelsäule.,Wirbeltiere,,ok
tiere,3,Welches Säugetier kann aktiv fliegen?,"[""Die Fledermaus"", ""Das Eichhörnchen"", ""Der Pinguin"", ""Der Hamster""]","Fledermäuse fliegen mit Flughäuten zwischen ihren Fingern. Nachts orientieren sie sich mit Ultraschall, also mit Echos.",Fliegendes Säugetier: Fledermaus.,Fledertiere,,ok
wissenschaft,1,"Wie nennt man Forschende, die Sterne und Planeten untersuchen?","[""Astronominnen und Astronomen"", ""Archäologinnen und Archäologen"", ""Geologinnen und Geologen"", ""Zoologinnen und Zoologen""]","Astronomen beobachten den Himmel mit Teleskopen. Archäologen erforschen alte Funde, Geologen Gesteine und Zoologen Tiere.",Sterne erforschen = Astronomie.,Astronomie,,ok
wissenschaft,1,Welches Gerät zeigt mit seiner Nadel nach Norden?,"[""Der Kompass"", ""Das Thermometer"", ""Die Waage"", ""Die Uhr""]",Die Kompassnadel ist magnetisch und richtet sich nach dem Magnetfeld der Erde aus. So findet man auch ohne Handy die Richtung.,Kompass zeigt nach Norden.,Kompass,,ok
wissenschaft,2,Wer machte die Glühbirne ab 1879 alltagstauglich?,"[""Thomas Edison"", ""Albert Einstein"", ""Isaac Newton"", ""Charles Darwin""]","Mehrere Erfinder arbeiteten an der Glühbirne. Edison entwickelte eine Version, die lange leuchtete und sich gut herstellen liess.",Glühbirne im Alltag: Edison.,Glühlampe,,ok
wissenschaft,2,Was untersucht die Biologie?,"[""Lebewesen – Pflanzen, Tiere, Menschen und Mikroorganismen"", ""Die Sterne"", ""Die Sprache"", ""Die Zahlen""]","Das Wort kommt aus dem Griechischen: «bios» heisst Leben. Die Biologie erforscht, wie Lebewesen aufgebaut sind und zusammenleben.",Biologie = Lehre vom Leben.,Biologie,,ok
wissenschaft,2,Was unterscheidet ein Virus von einem Bakterium?,"[""Ein Virus ist viel kleiner und kann sich nur in fremden Zellen vermehren"", ""Ein Virus ist grösser als eine Maus"", ""Viren sind immer harmlos"", ""Es gibt keinen Unterschied""]","Bakterien sind eigenständige Lebewesen. Viren brauchen die Zellen eines Wirts, um sich zu vermehren. Deshalb wirken Antibiotika gegen Viren nicht.",Virus braucht fremde Zellen.,Virus,,ok
wissenschaft,3,Welcher Schweizer Forscher stieg 1931 mit einem Ballon als erster Mensch in die Stratosphäre auf?,"[""Auguste Piccard"", ""Albert Einstein"", ""Henri Dunant"", ""Jean Piaget""]",Piccard erreichte mit einem Ballon mit Druckkabine eine Höhe von rund 15 Kilometern. Später baute er auch Tauchboote für die Tiefsee.,"Piccard: Ballon in die Stratosphäre, 1931.",Auguste Piccard,,ok
koerper,3,Welches Organ reinigt das Blut und bildet den Urin?,"[""Die Nieren"", ""Die Lunge"", ""Das Herz"", ""Der Magen""]",Die beiden Nieren filtern jeden Tag grosse Mengen Blut. Abfallstoffe und überschüssiges Wasser werden als Urin ausgeschieden.,Nieren = Blutfilter.,Niere,,ok
koerper,3,Welches ist das grösste innere Organ des Menschen?,"[""Die Leber"", ""Das Herz"", ""Die Niere"", ""Die Milz""]","Die Leber liegt rechts im Oberbauch. Sie baut Giftstoffe ab, speichert Energie und bildet Galle für die Verdauung.",Grösstes inneres Organ: Leber.,Leber,,ok
koerper,3,Was transportieren die roten Blutkörperchen?,"[""Sauerstoff"", ""Nahrung für die Knochen"", ""Gedanken"", ""Wasser zum Schwitzen""]",Rote Blutkörperchen enthalten den roten Farbstoff Hämoglobin. Er bindet Sauerstoff in der Lunge und gibt ihn im ganzen Körper wieder ab.,Rote Blutkörperchen = Sauerstofftransport.,Erythrozyt,,ok
koerper,3,Wofür braucht der Körper Eiweiss (Proteine)?,"[""Zum Aufbau von Muskeln, Zellen und vielen wichtigen Stoffen"", ""Nur für die Haarfarbe"", ""Zum Atmen"", ""Gar nicht""]","Eiweiss steckt zum Beispiel in Milchprodukten, Eiern, Hülsenfrüchten, Fleisch und Fisch. Der Körper baut daraus Muskeln, Haut und Abwehrstoffe.",Eiweiss = Baustoff des Körpers.,Protein,,ok
geo_schweiz,1,Welcher grosse See liegt bei Genf und Lausanne?,"[""Der Genfersee"", ""Der Zürichsee"", ""Der Bodensee"", ""Der Vierwaldstättersee""]","Der Genfersee ist der grösste See der Alpen. Das Südufer gehört zu Frankreich, das Nordufer zur Schweiz.",Genf und Lausanne liegen am Genfersee.,Genfersee,,ok
geo_schweiz,1,Welches Gebirge bedeckt einen grossen Teil der Schweiz?,"[""Die Alpen"", ""Die Pyrenäen"", ""Der Himalaya"", ""Die Anden""]","Rund 60 Prozent der Schweiz liegen in den Alpen. Dort gibt es hohe Berge, Gletscher und viele Täler.",Die Schweiz ist ein Alpenland.,Alpen,,ok
geo_schweiz,1,Welches ist die grösste Stadt der Schweiz?,"[""Zürich"", ""Bern"", ""Basel"", ""Luzern""]","Zürich hat am meisten Einwohnerinnen und Einwohner. Bern ist die Bundesstadt, aber deutlich kleiner.",Grösste Stadt: Zürich.,Zürich,,ok
geo_schweiz,1,Welches Nachbarland liegt nördlich der Schweiz?,"[""Deutschland"", ""Italien"", ""Frankreich"", ""Österreich""]","Im Norden grenzt die Schweiz an Deutschland, im Westen an Frankreich, im Süden an Italien und im Osten an Österreich und Liechtenstein.","Norden: Deutschland, Süden: Italien.",Deutschland,,ok
geo_schweiz,1,Welcher Fluss fliesst in einer grossen Schlaufe um die Altstadt von Bern?,"[""Die Aare"", ""Die Limmat"", ""Die Reuss"", ""Der Rhein""]",Die Berner Altstadt liegt auf einer Halbinsel in einer Aareschlaufe. Im Sommer schwimmen viele Menschen in der Aare.,Bern liegt an der Aare.,Aare,,ok
geo_schweiz,1,Welche Farbe haben die Wegweiser für normale Wanderwege in der Schweiz?,"[""Gelb"", ""Rot"", ""Blau"", ""Grün""]","Gelbe Wegweiser zeigen Wanderwege. Bergwanderwege sind weiss-rot-weiss markiert, Alpinwanderwege weiss-blau-weiss.",Wanderweg = gelb.,Wanderwege in der Schweiz,,ok
geo_schweiz,2,Aus welchen drei grossen Landschaften besteht die Schweiz?,"[""Jura, Mittelland und Alpen"", ""Wüste, Küste und Wald"", ""Alpen, Meer und Inseln"", ""Nord, Süd und Mitte""]","Im Nordwesten liegt der Jura, in der Mitte das flachere Mittelland und im Süden die Alpen. Die Alpen nehmen die grösste Fläche ein.",Jura – Mittelland – Alpen.,Geographie der Schweiz,,ok
geo_schweiz,2,In welcher Landschaft wohnen die meisten Menschen der Schweiz?,"[""Im Mittelland"", ""In den Alpen"", ""Im Jura"", ""Auf den Gletschern""]","Das Mittelland ist flacher und gut erreichbar. Deshalb liegen dort die meisten Städte wie Zürich, Bern und Lausanne.",Die meisten wohnen im Mittelland.,Schweizer Mittelland,,ok
geo_schweiz,2,Welcher Fluss entspringt am Rhonegletscher und fliesst durch das Wallis in den Genfersee?,"[""Die Rhone"", ""Der Inn"", ""Die Aare"", ""Der Ticino""]",Die Rhone fliesst vom Wallis durch den Genfersee nach Frankreich und mündet ins Mittelmeer.,Rhone: Wallis → Genfersee → Mittelmeer.,Rhone,,ok
geo_schweiz,2,In welches Meer fliesst der Rhein?,"[""In die Nordsee"", ""Ins Mittelmeer"", ""Ins Schwarze Meer"", ""In die Ostsee""]","Der Rhein entspringt in Graubünden, fliesst über Basel nach Deutschland und in den Niederlanden in die Nordsee.",Rhein → Nordsee.,Rhein,,ok
geo_schweiz,2,Welcher Alpenpass verbindet das Wallis mit Italien und hat einen berühmten Bahntunnel von 1906?,"[""Der Simplon"", ""Der Julier"", ""Der Brünig"", ""Der Klausen""]",Der Simplontunnel war bei seiner Eröffnung der längste Eisenbahntunnel der Welt. Über den Pass führt auch eine Strasse.,Wallis – Italien: Simplon.,Simplontunnel,,ok
geo_schweiz,2,In welchem Kanton spricht man vor allem Italienisch?,"[""Im Tessin"", ""Im Wallis"", ""In Genf"", ""In Glarus""]",Das Tessin liegt südlich der Alpen und ist der einzige rein italienischsprachige Kanton. Auch in einigen Tälern Graubündens spricht man Italienisch.,Italienisch: Tessin.,Italienische Schweiz,,ok
geo_schweiz,2,Wo liegt der tiefste Punkt der Schweiz?,"[""Am Lago Maggiore im Tessin"", ""Am Bodensee"", ""In Basel am Rhein"", ""Im Genfersee bei Genf""]","Der Lago Maggiore liegt nur rund 193 Meter über dem Meer. Der höchste Punkt, die Dufourspitze, ist über 4600 Meter hoch.",Tiefster Punkt: Lago Maggiore.,Lago Maggiore,,ok
geo_schweiz,2,Welches ist die grösste Stadt der französischsprachigen Schweiz?,"[""Genf"", ""Lausanne"", ""Neuenburg"", ""Freiburg""]",Genf ist die zweitgrösste Stadt der Schweiz. Lausanne folgt als zweitgrösste Stadt der Romandie.,Grösste Stadt der Romandie: Genf.,Genf,,ok
geo_schweiz,3,Wie viele Menschen leben ungefähr in der Schweiz?,"[""Rund 9 Millionen"", ""Rund 2 Millionen"", ""Rund 30 Millionen"", ""Rund 80 Millionen""]",Die Bevölkerung der Schweiz ist in den letzten Jahrzehnten stark gewachsen und liegt heute bei rund 9 Millionen Menschen.,Schweiz: rund 9 Millionen Einwohner.,Bevölkerung der Schweiz,,ok
geo_schweiz,3,Wie gross ist die Fläche der Schweiz ungefähr?,"[""Rund 41'000 Quadratkilometer"", ""Rund 4'000 Quadratkilometer"", ""Rund 400'000 Quadratkilometer"", ""Rund 1 Million Quadratkilometer""]","Die Schweiz ist rund 41'300 Quadratkilometer gross. Von Genf bis zum Engadin ist es trotzdem eine lange Reise, weil viele Berge dazwischen liegen.",Fläche: rund 41'000 km².,Schweiz,,ok
geo_schweiz,3,Wo liegt der geografische Mittelpunkt der Schweiz?,"[""Auf der Älggi-Alp in Obwalden"", ""Auf dem Bundesplatz in Bern"", ""Auf dem Gotthard"", ""In Zürich""]",Der Mittelpunkt wurde vermessen und liegt auf der Älggi-Alp oberhalb von Sachseln. Dort steht ein Stein als Markierung.,Mittelpunkt: Älggi-Alp (OW).,Älggi-Alp,,ok
geo_schweiz,3,Welche Flüsse entspringen im Gebiet rund um den Gotthard?,"[""Rhein, Rhone, Reuss und Ticino"", ""Donau, Elbe, Seine und Po"", ""Nil, Amazonas, Rhein und Wolga"", ""Aare, Limmat, Thur und Emme""]","Das Gotthardgebiet gilt als «Wasserschloss Europas». Das Wasser von hier fliesst in die Nordsee, ins Mittelmeer und über den Po in die Adria.",Gotthard = Wasserschloss Europas.,Gotthardmassiv,,ok
geo_schweiz,3,Was ist der Föhn?,"[""Ein warmer, trockener Fallwind, der von den Alpen herunterweht"", ""Ein kalter Nordwind im Winter"", ""Ein Nebel im Mittelland"", ""Ein Gletscher im Wallis""]","Beim Föhn steigt Luft über die Alpen, regnet sich auf der einen Seite ab und kommt auf der anderen Seite warm und trocken herunter. Dann ist die Sicht oft sehr klar.",Föhn = warmer Fallwind.,Föhn,,ok
geo_schweiz,3,Welcher Teil der Schweiz ist ungefähr von Wald bedeckt?,"[""Knapp ein Drittel"", ""Fast die ganze Fläche"", ""Nur ein Hundertstel"", ""Genau die Hälfte""]",Rund ein Drittel der Schweiz ist Wald. Er schützt in den Bergen auch vor Lawinen und Steinschlag.,Wald: rund ein Drittel der Schweiz.,Schweizer Wald,,ok
geo_schweiz,3,Welche deutsche Gemeinde ist vollständig von der Schweiz umgeben?,"[""Büsingen am Hochrhein"", ""Konstanz"", ""Lörrach"", ""Waldshut""]","Büsingen gehört zu Deutschland, liegt aber ganz von Schweizer Gebiet umgeben in der Nähe von Schaffhausen. Man bezahlt dort oft mit Franken.",Büsingen: deutsche Enklave in der Schweiz.,Büsingen am Hochrhein,,ok
geo_europa,1,Wie heisst die Hauptstadt von Frankreich?,"[""Paris"", ""Lyon"", ""Marseille"", ""Nizza""]",Paris ist die grösste Stadt Frankreichs. Dort stehen der Eiffelturm und der Louvre.,Frankreich: Paris.,Paris,,ok
geo_europa,1,Wie heisst die Hauptstadt von Italien?,"[""Rom"", ""Mailand"", ""Neapel"", ""Venedig""]",Rom war einst das Zentrum des Römischen Reichs. Mitten in Rom liegt die Vatikanstadt.,Italien: Rom.,Rom,,ok
geo_europa,1,Wie heisst die Hauptstadt von Deutschland?,"[""Berlin"", ""München"", ""Hamburg"", ""Frankfurt""]",Berlin ist die grösste Stadt Deutschlands. Hier stand bis 1989 die Berliner Mauer.,Deutschland: Berlin.,Berlin,,ok
geo_europa,1,Wie heisst die Hauptstadt von Österreich?,"[""Wien"", ""Salzburg"", ""Innsbruck"", ""Graz""]","Wien liegt an der Donau und ist bekannt für Schlösser, Musik und Kaffeehäuser.",Österreich: Wien.,Wien,,ok
geo_europa,1,"Welches Meer liegt südlich von Spanien, Italien und Griechenland?","[""Das Mittelmeer"", ""Die Nordsee"", ""Die Ostsee"", ""Der Atlantik bei Island""]","Das Mittelmeer liegt zwischen Europa, Afrika und Asien. Viele Menschen aus der Schweiz verbringen dort ihre Ferien.",Südlich von Europa: Mittelmeer.,Mittelmeer,,ok
geo_europa,1,Welche Sprache spricht man in Frankreich?,"[""Französisch"", ""Spanisch"", ""Englisch"", ""Italienisch""]","Französisch ist auch eine der vier Landessprachen der Schweiz. Man spricht es in der Westschweiz, der Romandie.",Frankreich: Französisch.,Französische Sprache,,ok
geo_europa,2,Welcher ist der längste Fluss Europas?,"[""Die Wolga"", ""Der Rhein"", ""Die Donau"", ""Die Seine""]",Die Wolga fliesst durch Russland und ist rund 3500 Kilometer lang. Sie mündet ins Kaspische Meer.,Längster Fluss Europas: Wolga.,Wolga,,ok
geo_europa,2,Welcher ist der höchste Berg der Alpen?,"[""Der Mont Blanc"", ""Das Matterhorn"", ""Die Zugspitze"", ""Der Eiger""]",Der Mont Blanc liegt an der Grenze zwischen Frankreich und Italien und ist über 4800 Meter hoch.,Höchster Alpengipfel: Mont Blanc.,Mont Blanc,,ok
geo_europa,2,Welche italienische Stadt ist auf vielen Inseln gebaut und hat statt Strassen Kanäle?,"[""Venedig"", ""Rom"", ""Florenz"", ""Turin""]",In Venedig fährt man mit Booten und Gondeln durch die Kanäle. Autos gibt es in der Altstadt keine.,Kanäle und Gondeln: Venedig.,Venedig,,ok
geo_europa,2,Welches Land hat auf der Landkarte die Form eines Stiefels?,"[""Italien"", ""Spanien"", ""Norwegen"", ""Griechenland""]",Italien ragt wie ein Stiefel ins Mittelmeer. Vor der «Stiefelspitze» liegt die Insel Sizilien.,Stiefelform = Italien.,Italien,,ok
geo_europa,2,"Welcher Fluss fliesst durch Wien, Budapest und Belgrad?","[""Die Donau"", ""Der Rhein"", ""Die Elbe"", ""Die Rhone""]",Die Donau fliesst durch zehn Länder – mehr als jeder andere Fluss der Welt – und mündet ins Schwarze Meer.,Donau: durch viele Hauptstädte ins Schwarze Meer.,Donau,,ok
geo_europa,2,Wie heisst die Hauptstadt von Spanien?,"[""Madrid"", ""Barcelona"", ""Sevilla"", ""Valencia""]",Madrid liegt ziemlich genau in der Mitte Spaniens. Barcelona ist die zweitgrösste Stadt.,Spanien: Madrid.,Madrid,,ok
geo_europa,2,Welche Insel gehört zu Griechenland?,"[""Kreta"", ""Mallorca"", ""Sardinien"", ""Korsika""]","Kreta ist die grösste griechische Insel. Mallorca gehört zu Spanien, Sardinien zu Italien und Korsika zu Frankreich.",Kreta = Griechenland.,Kreta,,ok
geo_europa,2,Welches ist der kleinste Staat der Welt?,"[""Die Vatikanstadt"", ""Liechtenstein"", ""Monaco"", ""San Marino""]","Die Vatikanstadt liegt mitten in Rom und ist viel kleiner als ein Quadratkilometer. Dort wohnt der Papst, bewacht von der Schweizergarde.",Kleinster Staat: Vatikanstadt.,Vatikanstadt,,ok
geo_europa,3,"Welches Land ist das flächenmässig grösste, das vollständig in Europa liegt?","[""Die Ukraine"", ""Frankreich"", ""Deutschland"", ""Spanien""]","Russland ist zwar grösser, liegt aber zum grössten Teil in Asien. Unter den Ländern, die ganz in Europa liegen, ist die Ukraine das grösste.",Grösstes Land ganz in Europa: Ukraine.,Ukraine,,ok
geo_europa,3,Welcher Vulkan auf Sizilien ist einer der aktivsten in Europa?,"[""Der Ätna"", ""Der Vesuv"", ""Der Mont Blanc"", ""Der Stromboli""]","Der Ätna ist der höchste aktive Vulkan Europas und bricht immer wieder aus. Der Vesuv liegt bei Neapel, der Stromboli auf einer kleinen Insel.",Sizilien: Ätna.,Ätna,,ok
geo_europa,3,Welche Meerenge trennt Spanien von Afrika?,"[""Die Strasse von Gibraltar"", ""Der Bosporus"", ""Der Ärmelkanal"", ""Der Panamakanal""]",An der engsten Stelle sind Europa und Afrika nur rund 14 Kilometer voneinander entfernt. Die Meerenge verbindet das Mittelmeer mit dem Atlantik.,Europa – Afrika: Gibraltar.,Strasse von Gibraltar,,ok
geo_europa,3,"Welche Grossstadt liegt auf zwei Kontinenten, in Europa und in Asien?","[""Istanbul"", ""Athen"", ""Moskau"", ""Kairo""]","Istanbul liegt beidseits des Bosporus. Ein Teil der Stadt gehört zu Europa, der andere zu Asien.",Istanbul: Europa und Asien.,Istanbul,,ok
geo_europa,3,Wie heisst die Hauptstadt von Norwegen?,"[""Oslo"", ""Stockholm"", ""Kopenhagen"", ""Helsinki""]","Stockholm ist die Hauptstadt von Schweden, Kopenhagen die von Dänemark und Helsinki die von Finnland.",Norwegen: Oslo.,Oslo,,ok
geo_europa,3,Welches Gebirge gilt häufig als Grenze zwischen Europa und Asien?,"[""Der Ural"", ""Die Alpen"", ""Die Pyrenäen"", ""Die Karpaten""]","Der Ural zieht sich von Norden nach Süden durch Russland. Westlich davon zählt man zu Europa, östlich zu Asien.",Europa – Asien: Ural.,Ural,,ok
geo_europa,3,Wie heisst die Hauptstadt von Liechtenstein?,"[""Vaduz"", ""Schaan"", ""Feldkirch"", ""Chur""]",Liechtenstein liegt zwischen der Schweiz und Österreich und benutzt den Schweizer Franken. Seine Hauptstadt ist Vaduz.,Liechtenstein: Vaduz.,Vaduz,,ok
geo_welt,1,Wie viele Kontinente zählt man meistens?,"[""Sieben"", ""Drei"", ""Zehn"", ""Zwanzig""]","Meist zählt man Afrika, Antarktika, Asien, Australien, Europa, Nordamerika und Südamerika. In manchen Ländern werden Kontinente etwas anders gezählt.",Meist 7 Kontinente.,Kontinent,,ok
geo_welt,1,Auf welchem Kontinent liegt die Schweiz?,"[""In Europa"", ""In Asien"", ""In Afrika"", ""In Amerika""]","Die Schweiz liegt mitten in Europa, umgeben von Deutschland, Frankreich, Italien, Österreich und Liechtenstein.",Schweiz = Europa.,Europa,,ok
geo_welt,1,Welches ist das grösste Meer der Welt?,"[""Der Pazifik"", ""Das Mittelmeer"", ""Der Atlantik"", ""Die Nordsee""]","Der Pazifische Ozean ist so gross, dass alle Kontinente zusammen hineinpassen würden.",Grösster Ozean: Pazifik.,Pazifischer Ozean,,ok
geo_welt,1,Welcher Kontinent ist der kälteste?,"[""Die Antarktis"", ""Afrika"", ""Europa"", ""Australien""]",Die Antarktis rund um den Südpol ist fast ganz von Eis bedeckt. Dort leben zum Beispiel Pinguine und Robben.,Kältester Kontinent: Antarktis.,Antarktika,,ok
geo_welt,1,Wo leben Pinguine in freier Natur?,"[""Vor allem auf der Südhalbkugel, zum Beispiel in der Antarktis"", ""Am Nordpol"", ""In der Sahara"", ""In den Schweizer Alpen""]",Pinguine leben fast nur auf der Südhalbkugel. Am Nordpol gibt es keine Pinguine – dort leben Eisbären.,Pinguine: Süden. Eisbären: Norden.,Pinguine,,ok
geo_welt,2,Welcher ist der höchste Berg der Welt?,"[""Der Mount Everest"", ""Der Mont Blanc"", ""Der Kilimandscharo"", ""Das Matterhorn""]",Der Mount Everest im Himalaya ist rund 8850 Meter hoch. Er liegt an der Grenze zwischen Nepal und China.,Höchster Berg: Mount Everest.,Mount Everest,,ok
geo_welt,2,Welcher Fluss gilt meist als der längste der Welt?,"[""Der Nil"", ""Der Rhein"", ""Die Donau"", ""Die Themse""]",Der Nil fliesst durch Afrika bis nach Ägypten ins Mittelmeer. Je nach Messung ist der Amazonas in Südamerika ähnlich lang.,Längster Fluss: meist der Nil.,Nil,,ok
geo_welt,2,Wie heisst die grösste heisse Wüste der Welt?,"[""Die Sahara"", ""Die Gobi"", ""Die Atacama"", ""Die Kalahari""]",Die Sahara liegt im Norden Afrikas und ist fast so gross wie die USA. Die Antarktis gilt als noch grössere Kältewüste.,Grösste heisse Wüste: Sahara.,Sahara,,ok
geo_welt,2,Welches Land hat die meisten Einwohnerinnen und Einwohner?,"[""Indien"", ""Die USA"", ""Brasilien"", ""Russland""]","Indien hat seit 2023 mehr Einwohner als China – über 1,4 Milliarden Menschen.",Meiste Einwohner: Indien.,Indien,,ok
geo_welt,2,Welches ist das flächenmässig grösste Land der Welt?,"[""Russland"", ""Kanada"", ""China"", ""Australien""]",Russland reicht von Europa bis an den Pazifik und hat elf Zeitzonen.,Grösstes Land: Russland.,Russland,,ok
geo_welt,2,Was ist der Äquator?,"[""Eine gedachte Linie rund um die Mitte der Erde"", ""Ein hoher Berg in Afrika"", ""Ein Fluss in Südamerika"", ""Die Grenze zwischen zwei Ländern""]",Der Äquator teilt die Erde in eine Nord- und eine Südhalbkugel. Dort ist es das ganze Jahr über warm.,Äquator = Mitte der Erde.,Äquator,,ok
geo_welt,2,Wo liegt der grösste Regenwald der Welt?,"[""Am Amazonas in Südamerika"", ""In Skandinavien"", ""In der Sahara"", ""In Australien""]",Der Amazonas-Regenwald liegt vor allem in Brasilien. Dort leben unzählige Tier- und Pflanzenarten.,Grösster Regenwald: Amazonas.,Amazonas-Regenwald,,ok
geo_welt,2,Wie heisst die Hauptstadt der USA?,"[""Washington, D.C."", ""New York"", ""Los Angeles"", ""Chicago""]","New York ist die grösste Stadt der USA, die Hauptstadt ist aber Washington, D.C. Dort steht das Weisse Haus.","USA: Washington, D.C.","Washington, D.C.",,ok
geo_welt,2,Welcher ist der grösste Kontinent?,"[""Asien"", ""Europa"", ""Australien"", ""Südamerika""]","Asien ist der grösste Kontinent und hat auch am meisten Einwohner. Dazu gehören zum Beispiel China, Indien und Japan.",Grösster Kontinent: Asien.,Asien,,ok
geo_welt,3,Wie heisst die Hauptstadt von Australien?,"[""Canberra"", ""Sydney"", ""Melbourne"", ""Perth""]","Sydney und Melbourne sind grösser, doch Canberra wurde als Hauptstadt gebaut – auch als Kompromiss zwischen diesen beiden Städten.",Australien: Canberra.,Canberra,,ok
geo_welt,3,Wo liegt die tiefste bekannte Stelle der Weltmeere?,"[""Im Marianengraben im Pazifik"", ""Im Mittelmeer"", ""In der Nordsee"", ""Im Genfersee""]","Der Marianengraben ist fast 11 Kilometer tief. Der Mount Everest würde hineinpassen, ohne dass seine Spitze aus dem Wasser ragt.",Tiefste Stelle: Marianengraben.,Marianengraben,,ok
geo_welt,3,Wofür braucht man Längen- und Breitengrade?,"[""Um jeden Ort auf der Erde genau zu bestimmen"", ""Um die Temperatur zu messen"", ""Um die Zeit zu stoppen"", ""Um Berge zu vermessen""]","Breitengrade laufen parallel zum Äquator, Längengrade vom Nord- zum Südpol. Mit beiden Zahlen findet man jeden Punkt der Erde – so funktioniert auch GPS.",Koordinaten = genaue Position.,Geographische Koordinaten,,ok
geo_welt,3,Warum ist es in Australien im Dezember Sommer?,"[""Weil Australien auf der Südhalbkugel liegt und die Erdachse geneigt ist"", ""Weil Australien näher an der Sonne liegt"", ""Weil es dort keine Jahreszeiten gibt"", ""Weil dort ein anderer Kalender gilt""]","Die Erdachse ist schräg. Im Dezember ist die Südhalbkugel der Sonne zugeneigt und hat Sommer, während bei uns Winter ist.",Südhalbkugel: Jahreszeiten umgekehrt.,Jahreszeit,,ok
geo_welt,3,Welcher Kanal verbindet den Atlantik mit dem Pazifik?,"[""Der Panamakanal"", ""Der Suezkanal"", ""Der Ärmelkanal"", ""Der Nord-Ostsee-Kanal""]",Der Panamakanal in Mittelamerika erspart Schiffen die lange Fahrt um Südamerika. Der Suezkanal verbindet das Mittelmeer mit dem Roten Meer.,Atlantik – Pazifik: Panamakanal.,Panamakanal,,ok
geo_welt,3,"Wenn es in Zürich 12 Uhr mittags ist, wie spät ist es meistens in New York?","[""6 Uhr morgens"", ""12 Uhr mittags"", ""18 Uhr abends"", ""Mitternacht""]","Die Erde ist in Zeitzonen eingeteilt. New York liegt meist sechs Stunden hinter der Schweiz – wenn man dort frühstückt, ist bei uns schon Mittag.",New York: meist 6 Stunden früher.,Zeitzone,,ok
pol_welt,2,Seit welchem Jahr ist die Schweiz Mitglied der UNO?,"[""2002"", ""1945"", ""1990"", ""2015""]",Lange blieb die Schweiz wegen ihrer Neutralität der UNO fern. Erst nach einer Volksabstimmung trat sie im Jahr 2002 offiziell bei.,Die Schweiz trat 2002 der UNO bei.,Schweiz und die Vereinten Nationen,,ok
pol_welt,1,"Wie heisst das gemeinsame Geld, das viele Länder der Europäischen Union benutzen?","[""Euro"", ""Franken"", ""Dollar"", ""Pfund""]","Viele, aber nicht alle Länder der EU zahlen mit dem Euro. Die Schweiz hat weiterhin ihre eigene Währung, den Franken.",Viele EU-Länder zahlen mit dem Euro.,Euro,,ok
tiere,3,Was bezeichnet der Fachbegriff Brachyzephalie bei Hunderassen wie der Französischen Bulldogge?,"[""Einen kurzen, breiten Schädel, der oft mit Atemproblemen verbunden ist"", ""Einen besonders langen, schmalen Schädel"", ""Eine Bezeichnung für besonders schnelles Laufen"", ""Eine spezielle Fellfarbe""]","Brachyzephale Rassen haben durch Zucht einen verkürzten Schädel mit gestauchten Atemwegen, was häufig zu Atemproblemen führt. Rassen wie Mops oder Französische Bulldogge sind davon besonders betroffen.",Brachyzephale Hunde haben oft Atemprobleme.,Brachyzephalie,,ok
natur,3,Was ist ein schwarzes Loch?,"[""Ein Objekt mit so starker Gravitation, dass nicht einmal Licht entkommt"", ""Ein leerer Raum ohne Sterne"", ""Ein besonders dunkler Planet"", ""Ein Loch in der Erdatmosphäre""]","Ein schwarzes Loch entsteht oft, wenn ein sehr massereicher Stern am Ende seines Lebens in sich zusammenstürzt. Seine Anziehungskraft ist so stark, dass selbst Licht ihm nicht entkommen kann.",Schwarze Löcher lassen kein Licht entkommen.,Schwarzes Loch,,ok
wissenschaft,1,Wie viele Planeten hat unser Sonnensystem?,"[""Acht"", ""Sechs"", ""Zehn"", ""Zwölf""]","Unser Sonnensystem hat acht Planeten, von Merkur bis Neptun. Die Erde ist der dritte Planet von der Sonne aus.",Acht Planeten kreisen um die Sonne.,Sonnensystem,,ok
physik,2,Warum sieht ein roter Apfel für uns rot aus?,"[""Er wirft rotes Licht zurück und schluckt die anderen Farben"", ""Er enthält roten Farbstoff, der selbst leuchtet"", ""Unsere Augen färben ihn rot ein"", ""Er verändert das Licht in rote Wellen""]","Weisses Licht enthält alle Farben. Der Apfel absorbiert die meisten Farben und reflektiert nur das rote Licht, das dann in unser Auge fällt.","Wir sehen die Farbe, die zurückgeworfen wird.",Absorption (Physik),,ok
pol_diktatur,3,Welche Funktion hat ein unabhängiges Verfassungsgericht?,"[""Es prüft, ob Gesetze und Regierungshandeln der Verfassung entsprechen."", ""Es erlässt selbst alle Gesetze."", ""Es befehligt die Armee."", ""Es organisiert Wahlkampagnen für die Regierung.""]","Ein Verfassungsgericht kann Gesetze für ungültig erklären, wenn sie gegen die Verfassung verstossen. Damit begrenzt es die Macht von Regierung und Parlament und schützt Grundrechte.",Verfassungsgerichte begrenzen staatliche Macht.,Verfassungsgericht,,ok
natur,1,"Wie heisst unser Heimatplanet, auf dem wir leben?","[""Erde"", ""Mars"", ""Mond"", ""Sonne""]",Die Erde ist der dritte Planet von der Sonne aus gezählt. Sie ist bisher der einzige bekannte Planet mit Leben.,Wir leben auf dem Planeten Erde.,Erde,,ok
tiere,2,Welche ist die grösste Wildkatze der Schweiz?,"[""Der Luchs"", ""Der Fuchs"", ""Der Marder"", ""Der Steinadler""]",Der Luchs wurde in der Schweiz ausgerottet und in den 1970er-Jahren wieder angesiedelt. Er lebt heimlich in Wäldern und jagt vor allem Rehe.,Der Luchs ist die grösste Wildkatze der Schweiz.,Eurasischer Luchs,,ok
rel_andere,1,"Wie heisst das bunte Hindu-Fest, an dem sich die Menschen mit farbigem Pulver bewerfen?","[""Holi"", ""Diwali"", ""Ramadan"", ""Chanukka""]",Am Holi-Fest feiern Hindus den Frühling. Die Menschen bewerfen sich fröhlich mit buntem Pulver und Wasser.,Holi ist das bunte Fest der Farben.,Holi,,ok
bilder,3,Wie nennt man das schwarze Stabsymbol im Wappen der beiden Basler Kantone?,"[""Baslerstab"", ""Krummstab"", ""Zepter"", ""Wanderstab""]","Das schwarze Symbol im Wappen von Basel-Stadt und Basel-Landschaft nennt man Baslerstab. Es leitet sich von einem Bischofsstab ab, da Basel früher ein Fürstbistum war.",Der Baslerstab erinnert an einen Bischofsstab.,Baslerstab,,ok
tiere,3,Weshalb kommen bei manchen weissen Hunderassen gehäuft taube Welpen vor?,"[""Wegen eines genetischen Zusammenhangs zwischen weisser Fellfarbe und Innenohrfehlbildung"", ""Weil sie zu laut bellen"", ""Weil sie zu viel im Wasser schwimmen"", ""Weil sie besonders alt werden""]","Bestimmte Gene, die weisses Fell verursachen, stehen im Zusammenhang mit einer fehlerhaften Entwicklung der Sinneszellen im Innenohr. Deshalb kommt angeborene Taubheit bei Rassen wie dem Dalmatiner überdurchschnittlich häufig vor.",Weisses Fell kann mit Taubheit zusammenhängen.,Dalmatiner,,ok
tiere,1,Wie viele Beine hat ein Insekt wie ein Käfer oder eine Ameise?,"[""6"", ""4"", ""8"", ""10""]","Alle Insekten haben genau sechs Beine, das unterscheidet sie zum Beispiel von Spinnen mit acht Beinen. Ausserdem haben sie einen Körper mit drei Teilen.",Insekten haben immer sechs Beine.,Insekten,,ok
bilder,3,Welches Tier ist neben einem Schlüssel Bestandteil des Genfer Kantonswappens?,"[""Ein Adler"", ""Ein Löwe"", ""Ein Bär"", ""Ein Hirsch""]","Das Genfer Wappen ist geteilt und zeigt auf der einen Seite einen schwarzen Adler, auf der anderen einen goldenen Schlüssel. Der Adler stand einst für das Heilige Römische Reich, der Schlüssel für die Kirche.",Genf zeigt einen Adler und einen Schlüssel.,Kanton Genf,e:🦅🔑,ok
kt_SO,1,In welchem Teil der Schweiz liegt der Kanton Solothurn?,"[""Im Mittelland"", ""Hoch in den Alpen"", ""Ganz im Süden am Lago Maggiore"", ""Auf einer Insel im Genfersee""]","Der Kanton Solothurn liegt im Schweizer Mittelland, zwischen dem Jura und den Alpen. Er hat viele Hügel und Wälder.",Solothurn liegt im Mittelland der Schweiz.,Kanton Solothurn,,ok
physik,2,Was misst man mit einem Amperemeter?,"[""Die elektrische Stromstärke"", ""Die elektrische Spannung"", ""Den elektrischen Widerstand"", ""Die elektrische Leistung""]","Ein Amperemeter wird in einen Stromkreis eingebaut, um zu messen, wie viel Strom pro Sekunde fliesst. Die Einheit dafür ist Ampere.",Amperemeter misst die Stromstärke.,Amperemeter,,ok
physik,3,Was besagt das Hookesche Gesetz über Federn?,"[""Die Rückstellkraft einer Feder ist proportional zu ihrer Auslenkung"", ""Jede Feder bricht bei der geringsten Belastung"", ""Federn verändern sich nie unter Krafteinwirkung"", ""Die Federkraft ist immer unabhängig von der Dehnung""]","Wird eine Feder doppelt so stark gedehnt oder gestaucht, wird auch die rücktreibende Kraft doppelt so gross. Diese lineare Beziehung gilt allerdings nur, solange die Feder nicht überdehnt wird.",Federkraft wächst proportional zur Dehnung.,Hookesches Gesetz,,ok
physik,2,In welcher Einheit wird elektrische Energie meist im Haushalt gemessen?,"[""Kilowattstunde"", ""Volt"", ""Ampere"", ""Newton""]","Die Kilowattstunde zeigt, wie viel Energie ein Gerät über eine bestimmte Zeit verbraucht. Der Stromzähler zu Hause misst genau diesen Wert.",Stromverbrauch wird in Kilowattstunden gemessen.,Kilowattstunde,,ok
tiere,2,Welche Körperhaltung zeigt bei Hunden oft eine Spielaufforderung?,"[""Die Vorderkörpertiefstellung, auch Spielverbeugung genannt"", ""Das flache Hinlegen auf den Rücken"", ""Lautes Knurren mit gefletschten Zähnen"", ""Verstecken hinter Gegenständen""]","Bei der Spielverbeugung senkt der Hund den Vorderkörper, während das Hinterteil erhöht bleibt und der Schwanz meist wedelt. Damit signalisiert er anderen, dass das folgende Verhalten spielerisch gemeint ist.",Die Spielverbeugung lädt zum Spielen ein.,Spielverhalten (Tier),,ok
physik,2,Was beschreibt die physikalische Grösse Dichte?,"[""Wie viel Masse in einem bestimmten Volumen steckt"", ""Wie schwer ein Gegenstand auf dem Mond ist"", ""Wie stark ein Gegenstand leuchtet"", ""Wie schnell sich ein Gegenstand bewegt""]","Die Dichte sagt aus, wie viel Masse auf einen bestimmten Raum passt, zum Beispiel Gramm pro Kubikzentimeter. Blei hat eine hohe Dichte, Styropor eine sehr tiefe.",Dichte ist Masse pro Volumen.,Dichte,,ok
tiere,3,"Welche mögliche Wirkung wird dem Schnurren einer Katze in der Forschung zugeschrieben, über die reine Zufriedenheit hinaus?","[""eine möglicherweise heilungsfördernde Wirkung durch die Vibrationsfrequenz"", ""es beschleunigt sicher das Wachstum von Bäumen"", ""es hat wissenschaftlich erwiesen keinerlei weitere Wirkung"", ""es dient nur der Wärmeregulation des Fells""]","Manche Forscher vermuten, dass die Vibrationsfrequenz des Schnurrens auch bei der Heilung von Knochen und Gewebe helfen könnte. Ein endgültiger wissenschaftlicher Beweis dafür steht aber noch aus.",Schnurren könnte auch die Heilung fördern.,Schnurren,,ok
geld,1,"Was passiert mit deinem Geld, wenn es auf einem Sparkonto bei der Bank liegt?","[""Es ist dort sicher aufbewahrt und du kannst es später wieder abheben"", ""Es verschwindet nach einem Jahr"", ""Es gehört dann der Bank"", ""Es wird automatisch für dich ausgegeben""]","Auf einem Sparkonto bleibt das Geld dir, die Bank bewahrt es nur sicher auf. Du kannst es später wieder abheben.","Die Bank bewahrt, du besitzt weiter.",Sparkonto,,ok
geld,3,Was regelt das Konsumkreditgesetz (KKG) in der Schweiz unter anderem?,"[""Ein Widerrufsrecht, mit dem man einen abgeschlossenen Kleinkredit innert kurzer Frist rückgängig machen kann"", ""Dass Kleinkredite immer zinslos sein müssen"", ""Dass Minderjährige beliebig Kredite aufnehmen dürfen"", ""Dass jeder automatisch einen Kredit bekommt""]","Das Konsumkreditgesetz schützt Konsumentinnen und Konsumenten, unter anderem mit einem Widerrufsrecht, das erlaubt, einen Kreditvertrag innert einer kurzen Frist wieder rückgängig zu machen. Zudem müssen Kreditgeber die Kreditfähigkeit prüfen.",Kleinkredite kann man kurz widerrufen.,Konsumkreditgesetz,,ok
koerper,3,Welche Drüse im Hals reguliert über Hormone den Stoffwechsel des Körpers?,"[""Die Schilddrüse"", ""Die Bauchspeicheldrüse"", ""Die Zirbeldrüse"", ""Die Nebenniere""]","Die Schilddrüse liegt am Hals und produziert Hormone, die den Energiestoffwechsel steuern. Sie benötigt dazu Jod aus der Nahrung.",Die Schilddrüse steuert deinen Stoffwechsel.,Schilddrüse,,ok
pol_kommunismus,1,"Wie hiess der berühmte Revolutionär, der Fidel Castro in Kuba unterstützte?","[""Che Guevara"", ""Pablo Picasso"", ""Diego Maradona"", ""Christoph Kolumbus""]",Che Guevara kämpfte zusammen mit Fidel Castro für die kubanische Revolution. Sein Bild ist bis heute sehr bekannt.,Che Guevara half bei der Revolution in Kuba.,Che Guevara,,ok
pol_kommunismus,1,Wer regiert heute das kommunistische Nordkorea?,"[""Kim Jong-un"", ""Der Kaiser von Japan"", ""Ein vom Volk gewählter Präsident"", ""Der König von Thailand""]",Kim Jong-un ist der Machthaber von Nordkorea. Seine Familie regiert das Land bereits seit drei Generationen.,Kim Jong-un führt Nordkorea.,Kim Jong-un,,ok
pol_welt,2,Was bedeutet diplomatische Immunität?,"[""Diplomatinnen und Diplomaten dürfen im Gastland nicht wie gewöhnliche Bürger verhaftet werden"", ""Diplomatinnen und Diplomaten müssen keine Steuern in ihrem Heimatland zahlen"", ""Diplomatinnen und Diplomaten dürfen nicht wählen"", ""Diplomatinnen und Diplomaten müssen jedes Jahr das Land wechseln""]","Diplomatische Immunität schützt Botschaftspersonal davor, im Gastland strafrechtlich verfolgt zu werden. So sollen sie ihre Arbeit unabhängig und sicher ausführen können.",Diplomaten geniessen besonderen rechtlichen Schutz.,Diplomatische Immunität,,ok
natur,1,Warum haben Kakteen Stacheln statt grosser Blätter?,"[""Um Wasser zu sparen"", ""Um schneller zu wachsen"", ""Um bunter auszusehen"", ""Um Tiere anzulocken""]",Grosse Blätter verdunsten viel Wasser. Kakteen leben in trockenen Gegenden und sparen dank ihrer Stacheln kostbares Wasser.,"Stacheln helfen Kakteen, Wasser zu sparen.",Kaktusgewächse,,ok
pol_kommunismus,1,In welchem Jahr fiel die Berliner Mauer?,"[""1989"", ""1945"", ""2001"", ""1975""]",Am 9. November 1989 öffnete sich die Grenze zwischen Ost- und Westberlin. Die Menschen feierten die Mauer ab.,1989 fiel die Berliner Mauer.,Mauerfall,,ok
tiere,1,"Was tut ein Hund oft, bevor er sich zum Schlafen hinlegt?","[""Er dreht sich mehrmals im Kreis"", ""Er wäscht sich mit der Zunge"", ""Er gräbt ein tiefes Loch im Haus"", ""Er singt laut""]","Viele Hunde drehen sich mehrmals im Kreis, bevor sie sich hinlegen. Dieses Verhalten stammt vermutlich noch von ihren wilden Vorfahren, die sich so ein bequemes Lager suchten.",Vor dem Schlafen dreht sich der Hund oft.,Hund,,ok
rel_andere,1,"Wie heisst das Fest, bei dem ein jüdischer Junge mit 13 Jahren religiös erwachsen wird?","[""Bar Mitzwa"", ""Ramadan"", ""Konfirmation"", ""Erstkommunion""]",Bei der Bar Mitzwa liest der Junge zum ersten Mal öffentlich aus der Thora vor. Danach gilt er im jüdischen Glauben als religiös verantwortlich.,Die Bar Mitzwa feiert das religiöse Erwachsenwerden.,Bar Mizwa,,ok
koerper,3,Wie viele Herzkammern und Vorhöfe hat das menschliche Herz insgesamt?,"[""Zwei Vorhöfe und zwei Kammern"", ""Ein Vorhof und eine Kammer"", ""Drei Vorhöfe und eine Kammer"", ""Vier Kammern ohne Vorhöfe""]",Das Herz besteht aus vier Hohlräumen: zwei Vorhöfen und zwei Kammern. Sie sorgen zusammen für den Blutkreislauf im Körper.,Das Herz hat vier Hohlräume.,Herz,,ok
wissenschaft,2,Was misst man mit einem Voltmeter?,"[""Die elektrische Spannung"", ""Die Temperatur"", ""Den Luftdruck"", ""Die Masse eines Körpers""]","Ein Voltmeter zeigt an, wie gross die elektrische Spannung zwischen zwei Punkten in einem Stromkreis ist. Die Einheit Volt ist nach Alessandro Volta benannt.",Voltmeter messen elektrische Spannung.,Voltmeter,,ok
natur,2,Was ist ein Tornado?,"[""Ein sich schnell drehender Luftwirbel"", ""Eine Art von Wolke ohne Wind"", ""Ein besonders starker Sonnenschein"", ""Ein Erdbeben unter dem Meer""]","Ein Tornado ist ein trichterförmiger Wirbelsturm, der bei Gewittern entstehen kann. Er kann sehr starke Winde erzeugen und grosse Schäden anrichten.",Ein Tornado ist ein starker Luftwirbel.,Tornado,,ok
bilder,2,Welches Tier sitzt im Zentrum des mexikanischen Staatswappens auf einem Kaktus?,"[""Ein Adler, der eine Schlange frisst"", ""Ein Löwe mit Schwert"", ""Ein Stier mit Krone"", ""Ein Falke mit Pfeil""]","Das Wappen Mexikos zeigt einen Adler, der auf einem Kaktus sitzt und eine Schlange frisst. Es geht auf eine Gründungslegende der Azteken zurück.",Mexikos Wappen zeigt einen Adler mit Schlange.,Wappen Mexikos,e:🦅🐍🌵,ok
koerper,3,Was unterscheidet Antigene von Antikörpern?,"[""Antigene lösen die Immunantwort aus, Antikörper bekämpfen sie"", ""Beide sind identisch"", ""Antikörper verursachen Krankheiten"", ""Antigene werden nur in Knochen gebildet""]","Antigene sind fremde Strukturen, etwa auf Viren, die das Immunsystem erkennt. Antikörper werden daraufhin gebildet, um diese Antigene zu bekämpfen.",Antigene lösen Antikörper-Abwehr aus.,Antigen,,ok
rel_andere,1,Wer ist das Oberhaupt der römisch-katholischen Kirche?,"[""Der Papst"", ""Der Bischof"", ""Der Rabbiner"", ""Der Dalai Lama""]",Der Papst lebt im Vatikan in Rom und ist der wichtigste Vertreter der katholischen Kirche weltweit. Er wird von Kardinälen gewählt.,Der Papst leitet die katholische Kirche.,Papst,,ok
tiere,1,Mit welchem Körperteil riecht ein Hund am allerbesten?,"[""Mit der Nase"", ""Mit den Ohren"", ""Mit den Pfoten"", ""Mit dem Schwanz""]",Die Nase des Hundes ist unglaublich fein und kann viel mehr Gerüche wahrnehmen als die Nase eines Menschen. Deshalb schnüffeln Hunde ständig herum.,Der Hund riecht mit seiner feinen Nase.,Hundenase,,ok
pol_demokratie,3,Was bedeutet E-Collecting im Zusammenhang mit Volksinitiativen?,"[""Das digitale Sammeln von Unterschriften für Initiativen oder Referenden"", ""Das elektronische Auszählen aller Stimmen"", ""Eine App zum Steuern zahlen"", ""Eine Online-Wahl des Bundesrates""]","E-Collecting würde erlauben, Unterschriften für Initiativen und Referenden digital zu sammeln. In der Schweiz ist dies bisher rechtlich noch nicht umgesetzt.",E-Collecting meint digitales Unterschriftensammeln.,Elektronische Unterschriftensammlung,,ok
koerper,2,Wie nennt man die bewegliche Verbindung zwischen zwei Knochen?,"[""Gelenk"", ""Sehne"", ""Band"", ""Knorpel""]","Gelenke verbinden Knochen und ermöglichen Bewegung. Knorpel, Bänder und Flüssigkeit sorgen dafür, dass sie gut funktionieren.",Gelenke verbinden Knochen beweglich.,Gelenk,,ok
tiere,3,"Was bewirkt die sexuelle Selektion, zum Beispiel beim Pfauenrad oder Hirschgeweih?","[""Merkmale, die die Paarungschancen erhöhen, setzen sich durch, auch wenn sie das Überleben erschweren"", ""Nur überlebenswichtige Merkmale setzen sich durch"", ""Sexuelle Selektion hat keinen Einfluss auf die Evolution"", ""Sie führt immer zu kleineren Körpermerkmalen""]","Sexuelle Selektion begünstigt Merkmale, die bei der Partnerwahl attraktiv sind, selbst wenn sie Nachteile wie erhöhte Auffälligkeit für Fressfeinde mit sich bringen. Das prächtige Pfauenrad ist ein bekanntes Beispiel dafür.",Attraktivität kann wichtiger sein als Tarnung.,Sexuelle Selektion,,ok
koerper,1,"Was passiert, wenn du dir den Finger leicht schneidest und es ein wenig blutet?","[""Das Blut hilft, die Wunde später zu verschliessen"", ""Der Finger wächst neu"", ""Das Blut wird zu Wasser"", ""Die Haut bleibt für immer offen""]","Im Blut gibt es besondere Stoffe, die eine Wunde verschliessen können. So bildet sich eine Kruste, unter der die Haut heilt.","Blut hilft deiner Haut, zu heilen.",Blutgerinnung,,ok
tiere,3,Welche These beschreibt die enge gemeinsame Entwicklung von Mensch und Hund seit der letzten Eiszeit?,"[""Die Ko-Evolutions-These, wonach sich Mensch und Hund gegenseitig beeinflusst haben"", ""Die These, dass Hunde erst im 20. Jahrhundert entstanden"", ""Die These, dass Hunde nie mit Menschen zusammenlebten"", ""Die These der spontanen Entstehung ohne Wolf""]","Nach dieser Theorie entwickelten sich Mensch und Hund über Jahrtausende gemeinsam weiter, wobei beide Seiten von der Partnerschaft profitierten, etwa bei Jagd und Schutz. Diese enge Beziehung gilt als einzigartig unter domestizierten Tieren.",Mensch und Hund entwickelten sich gemeinsam.,Domestizierung des Hundes,,ok
koerper,1,Warum ist Händewaschen wichtig?,"[""Es entfernt Keime und schützt vor Krankheiten"", ""Es macht die Hände kälter"", ""Es macht Hunger"", ""Es hilft beim Sehen""]",Beim Händewaschen mit Seife werden viele Bakterien und Viren weggespült. So wirst du seltener krank.,Saubere Hände halten dich gesund.,Händehygiene,,ok
koerper,3,Wie übertragen Nervenzellen (Neuronen) Signale an benachbarte Zellen?,"[""Über chemische Botenstoffe an Synapsen"", ""Direkt durch Knochenkontakt"", ""Über das Lymphsystem"", ""Durch Muskelkontraktion""]",An den Synapsen werden elektrische Signale in chemische Botenstoffe umgewandelt. Diese springen zur nächsten Nervenzelle über.,Synapsen übertragen Signale zwischen Nervenzellen.,Synapse,,ok
physik,2,Was ist Geothermie?,"[""Energie, die aus der Wärme im Erdinneren gewonnen wird"", ""Energie aus der Bewegung der Meere"", ""Energie, die aus Erdbeben entsteht"", ""Energie aus dem Erdmagnetfeld""]",Tief im Erdinneren ist es sehr heiss. Diese Wärme kann zum Heizen von Häusern oder zur Stromerzeugung genutzt werden.,Geothermie nutzt Wärme aus der Erde.,Geothermie,,ok
pol_kommunismus,2,"Wie hiess die polnische Gewerkschaftsbewegung, die gegen die kommunistische Regierung kämpfte?","[""Solidarność"", ""Bundesliga"", ""Warschauer Pakt"", ""Rote Armee""]",Solidarność wurde 1980 in den Danziger Werften gegründet und von Lech Wałęsa angeführt. Sie trug wesentlich zum Ende des Kommunismus in Polen bei.,Solidarność kämpfte für Freiheit in Polen.,Solidarność,,ok
pol_kommunismus,2,Was versteht man unter dem 'Kalten Krieg'?,"[""Die jahrzehntelange politische Rivalität zwischen den USA und der Sowjetunion ohne direkten Krieg zwischen ihnen"", ""Einen echten Krieg mit vielen Schlachten in Europa"", ""Eine Periode extremer Kälte in Russland"", ""Einen Handelskrieg zwischen China und Japan""]",Im Kalten Krieg standen sich der kapitalistische Westen unter Führung der USA und der kommunistische Ostblock unter Führung der Sowjetunion gegenüber. Ein direkter Waffenkrieg zwischen beiden fand nicht statt.,Kalter Krieg: Rivalität ohne direkten Krieg.,Kalter Krieg,,ok
koerper,1,Warum bekommen Kinder zuerst Milchzähne und später bleibende Zähne?,"[""Der Kiefer wächst und braucht später grössere Zähne"", ""Milchzähne schmecken nach Milch"", ""Bleibende Zähne wachsen nur nachts"", ""Milchzähne sind aus Milch gemacht""]","Ein Kinderkiefer ist zu klein für grosse Zähne. Wenn der Kiefer wächst, kommen stärkere, bleibende Zähne nach.",Zähne wachsen mit deinem Kiefer mit.,Milchgebiss,,ok
tiere,1,Wie alt kann eine Hauskatze etwa werden?,"[""15 bis 20 Jahre"", ""2 bis 3 Jahre"", ""50 Jahre"", ""100 Jahre""]",Hauskatzen werden bei guter Pflege oft 15 bis 20 Jahre alt. Manche werden sogar noch älter.,Hauskatzen können 15 bis 20 Jahre alt werden.,Hauskatze,,ok
pol_kommunismus,2,Was war ein 'Fünfjahresplan' in der Sowjetunion?,"[""Ein staatlicher Wirtschaftsplan, der Produktionsziele für fünf Jahre festlegte"", ""Ein Schulplan für fünf Jahre"", ""Ein Urlaubsplan für Arbeiter"", ""Ein Plan für den Bau von Kirchen""]","Mit Fünfjahresplänen wollte die Sowjetregierung die Industrie schnell aufbauen. Der Staat bestimmte dabei genau, was und wie viel produziert werden sollte.",Fünfjahrespläne steuerten die Wirtschaft.,Fünfjahrplan,,ok
bilder,2,Welches Tier gilt seit der Antike als Symbol für Weisheit und ziert oft Wappen von Universitäten?,"[""Eule"", ""Rabe"", ""Fuchs"", ""Taube""]","Die Eule galt im antiken Griechenland als Begleittier der Göttin Athene, der Göttin der Weisheit. Deshalb steht sie bis heute für Klugheit und Wissen.",Die Eule steht für Weisheit.,Eulen,e:🦉,ok
kt_SO,1,Wie heisst der bekannte Aussichtsberg über der Stadt Solothurn?,"[""Weissenstein"", ""Matterhorn"", ""Rigi"", ""Pilatus""]",Vom Weissenstein aus sieht man bei schönem Wetter viele Alpengipfel und die Stadt Solothurn ganz klein von oben. Man kann mit einer Seilbahn hinauffahren.,Der Weissenstein ist der Hausberg von Solothurn.,Weissenstein SO,e:⛰️🔭,ok
pol_diktatur,2,Wer war Mao Zedong?,"[""Der kommunistische Diktator Chinas, der Millionen Tote zu verantworten hat."", ""Ein japanischer Kaiser."", ""Ein Schweizer Politiker."", ""Ein indischer Freiheitskämpfer.""]",Mao Zedong regierte China von 1949 bis 1976. Programme wie der «Grosse Sprung nach vorn» und die «Kulturrevolution» kosteten Millionen Menschen das Leben.,Mao herrschte über China mit harter Hand.,Mao Zedong,,ok
pol_welt,1,In welcher Schweizer Stadt hat das Internationale Olympische Komitee seinen Sitz?,"[""Lausanne"", ""Zürich"", ""Bern"", ""Basel""]",Das Internationale Olympische Komitee organisiert die Olympischen Spiele und hat seinen Sitz in Lausanne. Deshalb nennt man Lausanne auch die 'Olympische Hauptstadt'.,Lausanne ist die Olympia-Stadt der Schweiz.,Internationales Olympisches Komitee,,ok
pol_demokratie,3,Was ist eine Konsultativabstimmung?,"[""Eine unverbindliche Befragung des Volkes zu einer Frage"", ""Eine Abstimmung nur der Kantone"", ""Eine geheime Abstimmung im Bundesrat"", ""Eine Abstimmung, die sofort ein Gesetz erzeugt""]","Bei einer Konsultativabstimmung wird die Meinung der Bevölkerung eingeholt, ohne dass das Ergebnis rechtlich bindend ist. Sie dient den Behörden zur Orientierung.",Konsultativabstimmungen sind unverbindliche Befragungen.,Konsultativabstimmung,,ok
tiere,1,"Welches Tier hat einen sehr langen Hals, um Blätter von hohen Bäumen zu fressen?","[""Giraffe"", ""Elefant"", ""Zebra"", ""Nashorn""]","Die Giraffe ist das grösste heute lebende Landtier und lebt in Afrika. Ihr langer Hals hilft ihr, an Blätter zu kommen, die andere Tiere nicht erreichen.",Die Giraffe hat den längsten Hals.,Giraffen,,ok
tiere,1,"Was macht ein Hund, wenn er müde und entspannt ist?","[""Er legt sich hin und schläft"", ""Er rennt im Kreis"", ""Er bellt laut"", ""Er klettert auf einen Baum""]",Ein müder Hund sucht sich einen gemütlichen Platz und legt sich zum Schlafen hin. Hunde schlafen im Durchschnitt viele Stunden am Tag.,Müde Hunde legen sich hin.,Hund,,ok
pol_diktatur,2,Was war die «Kulturrevolution» in China?,"[""Eine Kampagne Maos gegen vermeintliche Feinde und alte Traditionen."", ""Eine Kunstausstellung."", ""Ein Filmfestival."", ""Eine Schulreform ohne Konflikte.""]","Während der Kulturrevolution wurden Millionen Menschen verfolgt, gedemütigt oder getötet, weil sie angeblich nicht «revolutionär» genug dachten. Auch Bildung und Kultur litten stark darunter.",Die Kulturrevolution verfolgte angebliche Feinde.,Kulturrevolution,,ok
tiere,3,"Wie nennt man es, wenn sich ein Tier wie die Stabheuschrecke perfekt als Ast tarnt?","[""Mimese"", ""Mimikry"", ""Symbiose"", ""Metamorphose""]","Bei der Mimese ahmt ein Tier die Form eines unbelebten Gegenstands wie eines Astes nach, um vor Feinden unsichtbar zu bleiben. Das unterscheidet sich von Mimikry, bei der ein Tier ein anderes Lebewesen nachahmt.",Mimese heisst Tarnung als Gegenstand.,Mimese,,ok
natur,1,Wie viele Jahreszeiten gibt es in der Schweiz?,"[""4"", ""2"", ""6"", ""3""]","In der Schweiz gibt es Frühling, Sommer, Herbst und Winter. Jede Jahreszeit dauert ungefähr drei Monate.",Es gibt vier Jahreszeiten pro Jahr.,Jahreszeit,,ok
bilder,2,Welches Tier zeigt das Wappen des Kantons Appenzell Ausserrhoden?,"[""Bär"", ""Widder"", ""Löwe"", ""Stier""]","Wie Appenzell Innerrhoden trägt auch Appenzell Ausserrhoden einen Bären im Wappen, allerdings ohne rote Zunge und Krallen. Die beiden Kantone hatten früher einen gemeinsamen Ursprung.",Auch Ausserrhoden hat einen Bären im Wappen.,Appenzell Ausserrhoden,,ok
koerper,3,Was ist Osteoporose?,"[""Eine Krankheit mit Verlust an Knochendichte"", ""Eine Entzündung der Lunge"", ""Eine Sehstörung im Alter"", ""Eine Form von Diabetes""]",Bei Osteoporose verlieren die Knochen an Dichte und werden brüchiger. Besonders ältere Menschen sind häufiger betroffen.,Osteoporose macht Knochen brüchiger.,Osteoporose,,ok
wissenschaft,2,Wer erfand das Dynamit?,"[""Alfred Nobel"", ""Thomas Edison"", ""James Watt"", ""Wilhelm Röntgen""]","Der schwedische Chemiker Alfred Nobel erfand 1867 das Dynamit, einen sicheren Sprengstoff. Mit seinem Vermögen stiftete er später den Nobelpreis.",Nobel erfand das Dynamit.,Alfred Nobel,,ok
natur,2,Wie entsteht eine Wüste?,"[""Durch sehr geringe Niederschlagsmengen über lange Zeit"", ""Durch zu viel Regen"", ""Durch starke Vulkanausbrüche"", ""Durch das Schmelzen von Gletschern""]","Wüsten liegen oft in Gebieten mit besonderen Windströmungen, wo kaum Regenwolken hingelangen. Deshalb fällt dort über Jahre kaum Niederschlag.",Wüsten entstehen durch extreme Trockenheit.,Wüste,,ok
physik,3,Was besagt das Ohmsche Gesetz?,"[""Die Stromstärke ist proportional zur Spannung und umgekehrt proportional zum Widerstand"", ""Der Widerstand ist immer gleich null"", ""Spannung und Stromstärke sind unabhängig voneinander"", ""Der Widerstand nimmt bei mehr Spannung immer ab""]","Georg Simon Ohm fand heraus, dass I = U / R gilt. Erhöht man also die Spannung bei gleichem Widerstand, steigt auch die Stromstärke proportional an.",Strom = Spannung geteilt durch Widerstand.,Ohmsches Gesetz,,ok
koerper,3,Was bewirkt Adrenalin im Körper in einer Gefahrensituation?,"[""Es erhöht Herzfrequenz und Energiebereitschaft (Kampf-oder-Flucht)"", ""Es senkt den Blutdruck stark"", ""Es macht müde und entspannt"", ""Es fördert nur die Verdauung""]","Adrenalin bereitet den Körper blitzschnell auf Kampf oder Flucht vor. Herzschlag, Atmung und Energiebereitstellung steigen dabei stark an.",Adrenalin macht bereit für Kampf oder Flucht.,Adrenalin,,ok
geld,3,Was ist die 3. Säule in der Schweiz?,"[""Eine freiwillige private Vorsorge, mit der man zusätzlich fürs Alter spart und dabei Steuern sparen kann"", ""Eine Pflichtversicherung für Kinder"", ""Ein staatliches Sozialamt"", ""Eine Bank, die nur Kredite vergibt""]","Die 3. Säule ist die freiwillige, private Vorsorge im Schweizer Altersvorsorgesystem. Einzahlungen können oft von den Steuern abgezogen werden, was sie attraktiv macht.",3. Säule ist freiwillige Vorsorge.,Drei-Säulen-Prinzip (Schweiz),,ok
pol_welt,2,Seit welchem Ereignis gilt die Schweiz offiziell als dauerhaft neutral?,"[""Seit dem Wiener Kongress 1815"", ""Seit dem Ersten Weltkrieg"", ""Seit dem UNO-Beitritt 2002"", ""Seit der Gründung der EU""]","Am Wiener Kongress 1815 erkannten die europäischen Grossmächte die dauernde Neutralität der Schweiz an. Seither versucht die Schweiz, sich aus militärischen Konflikten herauszuhalten.",Seit 1815 ist die Schweiz dauerhaft neutral.,Neutralität der Schweiz,,ok
pol_demokratie,3,"Wie heisst die gemeinsame Sitzung von National- und Ständerat, etwa zur Wahl des Bundesrates?","[""Vereinigte Bundesversammlung"", ""Kantonsrat"", ""Landsgemeinde"", ""Bundesgericht""]",Bei bestimmten Anlässen wie der Bundesratswahl treten National- und Ständerat gemeinsam als Vereinigte Bundesversammlung zusammen.,Beide Kammern zusammen: Vereinigte Bundesversammlung.,Vereinigte Bundesversammlung,,ok
wissenschaft,2,Wer erfand die Dampfmaschine massgeblich und trieb damit die Industrialisierung voran?,"[""James Watt"", ""Thomas Edison"", ""Alexander Graham Bell"", ""Nikola Tesla""]","James Watt verbesserte im 18. Jahrhundert die Dampfmaschine entscheidend, sodass sie effizient Fabriken und Züge antreiben konnte. Damit begann die industrielle Revolution.",James Watt verbesserte die Dampfmaschine.,James Watt,,ok
geld,1,Was ist Taschengeld?,"[""Geld, das man regelmässig von den Eltern bekommt, um es selbst zu verwalten"", ""Geld, das man in der Schule verdient"", ""Geld, das nur für die Schule verwendet werden darf"", ""Geld, das man von der Bank geschenkt bekommt""]","Taschengeld ist Geld, das Kinder regelmässig bekommen und selbst einteilen dürfen. So lernt man früh, mit Geld umzugehen.",Taschengeld selbst einteilen lernen.,Taschengeld,,ok
tiere,2,"Wie nennt man Tiere, die sowohl Fleisch als auch Pflanzen fressen?","[""Allesfresser"", ""Fleischfresser"", ""Pflanzenfresser"", ""Aasfresser""]",Allesfresser wie der Bär oder das Wildschwein ernähren sich von pflanzlicher und tierischer Nahrung. Auch der Mensch gehört zu den Allesfressern.,Allesfresser essen Pflanzen und Fleisch.,Omnivoren,,ok
kt_SO,1,Welches kleine Städtchen im Kanton Solothurn liegt am Fuss des Juras?,"[""Balsthal"", ""Chur"", ""Lugano"", ""Sion""]","Balsthal liegt im Thal, einem schönen Tal im Kanton Solothurn am Fuss des Jura-Gebirges. Es ist von Wäldern und Hügeln umgeben.",Balsthal liegt im Thal am Fuss des Juras.,Balsthal,,ok
natur,3,Was ist die Internationale Raumstation (ISS)?,"[""Ein bewohntes Forschungslabor im Erdorbit"", ""Ein unbemannter Satellit zur Wetterbeobachtung"", ""Eine Raumsonde auf dem Weg zum Mars"", ""Ein Teleskop auf dem Mond""]",Die ISS umkreist die Erde in rund 400 Kilometern Höhe und wird von internationalen Teams von Astronauten dauerhaft bewohnt. Dort werden zahlreiche wissenschaftliche Experimente unter Schwerelosigkeit durchgeführt.,Die ISS ist ein bewohntes Labor im Weltraum.,Internationale Raumstation,,ok
wissenschaft,1,Wer erfand das Telefon?,"[""Alexander Graham Bell"", ""Albert Einstein"", ""Isaac Newton"", ""Charles Darwin""]",Alexander Graham Bell entwickelte 1876 das erste funktionierende Telefon. Damit konnten Menschen zum ersten Mal über weite Strecken sprechen.,Bell erfand das Telefon.,Alexander Graham Bell,,ok
pol_kommunismus,3,Wann löste sich die Sowjetunion offiziell auf?,"[""1991"", ""1989"", ""1985"", ""2000""]",Nach dem Scheitern eines Putschversuchs im August 1991 zerfiel die Sowjetunion in ihre Einzelstaaten. Am 26. Dezember 1991 wurde ihre Auflösung offiziell besiegelt.,1991: Ende der Sowjetunion.,Auflösung der Sowjetunion,,ok
pol_demokratie,3,"In welcher Gemeinde führten Frauen bereits 1957 das Stimmrecht ein, obwohl es national noch verboten war?","[""Unterbäch (Kanton Wallis)"", ""Zermatt"", ""Appenzell"", ""Davos""]","Die Walliser Gemeinde Unterbäch liess 1957 Frauen bei einer kommunalen Abstimmung mitstimmen, lange bevor das Frauenstimmrecht landesweit galt. Dies sorgte damals für viel Aufsehen.",Unterbäch liess 1957 als erste Gemeinde Frauen abstimmen.,Unterbäch,,ok
natur,2,Wofür ist Kohlendioxid (CO2) massgeblich mitverantwortlich?,"[""Für den verstärkten Treibhauseffekt"", ""Für die Entstehung von Regenbogen"", ""Für das Wachstum des Mondes"", ""Für die Entstehung von Erdbeben""]","CO2 ist ein Treibhausgas, das Wärme in der Atmosphäre zurückhält. Durch das Verbrennen von Kohle, Öl und Gas steigt die CO2-Menge und verstärkt so die Erderwärmung.",CO2 verstärkt den Treibhauseffekt.,Kohlenstoffdioxid,,ok
koerper,3,Welche Aufgabe haben die Nebennieren?,"[""Sie produzieren Hormone wie Adrenalin und Cortisol"", ""Sie filtern das Blut wie die Nieren"", ""Sie speichern Urin"", ""Sie bilden Magensäure""]",Die Nebennieren sitzen auf den Nieren und produzieren wichtige Hormone für Stressreaktionen und den Stoffwechsel. Adrenalin und Cortisol gehören dazu.,Nebennieren bilden Stresshormone.,Nebenniere,,ok
pol_demokratie,3,"In welchem Kanton erhielten Frauen bereits 1959 das kantonale Stimmrecht, deutlich vor dem Rest der Schweiz?","[""Waadt"", ""Zürich"", ""Genf"", ""Bern""]",Der Kanton Waadt führte 1959 als erster Kanton der Schweiz das Frauenstimmrecht auf kantonaler Ebene ein. Das nationale Frauenstimmrecht folgte erst 1971.,Die Waadt führte 1959 als erster Kanton Frauenstimmrecht ein.,Frauenstimmrecht in der Schweiz,,ok
koerper,3,"Wie heisst die Schutzschicht um Nervenfasern, die die Signalübertragung beschleunigt?","[""Myelinscheide"", ""Zellmembran"", ""Kollagenhülle"", ""Synapsenspalt""]",Die Myelinscheide umhüllt viele Nervenfasern wie eine Isolierung. Sie lässt elektrische Impulse deutlich schneller weiterlaufen.,Myelin beschleunigt Nervensignale.,Myelin,,ok
physik,3,Was gibt der elektrische Widerstand in Ohm an?,"[""Wie stark ein Material den Stromfluss behindert"", ""Wie viel Licht ein Material durchlässt"", ""Wie schwer ein Material ist"", ""Wie warm ein Material wird""]","Ein hoher Widerstand bedeutet, dass ein Material den Stromfluss stark hemmt, ein niedriger Widerstand lässt Strom leicht fliessen. Metalle wie Kupfer haben einen sehr niedrigen Widerstand und leiten deshalb gut.",Widerstand bremst den Stromfluss.,Elektrischer Widerstand,,ok
bilder,1,Welches Land hat einen roten Kreis in der Mitte einer weissen Flagge?,"[""Japan"", ""China"", ""Südkorea"", ""Vietnam""]",Der rote Kreis auf der japanischen Flagge stellt die aufgehende Sonne dar. Japan wird deshalb auch «Land der aufgehenden Sonne» genannt.,Japans Flagge zeigt eine rote Sonne.,Flagge Japans,,ok
wissenschaft,2,Wer gilt als Erfinder des World Wide Web?,"[""Tim Berners-Lee"", ""Bill Gates"", ""Steve Jobs"", ""Alan Turing""]","Tim Berners-Lee entwickelte 1989 das World Wide Web, das Informationen über das Internet einfach zugänglich machte. Heute nutzen es Milliarden Menschen täglich.",Berners-Lee erfand das World Wide Web.,Tim Berners-Lee,,ok
pol_welt,2,Was ist Interpol?,"[""Eine Organisation, die Polizeibehörden verschiedener Länder vernetzt"", ""Eine Fluggesellschaft"", ""Ein Sportverband"", ""Eine Bank""]","Interpol hilft Polizeien aus verschiedenen Ländern, zusammenzuarbeiten, zum Beispiel bei der Suche nach Verbrechern über Grenzen hinweg. Der Hauptsitz liegt in Frankreich.",Interpol vernetzt Polizeien weltweit.,Interpol,,ok
pol_demokratie,1,"Wie heisst es, wenn man vor einer Abstimmung Informationen zu den Themen bekommt?","[""Abstimmungsbüchlein"", ""Kochbuch"", ""Fahrplan"", ""Wörterbuch""]",Vor jeder Abstimmung erhalten alle Stimmberechtigten ein Büchlein mit Erklärungen zu den Themen. So kann man sich informieren.,Das Abstimmungsbüchlein erklärt die Themen.,Abstimmungsbüchlein,,ok
koerper,2,Welche Aufgabe haben die Bandscheiben in der Wirbelsäule?,"[""Sie dämpfen Stösse zwischen den Wirbeln"", ""Sie bilden rote Blutkörperchen"", ""Sie speichern Fett"", ""Sie produzieren Hormone""]",Bandscheiben liegen zwischen den Wirbeln und wirken wie Stossdämpfer. Sie machen die Wirbelsäule beweglich und schützen sie.,Bandscheiben dämpfen Stösse.,Bandscheibe,,ok
pol_welt,3,Was bedeutet der Status 'EU-Beitrittskandidat'?,"[""Ein Land erfüllt die Bedingungen für Beitrittsverhandlungen, ist aber noch kein Mitglied"", ""Ein Land ist bereits vollwertiges EU-Mitglied"", ""Ein Land hat die EU offiziell verlassen"", ""Ein Land darf im EU-Parlament abstimmen, obwohl es kein Mitglied ist""]","Ein Beitrittskandidat muss zuerst bestimmte politische und wirtschaftliche Kriterien erfüllen, bevor Verhandlungen über eine Mitgliedschaft beginnen können. Der Prozess kann viele Jahre dauern.",Kandidatenländer verhandeln über einen EU-Beitritt.,Erweiterung der Europäischen Union,,ok
physik,1,"Wie nennt man die Kraft, die dich immer zum Boden zieht?","[""Schwerkraft"", ""Reibung"", ""Spannung"", ""Magnetkraft""]","Die Schwerkraft der Erde zieht alles nach unten. Deshalb fallen Dinge, wenn du sie loslässt.",Die Schwerkraft zieht alles nach unten.,Gravitation,,ok
tiere,1,Was macht der Hahn früh am Morgen?,"[""Er kräht laut"", ""Er legt Eier"", ""Er gibt Milch"", ""Er spinnt Wolle""]",Der Hahn ist das Männchen des Huhns und kräht besonders am Morgen. Eier legen dagegen nur die Hennen.,"Der Hahn kräht, die Henne legt Eier.",Haushuhn,,ok
pol_welt,1,Was bedeutet «international»?,"[""Zwischen verschiedenen Ländern"", ""Nur innerhalb eines Dorfes"", ""Nur im Weltraum"", ""Nur in der Schweiz""]","International heisst, dass etwas mehrere Länder betrifft, zum Beispiel eine Zusammenarbeit oder ein Treffen. Das Gegenteil wäre national, also nur ein Land betreffend.",International heisst: mehrere Länder betreffend.,Internationale Beziehungen,,ok
tiere,3,Warum ist die Aminosäure Taurin für Katzen besonders wichtig?,"[""ihr Körper kann sie kaum selbst herstellen und braucht sie aus tierischer Nahrung"", ""sie macht das Fell bunter"", ""sie ist nur für die Verdauung von Pflanzen nötig"", ""sie hat keinerlei Bedeutung für Katzen""]",Katzen können die Aminosäure Taurin nur in sehr geringen Mengen selbst bilden und müssen sie über tierische Nahrung aufnehmen. Ein Mangel kann zu schweren Herz- und Augenschäden führen.,Taurin ist für Katzen lebensnotwendig.,Taurin,,ok
tiere,3,In welcher Region wurde die Hauskatze vermutlich zuerst domestiziert?,"[""im Nahen Osten, im sogenannten Fruchtbaren Halbmond"", ""in Skandinavien"", ""in Südamerika"", ""in Australien""]","Archäologische Funde deuten darauf hin, dass die Domestizierung der Katze vor rund 10 000 Jahren im Nahen Osten begann, im Gebiet des Fruchtbaren Halbmonds. Dort lebten Katzen zunächst in der Nähe von Getreidespeichern, um Mäuse zu jagen.",Katzen wurden im Nahen Osten domestiziert.,Hauskatze,,ok
physik,2,"Wie nennt man die Kraft, mit der ein Körper senkrecht auf eine Unterlage drückt?","[""Gewichtskraft"", ""Reibungskraft"", ""Auftriebskraft"", ""Federkraft""]","Die Gewichtskraft entsteht durch die Schwerkraft, die auf die Masse eines Körpers wirkt. Sie drückt den Körper auf die Unterlage, auf der er steht oder liegt.",Die Gewichtskraft drückt nach unten.,Gewichtskraft,,ok
physik,1,Womit kannst du schwere Steine leichter hochheben?,"[""Mit einem Hebel"", ""Mit einer Feder"", ""Mit einem Spiegel"", ""Mit einer Batterie""]","Ein Hebel verteilt die Kraft, sodass du weniger stark drücken musst. Schon eine lange Stange kann helfen, einen schweren Stein zu bewegen.",Ein Hebel macht schwere Arbeit leichter.,Hebel (Physik),,ok
pol_welt,2,Was ist die G20?,"[""Ein Zusammenschluss der 20 wirtschaftlich wichtigsten Länder der Welt"", ""Eine Abteilung der UNO für Umweltfragen"", ""Ein Sportverband für 20 Länder"", ""Ein Gericht mit 20 Richtern""]","In der G20 treffen sich die Regierungen der grössten Volkswirtschaften, um über Wirtschaft, Klima und andere globale Themen zu sprechen. Die Schweiz gehört nicht zu den festen Mitgliedern.",Die G20 sind die 20 grössten Wirtschaftsmächte.,Gruppe der Zwanzig,,ok
tiere,3,Wie viele anerkannte Katzenrassen gibt es weltweit ungefähr?,"[""mehrere Dutzend, je nach Zuchtverband zwischen 40 und 70"", ""genau 5"", ""über 1000"", ""nur eine einzige""]","Je nach Zuchtverband werden weltweit rund 40 bis 70 verschiedene Katzenrassen anerkannt. Die meisten Hauskatzen sind jedoch keine Rassekatzen, sondern gemischte Hauskatzen.",Es gibt rund 40 bis 70 Katzenrassen.,Katzenrasse,,ok
wissenschaft,3,"Wer entwickelte das Atommodell, bei dem Elektronen auf festgelegten Schalen um den Kern kreisen?","[""Niels Bohr"", ""Ernest Rutherford"", ""Albert Einstein"", ""Dmitri Mendelejew""]","Der dänische Physiker Niels Bohr stellte 1913 ein Atommodell vor, in dem sich Elektronen nur auf bestimmten Energieniveaus, den Schalen, bewegen können. Dieses Modell erklärte erstmals die Lichtspektren von Wasserstoff.",Bohr entwarf das Schalenmodell des Atoms.,Bohrsches Atommodell,,ok
koerper,3,Was passiert an einer Synapse?,"[""Signale werden von einer Nervenzelle zur nächsten übertragen"", ""Blut wird gefiltert"", ""Nahrung wird zerkleinert"", ""Sauerstoff wird gespeichert""]",An der Synapse gibt eine Nervenzelle mit Botenstoffen ein Signal an die nächste Zelle weiter. So funktioniert die Kommunikation im Nervensystem.,Synapsen übertragen Nervensignale.,Synapse,,ok
pol_diktatur,3,Was bedeutet das Gewaltmonopol des Staates?,"[""Nur der Staat darf rechtmässig Gewalt anwenden, etwa über Polizei und Justiz."", ""Jede Person darf sich selbst bewaffnen."", ""Nur der Diktator darf Gesetze brechen."", ""Gewalt ist grundsätzlich verboten.""]","In einem Rechtsstaat liegt das Gewaltmonopol bei staatlichen Institutionen, die an Gesetze gebunden sind. In Diktaturen wird dieses Monopol oft missbraucht, um Kritiker einzuschüchtern statt Recht durchzusetzen.",Nur der Staat darf rechtmässig Gewalt ausüben.,Gewaltmonopol,,ok
pol_demokratie,1,Was ist ein Stimmcouvert?,"[""Ein Umschlag, in dem man den Stimmzettel zur Post schickt"", ""Ein Sparkonto"", ""Eine Einladung zur Schule"", ""Ein Ausweis für Reisen""]","Wer nicht persönlich zur Urne gehen möchte, steckt seinen ausgefüllten Stimmzettel in ein Stimmcouvert. Dieses wird dann per Post verschickt.",Im Stimmcouvert reist der Stimmzettel zur Post.,Briefliche Stimmabgabe,,ok
koerper,2,"Welche Gelenkart erlaubt es dem Arm, sich in fast alle Richtungen zu bewegen?","[""Das Kugelgelenk in der Schulter"", ""Das Scharniergelenk im Knie"", ""Ein festes Gelenk in der Schädeldecke"", ""Es gibt kein bewegliches Gelenk im Arm""]",Das Kugelgelenk der Schulter erlaubt sehr grosse Bewegungsfreiheit. Andere Gelenke wie das Knie bewegen sich nur in eine Richtung.,Kugelgelenke erlauben viele Bewegungen.,Kugelgelenk,,ok
wissenschaft,2,Welches radioaktive Element entdeckten Marie und Pierre Curie?,"[""Radium"", ""Sauerstoff"", ""Gold"", ""Wasserstoff""]",Marie und Pierre Curie entdeckten 1898 das Element Radium und erforschten die Radioaktivität. Für ihre Arbeit erhielten sie mehrere Nobelpreise.,Die Curies entdeckten Radium.,Marie Curie,,ok
physik,3,Wie berechnet man die elektrische Leistung eines Geräts?,"[""Leistung ist Spannung mal Stromstärke"", ""Leistung ist Spannung geteilt durch Widerstand"", ""Leistung ist Masse mal Beschleunigung"", ""Leistung ist Zeit mal Weg""]","Die Formel P = U x I gibt an, wie viel elektrische Energie pro Zeiteinheit umgesetzt wird. Die Leistung wird in Watt angegeben.",Leistung ist Spannung mal Stromstärke.,Elektrische Leistung,,ok
pol_demokratie,3,Was unterscheidet eine Motion von einem Postulat im Parlament?,"[""Eine Motion verpflichtet den Bundesrat zum Handeln, ein Postulat bittet nur um Prüfung"", ""Beide sind rechtlich identisch"", ""Ein Postulat ist verbindlicher als eine Motion"", ""Nur Motionen dürfen Ständeratsmitglieder einreichen""]","Nimmt das Parlament eine Motion an, muss der Bundesrat aktiv werden. Bei einem Postulat wird der Bundesrat nur gebeten, eine Frage zu prüfen und Bericht zu erstatten.","Motion verpflichtet, Postulat bittet um Prüfung.",Postulat (Schweiz),,ok
tiere,3,Was versteht man unter «Bioindikatoren» am Beispiel von Eintagsfliegenlarven in Bächen?,"[""Arten, deren Vorkommen Rückschlüsse auf die Umweltqualität erlaubt"", ""Arten, die nur in Zoos vorkommen"", ""Gentechnisch veränderte Tierarten"", ""Arten ohne ökologische Bedeutung""]",Bioindikatoren reagieren empfindlich auf Umweltveränderungen wie Wasserqualität oder Luftverschmutzung. Das Vorkommen oder Fehlen von Eintagsfliegenlarven zeigt zum Beispiel die Wasserqualität eines Baches an.,Bioindikatoren zeigen Umweltqualität an.,Bioindikator,,ok
tiere,3,Wofür stehen die Kategorien der Roten Liste der IUCN bei Tierarten?,"[""Für den Gefährdungsgrad einer Art beim Aussterben"", ""Für die Körpergrösse einer Tierart"", ""Für das Lieblingsfutter einer Art"", ""Für die Lautstärke der Tierrufe""]","Die Rote Liste teilt Arten in Kategorien wie «gefährdet», «stark gefährdet» oder «vom Aussterben bedroht» ein. Sie hilft dabei, Schutzmassnahmen für bedrohte Tiere gezielt zu planen.","Die Rote Liste zeigt, wie bedroht Arten sind.",Rote Liste gefährdeter Arten,,ok
wissenschaft,3,"Wer stellte die Keimtheorie auf, wonach Krankheiten durch Mikroorganismen verursacht werden?","[""Louis Pasteur"", ""Charles Darwin"", ""Isaac Newton"", ""Gregor Mendel""]","Louis Pasteur zeigte im 19. Jahrhundert, dass Mikroorganismen viele Krankheiten verursachen. Seine Forschung führte auch zur Entwicklung wichtiger Impfstoffe.",Pasteur bewies: Keime machen krank.,Louis Pasteur,,ok
wissenschaft,1,Was zeigt ein Thermometer an?,"[""Die Temperatur"", ""Die Uhrzeit"", ""Das Gewicht"", ""Die Grösse""]","Ein Thermometer misst, wie warm oder kalt etwas ist. Man findet es zum Beispiel draussen oder beim Kochen.",Ein Thermometer misst die Temperatur.,Thermometer,,ok
geld,1,Was ist der Unterschied zwischen Münzen und Banknoten?,"[""Münzen sind aus Metall und meist weniger wert, Noten sind aus Spezialmaterial und für grössere Beträge gedacht"", ""Münzen sind immer mehr wert als Noten"", ""Noten kann man nicht ausgeben"", ""Münzen gibt es nur im Ausland""]","Münzen bestehen aus Metall und haben meist kleinere Werte, Noten sind aus einem speziellen Material und für grössere Beträge gedacht. In der Schweiz gibt es Münzen von 5 Rappen bis 5 Franken.","Münzen klein, Noten gross im Wert.",Schweizer Franken,,ok
tiere,3,Was beschreibt der Begriff «konvergente Evolution» am Beispiel der stromlinienförmigen Körper von Delfinen und den ausgestorbenen Ichthyosauriern?,"[""Unabhängige Entwicklung ähnlicher Merkmale bei nicht verwandten Arten"", ""Gemeinsame direkte Abstammung"", ""Zufällige genetische Mutation ohne Anpassungswert"", ""Kreuzung zweier Arten""]","Konvergente Evolution beschreibt, wie nicht eng verwandte Arten unter ähnlichem Selektionsdruck ähnliche Merkmale entwickeln. Delfine (Säugetiere) und die ausgestorbenen Ichthyosaurier (Reptilien) entwickelten unabhängig voneinander eine stromlinienförmige Körperform fürs Schwimmen.",Ähnliche Umwelt formt ähnliche Körper.,Konvergenz (Evolution),,ok
bilder,2,"Welche Organisation nutzt eine hellblaue Flagge mit einer Weltkarte, umgeben von einem weissen Olivenkranz?","[""Vereinte Nationen (UNO)"", ""Rotes Kreuz"", ""Europäische Union"", ""UNESCO""]","Die UNO-Flagge zeigt eine Weltkarte, umrahmt von zwei Olivenzweigen als Symbol für Frieden. Sie wurde 1945 eingeführt.",Die UNO-Flagge steht für Frieden weltweit.,Flagge der Vereinten Nationen,,ok
physik,3,Wofür ist das Wirkungsquantum von Max Planck grundlegend wichtig?,"[""Für die Quantenphysik, da Energie nur in kleinen Paketen übertragen wird"", ""Für die Berechnung der Lichtgeschwindigkeit im Vakuum"", ""Für die klassische Mechanik von Newton"", ""Für die Messung von elektrischem Widerstand""]","Planck entdeckte, dass Energie nicht beliebig teilbar ist, sondern nur in festen kleinen Portionen, sogenannten Quanten, ausgetauscht wird. Diese Entdeckung legte den Grundstein für die gesamte Quantenphysik.",Energie wird in kleinen Quanten übertragen.,Plancksches Wirkungsquantum,,ok
pol_demokratie,1,Was ist eine Gemeinde?,"[""Der kleinste politische Ort, in dem Menschen wohnen und mitentscheiden können"", ""Ein Fluss in der Schweiz"", ""Ein Gebäude in Bern"", ""Eine Schule für Politiker""]","Eine Gemeinde ist wie ein Dorf oder eine Stadt, in der Menschen wohnen. Dort können die Bewohnerinnen und Bewohner bei vielen Fragen mitbestimmen.",Gemeinde ist der kleinste politische Ort.,Gemeinde (Schweiz),,ok
pol_welt,1,Was ist eine Städtepartnerschaft?,"[""Eine Freundschaft zwischen zwei Gemeinden aus verschiedenen Ländern"", ""Ein Vertrag zwischen zwei Königen"", ""Ein Fussballverein mit Spielern aus vielen Ländern"", ""Ein Gebäude für internationale Konferenzen""]","Zwei Gemeinden aus verschiedenen Ländern können eine Partnerschaft eingehen, um sich zu besuchen und auszutauschen. So lernen sich Menschen aus verschiedenen Kulturen kennen.",Städtepartnerschaften verbinden Gemeinden über Grenzen.,Städtepartnerschaft,,ok
physik,1,Warum schwimmt ein Stück Holz auf dem Wasser?,"[""Weil Holz leichter ist als die gleiche Menge Wasser"", ""Weil Holz aus Wasser besteht"", ""Weil Holz immer nass wird"", ""Weil Holz keine Luft enthält""]","Holz hat eine geringere Dichte als Wasser, darum schwimmt es obenauf. Schwere Stoffe wie Stein sinken, weil sie dichter sind als Wasser.","Leichteres schwimmt, Schwereres sinkt.",Dichte,,ok
tiere,3,Warum ist genetische Vielfalt innerhalb einer Tierart für den Artenschutz wichtig?,"[""Sie erhöht die Anpassungsfähigkeit an Umweltveränderungen"", ""Sie macht Tiere langsamer"", ""Sie führt automatisch zum Aussterben"", ""Sie hat keinen Effekt auf die Population""]","Eine hohe genetische Vielfalt gibt einer Population mehr Möglichkeiten, sich an Krankheiten oder Klimaveränderungen anzupassen. Kleine, isolierte Populationen verlieren oft an genetischer Vielfalt und sind dadurch gefährdeter.",Genetische Vielfalt hilft Arten zu überleben.,Genetische Vielfalt,,ok
koerper,3,"Was ist ein Reflex, zum Beispiel das Zurückziehen der Hand von etwas Heissem?","[""Eine automatische, unbewusste Reaktion über das Rückenmark"", ""Eine bewusst geplante Bewegung"", ""Eine Form des Gedächtnisses"", ""Eine Muskelkrankheit""]","Bei einem Reflex wird das Signal direkt im Rückenmark verarbeitet, ohne das Gehirn abzuwarten. So reagiert der Körper besonders schnell auf Gefahr.",Reflexe wirken schneller als bewusstes Denken.,Reflex,,ok
physik,3,Warum gilt eine Kraft in der Physik als Vektorgrösse und nicht als Skalar?,"[""Weil eine Kraft sowohl einen Betrag als auch eine Richtung hat"", ""Weil Kräfte nie gemessen werden können"", ""Weil eine Kraft immer null ist"", ""Weil eine Kraft keine Einheit besitzt""]","Eine Angabe wie 10 Newton reicht bei einer Kraft nicht aus, man muss auch wissen, in welche Richtung sie wirkt. Grössen wie Temperatur oder Masse dagegen sind Skalare, die nur einen Zahlenwert brauchen.",Kräfte haben Betrag und Richtung.,Vektor (Physik),,ok
pol_welt,1,Wofür steht die Abkürzung 'EU'?,"[""Europäische Union"", ""Europäische Universität"", ""Europäisches Unternehmen"", ""Europäischer Urwald""]","Die EU ist ein Zusammenschluss von Ländern in Europa. Sie arbeiten zusammen bei Themen wie Handel, Umwelt und Reisen.",EU steht für Europäische Union.,Europäische Union,,ok
pol_diktatur,1,"Wieso ist es wichtig, dass es mehrere Parteien gibt?","[""Damit die Menschen zwischen verschiedenen Ideen wählen können."", ""Damit es mehr Wahlplakate gibt."", ""Damit Wahlen länger dauern."", ""Damit alle die gleiche Meinung haben.""]","Mehrere Parteien bieten verschiedene Lösungen für Probleme an. So kann das Volk frei entscheiden, welche Idee ihm am besten gefällt.",Mehrere Parteien geben echte Wahl.,Mehrparteiensystem,,ok
geld,2,Was ist ein Jugendlohn?,"[""Ein fester monatlicher Betrag, mit dem Jugendliche selbst viele Ausgaben wie Kleider oder Freizeit planen"", ""Ein Lohn, den Jugendliche vom Staat bekommen"", ""Ein Lohn, den nur Lehrlinge erhalten"", ""Geld, das man nur an Feiertagen bekommt""]","Beim Jugendlohn-Modell erhalten Jugendliche regelmässig einen festen Betrag, mit dem sie selbständig für bestimmte Bereiche wie Kleidung oder Freizeit budgetieren. So lernen sie früh, mit Geld umzugehen.",Jugendlohn übt selbständiges Budgetieren.,Taschengeld,,ok
pol_diktatur,2,Was bedeutet «Desaparecidos» in der argentinischen Militärdiktatur?,"[""Menschen, die spurlos verschwanden, weil die Regierung sie verfolgte."", ""Berühmte Fussballspieler."", ""Beliebte Feiertage."", ""Staatliche Auszeichnungen.""]",Während der Militärdiktatur in Argentinien (1976–1983) liessen die Machthaber tausende Regierungskritiker heimlich verschwinden. Viele wurden nie wieder gefunden.,Desaparecidos verschwanden spurlos.,Militärdiktatur in Argentinien,,ok
pol_welt,1,Was ist der Weltkindertag?,"[""Ein Tag, an dem an die Rechte der Kinder erinnert wird"", ""Ein Feiertag nur in der Schweiz"", ""Ein Fussballturnier"", ""Ein Tag ohne Schule für alle""]","Am Weltkindertag wird daran erinnert, dass alle Kinder auf der Welt Rechte haben, zum Beispiel das Recht auf Schule und Schutz. Die UNO unterstützt diesen Tag.",Weltkindertag erinnert an die Rechte der Kinder.,Weltkindertag,,ok
pol_welt,1,Was ist eine Botschaft?,"[""Die Vertretung eines Landes in einem anderen Land"", ""Ein Brief an die Regierung"", ""Ein Fussballstadion"", ""Ein Geldschein""]","Eine Botschaft ist ein Gebäude, in dem Menschen eines Landes in einem anderen Land arbeiten. Sie helfen zum Beispiel eigenen Bürgerinnen und Bürgern im Ausland.",Eine Botschaft vertritt ein Land im Ausland.,Diplomatische Mission,,ok
pol_demokratie,2,Was ist der Unterschied zwischen Exekutive und Legislative?,"[""Die Exekutive regiert, die Legislative macht Gesetze"", ""Beide sind dasselbe"", ""Die Exekutive macht Gesetze, die Legislative regiert"", ""Nur die Legislative existiert in der Schweiz""]","Die Exekutive ist die Regierung, zum Beispiel der Bundesrat. Die Legislative ist das Parlament, das Gesetze beschliesst.","Exekutive regiert, Legislative macht Gesetze.",Gewaltenteilung,,ok
natur,3,Was versteht man unter Photoperiodismus bei Pflanzen?,"[""Die Reaktion von Pflanzen auf die Tageslänge, etwa beim Blühen"", ""Das Wachstum von Pflanzen in Richtung Licht"", ""Die Fähigkeit, im Dunkeln zu leuchten"", ""Das Verdunsten von Wasser über die Blätter""]","Viele Pflanzen erkennen anhand der Tageslänge, wann sie blühen sollen. So blühen manche Arten nur im Frühling, andere erst im Herbst.",Photoperiodismus steuert das Blühen anhand der Tageslänge.,Photoperiodismus,,ok
wissenschaft,1,Welcher Planet ist der grösste in unserem Sonnensystem?,"[""Jupiter"", ""Merkur"", ""Mars"", ""Venus""]","Jupiter ist so gross, dass viele Erden hineinpassen würden. Er besteht hauptsächlich aus Gas.",Jupiter ist der grösste Planet.,Jupiter (Planet),,ok
geld,2,Was bedeutet 'Skonto' bei einer Rechnung?,"[""Ein Preisnachlass, wenn man die Rechnung sehr schnell bezahlt"", ""Ein Zuschlag für späte Zahlung"", ""Eine zusätzliche Steuer"", ""Ein Rabatt nur für Studierende""]","Skonto ist ein kleiner Preisnachlass, den man erhält, wenn man eine Rechnung innerhalb einer kurzen Frist bezahlt. Das belohnt schnelles Bezahlen.",Skonto belohnt schnelles Bezahlen.,Skonto,,ok
wissenschaft,2,Was unterscheidet einen Kometen grundsätzlich von einem Asteroiden?,"[""Ein Komet besteht aus Eis und Staub und entwickelt einen Schweif"", ""Ein Komet ist immer grösser als ein Planet"", ""Ein Asteroid hat einen Schweif aus Gas"", ""Ein Komet kreist nie um die Sonne""]","Kometen bestehen aus Eis, Staub und gefrorenen Gasen und bilden nahe der Sonne einen leuchtenden Schweif. Asteroiden sind dagegen felsige Brocken ohne Schweif.",Kometen haben einen Schweif aus Eis und Staub.,Komet,,ok
pol_demokratie,2,Was ist eine Kommission im Parlament?,"[""Eine kleinere Gruppe von Parlamentsmitgliedern, die Themen vorbereitet"", ""Eine Behörde der Gemeinde"", ""Ein Gericht"", ""Eine Partei""]","Kommissionen bereiten Geschäfte für National- und Ständerat vor. Sie beraten Vorlagen im Detail, bevor der ganze Rat darüber entscheidet.",Kommissionen bereiten Themen fürs Parlament vor.,Parlamentskommission,,ok
bilder,3,Welches Land zeigt als einziges Land der Welt eine Sturmgewehr-Silhouette auf seiner Nationalflagge?,"[""Mosambik"", ""Angola"", ""Kongo"", ""Simbabwe""]","Die Flagge Mosambiks zeigt eine AK-47 auf einer Hacke und einem Buch als Symbole für Verteidigung, Arbeit und Bildung. Sie ist weltweit die einzige Nationalflagge mit einer modernen Schusswaffe.",Mosambik zeigt als einziges Land ein Sturmgewehr.,Flagge Mosambiks,,ok
pol_kommunismus,3,Wie hiess die einzige zugelassene Partei in der Sowjetunion?,"[""Kommunistische Partei der Sowjetunion (KPdSU)"", ""Sozialdemokratische Partei"", ""Liberale Volkspartei"", ""Christlich-Demokratische Union""]","In der Sowjetunion war die KPdSU die einzige erlaubte Partei. Sie kontrollierte Staat, Wirtschaft und Gesellschaft nahezu vollständig.",Die KPdSU war die einzige Partei der UdSSR.,Kommunistische Partei der Sowjetunion,,ok
tiere,3,"Was ist Hüftdysplasie, eine bei manchen Hunderassen häufige Erbkrankheit?","[""Eine Fehlbildung des Hüftgelenks"", ""Eine Allergie gegen Futter"", ""Eine Augenkrankheit"", ""Eine Zahnfehlstellung""]","Bei der Hüftdysplasie passt der Oberschenkelkopf nicht richtig in die Gelenkpfanne, was zu Schmerzen und Arthrose führen kann. Sie kommt besonders bei grossen Rassen häufiger vor und hat eine erbliche Komponente.",Hüftdysplasie betrifft das Hüftgelenk.,Hüftdysplasie,,ok
pol_kommunismus,3,Was war der 'Grosse Sprung nach vorn' unter Mao Zedong?,"[""Ein gescheiterter Versuch, China schnell zu industrialisieren, der eine verheerende Hungersnot auslöste"", ""Ein erfolgreiches Weltraumprogramm"", ""Eine Reform des Bildungssystems"", ""Ein Bündnis mit den USA""]","Zwischen 1958 und 1962 versuchte Mao, China durch Kollektivierung und Industrialisierung rasch zu modernisieren. Die Politik scheiterte und führte zu einer Hungersnot mit Millionen Toten.",Grosser Sprung: gescheiterte Politik mit Hungersnot.,Grosser Sprung nach vorn,,ok
physik,1,"Wie nennt man Energie, die mit grossen Windrädern aus der Kraft des Windes gewonnen wird?","[""Windenergie"", ""Sonnenenergie"", ""Erdwärme"", ""Wasserkraft""]","Wind treibt die grossen Flügel der Windräder an, das erzeugt elektrischen Strom. Weil der Wind nie ausgeht, gehört Windenergie zu den erneuerbaren Energien.","Wind dreht die Flügel, das macht Strom.",Windenergie,,ok
pol_diktatur,3,Was ist ein Kennzeichen für «Machtkontrolle» in einem funktionierenden Rechtsstaat?,"[""Regelmässige, freie Wahlen und unabhängige Gerichte."", ""Ein starker Geheimdienst ohne Aufsicht."", ""Eine Partei, die immer gewinnt."", ""Zensierte Medien.""]","In einem Rechtsstaat wird Macht regelmässig durch Wahlen erneuert und durch unabhängige Gerichte kontrolliert. Diese Kontrollmechanismen verhindern, dass eine Person oder Gruppe dauerhaft unkontrolliert herrscht.",Wahlen und Gerichte kontrollieren die Macht.,Rechtsstaat,,ok
bilder,1,Welches Tier ist das grösste Tier der Welt und lebt im Meer?,"[""Blauwal"", ""Hai"", ""Delfin"", ""Thunfisch""]","Der Blauwal ist das grösste Tier, das jemals auf der Erde gelebt hat. Er kann über 30 Meter lang werden.",Der Blauwal ist das grösste Tier überhaupt.,Blauwal,e:🐳,ok
pol_demokratie,1,Wer darf eine Petition unterschreiben?,"[""Fast jede Person, auch Kinder"", ""Nur Erwachsene über 18"", ""Nur Bundesräte"", ""Nur Lehrpersonen""]",Anders als bei Abstimmungen dürfen bei einer Petition auch Kinder und Jugendliche mitmachen. So können alle ihre Meinung zeigen.,Petitionen dürfen alle unterschreiben.,Petitionsrecht,,ok
tiere,3,Welchen Zeitraum vermuten Forschende für die erste Domestizierung des Hundes aus dem Wolf?,"[""Vor etwa 15'000 bis 40'000 Jahren"", ""Vor etwa 500 Jahren"", ""Vor etwa 2 Millionen Jahren"", ""Vor etwa 1'000 Jahren""]","Genetische und archäologische Funde deuten darauf hin, dass die Domestizierung des Hundes vor mehreren zehntausend Jahren begann, womit er das älteste Haustier des Menschen ist. Der genaue Zeitpunkt und Ort sind unter Forschenden noch umstritten.",Der Hund ist das älteste Haustier.,Domestizierung des Hundes,,ok
pol_welt,1,Was macht das Amt für auswärtige Angelegenheiten (EDA) der Schweiz?,"[""Es kümmert sich um Beziehungen zu anderen Ländern"", ""Es baut Strassen"", ""Es druckt Geld"", ""Es organisiert Schulferien""]",Das EDA ist das Aussenministerium der Schweiz. Es pflegt Kontakte zu anderen Staaten und hilft Schweizerinnen und Schweizern im Ausland.,Das EDA kümmert sich um Aussenbeziehungen.,Eidgenössisches Departement für auswärtige Angelegenheiten,,ok
pol_welt,2,Womit beschäftigt sich die Internationale Arbeitsorganisation ILO?,"[""Mit fairen Arbeitsbedingungen weltweit"", ""Mit dem Bau von Strassen und Brücken"", ""Mit dem Schutz von Tieren"", ""Mit dem Handel von Rohstoffen""]","Die ILO setzt sich für gute Arbeitsbedingungen, faire Löhne und den Schutz vor Kinderarbeit ein. Sie hat ihren Sitz in Genf und ist eine Sonderorganisation der UNO.",Die ILO kämpft für faire Arbeit weltweit.,Internationale Arbeitsorganisation,,ok
natur,2,Was zeigt ein Barometer an?,"[""Den Luftdruck"", ""Die Temperatur"", ""Die Windgeschwindigkeit"", ""Die Luftfeuchtigkeit""]","Ein Barometer misst den Luftdruck, also wie stark die Luft auf die Erde drückt. Änderungen des Luftdrucks helfen, das Wetter vorherzusagen.",Ein Barometer misst den Luftdruck.,Barometer,,ok
koerper,1,"Was ist Blut, das aus einer kleinen Wunde tropft?","[""Eine Flüssigkeit, die Sauerstoff und Nährstoffe transportiert"", ""Nur Wasser"", ""Schweiss"", ""Speichel""]",Blut fliesst durch deinen ganzen Körper und bringt Sauerstoff und Nährstoffe zu den Zellen. Bei einer kleinen Wunde tritt etwas davon aus.,Blut versorgt deinen Körper.,Blut,,ok
tiere,1,"Welches Tier lebt im Meer, atmet aber mit Lungen wie du?","[""Der Wal"", ""Der Hai"", ""Der Thunfisch"", ""Die Qualle""]","Wale sind Säugetiere und müssen an die Wasseroberfläche, um Luft zu holen. Fische dagegen atmen mit Kiemen.","Wale sind Säugetiere, keine Fische.",Wale,,ok
tiere,3,Was zeigen genetische Vergleiche zwischen Haushund und Wolf?,"[""Hunde und Wölfe teilen einen Grossteil ihres Erbguts, unterscheiden sich aber in Verhalten und Stoffwechsel"", ""Hunde und Wölfe sind genetisch völlig unverwandt"", ""Hunde stammen vom Fuchs ab"", ""Hunde haben deutlich mehr Chromosomen als Wölfe""]","Genetische Studien belegen die enge Verwandtschaft von Hund und Wolf, zeigen aber auch klare Unterschiede etwa bei Genen, die mit Verdauung von stärkehaltiger Nahrung und Sozialverhalten zusammenhängen. Diese Unterschiede entstanden im Zuge der Domestikation.",Hunde sind genetisch enge Wolfsverwandte.,Haushund,,ok
natur,1,"Was braucht eine Pflanze zum Wachsen, neben Wasser und Licht?","[""Nährstoffe aus der Erde"", ""Nur Schnee"", ""Nur Mondlicht"", ""Nur Sand""]",Pflanzen holen sich über ihre Wurzeln wichtige Nährstoffe aus dem Boden. Zusammen mit Wasser und Licht können sie dann gut wachsen.,Pflanzen brauchen Nährstoffe aus der Erde.,Pflanzenernährung,,ok
tiere,1,Warum schnurrt eine Katze oft?,"[""Wenn sie sich wohlfühlt"", ""Wenn sie Angst hat"", ""Wenn sie hungrig ist"", ""Nur wenn sie schläft""]","Katzen schnurren meist, wenn sie entspannt und zufrieden sind, zum Beispiel beim Streicheln. Manchmal schnurren sie aber auch, wenn sie sich beruhigen wollen.",Schnurren zeigt oft Wohlbefinden bei Katzen.,Hauskatze,,ok
rel_andere,1,Am 6. Dezember feiern viele Kinder den Tag eines heiligen Mannes. Wie heisst er?,"[""Sankt Nikolaus"", ""Sankt Martin"", ""Sankt Peter"", ""Sankt Georg""]","Sankt Nikolaus war ein Bischof, der besonders gütig zu armen Menschen war. An seinem Tag bringt er Kindern oft kleine Geschenke.",Nikolaus bringt am 6. Dezember Geschenke.,Nikolaus von Myra,,ok
tiere,3,Was versteht man unter «Osmoregulation» bei Fischen im Süss- und Salzwasser?,"[""Die Regulierung des Wasser- und Salzhaushalts im Körper"", ""Die Steuerung der Körpertemperatur"", ""Die Anpassung der Augenfarbe"", ""Die Kontrolle des Blutdrucks beim Tauchen""]","Süsswasserfische müssen überschüssiges Wasser ausscheiden, während Meeresfische aktiv Salz ausscheiden und Wasser aufnehmen müssen. Diese Regulation des Salz- und Wasserhaushalts nennt man Osmoregulation.",Osmoregulation hält Salz- und Wasserbalance.,Osmoregulation,,ok
tiere,2,Was passiert mit den Augen neugeborener Welpen?,"[""Sie sind zunächst geschlossen und öffnen sich nach rund zwei Wochen"", ""Sie sind von Geburt an voll geöffnet"", ""Welpen haben anfangs gar keine Augen"", ""Die Augen öffnen sich erst nach einem Jahr""]",Welpen kommen mit geschlossenen Augen zur Welt und öffnen sie erst nach etwa zehn bis vierzehn Tagen. Auch die Ohren sind zunächst verschlossen und öffnen sich in dieser Zeit.,Welpenaugen öffnen sich nach zwei Wochen.,Welpe,,ok
natur,2,"Welche Form hat unsere Galaxie, die Milchstrasse?","[""Eine Spiralform mit Armen"", ""Eine perfekte Kugel"", ""Eine flache Scheibe ohne Struktur"", ""Eine Würfelform""]","Die Milchstrasse ist eine Spiralgalaxie mit mehreren Armen, die sich um ein Zentrum winden. Unser Sonnensystem liegt in einem dieser Arme.",Die Milchstrasse ist eine Spiralgalaxie.,Milchstrasse,,ok
tiere,3,"Was versteht man unter «Altruismus» im Tierreich, etwa bei Erdmännchen, die als Wächter fungieren?","[""Verhalten, das dem eigenen Fortpflanzungserfolg schadet, aber anderen Individuen nützt"", ""Aggressives Verhalten gegenüber Artgenossen"", ""Das Fressen der eigenen Jungen"", ""Territoriales Markierverhalten""]","Als altruistisch gilt ein Verhalten, wenn ein Tier sich selbst gefährdet, um anderen – oft verwandten – Artgenossen zu nützen. Wächter-Erdmännchen warnen die Gruppe vor Feinden und setzen sich dabei selbst einem höheren Risiko aus.","Altruismus hilft anderen, kostet einen selbst.",Altruismus (Biologie),,ok
koerper,3,"Welches Hormon senkt den Blutzuckerspiegel, indem es Zellen zur Aufnahme von Glukose anregt?","[""Insulin"", ""Adrenalin"", ""Testosteron"", ""Melatonin""]","Insulin wird in der Bauchspeicheldrüse gebildet. Es sorgt dafür, dass Zellen Zucker aus dem Blut aufnehmen können.",Insulin senkt deinen Blutzucker.,Insulin,,ok
physik,2,Was versteht man unter dem Treibhauseffekt?,"[""Gase in der Atmosphäre halten Wärme auf der Erde zurück"", ""Die Sonne kommt der Erde jedes Jahr näher"", ""Gewächshäuser erzeugen künstlich Regen"", ""Die Erde dreht sich dadurch schneller""]","Bestimmte Gase wie CO2 lassen Sonnenlicht zur Erde durch, halten aber die Wärmestrahlung zurück, die von der Erde wieder abgegeben wird. Ohne diesen natürlichen Effekt wäre es auf der Erde viel kälter.",Treibhausgase halten Wärme in der Atmosphäre.,Treibhauseffekt,,ok
tiere,1,"Was braucht ein Hund jeden Tag, damit er gesund und zufrieden bleibt?","[""Genug Bewegung"", ""Fernsehen"", ""Süssigkeiten"", ""Ein tägliches Bad""]","Hunde brauchen tägliche Spaziergänge und Bewegung, damit sie fit und glücklich bleiben. Ohne genug Auslauf können sie unruhig werden.",Ein Hund braucht täglich Bewegung.,Hundehaltung,,ok
pol_welt,2,Was ist die Hauptaufgabe des UNHCR?,"[""Flüchtlinge weltweit zu schützen und zu unterstützen"", ""Kriege zwischen Staaten zu beenden"", ""Den Welthandel zu regeln"", ""Impfstoffe zu entwickeln""]","Das UNHCR ist das Flüchtlingshilfswerk der Vereinten Nationen. Es setzt sich dafür ein, dass Menschen auf der Flucht Schutz, Unterkunft und Rechte erhalten.",Das UNHCR schützt Flüchtlinge weltweit.,UNHCR,,ok
koerper,1,Womit hörst du Musik und Stimmen?,"[""Mit den Ohren"", ""Mit den Augen"", ""Mit der Zunge"", ""Mit der Haut""]",Deine Ohren fangen Schallwellen auf und leiten sie ans Gehirn weiter. Dort werden sie zu Tönen und Wörtern.,Ohren fangen Töne für dich ein.,Ohr,,ok
rel_andere,1,Welches Symbol steht für das Judentum?,"[""Der Davidstern"", ""Das Kreuz"", ""Der Halbmond"", ""Die Lotusblüte""]",Der Davidstern ist ein sechszackiger Stern aus zwei Dreiecken. Man sieht ihn auf Synagogen und der Flagge Israels.,Der Davidstern ist das Zeichen des Judentums.,Davidstern,,ok
tiere,2,Welche besondere Rolle spielten Katzen im alten Ägypten?,"[""sie wurden verehrt und mit der Göttin Bastet verbunden"", ""sie wurden als Nutztiere gegessen"", ""sie waren als Haustiere verboten"", ""sie galten als Unglücksbringer""]","Im alten Ägypten galten Katzen als heilige Tiere und wurden mit der Göttin Bastet in Verbindung gebracht. Wer eine Katze tötete, musste mit harten Strafen rechnen.",Im alten Ägypten wurden Katzen verehrt.,Bastet,,ok
kt_SO,1,Wie heisst die hügelige Region im Kanton Solothurn mit vielen kleinen Dörfern?,"[""Bucheggberg"", ""Engadin"", ""Emmental"", ""Tessin""]","Der Bucheggberg ist eine ländliche Gegend im Kanton Solothurn mit Feldern, Wäldern und kleinen Dörfern. Dort leben viele Bauernfamilien.",Der Bucheggberg ist eine ländliche Region im Kanton Solothurn.,Bucheggberg,,ok
physik,2,Was ist der Unterschied zwischen Masse und Gewicht?,"[""Masse bleibt überall gleich, Gewicht hängt von der Schwerkraft ab"", ""Masse und Gewicht sind genau dasselbe"", ""Gewicht bleibt überall gleich, Masse ändert sich"", ""Masse gibt es nur im Weltraum""]","Die Masse eines Körpers ist überall im Universum gleich, egal wo er sich befindet. Das Gewicht hängt dagegen von der Schwerkraft ab, die zum Beispiel auf dem Mond schwächer ist.","Masse bleibt, Gewicht ändert sich.",Masse (Physik),,ok
tiere,2,Was ist die Aufgabe eines Blindenführhundes?,"[""Er führt und unterstützt eine sehbehinderte Person im Alltag"", ""Er bewacht ausschliesslich ein Haus"", ""Er jagt Ratten"", ""Er zieht einen Schlitten""]","Blindenführhunde werden speziell trainiert, um blinde oder sehbehinderte Menschen sicher durch den Alltag zu begleiten. Sie erkennen zum Beispiel Hindernisse und Ampeln.",Führhunde helfen sehbehinderten Menschen.,Blindenführhund,,ok
pol_kommunismus,2,Wie endete die Herrschaft des rumänischen Diktators Nicolae Ceaușescu?,"[""1989 wurde er nach einer Revolution gestürzt und hingerichtet"", ""Er trat freiwillig zurück und ging ins Exil"", ""Er regierte bis zu seinem natürlichen Tod im hohen Alter weiter"", ""Er wurde von der EU zum Ehrenbürger ernannt""]",Ende 1989 kam es in Rumänien zu einem gewaltsamen Aufstand gegen Ceaușescu. Er und seine Frau wurden nach einem kurzen Prozess erschossen.,Ceaușescu wurde 1989 gestürzt.,Nicolae Ceaușescu,,ok
pol_welt,2,Was ist eine 'COP' im Zusammenhang mit dem Klimaschutz?,"[""Eine jährliche Weltklimakonferenz der Vereinten Nationen"", ""Ein Gebäude der EU in Brüssel"", ""Ein Preis für Umweltschützer"", ""Eine Abkürzung für Polizei in internationalen Organisationen""]","Bei der COP (Conference of the Parties) treffen sich Vertreterinnen und Vertreter fast aller Staaten, um über Massnahmen gegen den Klimawandel zu verhandeln. Dort wurde zum Beispiel das Pariser Klimaabkommen beschlossen.",Die COP ist die Weltklimakonferenz der UNO.,Weltklimakonferenz,,ok
koerper,2,Was passiert bei einer Gehirnerschütterung?,"[""Das Gehirn wird durch einen Stoss kurzzeitig gestört"", ""Ein Knochen im Gehirn bricht"", ""Das Gehirn wächst plötzlich"", ""Die Augenfarbe ändert sich""]",Ein heftiger Stoss kann das Gehirn kurz im Schädel bewegen und seine Funktion stören. Symptome sind zum Beispiel Kopfschmerzen oder Schwindel.,Ein Stoss kann das Gehirn stören.,Gehirnerschütterung,,ok
wissenschaft,2,"Wie nennt man Elemente wie Helium und Neon, die im Periodensystem kaum chemische Reaktionen eingehen?","[""Edelgase"", ""Halogene"", ""Alkalimetalle"", ""Übergangsmetalle""]",Edelgase haben eine volle äusserste Elektronenschale und reagieren deshalb fast nie mit anderen Stoffen. Sie stehen ganz rechts im Periodensystem.,Edelgase reagieren kaum mit anderen Stoffen.,Edelgase,,ok
wissenschaft,3,Was besagt Albert Einsteins berühmte Formel E=mc²?,"[""Masse und Energie sind äquivalent und ineinander umwandelbar"", ""Licht bewegt sich schneller im Wasser als in Luft"", ""Schwerkraft wirkt nur auf feste Körper"", ""Zeit vergeht überall gleich schnell""]","Die Formel zeigt, dass Masse in Energie umgewandelt werden kann und umgekehrt, wobei c die Lichtgeschwindigkeit ist. Sie ist zentral für das Verständnis von Kernreaktionen und der speziellen Relativitätstheorie.",Masse und Energie sind austauschbar.,Masse-Energie-Äquivalenz,,ok
geld,3,Was versteht man unter dem Existenzminimum?,"[""Den Betrag, den eine Person mindestens zum Leben braucht und der bei einer Pfändung nicht angetastet werden darf"", ""Den maximalen Lohn, den man verdienen darf"", ""Die Höhe der Krankenkassenprämie"", ""Den Mindestbetrag auf einem Sparkonto""]","Das Existenzminimum ist der Betrag, den eine Person mindestens braucht, um die grundlegenden Lebenskosten zu decken. Bei einer Betreibung darf dieser Betrag nicht gepfändet werden.",Existenzminimum bleibt immer geschützt.,Existenzminimum,,ok
wissenschaft,2,"Wie nennt man Materialien, die elektrischen Strom gut weiterleiten?","[""Leiter"", ""Isolatoren"", ""Magnete"", ""Katalysatoren""]",Leiter wie Metalle lassen elektrischen Strom gut durchfliessen. Isolatoren wie Gummi oder Plastik tun das Gegenteil und blockieren den Strom.,Leiter leiten den elektrischen Strom.,Elektrischer Leiter,,ok
wissenschaft,2,Welcher Schweizer Ingenieur erfand nach einem Spaziergang mit seinem Hund den Klettverschluss?,"[""Georges de Mestral"", ""Auguste Piccard"", ""Albert Hofmann"", ""Henri Dunant""]","Georges de Mestral bemerkte, wie Kletten am Fell seines Hundes hafteten, und entwickelte daraus den Klettverschluss. Er liess seine Erfindung in den 1950er-Jahren patentieren.",De Mestral erfand den Klettverschluss.,Georges de Mestral,,ok
pol_demokratie,3,Was bedeutet E-Voting im Zusammenhang mit Schweizer Abstimmungen?,"[""Die elektronische Stimmabgabe über das Internet"", ""Eine neue Partei"", ""Ein Chatprogramm des Bundesrats"", ""Ein Fernsehsender für Politik""]","E-Voting ist die Möglichkeit, elektronisch über das Internet abzustimmen, statt an die Urne zu gehen oder brieflich zu stimmen. Es wird in einzelnen Kantonen getestet.",E-Voting: Abstimmen per Internet.,E-Voting in der Schweiz,,ok
koerper,3,Was sind Stammzellen?,"[""Unspezialisierte Zellen, die sich in verschiedene Zelltypen entwickeln können"", ""Zellen, die nur in Knochen vorkommen"", ""Abgestorbene Hautzellen"", ""Ein anderer Name für rote Blutkörperchen""]",Stammzellen können sich noch zu vielen verschiedenen Zelltypen entwickeln. Sie spielen eine wichtige Rolle bei Wachstum und Heilung.,Stammzellen können sich vielseitig entwickeln.,Stammzelle,,ok
tiere,2,Wie lautet der wissenschaftliche Name des Haushundes?,"[""Canis lupus familiaris"", ""Felis catus"", ""Canis aureus"", ""Vulpes vulpes""]",Der Haushund wird wissenschaftlich als Unterart des Wolfs eingeordnet und heisst Canis lupus familiaris. Das zeigt seine enge Verwandtschaft zum Wolf.,Der Hund heisst Canis lupus familiaris.,Haushund,,ok
koerper,1,"Was bildet sich auf einer Wunde, damit sie heilen kann?","[""Ein Schorf"", ""Ein Pflaster wächst von selbst"", ""Ein neuer Knochen"", ""Ein Muskel""]","Wenn Blut an der Luft trocknet, entsteht eine feste Kruste, der Schorf. Er schützt die Wunde beim Heilen.",Ein Schorf schützt die Wunde.,Wundheilung,,ok
tiere,3,Wie wirkt der Stoff Nepetalacton in der Katzenminze auf viele Katzen?,"[""er löst ein kurzes, euphorisches Verhalten aus"", ""er macht Katzen sofort aggressiv gegen Menschen"", ""er lässt Katzen einschlafen für Tage"", ""er hat keinerlei Wirkung""]","Nepetalacton in der Katzenminze bindet an Riechrezeptoren und löst bei vielen Katzen ein kurzes, verspieltes bis euphorisches Verhalten aus. Nicht alle Katzen reagieren jedoch darauf, die Empfindlichkeit ist genetisch bedingt.",Nepetalacton macht viele Katzen kurz euphorisch.,Echte Katzenminze,,ok
pol_kommunismus,2,Was war die 'Berliner Luftbrücke' von 1948/49?,"[""Die Versorgung Westberlins mit Flugzeugen während einer sowjetischen Blockade"", ""Eine neue Fluglinie der DDR"", ""Eine Brücke, die Ost- und Westberlin verband"", ""Ein Bauprojekt der Sowjetunion""]","Als die Sowjetunion die Landwege nach Westberlin blockierte, versorgten die Westmächte die Stadt fast ein Jahr lang aus der Luft. So konnte Westberlin gehalten werden.",Die Luftbrücke versorgte Westberlin aus der Luft.,Berliner Luftbrücke,,ok
pol_kommunismus,1,Wer regierte Kuba viele Jahrzehnte lang als kommunistischer Anführer?,"[""Fidel Castro"", ""Ein Präsident der USA"", ""Ein spanischer König"", ""Ein Fussballtrainer""]",Fidel Castro übernahm 1959 die Macht in Kuba und regierte danach fast 50 Jahre lang.,Fidel Castro führte Kuba lange Zeit.,Fidel Castro,,ok
tiere,2,Warum sieht der Steinadler seine Beute aus grosser Höhe so gut?,"[""Er hat eine viel schärfere Sehkraft als der Mensch"", ""Er hat sehr gute Ohren"", ""Er riecht seine Beute aus der Luft"", ""Er spürt die Wärme der Beute""]",Steinadler können Beute aus über einem Kilometer Entfernung erkennen. Ihre Augen sind für ihre scharfe Sehkraft besonders spezialisiert.,Der Steinadler sieht extrem scharf aus der Höhe.,Steinadler,,ok
pol_welt,3,Welche Bedeutung hat die Genfer Konferenz für Abrüstung?,"[""Sie verhandelt über die Begrenzung und Kontrolle von Waffen zwischen Staaten"", ""Sie organisiert Sportveranstaltungen"", ""Sie regelt den Handel mit Lebensmitteln"", ""Sie ist ein Gericht für Umweltfragen""]","In der Genfer Abrüstungskonferenz verhandeln Staaten über Verträge zur Rüstungskontrolle, etwa zu Atom- oder Chemiewaffen. Genf ist wegen der Schweizer Neutralität ein bevorzugter Ort für solche heiklen Gespräche.",Genf ist ein wichtiger Ort für Abrüstungsverhandlungen.,Abrüstungskonferenz,,ok
natur,2,"Was ist ein Meteor, den man auch «Sternschnuppe» nennt?","[""Ein Gesteinsstück, das in der Atmosphäre verglüht"", ""Ein neuer Planet"", ""Ein Stern, der explodiert"", ""Ein Teil des Mondes""]",Kleine Gesteinsbrocken aus dem Weltall treten mit hoher Geschwindigkeit in die Erdatmosphäre ein und verglühen dabei. Der helle Lichtstreifen wird auch Sternschnuppe genannt.,Eine Sternschnuppe ist ein verglühendes Gesteinsstück.,Meteor,,ok
pol_diktatur,1,Wieso haben viele Diktatoren eine sehr grosse Armee?,"[""Um ihre Macht zu schützen und Kritiker einzuschüchtern."", ""Um Fussballturniere zu gewinnen."", ""Um Schulen zu bauen."", ""Um Ferien zu organisieren.""]","Eine grosse Armee hilft dem Diktator, an der Macht zu bleiben. Sie kann Proteste stoppen und Angst verbreiten.",Grosse Armeen sichern Diktatoren die Macht.,Diktatur,,ok
tiere,2,Was bedeutet der Begriff «Standvogel» im Gegensatz zum Zugvogel?,"[""Er bleibt ganzjährig in seinem Gebiet"", ""Er zieht jedes Jahr weit weg"", ""Er kann nicht fliegen"", ""Er lebt nur im Wasser""]",Standvögel wie die Amsel oder der Spatz bleiben das ganze Jahr über in ihrer Heimat und ziehen nicht in den Süden. Sie müssen sich auch im Winter an Kälte und Nahrungsmangel anpassen.,Standvögel bleiben das ganze Jahr.,Standvogel,,ok
physik,3,"Worin unterscheiden sich Alpha-, Beta- und Gammastrahlung grundsätzlich?","[""Sie bestehen aus unterschiedlichen Teilchen bzw. Strahlungsarten mit unterschiedlicher Durchdringungskraft"", ""Sie sind alle drei völlig identisch und nur anders benannt"", ""Nur Gammastrahlung ist überhaupt radioaktiv"", ""Alphastrahlung besteht aus reinem Licht ohne Teilchen""]","Alphastrahlung besteht aus schweren Teilchen und wird schon von Papier gestoppt, Betastrahlung aus Elektronen dringt tiefer ein. Gammastrahlung ist energiereiche elektromagnetische Strahlung und benötigt dicke Abschirmungen wie Blei.",Die drei Strahlungsarten unterscheiden sich in Durchdringungskraft.,Radioaktivität,,ok
pol_demokratie,3,Was ist eine Einigungskonferenz im Parlament?,"[""Ein Gremium aus beiden Räten, das bei anhaltenden Differenzen eine Lösung sucht"", ""Ein Treffen der Kantonsregierungen"", ""Eine Versammlung aller Bürger"", ""Ein Gericht für Streitfälle zwischen Parteien""]","Können sich National- und Ständerat auch nach mehreren Runden nicht einigen, bildet man eine Einigungskonferenz aus Mitgliedern beider Räte. Sie erarbeitet einen letzten Kompromissvorschlag.",Die Einigungskonferenz sucht einen letzten Kompromiss.,Einigungskonferenz,,ok
koerper,2,Wie viele Nieren hat ein gesunder Mensch normalerweise?,"[""Zwei"", ""Eine"", ""Drei"", ""Vier""]",Die beiden Nieren liegen links und rechts der Wirbelsäule. Sie filtern gemeinsam das Blut und bilden Urin.,Der Mensch hat normalerweise zwei Nieren.,Niere,,ok
koerper,2,Welches Vitamin bildet dein Körper mithilfe von Sonnenlicht in der Haut?,"[""Vitamin D"", ""Vitamin C"", ""Vitamin A"", ""Vitamin B12""]","Wenn Sonnenlicht auf die Haut trifft, bildet der Körper Vitamin D. Es ist wichtig für starke Knochen.",Sonnenlicht bildet Vitamin D.,Vitamin D,,ok
pol_welt,3,Was war der Warschauer Pakt?,"[""Ein Militärbündnis der Sowjetunion und ihrer Verbündeten während des Kalten Krieges"", ""Ein Handelsabkommen zwischen der EU und den USA"", ""Ein Vorläufer der Vereinten Nationen"", ""Ein Friedensabkommen zwischen West- und Osteuropa""]",Der Warschauer Pakt war das militärische Gegenstück zur NATO und verband die Sowjetunion mit mehreren osteuropäischen Staaten. Nach dem Ende des Kalten Krieges wurde er aufgelöst.,Der Warschauer Pakt war das Gegenbündnis zur NATO.,Warschauer Pakt,,ok
natur,3,"Was ist eine Klimarückkopplung, wie die Eis-Albedo-Rückkopplung?","[""Ein Effekt, der eine ursprüngliche Klimaveränderung verstärkt oder abschwächt"", ""Ein Messgerät für Temperatur"", ""Eine internationale Klimakonferenz"", ""Ein Gesetz gegen CO2-Ausstoss""]","Schmilzt Eis, wird weniger Sonnenlicht reflektiert und die Erde erwärmt sich weiter, was noch mehr Eis schmelzen lässt. Solche verstärkenden Kreisläufe heissen Rückkopplungen.",Rückkopplungen können die Erwärmung verstärken.,Klimarückkopplung,,ok
physik,1,Was macht ein Spiegel mit Licht?,"[""Er wirft es zurück"", ""Er lässt es verschwinden"", ""Er verschluckt es"", ""Er verändert seine Farbe""]","Licht, das auf einen Spiegel fällt, wird zurückgeworfen. Genau deshalb siehst du dein Bild im Spiegel.",Spiegel werfen Licht zurück.,Reflexion (Physik),,ok
kt_SO,1,"Wie heisst das bekannte Kloster im Kanton Solothurn, das viele Pilger besuchen?","[""Kloster Mariastein"", ""Kloster Einsiedeln"", ""Kloster St. Gallen"", ""Kloster Engelberg""]","Das Kloster Mariastein liegt im Kanton Solothurn nahe der Grenze zu Basel und zu Frankreich. Viele Menschen pilgern dorthin, weil es dort eine berühmte Gnadenkapelle gibt.",Kloster Mariastein liegt im Kanton Solothurn.,Kloster Mariastein,,ok
pol_welt,1,Was bedeutet der Name 'Vereinte Nationen'?,"[""Länder, die sich zusammengeschlossen haben, um gemeinsam zu handeln"", ""Länder, die einen gemeinsamen König haben"", ""Länder, die alle die gleiche Sprache sprechen"", ""Länder, die zusammen ein Fussballteam bilden""]","Der Name zeigt, dass sich viele Staaten der Welt vereinigt haben, um gemeinsam Probleme zu lösen. Fast alle Länder der Welt gehören dazu.",Vereinte Nationen heisst: Länder arbeiten zusammen.,Vereinte Nationen,,ok
pol_demokratie,3,Was ist eine Ersatzwahl?,"[""Eine Wahl, um ein während der Amtszeit frei gewordenes Amt neu zu besetzen"", ""Eine zweite Runde bei jeder Wahl"", ""Eine Abstimmung über ein Gesetz"", ""Eine Wahl nur für Ersatzkandidaten ohne Partei""]","Tritt eine gewählte Person während der Legislatur zurück oder stirbt sie, wird meist eine Ersatzwahl durchgeführt. So wird der freie Sitz neu besetzt.",Ersatzwahlen besetzen frei gewordene Ämter.,Ersatzwahl,,ok
bilder,3,"Welches Land hat eine Flagge mit drei horizontalen Streifen in Rot, Weiss und Blau, die als Vorbild für zahlreiche andere Trikoloren diente?","[""Niederlande"", ""Frankreich"", ""Russland"", ""Luxemburg""]",Die niederländische Flagge mit den drei horizontalen Streifen gilt als eine der ältesten Trikoloren und beeinflusste unter anderem die Flaggen Russlands und Luxemburgs. Ursprünglich war der oberste Streifen orange.,Die niederländische Flagge prägte viele andere Trikoloren.,Flagge der Niederlande,,ok
natur,1,"Wie nennt man Sterne, die man am Nachthimmel zu Bildern verbinden kann?","[""Sternbilder"", ""Planeten"", ""Galaxien"", ""Kometen""]","Menschen haben schon vor langer Zeit helle Sterne zu Figuren verbunden, zum Beispiel den Grossen Wagen. Diese Muster heissen Sternbilder.",Sternbilder sind Muster aus hellen Sternen.,Sternbild,,ok
physik,1,"Was brauchst du mindestens, damit ein einfacher Stromkreis funktioniert?","[""Batterie, Kabel und ein Verbraucher wie eine Lampe"", ""Nur ein Kabel"", ""Nur eine Batterie"", ""Nur eine Lampe""]","Damit Strom fliessen kann, braucht es eine geschlossene Verbindung: eine Energiequelle, Kabel und etwas, das den Strom nutzt. Fehlt ein Teil, funktioniert der Stromkreis nicht.",Ein Stromkreis muss geschlossen sein.,Stromkreis,,ok
koerper,2,Wofür braucht der Körper Vitamin C hauptsächlich?,"[""Für ein starkes Immunsystem und gesundes Bindegewebe"", ""Für starke Knochen allein"", ""Für scharfes Sehen in der Nacht"", ""Für die Blutgerinnung""]",Vitamin C unterstützt die Abwehrkräfte und ist wichtig für die Haut und Wundheilung. Der Körper kann es nicht selbst herstellen.,Vitamin C stärkt dein Immunsystem.,Vitamin C,,ok
tiere,1,Was tragen viele Hunde beim Spazieren um den Hals?,"[""Ein Halsband"", ""Eine Mütze"", ""Eine Brille"", ""Einen Schal""]","Am Halsband kann man die Leine befestigen, damit der Hund sicher an der Seite bleibt. Oft hängt daran auch eine Marke mit Kontaktdaten.",Zum Spazieren trägt der Hund ein Halsband.,Halsband,,ok
tiere,1,"Wohin geht man mit einem Hund, wenn er krank ist oder geimpft werden muss?","[""Zur Tierärztin oder zum Tierarzt"", ""In die Bäckerei"", ""In die Schule"", ""In die Bibliothek""]",Tierärztinnen und Tierärzte untersuchen kranke Tiere und geben ihnen die nötigen Impfungen. So bleibt der Hund gesund.,Bei Krankheit hilft die Tierarztpraxis.,Tierarzt,,ok
pol_demokratie,3,Wie entstand der Kanton Jura?,"[""Durch eine Volksabstimmung, bei der sich Gebiete vom Kanton Bern trennten"", ""Durch einen Krieg"", ""Durch einen Entscheid der UNO"", ""Durch eine Fusion zweier Kantone""]","1978 stimmte die Schweizer Bevölkerung der Gründung eines neuen Kantons zu, nachdem sich Teile des Kantons Bern für eine Trennung entschieden hatten. 1979 wurde der Kanton Jura offiziell gegründet.",Der Kanton Jura entstand 1979 durch Abstimmung.,Kanton Jura,,ok
pol_welt,1,Welche Farbe hat die Flagge der Vereinten Nationen hauptsächlich?,"[""Hellblau"", ""Rot"", ""Grün"", ""Gelb""]",Die UNO-Flagge zeigt eine Weltkarte auf hellblauem Grund. Die Farbe steht für Frieden.,UNO-Flagge ist hellblau mit Weltkarte.,Flagge der Vereinten Nationen,,ok
koerper,1,"Warum musst du niesen, wenn Staub in deine Nase kommt?","[""Der Körper will den Staub schnell herausblasen"", ""Die Nase will dich ärgern"", ""Niesen macht müde"", ""Niesen hilft beim Wachsen""]","Niesen ist ein Reflex, der Fremdkörper aus der Nase entfernt. So wird die Nase wieder frei.",Niesen befreit deine Nase.,Niesen,,ok
pol_welt,3,Was bedeutet das Vetorecht im UNO-Sicherheitsrat?,"[""Ein ständiges Mitglied kann eine Resolution allein blockieren"", ""Jedes Land der Welt hat ein Vetorecht"", ""Das Vetorecht gilt nur für wirtschaftliche Fragen"", ""Es beschreibt das Recht, Sitzungen zu verschieben""]","China, Frankreich, Russland, das Vereinigte Königreich und die USA können mit einem einzigen Nein-Votum eine Resolution des Sicherheitsrats verhindern. Dieses Vetorecht macht Reformen des Sicherheitsrats sehr schwierig.",Ständige Mitglieder können mit Veto blockieren.,UN-Sicherheitsrat,,ok
koerper,3,"Wie nennt man den Prozess, bei dem Zellen Glukose mithilfe von Sauerstoff in Energie umwandeln?","[""Zellatmung (aerobe Atmung)"", ""Photosynthese"", ""Osmose"", ""Glykolyse allein""]",Bei der Zellatmung gewinnen Zellen mit Sauerstoff Energie aus Glukose. Dabei entstehen Kohlendioxid und Wasser als Nebenprodukte.,Zellatmung gewinnt Energie aus Glukose.,Zellatmung,,ok
pol_diktatur,3,Was zeigte das Milgram-Experiment über Gehorsam gegenüber Autoritäten?,"[""Viele Menschen folgen Befehlen auch dann, wenn sie anderen schaden."", ""Menschen widersetzen sich immer der Autorität."", ""Autorität hat keinen Einfluss auf Verhalten."", ""Nur Kinder gehorchen Befehlen.""]","Das Experiment von Stanley Milgram in den 1960er-Jahren zeigte, dass viele Versuchspersonen bereit waren, vermeintlich schmerzhafte Elektroschocks zu verabreichen, wenn eine Autoritätsperson dies anordnete. Es erklärt, wie Gehorsam Diktaturen und Verbrechen ermöglichen kann.",Gehorsam kann Unrecht ermöglichen.,Milgram-Experiment,,ok
pol_diktatur,1,"Darf man in einer Diktatur einfach eine neue Partei gründen, wenn man anderer Meinung ist?","[""Nein, das ist meistens verboten."", ""Ja, das ist ganz einfach erlaubt."", ""Ja, man bekommt dafür Geld."", ""Ja, aber nur am Sonntag.""]","In einer Diktatur gibt es oft nur eine erlaubte Partei. Neue Parteien, die anders denken, werden verboten oder bekämpft.",Neue Parteien sind meist verboten.,Einparteiensystem,,ok
physik,1,Was ist eine Windturbine?,"[""Ein Gerät, das Wind in Strom umwandelt"", ""Ein Gerät, das Licht speichert"", ""Ein Gerät, das Wärme misst"", ""Ein Gerät, das Wasser reinigt""]",Der Wind dreht die grossen Flügel der Turbine. Diese Drehung wird dann in elektrischen Strom umgewandelt.,"Wind dreht Flügel, Flügel machen Strom.",Windkraftanlage,,ok
tiere,2,Welche vier Rassen zählen zu den Schweizer Sennenhunden?,"[""Berner, Appenzeller, Entlebucher und Grosser Schweizer Sennenhund"", ""Nur der Berner Sennenhund zählt als Sennenhund"", ""Es gibt keine Schweizer Sennenhunderassen"", ""Sennenhunde stammen ursprünglich aus Deutschland""]","Die vier Schweizer Sennenhunderassen wurden traditionell auf Bauernhöfen als Wach-, Hüte- oder Zughunde eingesetzt. Sie unterscheiden sich vor allem in Grösse und Fellfarbe.",Vier Sennenhunderassen kommen aus der Schweiz.,Sennenhund,,ok
pol_welt,2,Was ist das Ziel des Freizügigkeitsabkommens zwischen der Schweiz und der EU?,"[""Menschen dürfen leichter in der Schweiz und der EU arbeiten und leben"", ""Alle Grenzen werden geschlossen"", ""Nur Touristen dürfen reisen"", ""Es regelt den Fussball""]","Dieses Abkommen erlaubt Bürgerinnen und Bürgern der Schweiz und der EU, in den jeweils anderen Ländern leichter zu arbeiten, zu studieren oder zu wohnen. Es ist Teil der bilateralen Verträge.",Freizügigkeit erleichtert Arbeiten und Wohnen im Ausland.,Personenfreizügigkeit,,ok
wissenschaft,1,"Was passiert, wenn Wasser sehr kalt wird?","[""Es wird zu Eis"", ""Es wird zu Dampf"", ""Es verschwindet"", ""Es wird zu Öl""]","Wenn Wasser unter 0 Grad Celsius abkühlt, gefriert es und wird fest zu Eis. Das nennt man den Gefrierpunkt.",Kaltes Wasser gefriert zu Eis.,Gefrierpunkt,,ok
tiere,1,Warum landet eine fallende Katze fast immer auf den Pfoten?,"[""sie dreht ihren Körper blitzschnell in der Luft"", ""sie hat Flügel unter dem Bauch"", ""ihre Knochen sind aus Gummi"", ""sie bremst mit dem Schwanz wie ein Fallschirm""]",Katzen haben ein sehr bewegliches Gleichgewichtsorgan im Ohr und einen flexiblen Rücken. So können sie sich beim Fallen blitzschnell drehen und meist auf den Pfoten landen.,Katzen drehen sich im Fall auf die Pfoten.,Stellreflex,,ok
rel_andere,1,Was feiern Christinnen und Christen an Ostern?,"[""Die Auferstehung von Jesus"", ""Die Geburt von Jesus"", ""Das Ende des Fastens im Islam"", ""Das jüdische Lichterfest""]","An Ostern glauben Christinnen und Christen, dass Jesus nach seinem Tod wieder lebendig wurde. Es ist eines der wichtigsten christlichen Feste.",Ostern feiert die Auferstehung von Jesus.,Ostern,,ok
wissenschaft,1,"Wie nennt man es, wenn Wasser zu Wasserdampf wird?","[""Verdampfen"", ""Gefrieren"", ""Schmelzen"", ""Erstarren""]","Wenn Wasser stark erhitzt wird, verwandelt es sich in unsichtbaren Wasserdampf, der in die Luft aufsteigt. Das kennst du vom kochenden Topf.",Heisses Wasser verdampft in die Luft.,Verdampfen,,ok
tiere,2,Welche Aufgabe übernehmen speziell ausgebildete Blindenhunde für ihre Halter?,"[""Sie führen sehbehinderte Menschen sicher durch den Alltag"", ""Sie bewachen ausschliesslich das Haus"", ""Sie jagen Wild für ihre Halter"", ""Sie ziehen Schlitten im Schnee""]","Blindenführhunde werden über viele Monate ausgebildet, um ihren Haltern zu helfen, Hindernisse zu umgehen und sicher unterwegs zu sein. Sie sind eine wichtige Stütze im Alltag von sehbehinderten Menschen.",Blindenhunde führen sehbehinderte Menschen sicher.,Blindenführhund,,ok
wissenschaft,1,Welches Organ pumpt das Blut durch unseren Körper?,"[""Das Herz"", ""Die Lunge"", ""Der Magen"", ""Die Leber""]","Das Herz ist ein Muskel, der wie eine Pumpe arbeitet und das Blut durch den ganzen Körper transportiert. Es schlägt jeden Tag viele tausend Mal.",Das Herz pumpt unser Blut.,Herz,,ok
tiere,3,Was ist FIV bei Katzen?,"[""das Katzen-Immunschwächevirus, ähnlich wie HIV beim Menschen, aber nicht auf Menschen übertragbar"", ""eine harmlose Wurmart"", ""eine Impfung gegen Tollwut"", ""ein Fachbegriff für Katzenminze""]",FIV steht für felines Immundefizienz-Virus und schwächt das Immunsystem der Katze ähnlich wie HIV beim Menschen. Es ist jedoch artspezifisch und kann nicht auf Menschen übertragen werden.,FIV ist ein katzenspezifisches Immunschwächevirus.,Felines Immundefizienz-Virus,,ok
pol_welt,2,Was dürfen Schweizer Kantone im Bereich der Aussenpolitik?,"[""In gewissen Bereichen eigene Verträge mit ausländischen Nachbarregionen abschliessen"", ""Alleine über Krieg und Frieden entscheiden"", ""Eigene Botschaften im Ausland eröffnen"", ""Die Aussenpolitik komplett dem Bund entziehen""]","Grenzkantone dürfen zum Beispiel mit Nachbarregionen in Frankreich, Deutschland oder Italien Abkommen über Zusammenarbeit schliessen. Die grosse Aussenpolitik bleibt aber Sache des Bundes.",Kantone dürfen begrenzt grenzüberschreitend zusammenarbeiten.,Kanton (Schweiz),,ok
natur,3,Was versteht man unter ökologischer Sukzession?,"[""Die schrittweise Veränderung eines Lebensraums über die Zeit hin zu einem stabilen Zustand"", ""Das plötzliche Aussterben einer Art"", ""Die Wanderung von Vögeln im Herbst"", ""Die Bestäubung durch Wind""]","Nach einem Waldbrand oder auf brachliegendem Land siedeln sich nacheinander verschiedene Pflanzenarten an, bis sich ein stabiler Wald bildet. Diesen Prozess nennt man Sukzession.",Sukzession beschreibt die Entwicklung eines Lebensraums.,Sukzession (Ökologie),,ok
wissenschaft,3,Was ermöglicht die Gentechnik-Methode CRISPR-Cas9?,"[""Das gezielte Verändern von DNA-Abschnitten"", ""Das Klonen ganzer Lebewesen ohne DNA"", ""Die Herstellung von Kunststoffen"", ""Das Messen radioaktiver Strahlung""]","CRISPR-Cas9 ist ein Werkzeug, mit dem Forschende gezielt bestimmte Stellen der DNA verändern können. Es wird in der Medizin und Landwirtschaft erforscht und angewendet.",CRISPR-Cas9 verändert gezielt Gene.,CRISPR/Cas9,,ok
pol_welt,2,In welchen Städten tagt das Europäische Parlament vor allem?,"[""Strassburg und Brüssel"", ""Genf und Bern"", ""Wien und Rom"", ""London und Madrid""]","Das Europäische Parlament hat seinen Hauptsitz in Strassburg, tagt aber auch oft in Brüssel. Dort vertreten gewählte Abgeordnete die Bürgerinnen und Bürger der EU-Länder.",Das EU-Parlament tagt in Strassburg und Brüssel.,Europäisches Parlament,,ok
tiere,2,Warum hecheln Hunde oft an heissen Tagen oder nach Anstrengung?,"[""Um ihre Körpertemperatur zu regulieren, da sie kaum schwitzen"", ""Weil sie Durst simulieren wollen"", ""Um lauter bellen zu können"", ""Weil sie Angst haben""]",Hunde haben nur wenige Schweissdrüsen an den Pfoten und kühlen sich deshalb hauptsächlich durch Hecheln ab. Dabei verdunstet Feuchtigkeit über Zunge und Atemwege.,Hecheln kühlt den Hund statt Schwitzen.,Hecheln,,ok
natur,2,Wie nennt man das Schmelzen von Gletschern durch die Erderwärmung?,"[""Gletscherschmelze"", ""Gletscherbildung"", ""Gletscherfrost"", ""Gletscherfrieren""]",Wegen der steigenden Temperaturen verlieren Gletscher weltweit jedes Jahr an Eis. In den Schweizer Alpen ist dieser Rückgang besonders gut messbar.,Wärme lässt Gletscher schneller schmelzen.,Gletscherschmelze,,ok
koerper,1,Warum blinzelst du mit den Augen?,"[""Damit die Augen feucht und sauber bleiben"", ""Damit du besser hörst"", ""Damit du müde wirst"", ""Damit die Nase frei bleibt""]",Beim Blinzeln verteilt sich Tränenflüssigkeit über das Auge. So bleibt es sauber und wird nicht trocken.,Blinzeln hält deine Augen sauber.,Lidschlag,,ok
tiere,2,In welcher Formation fliegen Kraniche oft auf ihrem Zug?,"[""In einer V-Formation"", ""Immer in einer geraden Linie"", ""Im Kreis"", ""Ohne jede Ordnung""]","Die V-Formation spart Energie, weil die hinteren Vögel im Windschatten der vorderen fliegen. Die Vögel wechseln sich an der Spitze regelmässig ab.",Kraniche fliegen energiesparend im V.,Kraniche,,ok
pol_welt,2,"Was ist die Organisation für wirtschaftliche Zusammenarbeit und Entwicklung, kurz OECD?","[""Ein Zusammenschluss von Ländern zur Förderung der Wirtschaft"", ""Eine Sportorganisation"", ""Eine Bank für Kinder"", ""Ein Fernsehsender""]","Die OECD besteht aus vielen wirtschaftlich starken Ländern, auch die Schweiz ist Mitglied. Sie vergleicht Wirtschaftsdaten und gibt Empfehlungen für bessere Politik.",OECD fördert wirtschaftliche Zusammenarbeit der Staaten.,Organisation für wirtschaftliche Zusammenarbeit und Entwicklung,,ok
tiere,2,Wovon ernährt sich der Koala fast ausschliesslich?,"[""Von Eukalyptusblättern"", ""Von Fleisch anderer Tiere"", ""Von Früchten und Beeren"", ""Von Gras""]","Eukalyptusblätter sind für viele Tiere giftig, aber der Koala kann sie dank eines besonderen Verdauungssystems verwerten. Wegen der wenig nahrhaften Blätter schläft er über 18 Stunden am Tag.",Koalas fressen fast nur Eukalyptusblätter.,Koala,,ok
pol_welt,3,Warum wird die Reform des UNO-Sicherheitsrats oft diskutiert?,"[""Weil die Zusammensetzung nicht mehr die heutige Weltlage widerspiegelt"", ""Weil der Sicherheitsrat aufgelöst werden soll"", ""Weil er zu wenige Mitglieder hat"", ""Weil die Schweiz Vetomacht werden möchte""]","Der Sicherheitsrat wurde nach dem Zweiten Weltkrieg gebildet, und seine fünf ständigen Mitglieder spiegeln die damalige Machtverteilung wider. Viele Staaten fordern eine Reform, um zum Beispiel Länder aus Afrika oder Asien stärker einzubeziehen.",Der Sicherheitsrat gilt manchen als veraltet organisiert.,UN-Sicherheitsrat,,ok
pol_demokratie,2,In welchem Jahr erhielten Frauen in der Schweiz das Stimmrecht auf Bundesebene?,"[""1971"", ""1848"", ""1990"", ""1945""]",Erst 1971 durften Schweizer Frauen erstmals auf Bundesebene abstimmen und wählen. Das war im Vergleich zu anderen Ländern sehr spät.,Frauenstimmrecht auf Bundesebene seit 1971.,Frauenstimmrecht in der Schweiz,,ok
pol_demokratie,3,Worin unterscheiden sich obligatorisches und fakultatives Referendum?,"[""Beim obligatorischen kommt eine Vorlage automatisch vors Volk, beim fakultativen nur mit genug Unterschriften"", ""Beide sind freiwillig"", ""Beim fakultativen entscheidet nur das Parlament"", ""Das obligatorische gibt es nur in Gemeinden""]",Bestimmte Vorlagen wie Verfassungsänderungen müssen zwingend vors Volk. Bundesgesetze kommen nur mit genügend Unterschriften vors Volk.,"Obligatorisch automatisch, fakultativ mit Unterschriften.",Referendum (Schweiz),,ok
bilder,1,Wie viele Zacken hat das weisse Kreuz auf der Schweizer Flagge?,"[""20"", ""16"", ""24"", ""12""]","Das Schweizer Kreuz besteht aus fünf gleich grossen Quadraten, die zusammen 20 Ecken bilden. Es ist ein gleicharmiges Kreuz.",Das Schweizerkreuz hat 20 Zacken.,Schweizer Flagge,,ok
tiere,2,Wie finden Delfine ihre Beute im trüben Wasser?,"[""Mit Echoortung durch Klicklaute"", ""Nur mit ihren Augen"", ""Mit ihrem Geruchssinn"", ""Mit elektrischen Signalen""]","Delfine senden Klicklaute aus und hören das Echo, das von Objekten zurückkommt. So erkennen sie Form, Grösse und Entfernung ihrer Beute.",Delfine orten ihre Beute mit Echo.,Delfine,,ok
tiere,3,"Was ist ein Neozoon, wie zum Beispiel der Waschbär in Europa?","[""Eine durch den Menschen eingeführte, gebietsfremde Tierart"", ""Eine ausgestorbene Tierart"", ""Eine neu entdeckte Insektenart in der Tiefsee"", ""Eine Tierart, die nur nachts aktiv ist""]",Der Waschbär stammt ursprünglich aus Nordamerika und wurde vom Menschen nach Europa gebracht. Solche eingeschleppten Arten können heimische Ökosysteme aus dem Gleichgewicht bringen.,Neozoen sind vom Menschen eingeschleppte Arten.,Neozoen,,ok
pol_diktatur,1,Was ist ein Einparteiensystem?,"[""Nur eine Partei darf regieren."", ""Jeder darf seine eigene Partei gründen."", ""Es gibt hundert Parteien."", ""Parteien wechseln sich jeden Tag ab.""]",In einem Einparteiensystem ist nur eine einzige Partei erlaubt. Andere Meinungen und Gruppen dürfen nicht mitmachen.,Nur eine Partei darf mitbestimmen.,Einparteiensystem,,ok
natur,3,Was ist ein Biom?,"[""Eine grossräumige Lebensgemeinschaft mit typischem Klima, Pflanzen und Tieren"", ""Ein einzelner Baum in einem Wald"", ""Ein künstlich angelegter Garten"", ""Ein Messgerät für Luftfeuchtigkeit""]","Biome sind grossflächige Lebensräume wie Tundra, Steppe oder Regenwald, die durch ein charakteristisches Klima sowie typische Pflanzen und Tiere geprägt sind. Sie kommen auf verschiedenen Kontinenten in ähnlicher Form vor.","Biome sind grosse, klimatypische Lebensräume.",Biom,,ok
pol_diktatur,1,"Was passiert mit Menschen, die in einer Diktatur laut Kritik am Herrscher üben?","[""Sie werden oft bestraft oder eingesperrt."", ""Sie bekommen ein Geschenk."", ""Sie werden zum neuen Chef ernannt."", ""Sie dürfen im Fernsehen sprechen.""]","In einer Diktatur ist Kritik gefährlich, weil der Herrscher keine Gegenmeinung erlaubt. Wer trotzdem spricht, riskiert Strafe oder Gefängnis.",Kritik an Diktatoren ist gefährlich.,Diktatur,,ok
natur,2,Was unterscheidet Nadelbäume meist von Laubbäumen?,"[""Sie behalten ihre Nadeln oft auch im Winter"", ""Sie tragen nie Früchte"", ""Sie wachsen nur in der Wüste"", ""Sie haben keine Wurzeln""]","Nadelbäume wie Fichten oder Tannen haben schmale, harte Nadeln statt breiter Blätter. Viele Nadelbäume bleiben deshalb auch im Winter grün.",Nadelbäume bleiben oft im Winter grün.,Nadelbaum,,ok
tiere,3,Welche Funktion erfüllen Pheromone bei sozialen Insekten wie Ameisen?,"[""Chemische Kommunikation, etwa zur Markierung von Futterwegen"", ""Nur zur Temperaturregulation"", ""Sie dienen ausschliesslich der Tarnung"", ""Sie werden nur zur Feindabwehr genutzt""]","Pheromone sind Duftstoffe, mit denen Ameisen untereinander kommunizieren. Sie markieren damit zum Beispiel den Weg zu einer Futterquelle, dem andere Ameisen dann folgen.",Pheromone sind die Sprache der Ameisen.,Pheromon,,ok
pol_welt,1,"Wie heisst das grosse Gebäude in Genf, in dem viele internationale Konferenzen stattfinden?","[""Palais des Nations"", ""Bundeshaus"", ""Matterhorn-Halle"", ""Rathaus Genf""]",Der Palais des Nations ist der grösste UNO-Sitz in Europa und liegt in Genf. Dort treffen sich Vertreterinnen und Vertreter aus vielen Ländern.,Palais des Nations ist der UNO-Sitz in Genf.,Palais des Nations,,ok
wissenschaft,3,Was passiert chemisch bei einer Redoxreaktion?,"[""Ein Stoff gibt Elektronen ab (Oxidation), ein anderer nimmt sie auf (Reduktion)"", ""Zwei Säuren neutralisieren sich gegenseitig"", ""Ein Feststoff geht direkt in Gas über"", ""Ein Molekül spaltet sich durch Licht""]","Bei einer Redoxreaktion laufen Oxidation und Reduktion gleichzeitig ab: Der eine Reaktionspartner verliert Elektronen, der andere nimmt sie auf. Rosten von Eisen ist ein bekanntes Beispiel dafür.",Redoxreaktionen übertragen Elektronen.,Redoxreaktion,,ok
natur,2,Was versteht man unter Klimazonen?,"[""Gebiete der Erde mit ähnlichem, typischem Klima"", ""Länder mit gleicher Sprache"", ""Gebiete mit gleicher Höhe über Meer"", ""Zonen mit gleicher Bevölkerungszahl""]","Die Erde wird grob in tropische, gemässigte und polare Klimazonen eingeteilt. Sie unterscheiden sich vor allem durch Temperatur und Niederschlag.",Klimazonen zeigen typische Wetterbedingungen einer Region.,Klimazone,,ok
koerper,3,Welches Hormon steuert massgeblich den weiblichen Menstruationszyklus?,"[""Östrogen"", ""Testosteron"", ""Insulin"", ""Adrenalin""]",Östrogen und Progesteron steuern gemeinsam den Zyklus der Frau. Sie regulieren den Aufbau der Gebärmutterschleimhaut.,Östrogen steuert den Zyklus.,Östrogen,,ok
pol_demokratie,1,Wie viele Gemeinden hat die Schweiz ungefähr?,"[""Etwas mehr als 2000"", ""Genau 26"", ""Etwa 100"", ""Über 10000""]","Die Schweiz besteht aus vielen kleinen und grösseren Gemeinden. Ihre Zahl ändert sich, weil manche Gemeinden zusammengehen.",Die Schweiz hat über 2000 Gemeinden.,Gemeinde (Schweiz),,ok
physik,3,"Was besagt das erste Newtonsche Gesetz, das Trägheitsgesetz?","[""Ein Körper bleibt in Ruhe oder gleichförmiger Bewegung, solange keine Kraft auf ihn wirkt"", ""Jeder Körper beschleunigt sich von selbst"", ""Kräfte wirken nur auf schwere Körper"", ""Masse und Kraft sind identisch""]","Isaac Newton beschrieb, dass ein Körper seinen Bewegungszustand beibehält, solange keine äussere Kraft ihn ändert. Deshalb bleibt ein rollender Ball auf einer perfekt glatten, ebenen Fläche theoretisch für immer in Bewegung.",Ohne Kraft bleibt alles wie es ist.,Newtonsche Gesetze,,ok
tiere,3,Was bezeichnet man beim Hund als Neotenie?,"[""Das Beibehalten kindlicher Merkmale auch im Erwachsenenalter durch Domestikation"", ""Eine Krankheit des Nervensystems"", ""Eine spezielle Fellfarbe"", ""Eine Art von Hundefutter""]",Durch die Domestikation zeigen viele Hunderassen im Erwachsenenalter noch welpenähnliche Merkmale wie Verspieltheit oder bestimmte Gesichtszüge. Dieses Phänomen wird als Neotenie bezeichnet und ist auch bei anderen domestizierten Tieren zu beobachten.,Hunde behalten oft welpenhafte Merkmale.,Neotenie,,ok
tiere,2,"Was bedeutet es, dass die Katze ein obligater Fleischfresser ist?","[""sie braucht zwingend tierisches Eiweiss, um zu überleben"", ""sie frisst nur einmal im Jahr"", ""sie mag ausschliesslich Fisch"", ""sie kann problemlos rein vegetarisch leben""]","Katzen sind sogenannte obligate Karnivoren, das heisst, ihr Körper ist auf tierisches Eiweiss angewiesen. Ohne Fleisch fehlen ihnen wichtige Nährstoffe.",Katzen brauchen zwingend tierisches Eiweiss.,Hauskatze,,ok
geld,1,"Was braucht man vor allem, um erfolgreich auf etwas hinzusparen?","[""Geduld"", ""Viele Freunde"", ""Ein Handy"", ""Einen Führerschein""]","Sparen dauert oft eine Weile, deshalb braucht man Geduld und darf das Ziel nicht aus den Augen verlieren.",Sparen braucht Geduld.,Sparen,,ok
physik,2,"Warum fühlt sich ein Metallgriff kälter an als ein Holzgriff, obwohl beide gleich warm sind?","[""Metall leitet Wärme aus deiner Hand schneller weg"", ""Metall ist immer wirklich kälter als Holz"", ""Holz speichert Wärme nicht"", ""Deine Haut reagiert auf Metall allergisch""]","Metall ist ein guter Wärmeleiter und zieht die Wärme aus deiner Hand schnell ab. Holz leitet Wärme schlecht, darum fühlt es sich wärmer an, obwohl beide Gegenstände dieselbe Temperatur haben.",Gute Wärmeleiter fühlen sich kälter an.,Wärmeleitfähigkeit,,ok
wissenschaft,2,"Wer entdeckte die Vererbungsregeln, indem er jahrelang Erbsenpflanzen kreuzte?","[""Gregor Mendel"", ""Charles Darwin"", ""Louis Pasteur"", ""Alexander Fleming""]","Der Mönch Gregor Mendel untersuchte im 19. Jahrhundert, wie Merkmale wie Blütenfarbe bei Erbsenpflanzen vererbt werden. Seine Regeln bilden die Grundlage der modernen Genetik.",Mendel entdeckte die Vererbungsregeln.,Gregor Mendel,,ok
wissenschaft,1,"Was passiert mit Eis, wenn es warm wird?","[""Es schmilzt zu Wasser"", ""Es wird zu Stein"", ""Es verschwindet einfach"", ""Es wird noch kälter""]","Wenn Eis erwärmt wird, schmilzt es und wird zu flüssigem Wasser. Das nennt man Schmelzen.",Warmes Eis schmilzt zu Wasser.,Schmelzen,,ok
koerper,1,Wozu brauchst du deine Muskeln?,"[""Um dich zu bewegen"", ""Um zu hören"", ""Um zu riechen"", ""Um zu denken""]",Muskeln ziehen sich zusammen und bewegen dadurch deine Knochen. Ohne sie könntest du weder laufen noch greifen.,Muskeln bringen deinen Körper in Bewegung.,Skelettmuskulatur,,ok
pol_welt,1,"In welcher Stadt trifft sich die Schweizer Regierung, der Bundesrat?","[""Bern"", ""Zürich"", ""Genf"", ""Basel""]","Bern ist die Bundesstadt der Schweiz, dort arbeitet der Bundesrat. Von dort aus wird das ganze Land regiert.",Bern ist die Bundesstadt der Schweiz.,Bern,,ok
pol_kommunismus,1,"Wer war der Anführer, als China 1949 kommunistisch wurde?","[""Mao Zedong"", ""Konfuzius"", ""Dschingis Khan"", ""Bruce Lee""]",Mao Zedong führte die kommunistische Partei zum Sieg und rief die Volksrepublik China aus.,Mao Zedong machte China kommunistisch.,Mao Zedong,,ok
pol_diktatur,1,Was ist ein Exil?,"[""Ein Leben fern der Heimat, weil man dort nicht sicher ist."", ""Ein grosses Fest im Palast."", ""Eine Art Gefängnis nur für Kinder."", ""Ein Ferienhaus des Diktators.""]","Menschen, die in ihrem Land verfolgt werden, fliehen manchmal ins Ausland ins Exil. Dort sind sie vor der Diktatur sicherer.",Im Exil lebt man fern der Heimat.,Exil,,ok
pol_diktatur,2,Was bedeutet Machtmissbrauch?,"[""Wenn jemand seine Macht ausnutzt, um anderen zu schaden."", ""Wenn jemand freundlich regiert."", ""Wenn eine Wahl fair verläuft."", ""Wenn Gesetze für alle gleich gelten.""]","Machtmissbrauch liegt vor, wenn eine Person ihre Position benutzt, um sich unrechtmässig zu bereichern oder andere zu unterdrücken. In Diktaturen ist das besonders häufig, weil niemand die Macht kontrolliert.",Macht ohne Kontrolle wird oft missbraucht.,Machtmissbrauch,,ok
pol_demokratie,2,Was ist ein Differenzbereinigungsverfahren?,"[""Nationalrat und Ständerat gleichen unterschiedliche Beschlüsse zu einem Gesetz aneinander an"", ""Eine Abstimmung zwischen zwei Kantonen"", ""Ein Streit vor Gericht"", ""Eine Wahl zwischen zwei Kandidaten""]","Wenn National- und Ständerat bei einem Gesetz unterschiedlicher Meinung sind, wird die Vorlage so lange hin- und hergeschickt, bis eine Einigung gefunden ist. Das nennt man Differenzbereinigung.",Differenzbereinigung gleicht Unterschiede zwischen den Räten aus.,Differenzbereinigungsverfahren,,ok
tiere,3,Was sind sogenannte Calming Signals bei Hunden?,"[""Beschwichtigende Körpersignale zur Vermeidung von Konflikten"", ""Laute Bellsignale zur Warnung"", ""Gerüche zur Reviermarkierung"", ""Spezielle Trainingskommandos""]","Calming Signals sind subtile Körpersprache-Signale wie Gähnen, Blinzeln oder Abwenden des Kopfes, mit denen Hunde Spannungen abbauen und Konflikte vermeiden wollen. Menschen können lernen, diese Signale zu erkennen und richtig zu deuten.",Calming Signals beschwichtigen und deeskalieren.,Calming Signals,,ok
tiere,2,Wofür werden Lawinenhunde in den Schweizer Alpen speziell ausgebildet?,"[""Um verschüttete Personen unter Schnee zu finden"", ""Um Lawinen absichtlich auszulösen"", ""Um Skifahrer zu transportieren"", ""Um Wetterdaten zu sammeln""]","Lawinenhunde werden darauf trainiert, mit ihrer feinen Nase Menschen unter Schneemassen aufzuspüren. Sie kommen bei der Bergrettung in der Schweiz häufig zum Einsatz.",Lawinenhunde finden Verschüttete im Schnee.,Lawinenhund,,ok
natur,1,"Wie nennt man es, wenn Bienen Blütenstaub von einer Blüte zur anderen tragen?","[""Bestäubung"", ""Verdunstung"", ""Photosynthese"", ""Keimung""]","Beim Sammeln von Nektar bleibt Blütenstaub an den Bienen kleben, den sie zur nächsten Blüte tragen. So können sich Pflanzen fortpflanzen.","Bestäubung hilft Pflanzen, Samen zu bilden.",Bestäubung,,ok
tiere,1,Welches Tier baut mit Ästen Dämme und Burgen in Flüssen?,"[""Der Biber"", ""Der Fuchs"", ""Das Reh"", ""Der Dachs""]","Der Biber staut mit Ästen und Zweigen einen Fluss, damit ein ruhiger Teich entsteht. Darin baut er seine Biberburg.",Der Biber ist ein geschickter Baumeister.,Europäischer Biber,,ok
bilder,3,"Welches Land führte 1994 nach dem Ende der Apartheid eine neue Flagge mit sechs Farben ein, die für Vielfalt und Einheit steht?","[""Südafrika"", ""Namibia"", ""Simbabwe"", ""Kenia""]","Die südafrikanische Flagge wurde 1994 eingeführt und vereint sechs Farben, die für die verschiedenen Bevölkerungsgruppen und die neue Einheit des Landes stehen. Sie gilt als eine der komplexesten Nationalflaggen der Welt.",Südafrikas Flagge steht für Vielfalt.,Flagge Südafrikas,,ok
geld,3,Was ist die Mehrwertsteuer (MWST)?,"[""Eine Steuer, die auf den meisten Waren und Dienstleistungen erhoben und im Verkaufspreis eingerechnet ist"", ""Eine Steuer, die nur Firmen bezahlen müssen"", ""Eine freiwillige Spende an den Staat"", ""Eine Gebühr für Bankkonten""]",Die Mehrwertsteuer wird in der Schweiz auf die meisten Waren und Dienstleistungen erhoben und ist bereits im angezeigten Preis enthalten. Sie ist eine wichtige Einnahmequelle des Bundes.,MWST steckt schon im Preis.,Mehrwertsteuer (Schweiz),,ok
pol_kommunismus,3,"Wie heisst das Hauptwerk von Karl Marx, in dem er den Kapitalismus analysiert?","[""Das Kapital"", ""Der Gesellschaftsvertrag"", ""Der Ursprung der Arten"", ""Die Bekenntnisse""]",In 'Das Kapital' analysierte Marx die kapitalistische Wirtschaftsweise und ihre Widersprüche. Das Werk gilt als zentrale theoretische Grundlage des Kommunismus.,'Das Kapital' ist Marx' Hauptwerk.,Das Kapital,,ok
pol_demokratie,1,Was ist ein Gesetz?,"[""Eine Regel, an die sich alle halten müssen"", ""Ein Spiel für Kinder"", ""Ein Brief vom Lehrer"", ""Ein Geschenk""]","Gesetze sind Regeln, die für alle Menschen in einem Land gelten. Sie werden von Parlament oder Volk beschlossen.",Gesetze sind Regeln für alle.,Gesetz,,ok
natur,1,Welches Insekt mit bunten Flügeln sammelt Nektar aus Blüten?,"[""Der Schmetterling"", ""Der Käfer"", ""Die Spinne"", ""Die Ameise""]",Schmetterlinge saugen mit ihrem langen Rüssel süssen Nektar aus Blüten. Dabei helfen sie den Pflanzen ebenfalls bei der Bestäubung.,Schmetterlinge trinken Nektar aus Blüten.,Schmetterlinge,,ok
kt_SO,1,"Wie heisst das schöne Barockschloss bei Solothurn, das man besuchen kann?","[""Schloss Waldegg"", ""Schloss Chillon"", ""Schloss Neuschwanstein"", ""Schloss Versailles""]",Schloss Waldegg liegt auf einem Hügel bei Feldbrunnen und wurde vor langer Zeit für einen reichen Herrn gebaut. Heute kann man dort den schönen Garten und die Räume besichtigen.,Schloss Waldegg liegt bei Solothurn auf einem Hügel.,Schloss Waldegg,e:🏰🌳,ok
koerper,2,"Aus welchen winzigen Bläschen besteht die Lunge, wo der Gasaustausch stattfindet?","[""Lungenbläschen (Alveolen)"", ""Blutkörperchen"", ""Nervenzellen"", ""Hautzellen""]",In den Millionen von Lungenbläschen wird Sauerstoff ins Blut aufgenommen. Gleichzeitig wird Kohlendioxid abgegeben.,Alveolen tauschen Sauerstoff gegen Kohlendioxid.,Lungenbläschen,,ok
pol_demokratie,3,Was ist ein Staatsvertragsreferendum?,"[""Das Volk kann unter bestimmten Voraussetzungen über internationale Verträge abstimmen"", ""Ein Vertrag zwischen zwei Gemeinden"", ""Ein Referendum nur für EU-Länder"", ""Ein Vertrag, den nur der Bundesrat unterschreibt""]",Bestimmte wichtige internationale Verträge unterliegen dem obligatorischen oder fakultativen Referendum. So kann das Volk auch bei aussenpolitischen Fragen mitbestimmen.,Auch Staatsverträge können vors Volk kommen.,Staatsvertragsreferendum,,ok
koerper,1,"Wie oft solltest du dich am Tag ungefähr bewegen, damit du fit bleibst?","[""Mindestens eine Stunde"", ""Nur fünf Minuten"", ""Gar nicht"", ""Nur am Wochenende""]","Kinder sollten sich täglich mindestens eine Stunde bewegen. Das hält Herz, Muskeln und Knochen stark.",Jeden Tag bewegen macht stark.,Bewegung (Sport),,ok
wissenschaft,2,Was ist eine Mutation?,"[""Eine Veränderung im Erbgut eines Lebewesens"", ""Ein chemisches Element"", ""Eine Art Bakterium"", ""Ein Messgerät""]","Eine Mutation ist eine zufällige Veränderung der DNA, die vererbt werden kann. Mutationen sind ein wichtiger Grund dafür, dass sich Lebewesen im Laufe der Zeit verändern und weiterentwickeln.",Mutationen verändern das Erbgut.,Mutation,,ok
pol_welt,1,Was ist ein Vertrag zwischen zwei Ländern?,"[""Eine schriftliche Abmachung, an die sich beide halten"", ""Ein Fussballspiel"", ""Ein Geldschein"", ""Ein Ferienplan""]","In einem Vertrag versprechen sich Länder zum Beispiel, zusammenzuarbeiten oder Streit zu vermeiden. Solche Verträge sind sehr wichtig für den Frieden.",Ein Vertrag ist eine Abmachung zwischen Ländern.,Völkerrechtlicher Vertrag,,ok
tiere,1,"Womit hört ein Hund auch sehr leise oder hohe Geräusche, die Menschen nicht wahrnehmen können?","[""Mit den Ohren"", ""Mit den Augen"", ""Mit der Zunge"", ""Mit dem Schwanz""]",Hunde können viel höhere Töne hören als Menschen und nehmen Geräusche aus grösserer Entfernung wahr. Ihre Ohren sind sehr beweglich.,Hunde hören besser als Menschen.,Hund,,ok
physik,1,Warum siehst du in einem komplett dunklen Raum gar nichts?,"[""Weil dort kein Licht vorhanden ist"", ""Weil deine Augen sich schliessen"", ""Weil die Luft dort anders ist"", ""Weil es dort zu leise ist""]","Wir können Dinge nur sehen, wenn Licht von ihnen in unser Auge fällt. Ohne Licht gibt es nichts, das unser Auge auffangen kann.",Ohne Licht können wir nichts sehen.,Licht,,ok
pol_demokratie,2,Wie heisst das Parlament eines Kantons oft?,"[""Kantonsrat oder Grosser Rat"", ""Bundesrat"", ""Gemeinderat"", ""Nationalrat""]","Jeder Kanton hat ein eigenes Parlament, das je nach Kanton Kantonsrat, Grosser Rat oder anders heisst. Dort werden kantonale Gesetze beschlossen.",Kantone haben eigene Parlamente.,Kantonsparlament,,ok
tiere,3,Welche Aussage über besonders alte Hunderassen wie den Saluki oder Basenji trifft am ehesten zu?,"[""Sie gelten als eine der ältesten heute noch existierenden Hunderassen"", ""Sie wurden erst im 20. Jahrhundert erstmals gezüchtet"", ""Sie stammen ursprünglich aus der Schweiz"", ""Es handelt sich um nie domestizierte Wildhunde""]","Genetische Untersuchungen deuten darauf hin, dass Rassen wie Saluki oder Basenji zu den ursprünglichsten heute lebenden Hunderassen zählen. Ihr Ursprung wird im Nahen Osten beziehungsweise in Afrika vermutet.",Saluki und Basenji zählen zu Urhunderassen.,Basenji,,ok
pol_welt,1,"Was bedeutet es, wenn die Schweiz «neutral» ist?","[""Sie mischt sich nicht in Kriege anderer Länder ein"", ""Sie hat keine eigene Regierung"", ""Sie darf nicht wählen"", ""Sie gehört zu keinem Kontinent""]","Neutral sein heisst, dass die Schweiz in Kriegen zwischen anderen Ländern nicht Partei ergreift. Das gilt schon seit sehr langer Zeit.",Neutral heisst: keine Kriegspartei ergreifen.,Neutralität (Schweiz),,ok
physik,3,"In welcher Einheit misst man die Frequenz, zum Beispiel von Schallwellen oder Wechselstrom?","[""Hertz"", ""Watt"", ""Joule"", ""Pascal""]","Die Frequenz gibt an, wie oft sich ein Vorgang pro Sekunde wiederholt, zum Beispiel wie oft eine Welle schwingt. Benannt ist die Einheit nach dem Physiker Heinrich Hertz.",Frequenz wird in Hertz gemessen.,Hertz (Einheit),,ok
koerper,2,Welche Aufgabe hat der Dünndarm hauptsächlich?,"[""Nährstoffe aus der Nahrung aufnehmen"", ""Wasser aus dem Stuhl entziehen"", ""Urin bilden"", ""Sauerstoff aufnehmen""]","Im Dünndarm werden Nährstoffe aus dem Nahrungsbrei ins Blut aufgenommen. Seine Innenwand ist stark gefaltet, um viel Fläche zu bieten.",Der Dünndarm nimmt Nährstoffe auf.,Dünndarm,,ok
koerper,1,Wo genau im Körper liegt dein Herz?,"[""Etwas links in der Mitte des Brustkorbs"", ""Im Bauch"", ""Im Kopf"", ""Im rechten Fuss""]","Dein Herz liegt geschützt im Brustkorb, etwas links von der Mitte. Es ist etwa so gross wie deine Faust.",Das Herz liegt im Brustkorb.,Herz,,ok
koerper,1,Wozu dient Sonnencreme?,"[""Sie schützt die Haut vor Sonnenbrand"", ""Sie macht braun ohne Sonne"", ""Sie kühlt den Körper von innen"", ""Sie stärkt die Muskeln""]",Sonnencreme schützt die Haut vor gefährlichen UV-Strahlen. So vermeidest du einen schmerzhaften Sonnenbrand.,Sonnencreme schützt deine Haut.,Sonnencreme,,ok
tiere,2,Warum lassen viele Tierärzte Katzen kastrieren?,"[""um unkontrollierte Vermehrung und Streunerkatzen zu verhindern"", ""damit die Katze schneller wächst"", ""damit sie besser miauen kann"", ""damit sie mehr Junge bekommt""]","Eine Kastration verhindert, dass sich Katzen unkontrolliert vermehren und zu viele Streunerkatzen entstehen. Sie kann zudem bestimmte Verhaltensweisen und Krankheiten reduzieren.",Kastration verhindert unkontrollierte Vermehrung.,Kastration (Tier),,ok
geld,1,Was ist ein Sparziel?,"[""Ein Betrag, den man ansparen möchte, um sich etwas Bestimmtes zu kaufen"", ""Ein Gesetz für Erwachsene"", ""Eine Regel der Schule"", ""Ein Spiel mit Münzen""]","Ein Sparziel ist das, wofür man Geld zurücklegt, zum Beispiel ein neues Velo. Es hilft, motiviert zu sparen.",Ein Sparziel motiviert beim Sparen.,Sparen,,ok
pol_diktatur,2,Was war die Berliner Mauer?,"[""Eine Grenze, die DDR-Bürger an der Flucht in den Westen hindern sollte."", ""Eine Touristenattraktion von Anfang an."", ""Eine Brücke zwischen Ost und West."", ""Ein Museum für Kunst.""]","Die Berliner Mauer wurde 1961 von der DDR gebaut, um Fluchtversuche in den Westen zu stoppen. Viele Menschen starben beim Versuch, sie zu überwinden.",Die Mauer verhinderte die Flucht in Freiheit.,Berliner Mauer,,ok
koerper,3,Wie viele Chromosomenpaare hat eine normale menschliche Körperzelle?,"[""23 Paare"", ""10 Paare"", ""46 Paare"", ""12 Paare""]","Menschliche Körperzellen enthalten 23 Chromosomenpaare, also 46 Chromosomen insgesamt. Sie tragen die gesamte Erbinformation der Zelle.",Körperzellen haben 23 Chromosomenpaare.,Chromosom,,ok
pol_welt,2,Was regelt der Antarktisvertrag?,"[""Dass die Antarktis nur für friedliche und wissenschaftliche Zwecke genutzt werden darf"", ""Dass nur die Schweiz in der Antarktis forschen darf"", ""Dass die Antarktis an ein einzelnes Land verkauft wird"", ""Dass in der Antarktis Kriege ausgetragen werden dürfen""]","Mehrere Staaten einigten sich darauf, die Antarktis militärfrei zu halten und sie nur für Forschung zu nutzen. Der Vertrag zeigt, wie Länder gemeinsam Regeln für ein Gebiet aufstellen können.",Die Antarktis dient Frieden und Forschung.,Antarktisvertrag,,ok
koerper,1,Welcher Körperteil hilft dir zu greifen und zu halten?,"[""Die Hand mit den Fingern"", ""Der Fuss"", ""Das Ohr"", ""Der Bauch""]","Mit deinen Fingern kannst du Dinge greifen, halten und fühlen. Deine Hand ist sehr geschickt.",Hände greifen und halten.,Hand,,ok
pol_kommunismus,3,"Wie hiess die von Lenin geführte Partei, die 1917 die Macht in Russland übernahm?","[""Bolschewiki"", ""Menschewiki"", ""Kadetten"", ""Sozialrevolutionäre""]",Die Bolschewiki waren die radikale Mehrheitsfraktion der russischen Sozialdemokraten. Unter Lenin führten sie die Oktoberrevolution zum Erfolg.,Bolschewiki: Lenins Partei der Revolution.,Bolschewiki,,ok
physik,2,Was macht eine Solarzelle?,"[""Sie wandelt Sonnenlicht direkt in elektrischen Strom um"", ""Sie speichert Wärme für die Nacht"", ""Sie filtert Wasser"", ""Sie erzeugt Magnetfelder""]",In einer Solarzelle treffen Lichtteilchen auf ein spezielles Material und lösen darin Elektronen aus. Diese Bewegung der Elektronen erzeugt den elektrischen Strom.,Solarzellen machen aus Licht Strom.,Solarzelle,,ok
wissenschaft,3,Was ist ein Polymer in der Chemie?,"[""Ein grosses Molekül aus vielen gleichen oder ähnlichen Grundbausteinen"", ""Ein einzelnes Atom mit mehreren Elektronen"", ""Ein radioaktives Element"", ""Eine Flüssigkeit mit hohem Siedepunkt""]","Polymere bestehen aus vielen kleinen, sich wiederholenden Einheiten, den Monomeren, die zu langen Ketten verbunden sind. Kunststoffe wie Plastik und auch DNA sind Beispiele für Polymere.",Polymere bestehen aus vielen Grundbausteinen.,Polymer,,ok
natur,2,"Wie heisst die Sternenansammlung, zu der unser Sonnensystem gehört?","[""Milchstrasse"", ""Andromeda"", ""Sternenhaufen"", ""Weltall-Kreis""]","Die Milchstrasse ist eine riesige Galaxie mit hunderten Milliarden Sternen, zu denen auch unsere Sonne gehört. An klaren Nächten kann man sie als helles Band am Himmel erkennen.",Unser Sonnensystem liegt in der Milchstrasse.,Milchstraße,,ok
physik,3,Was versteht man in der Physik unter dem Impuls eines Körpers?,"[""Das Produkt aus Masse und Geschwindigkeit, eine Erhaltungsgrösse"", ""Die Kraft, die auf einen ruhenden Körper wirkt"", ""Die Höhe, in der sich ein Körper befindet"", ""Die Zeit, die ein Körper zum Anhalten braucht""]","Der Impuls beschreibt, wie viel Bewegung in einem Körper steckt, berechnet aus Masse mal Geschwindigkeit. In einem geschlossenen System bleibt der Gesamtimpuls immer erhalten, zum Beispiel beim Zusammenstoss von Billardkugeln.",Impuls ist Masse mal Geschwindigkeit.,Impuls (Physik),,ok
tiere,3,Warum sind rein weisse Katzen mit blauen Augen häufiger taub?,"[""das Gen für weisses Fell und blaue Augen ist oft mit einer Fehlentwicklung der Hörschnecke gekoppelt"", ""weisses Fell blockiert generell alle Sinne"", ""blaue Augen machen automatisch taub bei jedem Tier"", ""weisses Fell hat keinen Zusammenhang mit dem Gehör""]","Das für weisses Fell und blaue Augen verantwortliche Gen kann bei manchen Katzen auch zu einer fehlerhaften Entwicklung der Hörschnecke im Innenohr führen. Deshalb sind weisse, blauäugige Katzen statistisch häufiger taub als andere.","Weisse, blauäugige Katzen sind oft öfter taub.",Taubheit bei weissen Katzen,,ok
wissenschaft,3,Welche Forscherin lieferte mit ihren Röntgenbeugungsbildern entscheidende Hinweise auf die Doppelhelix-Struktur der DNA?,"[""Rosalind Franklin"", ""Marie Curie"", ""Ada Lovelace"", ""Lise Meitner""]","Rosalind Franklin machte präzise Röntgenaufnahmen von DNA-Fasern, die zeigten, dass DNA eine helixförmige Struktur hat. Watson und Crick nutzten diese Bilder mit, um ihr Doppelhelix-Modell zu entwickeln.",Franklins Bilder zeigten die DNA-Helix.,Rosalind Franklin,,ok
tiere,1,"Welches Tier wechselt im Winter seine Fellfarbe zu Weiss, um sich zu tarnen?","[""Schneehase"", ""Fuchs"", ""Reh"", ""Wildschwein""]",Der Schneehase lebt in den Bergen und wechselt sein braunes Sommerfell im Winter zu weissem Winterfell. So ist er im Schnee gut getarnt.,Im Winter trägt der Hase Weiss.,Schneehase,,ok
koerper,2,Was sind Hormone?,"[""Botenstoffe, die über das Blut Signale an Organe senden"", ""Spezielle Knochenarten"", ""Ein anderer Name für Vitamine"", ""Zellen, die nur im Gehirn vorkommen""]",Hormone werden von Drüsen gebildet und ins Blut abgegeben. Sie steuern zum Beispiel Wachstum und Stoffwechsel.,Hormone sind Botenstoffe im Blut.,Hormon,,ok
tiere,1,Welches Geräusch macht ein Hund normalerweise?,"[""Er bellt"", ""Er miaut"", ""Er muht"", ""Er gackert""]","Bellen ist das typische Geräusch, mit dem Hunde kommunizieren, zum Beispiel um zu warnen. Manche Hunde jaulen oder knurren auch.","Hunde bellen, um sich zu melden.",Hund,,ok
tiere,3,Was bedeutet der Begriff «Sexualdimorphismus» bei Tieren wie dem Pfau?,"[""Deutliche äusserliche Unterschiede zwischen Männchen und Weibchen derselben Art"", ""Die Fähigkeit, das Geschlecht zu wechseln"", ""Die identische Färbung beider Geschlechter"", ""Die Fortpflanzung ohne Partner""]","Sexualdimorphismus bezeichnet auffällige Unterschiede zwischen Männchen und Weibchen, etwa in Grösse oder Farbe. Beim Pfau trägt nur das Männchen das prächtige, farbige Rad.",Männchen und Weibchen sehen oft verschieden aus.,Sexualdimorphismus,,ok
rel_andere,1,Wie heisst das Gotteshaus der Hindus?,"[""Tempel"", ""Kirche"", ""Moschee"", ""Synagoge""]","Im Hindu-Tempel stehen Figuren von verschiedenen Göttern. Menschen beten dort, bringen Blumen und Opfergaben mit.",Hindus beten im Tempel.,Hindutempel,,ok
rel_andere,1,Welches Symbol wird oft mit dem Islam verbunden?,"[""Halbmond und Stern"", ""Das Kreuz"", ""Der Davidstern"", ""Die Lotusblüte""]",Halbmond und Stern zieren viele Moscheen und Flaggen islamischer Länder. Sie sind zu einem bekannten Zeichen des Islams geworden.,Halbmond und Stern stehen oft für den Islam.,Halbmond (Symbol),,ok
natur,3,Wozu dienen stickstofffixierende Bakterien an den Wurzeln von Hülsenfrüchten wie Erbsen?,"[""Sie wandeln Luftstickstoff in eine für die Pflanze nutzbare Form um"", ""Sie schützen die Wurzeln vor Frost"", ""Sie speichern Wasser für Trockenzeiten"", ""Sie produzieren Sauerstoff für die Wurzeln""]","In kleinen Wurzelknöllchen leben Bakterien, die Stickstoff aus der Luft binden. Die Pflanze braucht diesen Stickstoff zum Wachsen und macht dadurch Böden fruchtbarer.",Bakterien liefern Hülsenfrüchten nutzbaren Stickstoff.,Knöllchenbakterien,,ok
natur,1,Was ist ein Gletscher?,"[""Eine riesige Masse aus Eis"", ""Ein grosser See"", ""Ein hoher Berg aus Stein"", ""Eine Regenwolke""]","Ein Gletscher entsteht, wenn sich über viele Jahre Schnee zu Eis zusammenpresst. In den Schweizer Alpen gibt es zahlreiche Gletscher.",Ein Gletscher ist eine grosse Eismasse.,Gletscher,,ok
tiere,2,Was ist besonders am Gehör von Katzen im Vergleich zu Menschen?,"[""Katzen hören deutlich höhere Frequenzen als Menschen"", ""Katzen können gar nicht hören"", ""Katzen hören nur tiefe Töne"", ""Katzen hören genau gleich wie Menschen""]","Katzen können Töne in viel höheren Frequenzbereichen wahrnehmen als Menschen, zum Beispiel die feinen Rufe von Mäusen. Das macht sie zu sehr guten Jägern.",Katzen hören viel höhere Frequenzen als wir.,Hauskatze,,ok
koerper,3,Was versteht man unter dem Placebo-Effekt?,"[""Eine Wirkung, die durch Erwartung entsteht, auch ohne echten Wirkstoff"", ""Eine Nebenwirkung von Antibiotika"", ""Eine Impfreaktion des Immunsystems"", ""Eine Form von Allergie""]","Beim Placebo-Effekt verbessert sich der Zustand einer Person, obwohl ein Medikament keinen echten Wirkstoff enthält. Erwartung und Psyche beeinflussen dabei den Körper.",Erwartung kann heilend wirken.,Placebo,,ok
pol_kommunismus,3,Was war eine zentrale Ursache des Koreakriegs (1950–1953)?,"[""Der kommunistische Norden griff den nicht-kommunistischen Süden an, um Korea zu vereinen"", ""Japan wollte Korea zurückerobern"", ""China und die USA stritten um Taiwan"", ""Die UNO wollte Korea kolonisieren""]","Nordkorea unter Kim Il-sung griff 1950 den Süden an, um das geteilte Land unter kommunistischer Führung zu vereinen. Der Krieg endete 1953 ohne Sieger mit der bis heute bestehenden Teilung.",Koreakrieg: Norden griff Süden an.,Koreakrieg,,ok
pol_welt,1,Was ist eine internationale Organisation?,"[""Eine Gruppe, in der mehrere Länder zusammenarbeiten"", ""Ein Verein für Kinder in einer Stadt"", ""Ein Geschäft, das Waren aus dem Ausland verkauft"", ""Eine Schule mit Kindern aus vielen Ländern""]","In einer internationalen Organisation arbeiten Länder gemeinsam an Themen wie Frieden, Gesundheit oder Umwelt. Die UNO und die EU sind Beispiele dafür.",Internationale Organisationen verbinden viele Länder.,Internationale Organisation,,ok
kt_SO,1,"Wann wurde Solothurn Mitglied der alten Eidgenossenschaft, dem Vorläufer der Schweiz?","[""Im Jahr 1481"", ""Erst im Jahr 2000"", ""Schon vor 3000 Jahren"", ""Nie, Solothurn blieb allein""]","Solothurn trat 1481 der alten Eidgenossenschaft bei, zusammen mit der Stadt Freiburg. Das war ein wichtiger Moment in der Geschichte des heutigen Kantons.",1481 wurde Solothurn Teil der Eidgenossenschaft.,Kanton Solothurn,e:🤝📜,ok
tiere,1,Welches Tier hat einen harten Panzer und ist sehr langsam unterwegs?,"[""Schildkröte"", ""Schnecke"", ""Igel"", ""Gürteltier""]",Die Schildkröte trägt ihren Panzer immer bei sich als Schutz. Manche Arten können über hundert Jahre alt werden.,Die Schildkröte trägt ihr Haus dabei.,Schildkröten,,ok
rel_andere,1,"Was machen buddhistische Mönche und Nonnen oft, um zur inneren Ruhe zu finden?","[""Meditieren"", ""Tanzen"", ""Singen"", ""Fasten""]","Beim Meditieren setzen sich buddhistische Mönche und Nonnen still hin und konzentrieren sich auf ihren Atem. So versuchen sie, ihre Gedanken zu beruhigen.",Meditation hilft zur inneren Ruhe.,Meditation,,ok
bilder,2,Welches Tier ist Nationalsymbol und Wappentier der USA?,"[""Weisskopfseeadler"", ""Truthahn"", ""Falke"", ""Bussard""]",Der Weisskopfseeadler wurde 1782 zum Nationalsymbol der USA erklärt und ist auf dem grossen Siegel des Landes abgebildet. Er steht für Stärke und Freiheit.,Die USA haben den Weisskopfseeadler als Symbol.,Weisskopfseeadler,e:🦅,ok
tiere,2,"Wohin schwimmt der Lachs, um sich fortzupflanzen?","[""Zurück in den Fluss, in dem er geboren wurde"", ""In den nächstbesten fremden Fluss"", ""Immer ins offene Meer"", ""In einen beliebigen See""]","Lachse leben im Meer, kehren aber zum Laichen genau in das Süsswassergewässer zurück, in dem sie selbst geschlüpft sind. Diese Fähigkeit nennt man Homing.",Lachse kehren zum Laichen zurück nach Hause.,Atlantischer Lachs,,ok
geld,3,Was macht ein Inkassobüro?,"[""Es treibt im Auftrag von Gläubigern offene Rechnungen bei säumigen Schuldnern ein"", ""Es vergibt zinslose Kredite"", ""Es berät kostenlos zu Steuerfragen"", ""Es verwaltet Sparkonten für Banken""]","Ein Inkassobüro wird beauftragt, unbezahlte Rechnungen einzutreiben, wenn jemand seine Rechnungen nicht bezahlt hat. Das kann zusätzliche Kosten für den Schuldner bedeuten.",Inkasso treibt offene Rechnungen ein.,Inkasso,,ok
natur,3,Wo befindet sich der Asteroidengürtel in unserem Sonnensystem?,"[""Zwischen den Umlaufbahnen von Mars und Jupiter"", ""Zwischen Erde und Mond"", ""Zwischen Merkur und Venus"", ""Ausserhalb der Umlaufbahn von Neptun""]",Der Asteroidengürtel enthält zahlreiche Gesteinsbrocken unterschiedlicher Grösse. Er liegt zwischen der Marsbahn und der Jupiterbahn.,Der Asteroidengürtel liegt zwischen Mars und Jupiter.,Asteroidengürtel,,ok
tiere,2,An welchen Körperstellen können Hunde überhaupt schwitzen?,"[""Hauptsächlich an den Pfotenballen"", ""Am ganzen Körper wie Menschen"", ""Nur an der Nase"", ""Hunde schwitzen gar nicht""]","Hunde besitzen Schweissdrüsen vor allem an den Pfotenballen, die aber nur wenig zur Kühlung beitragen. Die Hauptmethode zur Temperaturregulation bleibt das Hecheln.","Hunde schwitzen kaum, nur an den Pfoten.",Pfote,,ok
pol_diktatur,3,"Warum gelten regelmässige, kompetitive Wahlen als wichtiger Schutz vor Diktatur?","[""Sie ermöglichen einen friedlichen Machtwechsel und begrenzen Amtszeiten."", ""Sie garantieren, dass immer dieselbe Partei gewinnt."", ""Sie machen Kontrolle überflüssig."", ""Sie verhindern jegliche Kritik an der Regierung.""]","Wenn Wahlen frei und fair sind, kann das Volk unfähige oder missbräuchliche Regierungen abwählen. Das verhindert, dass eine einzelne Person dauerhaft unkontrollierte Macht behält.",Faire Wahlen ermöglichen Machtwechsel.,Demokratie,,ok
natur,2,Was ist Chlorophyll?,"[""Der grüne Farbstoff, der Sonnenlicht einfängt"", ""Ein Nährstoff für Tiere"", ""Eine Art Pilz"", ""Ein Mineral im Boden""]",Chlorophyll befindet sich in den grünen Teilen einer Pflanze und fängt das Sonnenlicht für die Photosynthese ein. Es ist verantwortlich für die grüne Farbe von Blättern.,Chlorophyll macht Blätter grün und fängt Licht.,Chlorophyll,,ok
tiere,1,Was macht ein glücklicher Hund oft mit seinem Schwanz?,"[""Er wedelt damit"", ""Er versteckt ihn"", ""Er beisst hinein"", ""Er setzt sich drauf""]","Wenn ein Hund fröhlich oder aufgeregt ist, bewegt er seinen Schwanz oft schnell hin und her. Das nennt man Schwanzwedeln.",Freude zeigt der Hund mit dem Schwanz.,Hund,,ok
pol_demokratie,3,Was unterscheidet die direkte von der repräsentativen Demokratie grundsätzlich?,"[""Bei der direkten Demokratie entscheidet das Volk selbst über Sachfragen, bei der repräsentativen nur über Vertreterinnen und Vertreter"", ""Es gibt keinen Unterschied"", ""Direkte Demokratie kennt keine Wahlen"", ""Repräsentative Demokratie gibt es nur in Diktaturen""]","In der direkten Demokratie können Bürgerinnen und Bürger selbst über konkrete Sachfragen abstimmen, wie in der Schweiz.",Direkte Demokratie: das Volk entscheidet mit.,Direkte Demokratie,,ok
pol_welt,1,"Welche Uno-Organisation kümmert sich darum, dass Menschen auf der Welt genug zu essen haben?","[""FAO"", ""WHO"", ""UNESCO"", ""NATO""]","Die FAO ist die Ernährungs- und Landwirtschaftsorganisation der Vereinten Nationen. Sie hilft dabei, den Hunger in der Welt zu bekämpfen.",Die FAO kümmert sich um genug Essen für alle.,Welternährungsorganisation,,ok
pol_welt,2,Wofür sensibilisiert der Weltbevölkerungstag?,"[""Für Fragen rund um das Bevölkerungswachstum und dessen Folgen"", ""Für den Schutz von bedrohten Tierarten"", ""Für den internationalen Handel"", ""Für die Abschaffung von Grenzen""]","Am Weltbevölkerungstag wird weltweit auf Themen wie Bevölkerungswachstum, Gesundheit und Familienplanung aufmerksam gemacht. Er wurde von der UNO ins Leben gerufen.",Der Weltbevölkerungstag thematisiert das Bevölkerungswachstum.,Weltbevölkerungstag,,ok
natur,1,Wie viele Farben hat ein Regenbogen meistens?,"[""Sieben"", ""Drei"", ""Zehn"", ""Zwei""]","Wenn Sonnenlicht durch Regentropfen fällt, wird es gebrochen und in seine Farben aufgeteilt. So entsteht ein Regenbogen mit sieben Farben.",Ein Regenbogen hat sieben Farben.,Regenbogen,,ok
tiere,1,Welches Tier bellt und gilt oft als bester Freund des Menschen?,"[""Hund"", ""Katze"", ""Kaninchen"", ""Papagei""]","Der Hund ist eines der ältesten Haustiere der Menschheit. Er bellt, um zu warnen oder um zu spielen.",Der Hund ist der beste Freund.,Haushund,,ok
bilder,2,Welcher grosse Greifvogel war in den Schweizer Alpen ausgerottet und wird seit den 1990er-Jahren wieder erfolgreich angesiedelt?,"[""Bartgeier"", ""Steinadler"", ""Uhu"", ""Mäusebussard""]",Der Bartgeier wurde fälschlicherweise für gefährlich gehalten und deshalb ausgerottet. Seit 1991 wird er gezielt in den Alpen wieder ausgewildert.,Der Bartgeier kehrt in die Alpen zurück.,Bartgeier,,ok
bilder,3,"Welches mythologische Tier gilt als heraldisches Nationaltier Schottlands, obwohl es real nicht existiert?","[""Einhorn"", ""Drache"", ""Greif"", ""Phönix""]",Das Einhorn ist seit dem 12. Jahrhundert Schottlands heraldisches Symbol und steht für Reinheit und Stärke. Es findet sich im königlichen Wappen Schottlands.,Schottlands heraldisches Tier ist das Einhorn.,Einhorn (Heraldik),e:🦄,ok
tiere,3,"Was ist Brutparasitismus, wie ihn der Kuckuck betreibt?","[""Das Ablegen von Eiern in fremde Nester zur Aufzucht durch Wirtsvögel"", ""Das gemeinsame Bauen eines Nestes mit anderen Arten"", ""Das Fressen fremder Eier ohne eigene Eier zu legen"", ""Das Teilen der Jungenaufzucht mit dem eigenen Partner""]",Das Kuckucksweibchen legt sein Ei heimlich in das Nest eines anderen Vogels. Der Wirtsvogel zieht das fremde Kuckucksküken dann oft anstelle der eigenen Jungen auf.,Der Kuckuck lässt fremde Vögel seine Jungen aufziehen.,Kuckuck (Vogel),,ok
tiere,3,Welches Sinnesorgan hilft der Katze zusätzlich zur Wirbelsäule beim sicheren Landen nach einem Sturz?,"[""das Gleichgewichtsorgan im Innenohr (Vestibularorgan)"", ""die Nase"", ""die Barthaare allein"", ""die Netzhaut der Augen allein""]","Das Vestibularorgan im Innenohr registriert blitzschnell Lageveränderungen im Raum. Zusammen mit der flexiblen Wirbelsäule ermöglicht es der Katze, sich beim Fallen richtig zu drehen.",Das Innenohr steuert das Gleichgewicht beim Fall.,Gleichgewichtsorgan,,ok
natur,2,Was versteht man unter einer Monokultur in der Landwirtschaft?,"[""Der Anbau nur einer einzigen Pflanzenart auf grosser Fläche"", ""Der Anbau vieler verschiedener Pflanzenarten zusammen"", ""Ein Wald mit vielen Tierarten"", ""Ein natürlicher Regenwald""]","Bei einer Monokultur wird über grosse Flächen nur eine Pflanzenart angebaut, zum Beispiel nur Mais. Das kann den Boden auslaugen und die Artenvielfalt verringern.",Monokultur: nur eine Pflanzenart wird angebaut.,Monokultur,,ok
physik,2,Wofür ist eine Sicherung in einem Stromkreis da?,"[""Sie unterbricht den Stromkreis, wenn zu viel Strom fliesst"", ""Sie macht den Strom stärker"", ""Sie speichert Strom für später"", ""Sie verwandelt Strom in Licht""]","Fliesst zu viel Strom durch eine Leitung, kann diese sich stark erhitzen und einen Brand auslösen. Die Sicherung schmilzt dann durch oder schaltet ab und unterbricht so den Stromkreis rechtzeitig.",Sicherungen schützen vor zu viel Strom.,Sicherung (Elektrotechnik),,ok
tiere,3,Warum ist Biodiversität für ein Ökosystem wichtig?,"[""Sie macht Ökosysteme stabiler und widerstandsfähiger"", ""Sie führt zu weniger Nahrung für alle Arten"", ""Sie hat keinen Einfluss auf das Ökosystem"", ""Sie verhindert, dass sich Arten fortpflanzen""]","Je mehr verschiedene Arten in einem Lebensraum vorkommen, desto besser kann das Ökosystem auf Störungen wie Krankheiten oder Klimawandel reagieren. Der Verlust einzelner Arten kann sonst grosse Ketteneffekte auslösen.",Vielfalt macht Ökosysteme widerstandsfähiger.,Biodiversität,,ok
pol_welt,2,Was ist die Frankophonie?,"[""Ein Zusammenschluss von Ländern mit der französischen Sprache"", ""Ein Handelsabkommen für Käse"", ""Eine Sportorganisation"", ""Eine europäische Fluggesellschaft""]","Die Frankophonie verbindet Länder und Regionen, in denen Französisch gesprochen wird, darunter auch die französischsprachige Schweiz. Sie fördert Kultur und Zusammenarbeit.",Frankophonie verbindet französischsprachige Länder.,Internationale Organisation der Frankophonie,,ok
bilder,2,Welches Tier ist vom Aussterben bedroht und lebt fast nur noch in China?,"[""Grosser Panda"", ""Sibirischer Tiger"", ""Schneeleopard"", ""Roter Panda""]",Der Grosse Panda lebt in den Bergwäldern Chinas und ernährt sich fast ausschliesslich von Bambus. Dank Schutzprogrammen hat sich sein Bestand zuletzt leicht erholt.,Pandas leben hauptsächlich in China.,Grosser Panda,e:🐼,ok
pol_diktatur,3,Was ist ein Whistleblower?,"[""Eine Person, die Missstände oder Machtmissbrauch öffentlich macht."", ""Ein offizieller Regierungssprecher."", ""Ein Soldat an der Grenze."", ""Ein Schiedsrichter im Sport.""]","Whistleblower veröffentlichen geheime Informationen über Unrecht, oft unter grossem persönlichem Risiko. Sie spielen eine wichtige Rolle dabei, Machtmissbrauch aufzudecken.",Whistleblower decken Machtmissbrauch auf.,Whistleblower,,ok
wissenschaft,1,"Wie heisst das Gerät, mit dem Ärztinnen und Ärzte dein Herz abhören?","[""Stethoskop"", ""Thermometer"", ""Mikroskop"", ""Teleskop""]","Mit einem Stethoskop können Ärzte die Geräusche vom Herzen und von der Lunge verstärkt hören. Es hat Schläuche, die zu den Ohren führen.",Mit dem Stethoskop hört man Herz und Lunge.,Stethoskop,,ok
pol_kommunismus,3,"Gegen wen kämpfte die Kommunistische Partei Chinas im chinesischen Bürgerkrieg, bevor sie 1949 die Macht übernahm?","[""Gegen die nationalistische Kuomintang-Regierung"", ""Gegen die japanische Kaiserfamilie"", ""Gegen die Sowjetunion"", ""Gegen die britische Kolonialmacht""]","Von 1927 bis 1949 kämpften Kommunisten und die nationalistische Kuomintang um die Macht in China. Die Kommunisten gewannen schliesslich, die Kuomintang floh nach Taiwan.",Kommunisten besiegten die Kuomintang 1949.,Chinesischer Bürgerkrieg,,ok
geld,1,"Was passiert, wenn du dein ganzes Taschengeld immer sofort ausgibst?","[""Du hast nichts mehr übrig, wenn du später etwas brauchst"", ""Du bekommst automatisch mehr Taschengeld"", ""Das Geld verdoppelt sich"", ""Nichts, das ist immer eine gute Idee""]","Wer alles sofort ausgibt, hat kein Geld mehr für spätere Wünsche oder Notfälle. Etwas zurücklegen lohnt sich.","Wer alles ausgibt, hat nichts übrig.",Sparen,,ok
tiere,2,"Was bedeutet es, wenn ein Hund beim Spielen den Vorderkörper flach auf den Boden legt und das Hinterteil hochstreckt?","[""Es ist eine Spielaufforderung an andere"", ""Er streckt sich nur"", ""Er hat Bauchschmerzen"", ""Er will sich verstecken""]","Diese Haltung, auch Spielverbeugung genannt, signalisiert anderen Hunden oder Menschen, dass das folgende Verhalten nur spielerisch gemeint ist. Sie hilft, Missverständnisse zu vermeiden.",Die Spielverbeugung lädt zum Spielen ein.,Spielverhalten,,ok
pol_diktatur,3,Was versteht man unter Vergangenheitsbewältigung nach dem Ende einer Diktatur?,"[""Die gesellschaftliche Aufarbeitung von begangenem Unrecht."", ""Das Verbot, über die Vergangenheit zu sprechen."", ""Die sofortige Vernichtung aller Akten."", ""Das Feiern der ehemaligen Herrscher.""]","Nach dem Ende einer Diktatur versuchen Gesellschaften oft, Verbrechen aufzuklären, Opfer zu entschädigen und Täter zur Verantwortung zu ziehen. Das soll helfen, ähnliches Unrecht künftig zu verhindern.",Aufarbeitung verhindert neues Unrecht.,Vergangenheitsbewältigung,,ok
wissenschaft,1,Mit welchem Fahrzeug fliegen Menschen ins Weltall?,"[""Mit einer Rakete"", ""Mit einem Zug"", ""Mit einem U-Boot"", ""Mit einem Velo""]","Raketen haben starke Triebwerke, die genug Schub erzeugen, um die Erdanziehungskraft zu überwinden. So gelangen Astronauten ins Weltall.",Raketen bringen Menschen ins All.,Rakete,,ok
physik,2,"Wie nennt man die Kraft, die zwei Oberflächen beim Aneinanderreiben abbremst?","[""Reibung"", ""Auftrieb"", ""Zug"", ""Spannung""]","Reibung entsteht, wenn sich zwei raue Oberflächen berühren und gegeneinander bewegen. Sie wandelt Bewegungsenergie in Wärme um.",Reibung bremst Bewegung und macht Wärme.,Reibung,,ok
tiere,1,Wie nennt man ein weibliches erwachsenes Tier beim Hund?,"[""Hündin"", ""Kuh"", ""Stute"", ""Häsin""]","Das weibliche Tier heisst Hündin, das männliche Tier heisst Rüde. Hündinnen bringen die Welpen zur Welt.",Weibliche Hunde heissen Hündinnen.,Hund,,ok
physik,1,Warum ist dein Schatten am Mittag viel kürzer als am Abend?,"[""Weil die Sonne mittags hoch am Himmel steht"", ""Weil du mittags schneller läufst"", ""Weil dein Körper mittags kleiner wird"", ""Weil es mittags heller ist als abends""]","Steht die Sonne hoch am Himmel, fallen die Strahlen steiler auf dich, und dein Schatten wird kurz. Am Abend steht die Sonne tief, darum wird der Schatten lang.",Hoher Sonnenstand macht kurze Schatten.,Schatten,,ok
koerper,2,Welche körperlichen Veränderungen sind typisch für die Pubertät?,"[""Wachstumsschub und Entwicklung der Geschlechtsmerkmale"", ""Verlust der Milchzähne"", ""Farbwechsel der Augen"", ""Verdoppelung der Knochenzahl""]",In der Pubertät steuern Hormone den Körper zu einem Erwachsenenkörper um. Dazu gehören Wachstum und körperliche Veränderungen.,Die Pubertät verändert deinen Körper.,Pubertät,,ok
physik,2,Was ist der Unterschied zwischen Watt und Wattstunde?,"[""Watt ist eine Leistung, Wattstunde ist eine verbrauchte Energiemenge"", ""Beide bedeuten genau dasselbe"", ""Watt misst nur Wärme, Wattstunde nur Licht"", ""Wattstunde misst Zeit, Watt misst Gewicht""]","Watt zeigt an, wie viel Energie ein Gerät pro Sekunde braucht. Läuft ein Gerät mit dieser Leistung eine Stunde lang, hat es eine Wattstunde Energie verbraucht.","Watt ist Leistung, Wattstunde ist Energie.",Wattstunde,,ok
tiere,2,Wozu dient das Hecheln bei Hunden vor allem?,"[""Zur Regulierung der Körpertemperatur"", ""Zum besseren Hören"", ""Um Feinde einzuschüchtern"", ""Um Nahrung zu verdauen""]","Da Hunde kaum über den Körper schwitzen können, kühlen sie sich durch schnelles Hecheln ab. Dabei verdunstet Feuchtigkeit über Zunge und Atemwege.",Hecheln kühlt den Hund ab.,Hecheln,,ok
wissenschaft,1,Wie viele Beine hat ein Insekt wie eine Ameise?,"[""Sechs"", ""Vier"", ""Acht"", ""Zehn""]","Insekten wie Ameisen, Käfer oder Bienen haben genau sechs Beine. Das unterscheidet sie zum Beispiel von Spinnen, die acht Beine haben.",Insekten haben sechs Beine.,Insekten,,ok
pol_welt,3,Was regelt der internationale Weltraumvertrag von 1967?,"[""Dass kein Staat den Weltraum oder Himmelskörper für sich beanspruchen darf"", ""Dass nur die USA den Weltraum erforschen dürfen"", ""Dass private Firmen keine Satelliten bauen dürfen"", ""Dass Atomwaffen im Weltraum erlaubt sind""]","Der Weltraumvertrag legt fest, dass der Weltraum allen Staaten zur friedlichen Nutzung offensteht und kein Land ihn für sich beanspruchen darf. Er verbietet zudem die Stationierung von Massenvernichtungswaffen im All.",Der Weltraum gehört keinem einzelnen Staat.,Weltraumvertrag,,ok
pol_kommunismus,3,Was war laut Karl Marx das langfristige Endziel der kommunistischen Bewegung?,"[""Eine klassenlose Gesellschaft ohne Privateigentum an Produktionsmitteln"", ""Eine Gesellschaft mit noch mehr sozialen Klassen"", ""Die Wiedereinführung der Monarchie"", ""Ein weltweites Kaiserreich""]",Marx sah als Endziel eine Gesellschaft ohne Klassenunterschiede und ohne Privateigentum an Fabriken und Land. Der Staat sollte in dieser Phase theoretisch überflüssig werden.,Ziel: klassenlose Gesellschaft ohne Privateigentum.,Klassenlose Gesellschaft,,ok
pol_welt,2,Was wurde 1948 von der UNO verabschiedet?,"[""Die Allgemeine Erklärung der Menschenrechte"", ""Der Vertrag von Rom"", ""Das Pariser Klimaabkommen"", ""Die Genfer Konventionen""]","In der Allgemeinen Erklärung der Menschenrechte legte die UNO fest, welche Rechte jeder Mensch auf der Welt haben soll. Sie gilt als wichtige Grundlage für viele spätere Gesetze.",1948 erklärte die UNO die Menschenrechte.,Allgemeine Erklärung der Menschenrechte,,ok
natur,3,Was versteht man unter Ozeanversauerung?,"[""Der pH-Wert der Meere sinkt durch aufgenommenes CO2"", ""Die Meere werden durch Abwasser sauer"", ""Salzwasser wird zu Süsswasser"", ""Der Meeresspiegel sinkt weltweit""]","Die Ozeane nehmen einen grossen Teil des von Menschen verursachten CO2 auf, wodurch chemische Reaktionen den pH-Wert des Wassers senken. Das erschwert vielen Meereslebewesen, etwa Korallen, den Aufbau ihrer Kalkskelette.",CO2 macht die Meere zunehmend saurer.,Ozeanversauerung,,ok
tiere,2,Was zeigt das bekannte Heimfindevermögen mancher Katzen?,"[""sie können teils über weite Strecken zu ihrem alten Zuhause zurückfinden"", ""sie verlieren sich immer sofort"", ""sie brauchen dafür einen Sender im Fell"", ""sie finden sich nur mit Menschenhilfe zurecht""]","Manche Katzen haben ein erstaunliches Orientierungsvermögen und finden auch über grosse Distanzen zurück zu ihrem gewohnten Zuhause. Wie genau sie das schaffen, ist wissenschaftlich noch nicht vollständig geklärt.",Katzen finden manchmal weite Wege nach Hause.,Hauskatze,,ok
geld,3,Was bedeutet 'Konkurs'?,"[""Ein Unternehmen oder eine Person kann die Schulden nicht mehr bezahlen und das verbleibende Vermögen wird gerichtlich verwertet"", ""Eine Firma macht besonders hohen Gewinn"", ""Ein Bonus, den Angestellte erhalten"", ""Eine Art Steuererklärung""]","Konkurs bedeutet, dass jemand zahlungsunfähig ist und das Vermögen durch ein gerichtliches Verfahren an die Gläubiger verteilt wird. Das kann Unternehmen wie auch Privatpersonen treffen.",Konkurs heisst zahlungsunfähig sein.,Konkurs (Schweiz),,ok
tiere,1,Wie nennt man ein Baby-Hund?,"[""Welpe"", ""Fohlen"", ""Kalb"", ""Küken""]",Ein junger Hund heisst Welpe. Er wird von seiner Mutter gesäugt und wächst schnell.,Ein Hundebaby heisst Welpe.,Welpe,,ok
pol_kommunismus,2,Was bedeutete die Reform 'Perestroika' unter Gorbatschow?,"[""Umbau der Wirtschaft mit mehr Freiheit für Betriebe"", ""Bau neuer Atomwaffen"", ""Einführung einer neuen Staatsreligion"", ""Gründung einer neuen Geheimpolizei""]","Perestroika bedeutet 'Umbau'. Gorbatschow wollte damit die schwache sowjetische Wirtschaft reformieren, was schliesslich auch zu grossen politischen Veränderungen führte.",Perestroika: Umbau der sowjetischen Wirtschaft.,Perestroika,,ok
physik,1,"Warum kannst du durch eine Fensterscheibe sehen, aber nicht durch eine Mauer?","[""Glas lässt Licht durch, eine Mauer nicht"", ""Glas ist dünner als eine Mauer"", ""Glas ist immer sauberer als eine Mauer"", ""Eine Mauer ist immer dunkler gefärbt""]","Glas ist durchsichtig, das heisst, Licht kann fast ungehindert hindurchscheinen. Eine Mauer aus Stein ist undurchsichtig und lässt kein Licht durch.",Durchsichtige Stoffe lassen Licht durch.,Transparenz (Physik),,ok
pol_diktatur,2,Was bedeutet Opposition in der Politik?,"[""Personen oder Parteien, die anderer Meinung als die Regierung sind."", ""Die Leibwache des Herrschers."", ""Der Sportverein der Regierung."", ""Ein Ministerium für Finanzen.""]",Eine Opposition kritisiert die Regierung und schlägt andere Lösungen vor. In Diktaturen wird Opposition oft verboten oder verfolgt.,Opposition denkt anders als die Regierung.,Opposition (Politik),,ok
koerper,1,Was schützt dein Gehirn vor Stössen?,"[""Der Schädelknochen"", ""Die Haare"", ""Die Ohren"", ""Die Augenbrauen""]","Der Schädel ist ein harter Knochen, der wie ein Helm dein Gehirn umgibt. So ist es gut geschützt.",Der Schädel ist der Helm des Gehirns.,Schädel,,ok
tiere,1,Welches Insekt hat bunte Flügel und war vorher eine Raupe?,"[""Schmetterling"", ""Käfer"", ""Biene"", ""Libelle""]","Der Schmetterling entsteht aus einer Raupe, die sich in einem Kokon verwandelt. Seine Flügel sind oft bunt gemustert.",Aus der Raupe wird ein Schmetterling.,Schmetterlinge,,ok
pol_kommunismus,2,Wie wurde die südvietnamesische Stadt Saigon nach dem Sieg der Kommunisten 1975 umbenannt?,"[""Ho-Chi-Minh-Stadt"", ""Hanoi"", ""Peking"", ""Phnom Penh""]",Nach dem Ende des Vietnamkriegs benannten die siegreichen Kommunisten Saigon nach ihrem verstorbenen Anführer Ho Chi Minh um. Die Stadt ist heute das Wirtschaftszentrum Vietnams.,Saigon heisst seit 1975 Ho-Chi-Minh-Stadt.,Ho-Chi-Minh-Stadt,,ok
tiere,3,Was regelte der in der Schweiz früher obligatorische Sachkundenachweis für Hundehalter?,"[""Den Nachweis von Grundkenntnissen im Umgang mit dem Hund"", ""Die Pflicht, den Hund impfen zu lassen"", ""Die Farbe des Halsbands"", ""Die maximale Grösse des Hundes""]","Der Sachkundenachweis verlangte von Hundehaltenden den Besuch von theoretischen und praktischen Kursen, um Grundwissen über artgerechte Haltung zu vermitteln. Die schweizweite Pflicht wurde später gelockert, einzelne Kantone haben aber eigene Regelungen.",Der Sachkundenachweis vermittelt Hundewissen.,Sachkundenachweis,,ok
natur,1,Wie verändert der Mond im Laufe eines Monats sein Aussehen am Himmel?,"[""Er zeigt verschiedene Mondphasen"", ""Er wird immer grösser"", ""Er verschwindet für immer"", ""Er wechselt die Farbe zu blau""]","Der Mond selbst leuchtet nicht, wir sehen nur den Teil, den die Sonne beleuchtet. Darum sieht der Mond mal wie eine Sichel und mal ganz rund aus.",Der Mond wechselt monatlich seine Form.,Mondphase,,ok
physik,2,Ein Apfel fällt vom Baum zu Boden. Was passiert dabei mit der Energie?,"[""Potenzielle Energie wird in kinetische Energie umgewandelt"", ""Die Energie des Apfels verschwindet einfach"", ""Der Apfel erzeugt neue Energie aus dem Nichts"", ""Kinetische Energie wird zu Masse""]","Solange der Apfel hoch am Baum hängt, hat er gespeicherte Lageenergie. Beim Fallen wird diese Schritt für Schritt in Bewegungsenergie umgewandelt.",Fallen wandelt Lageenergie in Bewegung um.,Energieerhaltungssatz,,ok
physik,1,Was liefert die Sonne der Erde ausser Licht noch?,"[""Wärme"", ""Regen"", ""Wind"", ""Schnee""]",Die Sonnenstrahlen wärmen die Erde auf. Ohne diese Wärme wäre es auf der Erde viel zu kalt zum Leben.,Die Sonne bringt Licht und Wärme.,Sonnenenergie,,ok
physik,3,Was unterscheidet Wechselstrom von Gleichstrom?,"[""Wechselstrom ändert regelmässig seine Richtung, Gleichstrom fliesst immer gleich"", ""Gleichstrom kommt nur aus Batterien"", ""Wechselstrom hat keine Spannung"", ""Beide sind physikalisch identisch""]","Wechselstrom, wie er aus der Steckdose kommt, wechselt viele Male pro Sekunde die Fliessrichtung. Gleichstrom, wie er aus einer Batterie kommt, fliesst hingegen immer in dieselbe Richtung.","Wechselstrom wechselt, Gleichstrom bleibt.",Wechselstrom,,ok
pol_demokratie,1,"Wie heisst es, wenn alle Bürgerinnen und Bürger direkt über eine Frage abstimmen dürfen?","[""Abstimmung"", ""Ferien"", ""Prüfung"", ""Casting""]",Bei einer Abstimmung dürfen alle Stimmberechtigten direkt Ja oder Nein zu einer Frage sagen. Das ist typisch für die Schweiz.,Abstimmung: alle sagen Ja oder Nein.,Direkte Demokratie,,ok
natur,3,Was versteht man unter Transpiration bei Pflanzen?,"[""Die Abgabe von Wasserdampf über die Blätter"", ""Die Aufnahme von Kohlendioxid durch die Wurzel"", ""Das Blühen im Frühling"", ""Die Bildung von Samen""]","Über kleine Öffnungen in den Blättern, die Spaltöffnungen, verdunsten Pflanzen ständig Wasser. Dieser Prozess hilft, Wasser und Nährstoffe von den Wurzeln bis in die Blätter zu transportieren.",Transpiration: Pflanzen verdunsten Wasser über Blätter.,Transpiration (Pflanze),,ok
tiere,2,Was ist am Nasenabdruck eines Hundes besonders?,"[""Er ist wie ein Fingerabdruck einzigartig für jeden Hund"", ""Alle Hunde haben denselben Nasenabdruck"", ""Nur bestimmte Rassen haben einen Nasenabdruck"", ""Der Nasenabdruck verändert sich täglich""]","Das feine Muster der Nasenoberfläche ist bei jedem Hund individuell, ähnlich wie beim menschlichen Fingerabdruck. In manchen Ländern wird dies sogar zur Identifikation genutzt.",Der Nasenabdruck ist einzigartig wie ein Fingerabdruck.,Hundenase,,ok
tiere,1,"Wie nennt man es, wenn ein Hund einen Ball oder Stock zurückbringt?","[""Apportieren"", ""Buddeln"", ""Hecheln"", ""Schnurren""]",Beim Apportieren bringt der Hund einen geworfenen Gegenstand zu seinem Menschen zurück. Viele Hunde lieben dieses Spiel und lernen es schnell.,Zurückbringen heisst beim Hund apportieren.,Apportierhund,,ok
wissenschaft,3,Was ist der Unterschied zwischen Kernfusion und Kernspaltung?,"[""Fusion verschmilzt Atomkerne, Spaltung teilt sie"", ""Fusion teilt Atomkerne, Spaltung verschmilzt sie"", ""Beide bedeuten dasselbe"", ""Fusion betrifft nur Elektronen""]","Bei der Kernfusion verschmelzen leichte Atomkerne zu einem schwereren, so wie in der Sonne. Bei der Kernspaltung wird ein schwerer Atomkern in kleinere Teile gespalten, wie in Kernkraftwerken.","Fusion verschmilzt, Spaltung teilt Kerne.",Kernfusion,,ok
wissenschaft,2,Was misst ein Seismograph?,"[""Erschütterungen und Erdbebenwellen"", ""Die Lufttemperatur"", ""Den Luftdruck"", ""Die Windgeschwindigkeit""]","Ein Seismograph zeichnet Erschütterungen des Bodens auf, zum Beispiel bei einem Erdbeben. Aus den Daten können Forschende die Stärke und den Ort des Bebens bestimmen.",Seismographen messen Erdbebenwellen.,Seismograph,,ok
tiere,1,Welches Tier lebt sowohl im Wasser als auch an Land?,"[""Der Frosch"", ""Der Fuchs"", ""Die Katze"", ""Der Spatz""]","Der Frosch gehört zu den Amphibien. Als Kaulquappe lebt er im Wasser, als erwachsener Frosch hüpft er auch an Land herum.",Frösche leben im Wasser und an Land.,Frösche,,ok
tiere,1,Wie heisst das Baby einer Katze?,"[""Kätzchen"", ""Welpe"", ""Ferkel"", ""Küken""]",Katzenbabys nennt man Kätzchen. In den ersten Wochen können sie noch nicht gut sehen.,Katzenbabys sind Kätzchen.,Hauskatze,,ok
natur,1,Was ist ein Vulkan?,"[""Ein Berg, aus dem heisses Gestein austreten kann"", ""Ein Berg aus reinem Eis"", ""Ein Stern am Himmel"", ""Ein besonders hoher Baum""]","Tief im Inneren eines Vulkans ist es extrem heiss. Manchmal steigt dort geschmolzenes Gestein, Lava genannt, bis an die Oberfläche.",Aus einem Vulkan kann Lava austreten.,Vulkan,,ok
tiere,3,Was zeigte die Wiederansiedlung der Wölfe im Yellowstone-Nationalpark eindrücklich?,"[""Eine trophische Kaskade durch Veränderung ganzer Nahrungsnetze"", ""Dass Wölfe keinen Einfluss auf andere Tiere haben"", ""Dass Hirsche durch Wölfe ausgerottet wurden"", ""Dass Flüsse durch Wölfe versiegen""]","Durch die zurückgekehrten Wölfe frassen weniger Hirsche die Ufervegetation, wodurch sich Bäume erholten und sogar Flussläufe stabiler wurden. Dieser Effekt über mehrere Stufen der Nahrungskette heisst trophische Kaskade.",Ein Raubtier kann ein ganzes Ökosystem verändern.,Trophische Kaskade,,ok
koerper,2,"Wie heisst die Hülle, die Gehirn und Rückenmark schützt und mit Flüssigkeit gefüllt ist?","[""Die Hirnhäute mit Gehirn-Rückenmark-Flüssigkeit"", ""Der Schädelknochen allein"", ""Die Kopfhaut"", ""Das Nackenband""]",Die Hirnhäute umgeben Gehirn und Rückenmark und enthalten eine schützende Flüssigkeit. Sie dämpfen Stösse zusätzlich zum Schädel.,Hirnhäute polstern Gehirn und Rückenmark.,Hirnhaut,,ok
tiere,3,Wie hoch ist die genetische Übereinstimmung zwischen Haushund und Wolf ungefähr?,"[""Rund 99 Prozent der DNA sind identisch"", ""Nur etwa 50 Prozent sind identisch"", ""Hund und Wolf sind genetisch nicht verwandt"", ""Rund 10 Prozent sind identisch""]",Genetische Untersuchungen zeigen eine sehr hohe Übereinstimmung von rund 98 bis 99 Prozent zwischen Hund und Wolf. Trotzdem unterscheiden sich beide deutlich in Verhalten und Aussehen.,Hund und Wolf sind genetisch fast identisch.,Wolf,,ok
tiere,2,"Wie viele Milchzähne hat ein Welpe ungefähr, bevor die bleibenden Zähne kommen?","[""Etwa 28"", ""Etwa 60"", ""Etwa 10"", ""Gar keine""]","Welpen haben zunächst rund 28 Milchzähne, die später ausfallen. Ein erwachsener Hund besitzt danach etwa 42 bleibende Zähne.",Welpen haben rund 28 Milchzähne.,Zahn,,ok
tiere,3,Wie viele Krallen hat eine Katze normalerweise insgesamt?,"[""18 Krallen"", ""20 Krallen"", ""16 Krallen"", ""10 Krallen""]","Eine Katze hat an den Vorderpfoten normalerweise fünf Zehen und an den Hinterpfoten vier, was insgesamt 18 Krallen ergibt. Manche Katzen haben durch eine Genvariante zusätzliche Zehen.",Katzen haben normal 18 Krallen.,Kralle,,ok
tiere,2,Was passiert beim sogenannten Stellreflex einer fallenden Katze?,"[""Kopf und Vorderkörper drehen sich zuerst, dann folgt der Rest des Körpers"", ""die Katze bleibt starr wie ein Brett"", ""die Ohren bremsen den Fall wie ein Fallschirm"", ""der Schwanz wird zum Propeller""]","Beim Stellreflex dreht die Katze zuerst Kopf und Vorderkörper in Fallrichtung, der Rest folgt durch die flexible Wirbelsäule. So landet sie meist sicher auf allen vier Pfoten.",Der Stellreflex dreht die Katze in der Luft.,Stellreflex,,ok
pol_demokratie,1,Was bedeutet ein Kreuz bei «Ja» auf dem Abstimmungszettel?,"[""Man stimmt der Frage zu"", ""Man lehnt die Frage ab"", ""Man enthält sich"", ""Man hat sich verzählt""]","Wer Ja ankreuzt, ist mit der Vorlage einverstanden. Wer Nein ankreuzt, lehnt sie ab.",Ja heisst: ich stimme zu.,Volksabstimmung,,ok
wissenschaft,2,Welches Gas geben Pflanzen bei der Fotosynthese ab?,"[""Sauerstoff"", ""Kohlenstoffdioxid"", ""Stickstoff"", ""Wasserstoff""]",Bei der Fotosynthese nehmen Pflanzen Kohlenstoffdioxid auf und geben Sauerstoff ab. Dieser Sauerstoff ist wichtig für Menschen und Tiere.,Pflanzen geben Sauerstoff ab.,Fotosynthese,,ok
koerper,3,Was versteht man unter Homöostase?,"[""Das Bestreben des Körpers, ein inneres Gleichgewicht aufrechtzuerhalten"", ""Die Bildung neuer Knochenzellen"", ""Ein anderer Begriff für Pubertät"", ""Die Verdauung von Fetten""]","Homöostase beschreibt, wie der Körper Werte wie Temperatur oder Blutzucker konstant hält. Verschiedene Organe arbeiten dabei zusammen.",Homöostase hält dein Inneres im Gleichgewicht.,Homöostase,,ok
tiere,1,Wie schnell kann eine Hauskatze rennen?,"[""bis zu etwa 48 km/h"", ""bis zu etwa 5 km/h"", ""bis zu etwa 100 km/h"", ""bis zu etwa 15 km/h""]","Über kurze Strecken kann eine Hauskatze bis zu 48 km/h schnell rennen. Das reicht meist, um eine Maus zu fangen.",Katzen können kurz sehr schnell sprinten.,Hauskatze,,ok
wissenschaft,2,Welches Element hat das chemische Symbol O?,"[""Sauerstoff"", ""Gold"", ""Kohlenstoff"", ""Eisen""]","O steht im Periodensystem für Sauerstoff, ein Gas, das wir zum Atmen brauchen. Es ist eines der häufigsten Elemente auf der Erde.",O steht für Sauerstoff.,Sauerstoff,,ok
pol_welt,1,"Was tun Länder, wenn sie zusammenarbeiten, um ein Problem wie den Klimawandel zu lösen?","[""Sie schliessen sich zu einer internationalen Zusammenarbeit zusammen"", ""Sie streiten nur"", ""Sie schliessen ihre Grenzen für immer"", ""Sie hören auf, miteinander zu reden""]","Viele Probleme wie der Klimawandel betreffen die ganze Welt. Deshalb arbeiten Länder in Organisationen wie der UNO zusammen, um gemeinsame Lösungen zu finden.",Grosse Probleme löst man gemeinsam mit anderen Ländern.,Internationale Zusammenarbeit,,ok
natur,3,"Was bedeutet es, wenn eine Art als endemisch gilt?","[""Sie kommt nur in einem bestimmten, begrenzten Gebiet natürlich vor"", ""Sie ist über die ganze Welt verbreitet"", ""Sie ist bereits ausgestorben"", ""Sie wurde vom Menschen gezüchtet""]",Endemische Arten haben sich meist auf Inseln oder in isolierten Regionen entwickelt und kommen nirgendwo sonst natürlich vor. Sie sind oft besonders anfällig für Umweltveränderungen.,Endemische Arten leben nur an einem einzigen Ort.,Endemismus,,ok
koerper,3,"Wie nennt man den programmierten, natürlichen Zelltod im Körper?","[""Apoptose"", ""Nekrose"", ""Mitose"", ""Meiose""]","Apoptose ist ein gesteuerter Prozess, bei dem alte oder beschädigte Zellen kontrolliert absterben. Das ist wichtig für Wachstum und Erneuerung des Körpers.",Apoptose ist geplanter Zelltod.,Apoptose,,ok
tiere,1,Wofür braucht der Elefant seinen Rüssel?,"[""Zum Greifen, Trinken und Riechen"", ""Nur zum Atmen"", ""Nur zum Hören"", ""Zum Fliegen""]",Der Rüssel ist Nase und Hand zugleich. Der Elefant kann damit Wasser aufsaugen und Äste greifen.,Der Rüssel ist des Elefanten wichtigstes Werkzeug.,Afrikanische Elefanten,,ok
wissenschaft,3,Welches Teilchen im Atomkern trägt keine elektrische Ladung?,"[""Das Neutron"", ""Das Proton"", ""Das Elektron"", ""Das Photon""]","Neutronen befinden sich im Atomkern und sind elektrisch neutral, im Gegensatz zu den positiv geladenen Protonen. Elektronen umkreisen den Kern und sind negativ geladen.",Neutronen sind elektrisch neutral.,Neutron,,ok
pol_demokratie,2,Was ist eine Listenverbindung?,"[""Zwei oder mehr Parteien verbinden ihre Listen, um bei der Sitzverteilung zusammenzuarbeiten"", ""Eine einzelne Partei wird verboten"", ""Zwei Kantone fusionieren"", ""Eine Liste mit allen Gesetzen""]","Durch eine Listenverbindung können kleinere Parteien ihre Stimmen zusammenzählen. Das hilft ihnen, mehr Sitze im Parlament zu erhalten.",Listenverbindungen bündeln Stimmen mehrerer Parteien.,Listenverbindung,,ok
pol_welt,3,Was meint der Begriff 'Globaler Süden' in der Weltpolitik?,"[""Eine vereinfachte Bezeichnung für wirtschaftlich weniger wohlhabende Länder, oft in Afrika, Asien und Lateinamerika"", ""Nur Länder auf der Südhalbkugel geographisch exakt"", ""Eine Organisation innerhalb der UNO"", ""Eine Bezeichnung für die reichsten Industrienationen""]","Der Begriff wird oft anstelle von 'Entwicklungsländer' verwendet, auch wenn nicht alle betroffenen Länder geografisch im Süden liegen. Er beschreibt Länder mit ähnlichen wirtschaftlichen und historischen Herausforderungen.",Globaler Süden meint wirtschaftlich benachteiligte Länder.,Globaler Süden,,ok
geld,2,Was ist die AHV in der Schweiz?,"[""Eine staatliche Versicherung, die im Alter eine Rente auszahlt und von Erwerbstätigen mitfinanziert wird"", ""Eine private Sparversicherung für Kinder"", ""Eine Steuer auf Onlinekäufe"", ""Eine Krankenversicherung für Jugendliche""]","Die AHV (Alters- und Hinterlassenenversicherung) ist die staatliche Rentenversicherung der Schweiz. Alle Erwerbstätigen zahlen während ihres Arbeitslebens ein, damit später Renten ausbezahlt werden können.",AHV sichert die Rente im Alter.,Alters- und Hinterlassenenversicherung,,ok
tiere,1,Womit riecht ein Hund viel besser als ein Mensch?,"[""Mit der Nase"", ""Mit den Ohren"", ""Mit den Pfoten"", ""Mit dem Schwanz""]",Die Nase eines Hundes ist unglaublich fein. Sie kann tausendmal mehr Gerüche unterscheiden als eine Menschennase.,Die Hundenase riecht viel besser.,Hund,,ok
physik,1,"Wie heisst das Gerät, mit dem du im Wald herausfinden kannst, wo Norden ist?","[""Kompass"", ""Thermometer"", ""Fernrohr"", ""Wasserwaage""]","Ein Kompass hat eine Nadel, die sich wie ein kleiner Magnet ausrichtet. Sie zeigt immer zum magnetischen Nordpol der Erde.",Der Kompass zeigt immer nach Norden.,Kompass,,ok
tiere,2,Wodurch unterscheiden sich Kröten meist von Fröschen bei der Haut?,"[""Kröten haben eine trockenere, warzige Haut"", ""Frösche haben eine trockenere Haut"", ""Beide haben identische Haut"", ""Kröten haben Schuppen""]","Frösche haben meist glatte, feuchte Haut, während Kröten eine trockenere, warzige Haut besitzen. Beide gehören zu den Amphibien.","Kröten haben eine warzige, trockene Haut.",Kröten,,ok
physik,2,"Warum schwimmt ein Eisberg im Meer, statt unterzugehen?","[""Eis hat eine geringere Dichte als Wasser"", ""Eis ist eigentlich ein Gas"", ""Das Meerwasser ist zu kalt zum Sinken"", ""Eisberge sind innen hohl""]","Wenn Wasser gefriert, dehnt es sich aus und wird dadurch leichter pro Volumen als flüssiges Wasser. Darum schwimmt Eis, auch bei riesigen Eisbergen, an der Wasseroberfläche.",Eis ist leichter als Wasser gleicher Grösse.,Eisberg,,ok
tiere,1,Was trägt die Schnecke immer auf ihrem Rücken?,"[""Ihr Haus"", ""Ihre Beine"", ""Ihre Flügel"", ""Ihr Nest""]",Das Schneckenhaus wächst mit der Schnecke mit und schützt ihren weichen Körper. Manche Schneckenarten haben gar kein Haus.,Die Schnecke trägt ihr Haus immer dabei.,Schnecken,,ok
pol_welt,1,Was ist das CERN bei Genf?,"[""Ein Forschungszentrum, in dem Länder gemeinsam die Physik erforschen"", ""Ein Gericht für internationale Streitigkeiten"", ""Ein Gebäude der Vereinten Nationen"", ""Ein Fussballstadion für Weltmeisterschaften""]","Im CERN arbeiten Forschende aus vielen Ländern zusammen, um mehr über den Aufbau der Welt zu erfahren. Es liegt teilweise in der Schweiz und teilweise in Frankreich.",Im CERN forschen viele Länder gemeinsam.,CERN,,ok
tiere,2,Was bedeutet «wechselwarm» bei einem Tier wie der Eidechse?,"[""Die Körpertemperatur passt sich der Umgebung an"", ""Das Tier wechselt ständig die Farbe"", ""Das Tier hat immer 37 Grad"", ""Das Tier friert nie""]","Wechselwarme Tiere wie Reptilien können ihre Körpertemperatur nicht selbst regeln. Deshalb sonnen sie sich oft, um sich aufzuwärmen.",Reptilien sind wechselwarm und sonnen sich.,Reptilien,,ok
koerper,3,Worin unterscheiden sich Sympathikus und Parasympathikus?,"[""Der Sympathikus aktiviert den Körper, der Parasympathikus entspannt ihn"", ""Beide steuern nur die Verdauung"", ""Der Sympathikus steuert nur das Sehen"", ""Beide sind Teile des Gehirns ohne Funktion im Körper""]","Diese zwei Teile des vegetativen Nervensystems arbeiten gegensätzlich. Der Sympathikus bereitet auf Anstrengung vor, der Parasympathikus fördert Ruhe und Erholung.","Sympathikus aktiviert, Parasympathikus entspannt.",Vegetatives Nervensystem,,ok
geld,2,Warum sollte man vor einem Online-Kauf den Anbieter und Bewertungen prüfen?,"[""Um nicht auf unseriöse Shops oder Betrug hereinzufallen"", ""Weil das gesetzlich vorgeschrieben ist"", ""Weil Online-Shops sonst automatisch teurer werden"", ""Weil man sonst keine Rechnung bekommt""]","Im Internet gibt es auch unseriöse Anbieter, die Geld kassieren, ohne die Ware zu liefern. Bewertungen und ein Blick auf die Seriosität helfen, Betrug zu vermeiden.","Erst prüfen, dann online bestellen.",Online-Shopping,,ok
tiere,1,Warum kann eine Katze so gut Bäume hochklettern?,"[""weil sie ihre scharfen Krallen einziehen und ausfahren kann"", ""weil sie Saugnäpfe an den Pfoten hat"", ""weil sie Flügel hat"", ""weil ihre Pfoten kleben""]","Katzen können ihre Krallen einziehen, damit sie scharf bleiben, und beim Klettern wieder ausfahren. So finden sie guten Halt in der Rinde.","Scharfe, einziehbare Krallen helfen beim Klettern.",Hauskatze,,ok
natur,3,Was besagt die Urknalltheorie über die Entstehung des Universums?,"[""Das Universum entstand vor rund 13,8 Milliarden Jahren aus einem extrem heissen, dichten Zustand"", ""Das Universum existiert schon immer unverändert"", ""Das Universum entstand aus einem einzigen Stern"", ""Das Universum wurde vor 6000 Jahren erschaffen""]","Nach heutigem Stand der Forschung begann das Universum vor etwa 13,8 Milliarden Jahren mit dem Urknall und dehnt sich seither aus. Diese Theorie stützt sich unter anderem auf die Hintergrundstrahlung.",Der Urknall gilt als Anfang von Raum und Zeit.,Urknall,,ok
pol_demokratie,3,"Gibt es auf Bundesebene in der Schweiz eine Volksinitiative, mit der man ein einfaches Gesetz statt die Verfassung ändern kann?","[""Nein, Volksinitiativen können auf Bundesebene nur die Verfassung ändern"", ""Ja, das ist der Regelfall"", ""Ja, aber nur bei Steuergesetzen"", ""Ja, wenn 200'000 Unterschriften vorliegen""]","Auf Bundesebene richten sich Volksinitiativen immer auf eine Änderung der Bundesverfassung. Eine reine Gesetzesinitiative gibt es auf dieser Ebene nicht, wohl aber in manchen Kantonen.",Bundesinitiativen ändern nur die Verfassung.,Volksinitiative (Schweiz),,ok
natur,2,Warum sind Moore wichtig für das Klima?,"[""Sie speichern grosse Mengen Kohlenstoff im Boden"", ""Sie erzeugen schneller Sauerstoff als Wälder"", ""Sie kühlen die Erde stark durch Verdunstung ab"", ""Sie verhindern Regen in der Umgebung""]","Moore bestehen aus abgestorbenen Pflanzenresten, die sich unter Wasser kaum zersetzen. Dadurch bleibt viel Kohlenstoff im Boden gebunden, statt als CO2 in die Luft zu gelangen.",Moore speichern viel Kohlenstoff im Boden.,Moor,,ok
tiere,2,"Was bedeutet es meist, wenn ein Hund seinen Schwanz eng einzieht?","[""Er hat Angst oder unterwirft sich"", ""Er ist besonders glücklich"", ""Er will spielen"", ""Er hat Hunger""]","Ein eingezogener Schwanz gilt in der Körpersprache von Hunden meist als Zeichen von Angst, Unsicherheit oder Unterwerfung. Man sollte diese Signale ernst nehmen.",Eingezogener Schwanz zeigt oft Angst.,Körpersprache (Hund),,ok
pol_demokratie,2,Was ist das Abstimmungsbüchlein?,"[""Eine Broschüre mit Erklärungen zu den Abstimmungsvorlagen"", ""Ein Schulbuch über Geschichte"", ""Ein Buch mit Wahlversprechen"", ""Ein Gesetzestext ohne Erklärungen""]",Vor jeder Abstimmung schickt der Bund allen Stimmberechtigten ein Büchlein mit Argumenten von Befürwortern und Gegnern.,Das Büchlein erklärt Pro und Contra.,Abstimmungsbüchlein,,ok
pol_kommunismus,2,Wer führte in Kambodscha die brutale Herrschaft der Roten Khmer an?,"[""Pol Pot"", ""Ho Chi Minh"", ""Mao Zedong"", ""Kim Il-sung""]","Pol Pot regierte Kambodscha von 1975 bis 1979. Unter seiner Herrschaft starben Millionen Menschen durch Zwangsarbeit, Hunger und Gewalt.",Pol Pot führte die Roten Khmer an.,Pol Pot,,ok
physik,3,Wie nennt man die Kraft zwischen zwei elektrisch geladenen Teilchen?,"[""Coulombkraft"", ""Gravitationskraft"", ""Zentrifugalkraft"", ""Federkraft""]","Die Coulombkraft beschreibt die Anziehung oder Abstossung zwischen elektrischen Ladungen. Gleiche Ladungen stossen sich ab, entgegengesetzte ziehen sich an.",Ladungen ziehen sich an oder stossen sich ab.,Coulombsches Gesetz,,ok
physik,2,Wie funktioniert ein einfacher Elektromagnet?,"[""Strom fliesst durch eine Drahtspule und erzeugt ein Magnetfeld"", ""Ein Stein wird erhitzt, bis er magnetisch wird"", ""Zwei Spiegel werden gegeneinander gestellt"", ""Wasser wird um einen Draht gegossen""]","Wenn Strom durch eine gewickelte Drahtspule fliesst, entsteht ein Magnetfeld um sie herum. Schaltet man den Strom ab, verschwindet auch die Magnetkraft wieder.",Strom in der Spule macht einen Magnet.,Elektromagnet,,ok
pol_kommunismus,3,Welche Merkmale kennzeichneten die Herrschaft Stalins?,"[""Personenkult, politische Säuberungen und Massenterror gegen vermeintliche Feinde"", ""Freie Wahlen und Pressefreiheit"", ""Eine offene Marktwirtschaft ohne staatliche Kontrolle"", ""Enge Zusammenarbeit mit dem Westen""]","Stalin liess Millionen Menschen verfolgen, deportieren oder hinrichten, oft aufgrund erfundener Vorwürfe. Gleichzeitig wurde er als unfehlbarer Führer verehrt.",Stalinismus: Terror und Personenkult.,Stalinismus,,ok
pol_welt,3,Was war der Völkerbund?,"[""Der Vorläufer der UNO nach dem Ersten Weltkrieg"", ""Ein Fussballverband"", ""Ein europäisches Handelsbündnis von heute"", ""Eine Schweizer Partei""]","Der Völkerbund wurde 1920 gegründet, um künftige Kriege zu verhindern, scheiterte aber letztlich unter anderem am Zweiten Weltkrieg. Nach dem Krieg wurde er durch die UNO ersetzt, sein Sitz war ebenfalls in Genf.",Der Völkerbund war der Vorläufer der UNO.,Völkerbund,,ok
pol_diktatur,1,"Was passiert oft, wenn ein Diktator stirbt?","[""Oft übernimmt ein Familienmitglied die Macht."", ""Das Land wird sofort eine Demokratie."", ""Alle Gesetze verschwinden."", ""Es gibt keine Regierung mehr.""]","In manchen Diktaturen, wie Nordkorea, geht die Macht in der Familie weiter, zum Beispiel vom Vater zum Sohn. So bleibt die Kontrolle in wenigen Händen.",Macht bleibt oft in der Familie.,Nordkorea,,ok
physik,2,Was ist der Unterschied zwischen kinetischer und potenzieller Energie?,"[""Kinetische Energie ist Bewegungsenergie, potenzielle ist gespeicherte Lageenergie"", ""Beide sind komplett dasselbe"", ""Kinetische Energie gibt es nur bei Strom"", ""Potenzielle Energie existiert nur im Weltall""]","Ein fahrendes Auto hat kinetische Energie, weil es sich bewegt. Ein Stein auf einer Klippe hat potenzielle Energie, weil er wegen seiner Höhe fallen könnte.","Bewegung ist kinetisch, Lage ist potenziell.",Kinetische Energie,,ok
pol_kommunismus,2,Welches südostasiatische Land wird bis heute von einer kommunistischen Partei regiert?,"[""Laos"", ""Thailand"", ""Indonesien"", ""Philippinen""]",Laos wurde 1975 kommunistisch und wird seither von der Revolutionären Volkspartei Laos regiert. Das Land ist wie Vietnam und China ein Einparteienstaat.,Laos ist bis heute kommunistisch regiert.,Laos,,ok
pol_kommunismus,2,Wie sah Karl Marx den Unterschied zwischen Sozialismus und Kommunismus?,"[""Der Sozialismus sollte eine Übergangsphase auf dem Weg zum klassenlosen Kommunismus sein"", ""Sozialismus und Kommunismus bedeuten genau dasselbe"", ""Der Kommunismus kommt vor dem Sozialismus"", ""Sozialismus ist eine Form des Kapitalismus""]",Laut Marx sollte nach einer Revolution zuerst eine sozialistische Übergangsgesellschaft entstehen. Erst danach sollte die klassenlose kommunistische Gesellschaft folgen.,Sozialismus als Zwischenstufe zum Kommunismus.,Sozialismus,,ok
pol_diktatur,1,Was bedeutet «freie Presse»?,"[""Zeitungen dürfen schreiben, was wirklich passiert."", ""Zeitungen kosten nichts."", ""Zeitungen gehören dem Diktator."", ""Zeitungen dürfen nur Werbung drucken.""]","Bei freier Presse dürfen Journalisten die Wahrheit berichten, auch wenn sie der Regierung nicht gefällt. In Diktaturen wird das oft verboten.",Freie Presse berichtet die Wahrheit.,Pressefreiheit,,ok
kt_SO,1,Welcher Fluss fliesst mitten durch die Stadt Solothurn?,"[""Aare"", ""Rhein"", ""Limmat"", ""Reuss""]",Die Aare fliesst durch die Altstadt von Solothurn und ist wichtig für die Stadt. Viele Brücken führen über den Fluss.,Die Aare fliesst mitten durch Solothurn.,Solothurn,e:🌊🏰,ok
wissenschaft,1,"Was braucht Feuer, um zu brennen?","[""Sauerstoff"", ""Nur Wasser"", ""Nur Eis"", ""Nur Steine""]","Feuer braucht Sauerstoff aus der Luft, um zu brennen. Ohne Sauerstoff geht ein Feuer aus.",Feuer braucht Sauerstoff zum Brennen.,Feuer,,ok
tiere,1,Warum hat der Igel spitze Stacheln auf dem Rücken?,"[""Zum Schutz vor Feinden"", ""Um Nahrung zu finden"", ""Um besser zu hören"", ""Um schneller zu laufen""]","Wenn der Igel Gefahr spürt, rollt er sich zu einer stacheligen Kugel zusammen. Feinde trauen sich dann meist nicht anzugreifen.",Die Stacheln schützen den Igel vor Feinden.,Braunbrustigel,,ok
pol_demokratie,1,"Was bedeutet ""Regierung""?","[""Die Gruppe, die ein Land, einen Kanton oder eine Gemeinde führt"", ""Eine Sportmannschaft"", ""Eine Schulklasse"", ""Ein Geschäft""]","Eine Regierung trifft wichtige Entscheidungen und sorgt dafür, dass Gesetze umgesetzt werden. In der Schweiz gibt es Regierungen auf Bundes-, Kantons- und Gemeindeebene.","Die Regierung führt Land, Kanton oder Gemeinde.",Regierung,,ok
natur,3,Welche Funktion haben Meeresströmungen wie der Golfstrom für das Klima?,"[""Sie transportieren Wärme rund um die Erde"", ""Sie erzeugen alle Erdbeben"", ""Sie verhindern jeglichen Niederschlag"", ""Sie erzeugen den Mondwechsel""]","Meeresströmungen wie der Golfstrom transportieren warmes Wasser aus tropischen Regionen in nördlichere Gebiete. Dadurch werden zum Beispiel in Westeuropa die Winter milder, als es ohne diese Strömung der Fall wäre.",Meeresströmungen verteilen Wärme weltweit.,Golfstrom,,ok
rel_andere,1,"Wie heisst die Pilgerreise nach Mekka, die gläubige Musliminnen und Muslime einmal im Leben machen sollen?","[""Hadsch"", ""Ramadan"", ""Zakat"", ""Schahada""]","Die Hadsch ist eine der fünf Säulen des Islams. Jedes Jahr reisen Millionen Musliminnen und Muslime nach Mekka, um diese Pilgerfahrt zu machen.",Die Hadsch ist die Pilgerfahrt nach Mekka.,Hadsch,,ok
wissenschaft,2,Was ist ein Vakuum?,"[""Ein Raum ohne Materie oder Luft"", ""Ein Raum voller Wasser"", ""Ein Raum voller Gas"", ""Ein besonders warmer Raum""]","Ein Vakuum ist ein Raum, in dem sich möglichst keine Materie befindet, auch keine Luft. Im Weltraum herrscht fast ein perfektes Vakuum.",Ein Vakuum ist fast leerer Raum.,Vakuum,,ok
pol_demokratie,1,"Warum ist es wichtig, dass alle erwachsenen Menschen mitbestimmen dürfen?","[""Damit Entscheidungen fair für alle sind"", ""Damit es mehr Ferien gibt"", ""Damit niemand arbeiten muss"", ""Damit alle gleich aussehen""]","Wenn viele Menschen mitentscheiden dürfen, werden Entscheidungen gerechter. Jede Stimme zählt gleich viel.",Jede Stimme zählt gleich viel.,Demokratie,,ok
wissenschaft,3,Was ist ein Katalysator in der Chemie?,"[""Ein Stoff, der eine Reaktion beschleunigt, ohne sich selbst zu verändern"", ""Ein Stoff, der Reaktionen verlangsamt"", ""Ein Messgerät für Temperatur"", ""Ein radioaktives Element""]","Katalysatoren erhöhen die Geschwindigkeit chemischer Reaktionen, indem sie die nötige Energie senken. Nach der Reaktion liegen sie unverändert vor.",Katalysatoren beschleunigen Reaktionen.,Katalysator,,ok
rel_andere,1,"Wie nennt man das Kopftuch, das manche muslimische Frauen tragen?","[""Hijab"", ""Kippa"", ""Turban"", ""Krone""]","Manche muslimische Frauen tragen aus religiösen Gründen ein Kopftuch, das Hijab genannt wird. Es bedeckt die Haare, nicht das Gesicht.",Der Hijab ist ein muslimisches Kopftuch.,Kopftuch,,ok
geld,1,"Warum ist es klug, nicht sofort das ganze Taschengeld auszugeben?","[""Damit man sich später etwas Grösseres leisten kann"", ""Damit die Eltern das Geld zurücknehmen"", ""Weil man Geld sonst verliert"", ""Weil Geld schnell schlecht wird""]","Wer nicht alles sofort ausgibt, kann sich mit der Zeit auch teurere Wünsche erfüllen. Sparen braucht Geduld.",Sparen erfüllt grössere Wünsche.,Sparen,,ok
pol_welt,1,Was schützt die UNESCO als Weltkulturerbe?,"[""Besonders wertvolle Orte und Bauwerke auf der ganzen Welt"", ""Nur Schweizer Berge"", ""Nur Gebäude in Genf"", ""Nur moderne Wolkenkratzer""]","Die UNESCO wählt Orte aus, die für die ganze Menschheit wichtig sind, zum Beispiel alte Bauten oder besondere Landschaften. Auch die Schweiz hat mehrere solche Orte, etwa das Jungfraujoch.",Die UNESCO schützt besondere Orte weltweit.,Weltkulturerbe,,ok
physik,3,Wofür wird ein Kondensator in der Elektronik hauptsächlich verwendet?,"[""Zum kurzzeitigen Speichern elektrischer Ladung"", ""Zum dauerhaften Speichern grosser Energiemengen wie ein Akku"", ""Zum Umwandeln von Strom in Licht"", ""Zum Verstärken von Schallwellen""]","Ein Kondensator besteht aus zwei leitenden Flächen, die durch einen Isolator getrennt sind und Ladung sammeln können. Er lädt sich schnell auf und wieder ab, das nutzt man etwa zum Glätten von Spannung in Schaltungen.",Kondensatoren speichern kurzfristig Ladung.,Kondensator (Elektrotechnik),,ok
koerper,1,Warum sind Obst und Gemüse gesund?,"[""Sie liefern Vitamine, die der Körper braucht"", ""Sie machen müde"", ""Sie machen die Zähne kaputt"", ""Sie sind nur zum Naschen da""]","Obst und Gemüse enthalten viele Vitamine und Mineralstoffe. Der Körper braucht sie, um richtig zu funktionieren.",Obst und Gemüse machen dich stark.,Vitamin,,ok
natur,1,In welcher Jahreszeit blühen in der Schweiz die meisten Blumen zum ersten Mal?,"[""Frühling"", ""Winter"", ""Herbst"", ""Spätsommer""]",Im Frühling wird es wärmer und heller. Viele Pflanzen erwachen aus ihrer Winterruhe und beginnen zu blühen.,Im Frühling erwachen die Pflanzen.,Frühling,,ok
pol_diktatur,2,Was ist eine Wahlfälschung?,"[""Wahlergebnisse werden absichtlich verfälscht."", ""Eine besonders faire Wahl."", ""Eine Wahl mit vielen Kandidaten."", ""Eine Wahl im Ausland.""]","Bei einer Wahlfälschung werden Stimmen manipuliert oder falsch gezählt, damit der gewünschte Kandidat gewinnt. In Diktaturen ist das ein häufiges Mittel, um an der Macht zu bleiben.",Falsche Stimmen täuschen echte Wahlen vor.,Wahlfälschung,,ok
koerper,3,"Wie heisst die Autoimmunerkrankung, bei der die Bauchspeicheldrüse kein Insulin mehr produzieren kann?","[""Diabetes mellitus Typ 1"", ""Diabetes mellitus Typ 2"", ""Hashimoto-Thyreoiditis"", ""Multiple Sklerose""]",Bei Diabetes Typ 1 zerstört das eigene Immunsystem die insulinbildenden Zellen. Betroffene müssen Insulin lebenslang spritzen.,Typ-1-Diabetes zerstört Insulinzellen.,Diabetes mellitus Typ 1,,ok
pol_demokratie,2,Was ist eine Legislaturperiode?,"[""Die Zeitspanne, in der ein gewähltes Parlament oder eine Regierung im Amt ist"", ""Ein einzelner Abstimmungstag"", ""Die Dauer einer Parlamentssitzung"", ""Ein Gesetz über Wahlen""]",Auf Bundesebene dauert eine Legislaturperiode vier Jahre. Danach finden wieder Wahlen statt.,Legislaturperiode ist die Amtszeit des Parlaments.,Legislaturperiode,,ok
pol_welt,2,Wofür setzt sich die Organisation Amnesty International ein?,"[""Für die Einhaltung der Menschenrechte weltweit"", ""Für den Frieden zwischen der EU und der NATO"", ""Für den Handel zwischen Staaten"", ""Für die Gesundheit von Sportlerinnen und Sportlern""]","Amnesty International ist eine unabhängige Organisation, die sich für Menschenrechte einsetzt und Missstände öffentlich macht. Sie sammelt zum Beispiel Unterschriften für inhaftierte Menschen.",Amnesty International kämpft für Menschenrechte.,Amnesty International,,ok
wissenschaft,3,Welcher Schweizer Chemiker entdeckte 1943 die Wirkung von LSD?,"[""Albert Hofmann"", ""Paul Karrer"", ""Alfred Werner"", ""Tadeus Reichstein""]",Der Basler Chemiker Albert Hofmann entdeckte bei Forschungen zu Mutterkorn zufällig die psychoaktive Wirkung von LSD. Die Entdeckung geschah bei einem Selbstversuch.,Hofmann entdeckte die LSD-Wirkung.,Albert Hofmann,,ok
wissenschaft,3,Was versteht man unter Radioaktivität?,"[""Den spontanen Zerfall instabiler Atomkerne unter Aussendung von Strahlung"", ""Die Bewegung von Elektronen um den Atomkern"", ""Eine besonders starke chemische Bindung"", ""Die Reflexion von Licht an Metalloberflächen""]","Instabile Atomkerne zerfallen von selbst und senden dabei Strahlung aus, um einen stabileren Zustand zu erreichen. Marie und Pierre Curie erforschten dieses Phänomen massgeblich.",Radioaktivität ist der Zerfall instabiler Atomkerne.,Radioaktivität,,ok
tiere,3,Warum haben Wiederkäuer wie die Kuh mehrere Mägen?,"[""Um zellulosereiche Pflanzenkost mit Hilfe von Mikroorganismen besser zu verdauen"", ""Um mehr Milch produzieren zu können"", ""Um schneller laufen zu können"", ""Um Wasser länger zu speichern""]","Im ersten Magen, dem Pansen, leben Mikroorganismen, die schwer verdauliche Zellulose aus Gras und Heu aufspalten. Das Futter wird dazu mehrmals wiedergekäut und erneut geschluckt.",Mehrere Mägen helfen Pflanzen zu verdauen.,Wiederkäuer,,ok
wissenschaft,2,Wie nennt man den Übergang von einem festen zu einem flüssigen Stoff?,"[""Schmelzen"", ""Verdunsten"", ""Gefrieren"", ""Kondensieren""]","Beim Schmelzen wird ein fester Stoff durch Wärme flüssig, zum Beispiel Eis wird zu Wasser. Der umgekehrte Vorgang heisst Gefrieren.",Schmelzen macht fest zu flüssig.,Schmelzen,,ok
geld,3,Was ist ein ETF?,"[""Ein börsengehandelter Fonds, der in viele verschiedene Aktien oder Wertpapiere gleichzeitig investiert"", ""Eine Art Sparkonto ohne Risiko"", ""Eine staatliche Steuer auf Aktien"", ""Ein Kredit für Studierende""]","Ein ETF (Exchange Traded Fund) bündelt viele verschiedene Aktien oder andere Wertpapiere in einem Produkt, das an der Börse gehandelt wird. Das streut das Risiko, weil man nicht nur auf eine einzelne Firma setzt.",ETF streut das Risiko breit.,Exchange Traded Fund,,ok
tiere,1,Wie viel Zeit verbringt eine Katze täglich etwa mit Putzen?,"[""mehrere Stunden"", ""nur wenige Sekunden"", ""gar keine Zeit"", ""einen ganzen Tag ohne Pause""]",Katzen sind sehr reinliche Tiere und verbringen oft mehrere Stunden am Tag mit der Fellpflege. So bleibt ihr Fell sauber und glänzend.,Katzen putzen sich viele Stunden täglich.,Fellpflege,,ok
tiere,1,"Was macht ein Hund oft, wenn er sich sehr freut?","[""Er wedelt mit dem Schwanz"", ""Er miaut laut"", ""Er schnurrt"", ""Er legt sich flach hin und schläft""]",Wedeln mit dem Schwanz ist ein typisches Zeichen von Freude bei Hunden. Der Schwanz kann aber auch andere Stimmungen zeigen.,Freude zeigt der Hund mit Schwanzwedeln.,Hund,,ok
tiere,1,Wie leben Ameisen meistens zusammen?,"[""In grossen Kolonien mit einer Königin"", ""Immer alleine im Wald"", ""Nur zu zweit"", ""In kleinen Familien wie Menschen""]",Ein Ameisenvolk kann Tausende Ameisen haben. Sie arbeiten alle zusammen für die Königin und den Bau.,Ameisen leben in grossen Gemeinschaften.,Ameisen,,ok
geld,3,Was bedeutet 'Kaufkraft'?,"[""Wie viele Waren oder Dienstleistungen man mit einem bestimmten Geldbetrag kaufen kann"", ""Die Anzahl Münzen in einem Portemonnaie"", ""Der Zinssatz einer Bank"", ""Die Höhe des Bruttolohns""]","Die Kaufkraft zeigt, wie viel man sich mit einem bestimmten Geldbetrag tatsächlich leisten kann. Steigen die Preise, sinkt die Kaufkraft, auch wenn der Lohn gleich bleibt.","Kaufkraft zeigt, was Geld wert ist.",Kaufkraft,,ok
pol_welt,3,Was ist der 'Global Compact for Migration' der UNO?,"[""Eine internationale Vereinbarung mit gemeinsamen Grundsätzen für den Umgang mit Migration"", ""Ein Vertrag über den weltweiten Handel mit Rohstoffen"", ""Ein Abkommen über die Nutzung des Weltraums"", ""Ein Klimaschutzabkommen""]","Der Global Compact for Migration legt unverbindliche gemeinsame Ziele fest, wie Staaten mit Migration umgehen sollten. Er wurde 2018 von einer grossen Mehrheit der UNO-Mitgliedstaaten angenommen.",Der Global Compact regelt gemeinsame Migrationsziele.,"Globaler Pakt für sichere, geordnete und reguläre Migration",,ok
pol_diktatur,1,Wer wählt in einer Demokratie die Regierung?,"[""Das Volk, in freien Wahlen."", ""Nur der Diktator."", ""Nur die Armee."", ""Nur reiche Familien.""]","In einer Demokratie dürfen alle Bürgerinnen und Bürger wählen, wer sie regiert. So bleibt die Macht kontrolliert.",Im Volk liegt die Wahlmacht.,Demokratie,,ok
physik,1,Was macht eine Lupe mit den Lichtstrahlen der Sonne?,"[""Sie bündelt sie auf einem Punkt"", ""Sie macht sie dunkler"", ""Sie stoppt sie komplett"", ""Sie verwandelt sie in Wärme ohne Licht""]","Eine Lupe ist gewölbt und lenkt die Lichtstrahlen so, dass sie sich in einem Punkt treffen. Dort kann es so heiss werden, dass Papier zu brennen beginnt.",Eine Lupe bündelt Licht in einem Punkt.,Lupe,,ok
tiere,3,Was versteht man unter einer «invasiven Art» im Unterschied zu einer bloss gebietsfremden Art (Neozoon)?,"[""Eine gebietsfremde Art, die einheimischen Arten oder Ökosystemen nachweislich schadet"", ""Jede aus einem anderen Kontinent stammende Art"", ""Eine Art, die nur in Gefangenschaft lebt"", ""Eine besonders seltene einheimische Art""]","Neozoen sind gebietsfremde Tierarten, die durch den Menschen in ein neues Gebiet gelangt sind. Als invasiv gelten sie erst, wenn sie sich stark ausbreiten und dabei heimische Arten oder Lebensräume schädigen.",Invasiv heisst: gebietsfremd und schädlich.,Invasive Art,,ok
physik,2,Was besagt das Reflexionsgesetz beim Licht?,"[""Einfallswinkel und Ausfallswinkel sind gleich gross"", ""Licht wird beim Auftreffen immer heller"", ""Licht wird beim Auftreffen langsamer"", ""Licht ändert immer seine Farbe""]","Trifft ein Lichtstrahl auf eine glatte Fläche wie einen Spiegel, wird er im gleichen Winkel zurückgeworfen, in dem er ankam. So kannst du berechnen, wohin ein Lichtstrahl reflektiert wird.",Einfallswinkel gleich Ausfallswinkel.,Reflexionsgesetz,,ok
wissenschaft,3,Wer formulierte im 17. Jahrhundert die drei klassischen Bewegungsgesetze der Mechanik?,"[""Isaac Newton"", ""Albert Einstein"", ""Galileo Galilei"", ""Niels Bohr""]","Isaac Newton beschrieb in seinem Werk Principia 1687 die Gesetze der Trägheit, der Kraft und von Aktion und Reaktion. Diese Gesetze bilden bis heute die Grundlage der klassischen Mechanik.",Newton begründete die klassische Mechanik.,Isaac Newton,,ok
tiere,1,Welches Meerestier hat acht Arme und kann seine Farbe verändern?,"[""Oktopus"", ""Delfin"", ""Wal"", ""Seehund""]","Der Oktopus, auch Krake genannt, hat acht Arme und lebt im Meer. Er kann seine Farbe blitzschnell verändern, um sich zu verstecken.",Der Oktopus hat acht Arme.,Achtarmige Kraken,,ok
tiere,1,Wie nennt man die Jungen von Schafen?,"[""Lämmer"", ""Kälber"", ""Fohlen"", ""Ferkel""]",Schafe bekommen im Frühling ihre Jungen. Diese werden Lämmer genannt.,Schafbabys heissen Lämmer.,Hausschaf,,ok
pol_kommunismus,2,Warum nahm Jugoslawien unter Tito eine Sonderrolle unter den kommunistischen Staaten ein?,"[""Es blieb unabhängig von der Sowjetunion und ging einen eigenen Weg"", ""Es war der treueste Verbündete der Sowjetunion"", ""Es trat 1955 der NATO bei"", ""Es führte als erstes Land den Kapitalismus ein""]","Josip Broz Tito brach 1948 mit Stalin und führte Jugoslawien als blockfreien, sozialistischen Staat. Das Land gehörte weder zur NATO noch zum Warschauer Pakt.",Tito ging einen eigenen sozialistischen Weg.,Josip Broz Tito,,ok
tiere,2,Wie viele Zähne hat ein erwachsener Hund normalerweise?,"[""42"", ""32"", ""20"", ""60""]","Erwachsene Hunde haben in der Regel 42 Zähne, während Welpen nur ein Milchgebiss mit weniger Zähnen besitzen. Das Gebiss hilft beim Zerkleinern von Nahrung.",Erwachsene Hunde haben 42 Zähne.,Gebiss (Hund),,ok
tiere,1,Welches Tier springt weit und trägt sein Baby in einem Beutel am Bauch?,"[""Känguru"", ""Koala"", ""Wombat"", ""Wallaby""]","Das Känguru lebt in Australien und hüpft mit seinen kräftigen Hinterbeinen. Das Baby, genannt Joey, wächst im Beutel der Mutter heran.",Das Känguru trägt sein Baby im Beutel.,Kängurus,,ok
tiere,2,Welche Hunderasse gilt als eine der schnellsten der Welt?,"[""Windhund (Greyhound)"", ""Dackel"", ""Chihuahua"", ""Mops""]",Windhunde wie der Greyhound können kurzzeitig Geschwindigkeiten von über 60 km/h erreichen. Sie wurden ursprünglich für die Hetzjagd gezüchtet.,Windhunde rennen extrem schnell.,Windhund,,ok
pol_diktatur,1,Was ist das Gegenteil einer Diktatur?,"[""Eine Demokratie"", ""Eine Monarchie ohne König"", ""Ein Krieg"", ""Eine Insel""]","In einer Demokratie bestimmt das Volk mit, wer regiert. Das ist das Gegenteil einer Diktatur, wo eine Person allein entscheidet.",Demokratie ist das Gegenteil von Diktatur.,Demokratie,,ok
pol_demokratie,1,"Wer darf in der Schweiz mitentscheiden, wenn er volljährig und Schweizer Bürgerin oder Bürger ist?","[""Stimmberechtigte Personen"", ""Nur Lehrpersonen"", ""Nur Bundesräte"", ""Nur Polizisten""]",In der Schweiz dürfen alle erwachsenen Schweizerinnen und Schweizer mitentscheiden. Das nennt man stimmberechtigt sein.,Erwachsene Schweizer dürfen mitbestimmen.,Stimmrecht (Schweiz),,ok
pol_kommunismus,1,Wie hiess das bekannte kleine Auto aus der DDR?,"[""Trabant"", ""Käfer"", ""Mini"", ""Porsche""]","Der Trabant war ein einfaches Auto, das in der DDR gebaut wurde. Viele Menschen mussten lange darauf warten.",Der Trabant war das Auto der DDR.,Trabant,,ok
koerper,3,Was passiert beim Gasaustausch in den Lungenbläschen (Alveolen)?,"[""Sauerstoff diffundiert ins Blut, Kohlendioxid wird abgegeben"", ""Nährstoffe werden ins Blut aufgenommen"", ""Wasser wird gefiltert"", ""Hormone werden freigesetzt""]","Durch die dünnen Wände der Alveolen gelangt Sauerstoff ins Blut. Gleichzeitig wandert Kohlendioxid aus dem Blut in die Lunge, um ausgeatmet zu werden.",Alveolen tauschen Sauerstoff und Kohlendioxid aus.,Alveole,,ok
tiere,3,Was zeigen Studien zum Blickverhalten von Hunden gegenüber Menschen bei schwierigen Aufgaben?,"[""Hunde suchen eher Blickkontakt und Unterstützung, während Wölfe es allein versuchen"", ""Wölfe suchen deutlich öfter Blickkontakt zum Menschen als Hunde"", ""Es gibt keinen Unterschied zwischen Wolf und Hund"", ""Hunde ignorieren Menschen grundsätzlich bei Problemen""]","In Verhaltensexperimenten mit unlösbaren Aufgaben wenden sich Hunde häufig hilfesuchend an den Menschen, während handaufgezogene Wölfe eher selbstständig weiterprobieren. Dies gilt als Hinweis auf die enge Bindung, die durch die Domestizierung entstanden ist.",Hunde suchen bei Problemen Hilfe beim Menschen.,Domestikation des Hundes,,ok
wissenschaft,2,Was versteht man unter Osmose?,"[""Das Wandern von Wasser durch eine halbdurchlässige Membran"", ""Die Umwandlung von Licht in Zucker"", ""Das Verdampfen von Wasser bei Hitze"", ""Die Teilung einer Zelle""]","Bei der Osmose bewegt sich Wasser von einer weniger konzentrierten zu einer stärker konzentrierten Lösung durch eine Membran, die nur bestimmte Teilchen durchlässt. So nehmen zum Beispiel Pflanzenwurzeln Wasser aus dem Boden auf.",Osmose lässt Wasser durch Membranen wandern.,Osmose,,ok
wissenschaft,3,Was ist ein Isotop?,"[""Eine Variante eines Elements mit unterschiedlicher Anzahl an Neutronen"", ""Ein völlig neues chemisches Element"", ""Ein Molekül aus zwei Atomen"", ""Ein Messgerät für Radioaktivität""]","Isotope eines Elements haben die gleiche Anzahl Protonen, aber unterschiedlich viele Neutronen. Manche Isotope sind radioaktiv, andere stabil.",Isotope haben unterschiedlich viele Neutronen.,Isotop,,ok
tiere,3,Über welche Barriere fliegen viele europäische Zugvögel auf dem Weg nach Afrika?,"[""Die Sahara"", ""Den Nordpol"", ""Den Pazifik"", ""Den Amazonas-Regenwald""]","Viele Zugvögel überqueren auf ihrem Weg in wärmere Regionen die riesige, wasserlose Sahara. Diese Strecke ist für die Vögel besonders anstrengend und gefährlich.",Die Sahara ist eine grosse Hürde für Zugvögel.,Vogelzug,,ok
wissenschaft,3,Welches Element hat im Periodensystem die Ordnungszahl 1?,"[""Wasserstoff"", ""Helium"", ""Sauerstoff"", ""Kohlenstoff""]",Wasserstoff ist das leichteste und häufigste Element im Universum und steht mit der Ordnungszahl 1 an erster Stelle des Periodensystems. Es besitzt nur ein Proton im Kern.,Wasserstoff steht an erster Stelle.,Wasserstoff,,ok
wissenschaft,2,"Wie nennt man die Wissenschaft, die Sterne, Planeten und das Weltall erforscht?","[""Astronomie"", ""Geologie"", ""Biologie"", ""Chemie""]","Die Astronomie beschäftigt sich mit Himmelskörpern wie Sternen, Planeten und Galaxien. Astronominnen und Astronomen nutzen Teleskope für ihre Forschung.",Astronomie erforscht das Weltall.,Astronomie,,ok
natur,2,Wodurch ist der Planet Saturn besonders bekannt?,"[""Durch sein auffälliges Ringsystem aus Eis und Gestein"", ""Durch seine rote Farbe"", ""Durch seine Nähe zur Sonne"", ""Durch seine feste, begehbare Oberfläche""]","Saturn besitzt breite, gut sichtbare Ringe, die aus unzähligen kleinen Eis- und Gesteinsbrocken bestehen. Sie machen ihn im Teleskop besonders leicht erkennbar.","Saturn hat ein grosses, gut sichtbares Ringsystem.",Saturn (Planet),,ok
tiere,3,Worin unterscheiden sich Europäische Wildkatze und Hauskatze deutlich?,"[""die Wildkatze hat einen dickeren, buschigen Schwanz mit stumpfer schwarzer Spitze und ist scheuer"", ""die Wildkatze ist blau, die Hauskatze grün"", ""die Wildkatze hat keinen Schwanz"", ""es gibt keinerlei Unterschiede""]","Die Europäische Wildkatze hat einen buschigeren Schwanz mit stumpfer, schwarzer Spitze und ist deutlich scheuer als die Hauskatze. Äusserlich ähnelt sie einer getigerten Hauskatze, lässt sich aber nicht zähmen.",Wildkatzen sind scheu und haben buschige Schwänze.,Europäische Wildkatze,,ok
natur,3,"Was bewirkt die thermohaline Zirkulation der Ozeane, zu der auch der Golfstrom gehört?","[""Sie transportiert Wärme und Salzwasser über grosse Distanzen und beeinflusst das Klima ganzer Kontinente"", ""Sie erzeugt Ebbe und Flut"", ""Sie verursacht Erdbeben am Meeresboden"", ""Sie steuert die Gezeiten des Mondes""]","Unterschiede in Temperatur und Salzgehalt treiben eine weltweite Strömung an, die wie ein Förderband warmes und kaltes Wasser verteilt. So beeinflusst sie das Klima in weit entfernten Regionen.",Meeresströmungen verteilen Wärme rund um den Globus.,Thermohaline Zirkulation,,ok
koerper,2,Was ist eine Laktoseintoleranz?,"[""Eine Unverträglichkeit von Milchzucker"", ""Eine Allergie gegen Pollen"", ""Eine Erkrankung der Lunge"", ""Eine Sehschwäche""]","Bei Laktoseintoleranz fehlt ein Enzym, um Milchzucker zu verdauen. Das führt oft zu Bauchschmerzen nach Milchprodukten.",Laktoseintoleranz: Milchzucker schlecht verdaubar.,Laktoseintoleranz,,ok
wissenschaft,2,Was ist die kleinste funktionsfähige Baueinheit eines Lebewesens?,"[""Die Zelle"", ""Das Molekül"", ""Das Organ"", ""Das Gewebe""]","Jedes Lebewesen besteht aus Zellen, die alle wichtigen Funktionen des Lebens ausführen können. Manche Lebewesen bestehen nur aus einer einzigen Zelle, andere aus Billionen.",Die Zelle ist der Baustein des Lebens.,Zelle (Biologie),,ok
tiere,3,Wie hängt die Lebenserwartung von Hunden meist mit ihrer Körpergrösse zusammen?,"[""Kleinere Rassen leben im Schnitt länger als sehr grosse Rassen"", ""Die Grösse hat keinen Einfluss auf die Lebenserwartung"", ""Grössere Rassen leben immer länger"", ""Nur die Fellfarbe beeinflusst die Lebenserwartung""]","Studien zeigen, dass kleine Hunderassen im Durchschnitt eine höhere Lebenserwartung haben als sehr grosse Rassen, die oft schneller altern. Die Gründe dafür sind noch nicht vollständig geklärt, hängen aber unter anderem mit Wachstumsprozessen zusammen.",Kleine Hunderassen leben oft länger.,Hund,,ok
geld,3,Was ist die Prämienverbilligung bei der Krankenkasse in der Schweiz?,"[""Eine finanzielle Unterstützung des Kantons für Personen mit tiefem Einkommen, um die Krankenkassenprämie zu bezahlen"", ""Ein automatischer Rabatt für alle Versicherten"", ""Eine Steuer auf Krankenkassenprämien"", ""Eine Belohnung für gesunde Lebensweise""]","Personen mit bescheidenem Einkommen können in ihrem Kanton eine Prämienverbilligung beantragen, damit die obligatorische Krankenkassenprämie das Budget nicht übermässig belastet. Die Höhe wird individuell je nach Einkommen berechnet.",Prämienverbilligung entlastet tiefe Einkommen.,Prämienverbilligung,,ok
natur,1,Wofür sind die Blätter einer Pflanze besonders wichtig?,"[""Sie stellen mit Sonnenlicht Nahrung her"", ""Sie halten die Pflanze im Boden fest"", ""Sie speichern nur Regen"", ""Sie machen Blüten bunt""]","In den Blättern findet die Pflanze mit Hilfe von Sonnenlicht, Wasser und Luft ihre eigene Nahrung. Dieser Vorgang findet vor allem in den grünen Blättern statt.",Blätter stellen mit Licht Nahrung her.,Blatt (Pflanze),,ok
geld,1,Du bekommst im Laden aus Versehen zu viel Wechselgeld zurück. Was machst du?,"[""Ich sage es der Verkäuferin oder dem Verkäufer und gebe es zurück"", ""Ich behalte es und sage nichts"", ""Ich kaufe schnell noch etwas anderes"", ""Ich gebe es einem Freund""]",Ehrlichkeit ist beim Geld sehr wichtig. Zu viel erhaltenes Geld gehört zurückgegeben.,Zu viel Geld ehrlich zurückgeben.,Ehrlichkeit,,ok
tiere,3,Wie nennt man eine Gruppe von wild lebenden Hauskatzen im Englischen üblicherweise?,"[""Clowder"", ""Pack"", ""Pride"", ""Herd""]",Eine Gruppe wild lebender Hauskatzen wird im Englischen als «Clowder» bezeichnet. Im Deutschen gibt es dafür keinen eigenen Fachbegriff.,Eine Katzengruppe heisst englisch Clowder.,Hauskatze,,ok
pol_welt,3,Was bedeutet der Begriff «Global Governance»?,"[""Gemeinsame Steuerung weltweiter Probleme durch Staaten und Organisationen"", ""Die Regierung eines einzelnen Landes"", ""Ein Schweizer Gesetz"", ""Ein Handelsabkommen nur für Europa""]","Global Governance beschreibt, wie Staaten, internationale Organisationen und teils auch Unternehmen zusammenarbeiten, um grenzüberschreitende Probleme wie den Klimawandel oder Pandemien zu bewältigen. Es gibt dabei keine zentrale Weltregierung.",Global Governance heisst: gemeinsame Weltprobleme gemeinsam lösen.,Global Governance,,ok
tiere,1,"Welcher Vogel kann nicht fliegen, ist aber der grösste Vogel der Welt?","[""Strauss"", ""Pinguin"", ""Adler"", ""Kolibri""]","Der Strauss lebt in Afrika und kann sehr schnell rennen, obwohl er nicht fliegen kann. Er legt die grössten Eier aller Vögel.",Der Strauss rennt statt zu fliegen.,Strausse,,ok
tiere,1,Woraus wird die weiche Wolle für Pullover gemacht?,"[""Aus dem Fell des Schafs"", ""Aus Baumrinde"", ""Aus Vogelfedern"", ""Aus Pflanzenblättern""]","Schafe haben ein dickes Fell, das jedes Jahr geschoren wird. Aus dieser Wolle spinnt man Fäden für warme Kleidung.",Wolle kommt vom Fell der Schafe.,Hausschaf,,ok
koerper,2,Welches Organ reguliert deine Körpertemperatur massgeblich?,"[""Die Haut"", ""Die Leber"", ""Die Milz"", ""Die Lunge""]",Über Schwitzen und die Durchblutung der Haut reguliert der Körper seine Temperatur. Die Haut ist dabei das grösste Organ.,Die Haut hält deine Temperatur stabil.,Haut,,ok
tiere,3,Was besagt das Konzept der «ökologischen Nische» eines Tieres?,"[""Die Gesamtheit aller Umweltansprüche und der funktionalen Rolle einer Art in ihrem Lebensraum"", ""Nur der geografische Ort, an dem ein Tier lebt"", ""Die Grösse des Reviers eines Tieres"", ""Ein geschützter Lebensraum in einem Naturpark""]","Die ökologische Nische umfasst alle Ansprüche einer Art an ihre Umwelt, etwa Nahrung, Lebensraum und Feinde, sowie ihre Rolle im Ökosystem. Zwei Arten mit exakt derselben Nische können langfristig nicht im selben Lebensraum koexistieren.",Die Nische ist die Rolle einer Art.,Ökologische Nische,,ok
pol_demokratie,2,Was bedeutet Kumulieren bei einer Wahl?,"[""Einen Namen zweimal auf den Wahlzettel schreiben"", ""Einen Namen streichen"", ""Eine ganze Liste abgeben"", ""Eine Partei gründen""]","Beim Kumulieren gibt man einer Person doppelt so viel Gewicht, indem man ihren Namen zweimal aufschreibt. So erhält diese Person mehr Stimmen.",Kumulieren verdoppelt die Stimme für eine Person.,Kumulieren (Wahlrecht),,ok
pol_demokratie,1,"Was bedeutet es, wenn eine Abstimmungsvorlage «verworfen» wird?","[""Sie wird abgelehnt"", ""Sie wird sofort Gesetz"", ""Sie wird verschenkt"", ""Sie wird verlängert""]","Wenn mehr Menschen Nein sagen als Ja, wird eine Vorlage verworfen, also abgelehnt. Dann bleibt alles wie vorher.",Verworfen heisst: abgelehnt.,Volksabstimmung,,ok
tiere,1,Was ist in der Schweiz das beliebteste Haustier?,"[""die Katze"", ""der Hund"", ""das Pferd"", ""der Wellensittich""]",In der Schweiz leben mehr Katzen als jedes andere Haustier. Viele Familien haben eine oder mehrere Katzen zu Hause.,Die Katze ist das beliebteste Schweizer Haustier.,Hauskatze,,ok
tiere,3,"Welche physiologische Besonderheit erklärt, weshalb Hunde kaum über den Körper schwitzen können?","[""Ihnen fehlen weitgehend ekkrine Schweissdrüsen über den ganzen Körper verteilt"", ""Sie besitzen viel mehr Schweissdrüsen als Menschen"", ""Sie haben überhaupt keine Hautporen"", ""Sie regulieren die Temperatur ausschliesslich über die Leber""]","Im Gegensatz zum Menschen verfügen Hunde nur über wenige, funktional eingeschränkte Schweissdrüsen, hauptsächlich an den Pfotenballen. Deshalb ist das Hecheln ihr wichtigster Mechanismus zur Temperaturregulation.",Hunden fehlen körperweite Schweissdrüsen.,Hecheln,,ok
tiere,2,"Wie nennt man es, wenn ein harmloses Tier das Aussehen eines gefährlichen Tieres nachahmt, um Feinde abzuschrecken?","[""Mimikry"", ""Metamorphose"", ""Symbiose"", ""Migration""]","Bei der Mimikry ahmt eine harmlose Art das Aussehen einer gefährlichen Art nach. Ein Beispiel ist die Schwebfliege, die wie eine Wespe aussieht.",Mimikry täuscht Feinde durch Ähnlichkeit.,Mimikry,,ok
pol_welt,2,Was bezeichnet man als 'Brexit'?,"[""Den Austritt Grossbritanniens aus der Europäischen Union"", ""Den Beitritt der Schweiz zur EU"", ""Ein Klimaabkommen zwischen Europa und Asien"", ""Die Gründung der Vereinten Nationen""]",Nach einer Volksabstimmung verliess Grossbritannien die Europäische Union. Der Begriff setzt sich aus 'Britain' und 'Exit' zusammen.,Brexit heisst: Grossbritannien verliess die EU.,Brexit,,ok
pol_demokratie,2,"Wie alt muss man mindestens sein, um in den Nationalrat gewählt zu werden?","[""18 Jahre"", ""25 Jahre"", ""21 Jahre"", ""30 Jahre""]","Wer stimmberechtigt ist, darf sich in der Schweiz auch für den Nationalrat zur Wahl stellen. Das Mindestalter liegt also bei 18 Jahren.",Ab 18 Jahren darf man kandidieren.,Nationalrat (Schweiz),,ok
tiere,1,Wie findet sich eine Fledermaus in der Dunkelheit zurecht?,"[""Mit Ultraschall-Rufen und Echo"", ""Mit ihren Augen wie eine Eule"", ""Mit dem Geruchssinn"", ""Mit ihren Barthaaren""]","Die Fledermaus stösst hohe Töne aus, die wir nicht hören können. Aus dem Echo erkennt sie, wo Hindernisse oder Beute sind.",Fledermäuse hören ihren Weg im Dunkeln.,Fledermäuse,,ok
tiere,1,"Wie nennt man es, wenn man einem Hund zum Beispiel Sitz oder Platz beibringt?","[""Hundetraining"", ""Hundefrisur"", ""Hundefutter"", ""Hundeschlaf""]",Beim Hundetraining lernt der Hund neue Kommandos und Verhaltensweisen. Das geschieht mit Geduld und Belohnungen.,Kommandos lernt der Hund im Training.,Hundeschule,,ok
bilder,2,Welches Land nennt sich «Land des Donnerdrachens» und zeigt diesen bis heute auf seiner Flagge?,"[""Bhutan"", ""Wales"", ""China"", ""Vietnam""]",Bhutan wird auch «Land des Donnerdrachens» genannt. Die gelbe und orange Hälfte der Flagge stehen für weltliche und geistliche Macht.,Bhutans Flagge zeigt einen Donnerdrachen.,Flagge Bhutans,,ok
tiere,1,"Wie nennt man die kleinen Zähne, die ein Welpe zuerst bekommt, bevor die grossen Zähne wachsen?","[""Milchzähne"", ""Goldzähne"", ""Eiszähne"", ""Steinzähne""]","Welpen bekommen zuerst kleine Milchzähne, die später ausfallen. Danach wachsen die grösseren, bleibenden Zähne nach.",Zuerst kommen die kleinen Milchzähne.,Zahn,,ok
natur,2,Womit werden Wetterdaten hoch oben in der Atmosphäre gemessen?,"[""Mit Wetterballonen"", ""Mit U-Booten"", ""Mit Teleskopen"", ""Mit Erdbebenmessgeräten""]","Wetterballone tragen Messgeräte weit nach oben und senden Daten zu Temperatur, Druck und Feuchtigkeit an Bodenstationen.",Wetterballone messen Daten hoch in der Luft.,Wetterballon,,ok
tiere,2,Was unterscheidet Spinnen von Insekten am deutlichsten?,"[""Spinnen haben acht Beine, Insekten sechs"", ""Spinnen haben Flügel, Insekten nicht"", ""Nur Insekten haben Augen"", ""Spinnen legen keine Eier""]",Spinnen gehören zu den Spinnentieren und haben acht Beine sowie zwei Körperteile. Insekten haben sechs Beine und drei Körperteile.,"Acht Beine bei Spinnen, sechs bei Insekten.",Webspinnen,,ok
wissenschaft,1,"Wie nennt man die Wissenschaft, die Tiere erforscht?","[""Zoologie"", ""Chemie"", ""Astronomie"", ""Geografie""]","Die Zoologie ist die Lehre von den Tieren. Zoologen untersuchen, wie Tiere leben und sich verhalten.",Zoologie erforscht die Tiere.,Zoologie,,ok
tiere,1,Welches Tier hat ein sehr gutes Gedächtnis und einen langen Rüssel?,"[""Elefant"", ""Nashorn"", ""Flusspferd"", ""Giraffe""]","Der Elefant ist das grösste Landtier der Erde und gilt als sehr klug. Mit seinem Rüssel kann er greifen, trinken und riechen.",Der Elefant vergisst nichts.,Elefanten,,ok
koerper,2,Wie nennt man eine überschiessende Reaktion des Immunsystems auf harmlose Stoffe wie Pollen?,"[""Allergie"", ""Infektion"", ""Entzündung ohne Grund"", ""Autoimmunerkrankung""]",Bei einer Allergie reagiert das Immunsystem übertrieben auf eigentlich harmlose Stoffe. Typische Beispiele sind Heuschnupfen oder Nussallergien.,Allergie: Immunsystem übertreibt.,Allergie,,ok
tiere,2,"Was zeigen Studien darüber, wie Hunde auf die Mimik von Menschen reagieren?","[""Hunde können menschliche Gesichtsausdrücke erkennen und darauf reagieren"", ""Hunde ignorieren menschliche Gesichter komplett"", ""Hunde erkennen nur Farben"", ""Hunde reagieren nur auf laute Geräusche""]","Forschung zeigt, dass Hunde in der Lage sind, menschliche Emotionen anhand der Mimik zu unterscheiden. Das gilt als Ergebnis der langen gemeinsamen Entwicklung von Mensch und Hund.",Hunde lesen menschliche Gesichtsausdrücke.,Hund-Mensch-Beziehung,,ok
physik,3,Was beschreibt der Wirkungsgrad einer Maschine?,"[""Das Verhältnis von nutzbarer Energie zur eingesetzten Energie"", ""Die maximale Geschwindigkeit einer Maschine"", ""Die Anzahl der beweglichen Teile"", ""Das Gewicht der Maschine""]","Der Wirkungsgrad zeigt an, wie viel der eingesetzten Energie tatsächlich für den gewünschten Zweck genutzt wird. Ein Teil geht meist als Wärme oder Reibung verloren.",Wirkungsgrad zeigt genutzte Energie im Verhältnis.,Wirkungsgrad,,ok
bilder,1,Welches Tier miaut und ist eines der beliebtesten Haustiere in der Schweiz?,"[""Katze"", ""Hund"", ""Hamster"", ""Kaninchen""]",Die Katze ist das häufigste Haustier der Schweiz. Viele Katzen leben als Freigänger und jagen kleine Mäuse.,Die Katze ist ein beliebtes Schweizer Haustier.,Hauskatze,,ok
pol_demokratie,2,Was ist eine Standesstimme?,"[""Die Stimme eines Kantons beim Ständemehr"", ""Die Stimme eines einzelnen Bürgers"", ""Eine zweite Stimme für Auslandschweizer"", ""Ein Stimmrecht nur für Regierungen""]","Bei Abstimmungen, die das Ständemehr brauchen, zählt das Ergebnis in jedem Kanton als eine Standesstimme. Kleinere Kantone haben dabei eine halbe Standesstimme.",Jeder Kanton hat eine Standesstimme.,Ständemehr,,ok
kt_SO,1,Welche grosse Bahnhofsstadt gehört zum Kanton Solothurn?,"[""Olten"", ""Zürich"", ""Luzern"", ""Genf""]",Olten liegt ebenfalls im Kanton Solothurn und ist bekannt als wichtiger Bahnknotenpunkt. Von dort fahren Züge in viele Richtungen der Schweiz.,Olten ist eine wichtige Bahnstadt im Kanton Solothurn.,Olten,,ok
tiere,3,Wie wird die Höhe der Hundesteuer in der Schweiz üblicherweise geregelt?,"[""Sie wird von Kantonen bzw. Gemeinden selbst festgelegt und ist unterschiedlich hoch"", ""Sie ist in der ganzen Schweiz einheitlich hoch"", ""Es gibt in der Schweiz keine Hundesteuer"", ""Sie wird vom Bund direkt erhoben""]","Da das Steuerwesen für Hunde in der Schweiz Sache der Kantone und Gemeinden ist, unterscheidet sich die Höhe der Hundesteuer je nach Wohnort teils erheblich. Mit den Einnahmen werden unter anderem Kot-Entsorgung oder Hundekontrollen finanziert.",Die Hundesteuer variiert je nach Gemeinde.,Hundesteuer,,ok
pol_kommunismus,1,In welchem Jahr wurden Ost- und Westdeutschland wieder ein Land?,"[""1990"", ""1989"", ""1991"", ""2000""]",Ein Jahr nach dem Mauerfall wurden die DDR und die Bundesrepublik Deutschland wieder vereint. Das war am 3. Oktober 1990.,1990 wurde Deutschland wiedervereint.,Deutsche Wiedervereinigung,,ok
geld,2,Wie kann Werbung dein Ausgabeverhalten beeinflussen?,"[""Sie kann Wünsche wecken, die zu spontanen, ungeplanten Käufen führen"", ""Werbung hat keinen Einfluss auf Käufe"", ""Werbung senkt automatisch die Preise"", ""Werbung informiert nur über gesetzliche Vorschriften""]","Werbung ist so gestaltet, dass sie Wünsche weckt und zum Kaufen animiert, auch wenn man das Produkt eigentlich nicht braucht. Ein kritischer Blick hilft, das eigene Budget einzuhalten.",Werbung weckt Wünsche gezielt.,Werbung,,ok
physik,1,"Was braucht eine Taschenlampe, damit sie leuchtet?","[""Eine Batterie"", ""Ein Spiegel"", ""Ein Magnet"", ""Wasser""]","Die Batterie liefert den Strom, der die kleine Glühbirne oder LED zum Leuchten bringt. Ohne Strom bleibt die Lampe dunkel.",Ohne Batterie leuchtet keine Taschenlampe.,Batterie (Elektrotechnik),,ok
pol_demokratie,2,"Wie nennt man das Prinzip, dass Bund, Kantone und Gemeinden Aufgaben untereinander aufteilen?","[""Föderalismus"", ""Monarchie"", ""Diktatur"", ""Zentralismus""]","In der Schweiz gibt es drei Ebenen: Bund, Kantone und Gemeinden. Jede Ebene übernimmt bestimmte Aufgaben, das nennt man Föderalismus.",Föderalismus verteilt Aufgaben auf drei Ebenen.,Föderalismus,,ok
geld,2,"Was bedeutet es, etwas 'auf Pump' oder in Raten zu kaufen?","[""Man bezahlt das Produkt in mehreren Teilbeträgen über Zeit, oft mit zusätzlichen Kosten"", ""Man bezahlt sofort den vollen Preis bar"", ""Man bekommt das Produkt geschenkt"", ""Man tauscht es gegen ein anderes Produkt""]","Bei einer Ratenzahlung bezahlt man nicht sofort alles, sondern in Teilbeträgen. Oft fallen dabei zusätzliche Kosten oder Zinsen an, was das Produkt am Ende teurer macht.",Ratenzahlung kann teurer werden.,Ratenkauf,,ok
natur,2,"Wozu dienen die winzigen Öffnungen auf der Unterseite von Blättern, die Spaltöffnungen?","[""Für den Austausch von Gasen wie CO2 und Sauerstoff"", ""Um Regenwasser zu speichern"", ""Um Insekten anzulocken"", ""Um Blüten zu bilden""]",Durch die Spaltöffnungen nimmt die Pflanze Kohlendioxid auf und gibt Sauerstoff sowie Wasserdampf ab. Sie öffnen und schliessen sich je nach Bedarf.,Spaltöffnungen regeln den Gasaustausch der Pflanze.,Spaltöffnung,,ok
koerper,3,Welches Hormon wird bei Stress vermehrt in den Nebennieren ausgeschüttet?,"[""Cortisol"", ""Insulin"", ""Melatonin"", ""Östrogen""]",Cortisol ist das wichtigste Stresshormon und wird in den Nebennieren gebildet. Es erhöht kurzfristig Energie und Aufmerksamkeit.,Cortisol ist das Stresshormon.,Cortisol,,ok
tiere,1,Warum knabbern manche Katzen an Gras?,"[""es hilft ihnen, ihren Magen zu erleichtern"", ""weil sie sich wie Kühe fühlen"", ""weil Gras süss schmeckt"", ""weil sie davon wachsen""]","Auch wenn Katzen Fleischfresser sind, fressen sie manchmal etwas Gras. Das kann helfen, verschluckte Haare wieder loszuwerden.",Gras hilft der Katze bei der Verdauung.,Hauskatze,,ok
physik,3,"Was besagt das dritte Newtonsche Gesetz, actio gleich reactio?","[""Zu jeder Kraft gibt es eine gleich grosse Gegenkraft in entgegengesetzter Richtung"", ""Kräfte wirken nur in eine Richtung"", ""Jede Bewegung braucht doppelte Energie"", ""Kräfte heben sich immer vollständig auf""]","Übt ein Körper eine Kraft auf einen anderen aus, wirkt gleichzeitig eine gleich grosse Kraft in die Gegenrichtung zurück. Das spürst du zum Beispiel, wenn du von einem Boot wegspringst und es sich in die andere Richtung bewegt.",Jede Kraft hat eine Gegenkraft.,Newtonsche Gesetze,,ok
pol_demokratie,1,"Was ist die Bundesverfassung, ganz einfach erklärt?","[""Das wichtigste Regelbuch der Schweiz"", ""Ein Schulbuch"", ""Eine Zeitung"", ""Ein Telefonbuch""]","In der Bundesverfassung stehen die wichtigsten Regeln, wie die Schweiz aufgebaut ist. Sie kann nur vom Volk geändert werden.",Die Verfassung ist das wichtigste Regelbuch.,Bundesverfassung der Schweizerischen Eidgenossenschaft,,ok
tiere,2,Welches Gesetz regelt in der Schweiz unter anderem die Kennzeichnungspflicht mit Mikrochip für Hunde?,"[""Das Tierschutzgesetz"", ""Das Strassenverkehrsgesetz"", ""Das Steuergesetz"", ""Das Baugesetz""]","Das Schweizer Tierschutzgesetz und die dazugehörigen Verordnungen legen fest, dass alle Hunde mit einem Mikrochip gekennzeichnet und registriert sein müssen. So können verlorene Hunde ihren Besitzern zugeordnet werden.",Das Tierschutzgesetz regelt die Chip-Pflicht.,Tierschutzgesetz (Schweiz),,ok
physik,1,Warum kannst du mit einer Taschenlampe im Dunkeln Dinge erkennen?,"[""Das Licht wird von den Dingen zu deinen Augen zurückgeworfen"", ""Die Taschenlampe macht die Dinge selbst leuchtend"", ""Deine Augen leuchten dann von selbst"", ""Die Dunkelheit verschwindet dadurch überall""]","Das Licht der Taschenlampe trifft auf Gegenstände und wird von ihnen zurück in dein Auge geworfen. So kannst du erkennen, was vor dir liegt.",Wir sehen Dinge durch reflektiertes Licht.,Reflexion (Physik),,ok
wissenschaft,1,"Wie heisst der Erdtrabant, der nachts am Himmel leuchtet?","[""Der Mond"", ""Die Sonne"", ""Der Saturn"", ""Ein Komet""]","Der Mond umkreist die Erde und reflektiert das Sonnenlicht, darum sehen wir ihn nachts leuchten. Er ist der einzige natürliche Trabant der Erde.",Der Mond umkreist die Erde.,Mond,,ok
pol_demokratie,2,Was bedeutet Immunität für Mitglieder des Parlaments?,"[""Sie sind während ihrer Amtszeit vor bestimmten Strafverfolgungen geschützt"", ""Sie müssen keine Steuern zahlen"", ""Sie dürfen nicht abgewählt werden"", ""Sie müssen nicht abstimmen""]","Die Immunität schützt Parlamentsmitglieder davor, wegen ihrer Aussagen im Rat verfolgt zu werden. So können sie frei ihre Meinung sagen.",Immunität schützt Parlamentsmitglieder im Amt.,Immunität (Recht),,ok
pol_demokratie,1,"Wie nennt man Menschen, die in der Schweiz politisch mitentscheiden dürfen?","[""Stimmberechtigte"", ""Touristen"", ""Kinder"", ""Gäste""]",Stimmberechtigte sind erwachsene Schweizerinnen und Schweizer. Sie dürfen wählen und abstimmen.,Stimmberechtigte dürfen mitentscheiden.,Stimmrecht (Schweiz),,ok
physik,2,Wie heisst die Einheit der elektrischen Stromstärke?,"[""Ampere"", ""Volt"", ""Ohm"", ""Watt""]","Die Stromstärke gibt an, wie viel elektrische Ladung pro Sekunde durch einen Draht fliesst. Benannt ist die Einheit nach dem Physiker André-Marie Ampère.",Stromstärke wird in Ampere gemessen.,Ampere,,ok
natur,3,Was ist der Sonnenwind?,"[""Ein ständiger Strom geladener Teilchen, den die Sonne ins All schleudert"", ""Ein besonders starker Wind auf der Erde"", ""Wind, der von der Rückseite des Mondes weht"", ""Ein Sturm auf dem Mars""]","Die Sonne stösst laufend geladene Teilchen wie Elektronen und Protonen aus. Trifft der Sonnenwind auf das Erdmagnetfeld, entstehen unter anderem Polarlichter.",Der Sonnenwind besteht aus geladenen Teilchen der Sonne.,Sonnenwind,,ok
physik,1,"Was passiert mit einem Eiswürfel, wenn du ihn in die Hand nimmst?","[""Er schmilzt durch deine Körperwärme"", ""Er wird härter"", ""Er wird zu Stein"", ""Er verschwindet sofort""]","Deine Hand ist wärmer als das Eis, darum gibt sie Wärme an das Eis ab. Dadurch wird aus dem festen Eis flüssiges Wasser.",Wärme lässt Eis schmelzen.,Schmelzen,,ok
pol_diktatur,3,Was bedeutet das Songbun-System in Nordkorea?,"[""Eine gesellschaftliche Einteilung der Bevölkerung nach politischer Loyalität ihrer Familie."", ""Ein staatliches Bildungsprogramm für alle gleich."", ""Ein Wahlsystem mit mehreren Parteien."", ""Ein Wirtschaftsförderprogramm für Unternehmer.""]","Songbun bestimmt in Nordkorea, welchen Zugang Menschen zu Bildung, Wohnung und Arbeit haben, basierend auf der politischen Vergangenheit ihrer Familie. Das System festigt die Kontrolle der Führung über die Gesellschaft.",Songbun teilt Nordkoreaner nach Loyalität ein.,Nordkorea,,ok
tiere,1,Welches Tier wird oft «König der Tiere» genannt?,"[""Löwe"", ""Tiger"", ""Elefant"", ""Bär""]","Der Löwe lebt in Afrika in Gruppen, die man Rudel nennt. Wegen seiner Mähne und Stärke nennt man ihn oft König der Tiere.",Der Löwe ist der König der Savanne.,Löwe,,ok
geld,3,Was ist der Unterschied zwischen der AHV (1. Säule) und der Pensionskasse (2. Säule)?,"[""Die AHV ist eine staatliche Grundversicherung für alle, die Pensionskasse eine berufliche Vorsorge über den Arbeitgeber"", ""Beide sind komplett dasselbe System"", ""Die Pensionskasse ist freiwillig für alle Personen ohne Job"", ""Die AHV wird nur von Selbständigen bezahlt""]","Die AHV ist die staatliche Grundabsicherung, in die alle Erwerbstätigen einzahlen. Die Pensionskasse ist die berufliche Vorsorge, die über den Arbeitgeber läuft und das Einkommen zusätzlich absichert.","AHV staatlich, Pensionskasse beruflich.",Berufliche Vorsorge in der Schweiz,,ok
geld,3,Was bedeutet eine Bürgschaft?,"[""Eine Person verpflichtet sich, für die Schulden einer anderen Person einzustehen, falls diese nicht zahlen kann"", ""Eine Person erhält automatisch Geld geschenkt"", ""Eine staatliche Versicherung gegen Diebstahl"", ""Ein Vertrag über den Kauf einer Wohnung""]","Bei einer Bürgschaft garantiert jemand, dass er die Schulden einer anderen Person übernimmt, falls diese nicht zahlen kann. Das ist mit einem grossen finanziellen Risiko verbunden.",Bürge haftet für fremde Schulden.,Bürgschaft,,ok
tiere,3,"Welches Hormon spielt eine zentrale Rolle bei der Bindung zwischen Mensch und Hund, ähnlich wie zwischen Mutter und Kind?","[""Oxytocin"", ""Adrenalin"", ""Insulin"", ""Melatonin""]","Studien zeigen, dass beim Blickkontakt und Streicheln zwischen Mensch und Hund bei beiden der Oxytocinspiegel ansteigt. Dieses sogenannte Bindungshormon stärkt die soziale Beziehung.",Oxytocin stärkt die Bindung zum Hund.,Oxytocin,,ok
koerper,1,Warum atmest du am besten durch die Nase statt durch den Mund?,"[""Die Nase filtert und wärmt die Luft"", ""Der Mund ist gesünder zum Atmen"", ""Man kann nur durch die Ohren atmen"", ""Atmen ist nicht nötig""]","In der Nase wird die Luft gereinigt, angewärmt und angefeuchtet. So gelangt sauberere Luft in die Lunge.",Die Nase reinigt deine Atemluft.,Nase,,ok
bilder,2,"Welches Tier lebt in den Schweizer Alpen, ist ein guter Kletterer und wird oft mit der Gämse verwechselt?","[""Steinbock"", ""Reh"", ""Hirsch"", ""Murmeltier""]","Steinbock und Gämse sehen sich ähnlich, der Steinbock ist aber deutlich grösser und hat viel dickere, geriffelte Hörner. Beide Arten leben oberhalb der Baumgrenze.",Steinbock und Gämse werden oft verwechselt.,Alpensteinbock,,ok
pol_diktatur,2,Welches Land wird oft als «letzte Diktatur Europas» bezeichnet?,"[""Belarus"", ""Schweiz"", ""Norwegen"", ""Portugal""]","Belarus unter Alexander Lukaschenko wird häufig als «letzte Diktatur Europas» bezeichnet. Wahlen gelten dort als nicht frei und fair, Kritiker werden verfolgt.",Belarus gilt als Europas letzte Diktatur.,Belarus,,ok
wissenschaft,1,"Womit kann man Dinge ein wenig grösser sehen, zum Beispiel eine Ameise?","[""Mit einer Lupe"", ""Mit einem Kompass"", ""Mit einem Thermometer"", ""Mit einem Magneten""]","Eine Lupe hat ein gebogenes Glas, das kleine Dinge grösser erscheinen lässt. Kinder nutzen sie oft, um Insekten genauer zu betrachten.",Eine Lupe macht Kleines grösser.,Lupe,,ok
natur,1,"Wie nennt man kleine, feste Eiskörner, die bei einem Gewitter vom Himmel fallen können?","[""Hagel"", ""Schnee"", ""Tau"", ""Nebel""]","Hagel entsteht in Gewitterwolken, wenn Wassertropfen gefrieren und immer wieder auf- und absteigen. Dabei werden die Eiskörner grösser.",Hagel sind harte Eiskörner aus Gewitterwolken.,Hagel,,ok
natur,1,Was machen viele Zimmerpflanzen auf einer Fensterbank?,"[""Sie wachsen zum Licht hin"", ""Sie wachsen vom Licht weg"", ""Sie schliessen ihre Augen"", ""Sie schlafen den ganzen Tag""]","Pflanzen richten ihre Blätter zum Licht, weil sie es zum Wachsen brauchen. Man nennt dieses Verhalten Phototropismus.",Pflanzen wachsen dem Licht entgegen.,Phototropismus,,ok
koerper,2,Wie unterscheidet sich der Herzmuskel von der Skelettmuskulatur?,"[""Er arbeitet unermüdlich, ohne dass man ihn bewusst steuert"", ""Er ist der einzige Muskel ohne Blutversorgung"", ""Er kann willentlich bewegt werden wie ein Arm"", ""Er besteht aus Knochen""]","Der Herzmuskel schlägt automatisch, ein Leben lang ohne Pause. Skelettmuskeln steuerst du dagegen bewusst.",Dein Herz arbeitet unermüdlich von selbst.,Herzmuskel,,ok
natur,1,"Wie heisst der Teil der Pflanze, der Wasser aus dem Boden aufnimmt?","[""Die Wurzel"", ""Das Blatt"", ""Die Blüte"", ""Der Stamm""]",Die Wurzel steckt in der Erde und saugt dort Wasser und Nährstoffe auf. Sie hält die Pflanze auch fest im Boden.,Die Wurzel trinkt Wasser aus dem Boden.,Wurzel,,ok
pol_kommunismus,3,Was war die 'Kulturrevolution' in China (1966–1976)?,"[""Eine von Mao initiierte Kampagne gegen vermeintliche Feinde des Kommunismus, mit grosser Gewalt und Chaos"", ""Ein friedliches Kunst- und Musikfestival"", ""Eine Reform zur Einführung des Kapitalismus"", ""Eine Bewegung zur Wiederherstellung alter Traditionen""]","Mao Zedong wollte mit der Kulturrevolution seine Macht sichern und angebliche Feinde der Revolution beseitigen. Millionen Menschen wurden verfolgt, viele starben oder wurden gedemütigt.",Kulturrevolution: Maos Kampagne mit grosser Gewalt.,Kulturrevolution,,ok
pol_demokratie,2,Was ist die sogenannte «Zauberformel» in der Schweizer Politik?,"[""Eine feste Sitzverteilung der grössten Parteien im Bundesrat"", ""Ein Gesetz über Steuern"", ""Eine Formel zum Rechnen der Stimmen"", ""Der Name der Bundesverfassung""]","Die Zauberformel beschreibt, wie die Sitze im Bundesrat traditionell auf die grössten Parteien verteilt werden.",Zauberformel verteilt Bundesratssitze.,Zauberformel (Schweiz),,ok
pol_demokratie,3,Was ist eine Schlussabstimmung im Parlament?,"[""Die letzte Abstimmung über ein Gesetz in seiner Gesamtheit nach allen Beratungen"", ""Die allererste Lesung eines Gesetzes"", ""Eine Volksabstimmung nach dem Referendum"", ""Eine geheime Wahl des Bundespräsidenten""]","Nachdem alle Details und Differenzen geklärt sind, stimmen National- und Ständerat je separat über das ganze Gesetz ab. Erst nach dieser Schlussabstimmung kann das Referendum ergriffen werden.",Die Schlussabstimmung beschliesst das ganze Gesetz.,Schlussabstimmung,,ok
tiere,3,Auf welchen Zeitraum wird die Domestizierung des Hundes aus dem Wolf ungefähr zurückdatiert?,"[""Auf mindestens 15'000 Jahre"", ""Auf etwa 500 Jahre"", ""Auf etwa 2 Millionen Jahre"", ""Auf etwa 100 Jahre""]","Genetische und archäologische Funde deuten darauf hin, dass Hunde bereits vor mindestens 15'000 Jahren, möglicherweise auch deutlich früher, domestiziert wurden. Damit gilt der Hund als eines der ältesten Haustiere des Menschen.",Hunde wurden vor Jahrtausenden domestiziert.,Domestikation des Hundes,,ok
geld,3,Was passiert bei einer Lohnpfändung?,"[""Ein Teil des Lohns wird direkt einbehalten, um Schulden zu begleichen, das Existenzminimum bleibt aber geschützt"", ""Der ganze Lohn wird sofort eingezogen"", ""Der Arbeitgeber muss die Person entlassen"", ""Die Person bekommt automatisch mehr Lohn""]","Bei einer Lohnpfändung wird ein Teil des Einkommens einbehalten, um offene Schulden zu tilgen. Das Existenzminimum, das zum Leben nötig ist, bleibt der Person aber erhalten.","Pfändung, aber Existenzminimum bleibt.",Lohnpfändung,,ok
koerper,2,Welches Organ speichert überschüssigen Zucker als Glykogen?,"[""Die Leber"", ""Die Niere"", ""Die Milz"", ""Der Magen""]",Die Leber speichert Glukose in Form von Glykogen. Bei Bedarf wandelt sie es wieder in Zucker für die Energiegewinnung um.,Die Leber speichert Zucker als Glykogen.,Leber,,ok
bilder,1,Welches Tier ist bekannt für sein langsames Tempo und trägt seinen Panzer wie ein Haus auf dem Rücken?,"[""Schildkröte"", ""Schnecke"", ""Igel"", ""Krebs""]",Die Schildkröte trägt ihren harten Panzer immer bei sich wie ein Haus. Bei Gefahr kann sie Kopf und Beine ganz darin verstecken.,Die Schildkröte trägt ihr Haus dabei.,Schildkröten,,ok
physik,2,"Was passiert in einer Reihenschaltung, wenn eine Lampe kaputt geht?","[""Alle anderen Lampen gehen ebenfalls aus"", ""Nur die kaputte Lampe bleibt dunkel, der Rest leuchtet weiter"", ""Alle Lampen werden heller"", ""Nichts ändert sich""]","In einer Reihenschaltung gibt es nur einen einzigen Weg für den Strom. Wird dieser Weg an einer Stelle unterbrochen, kann der Strom gar nicht mehr fliessen.",Eine kaputte Lampe stoppt die ganze Reihe.,Elektrische Schaltung,,ok
tiere,1,Wie nennt man die weichen Polster unter den Pfoten eines Hundes?,"[""Ballen"", ""Hufe"", ""Schuppen"", ""Federn""]",Die Ballen unter den Pfoten schützen den Hund beim Laufen und helfen ihm beim Greifen des Bodens. Über die Ballen kann er auch ein wenig schwitzen.,Unter den Pfoten sitzen die Ballen.,Pfote,,ok
bilder,2,"Welches Land hat eine Flagge, die – abgesehen von der Grösse – der Flagge Monacos zum Verwechseln ähnlich sieht?","[""Indonesien"", ""Polen"", ""Malaysia"", ""Singapur""]","Die Flaggen von Indonesien und Monaco bestehen beide aus einem roten und einem weissen Streifen, unterscheiden sich aber im Seitenverhältnis. Indonesien nutzt seine Flagge seit der Unabhängigkeit 1945.",Indonesien und Monaco haben fast gleiche Flaggen.,Flagge Indonesiens,,ok
pol_diktatur,1,Was bedeutet Meinungsfreiheit?,"[""Man darf offen sagen, was man denkt."", ""Man muss immer der Regierung zustimmen."", ""Man darf nur flüstern."", ""Man darf nur zu Hause reden.""]","Meinungsfreiheit heisst, dass jeder Mensch seine Gedanken frei äussern darf, ohne bestraft zu werden. In Diktaturen ist das oft nicht erlaubt.",Meinungsfreiheit erlaubt offenes Sprechen.,Meinungsfreiheit,,ok
wissenschaft,2,Wer entwickelte die Relativitätstheorie?,"[""Albert Einstein"", ""Isaac Newton"", ""Marie Curie"", ""Niels Bohr""]","Albert Einstein veröffentlichte Anfang des 20. Jahrhunderts die Relativitätstheorie. Sie veränderte unser Verständnis von Raum, Zeit und Schwerkraft.",Einstein entdeckte die Relativitätstheorie.,Albert Einstein,,ok
pol_diktatur,3,Welche Rolle spielen freie Medien in einer funktionierenden Demokratie oft?,"[""Sie gelten als «vierte Gewalt», die Macht kontrolliert."", ""Sie haben keine besondere Funktion."", ""Sie dürfen nur Werbung verbreiten."", ""Sie werden vom Staat vollständig bezahlt und gesteuert.""]","Unabhängige Medien decken Missstände auf und informieren die Bevölkerung, weshalb man sie neben Legislative, Exekutive und Judikative als «vierte Gewalt» bezeichnet. In Diktaturen wird diese Kontrolle meist ausgeschaltet.",Freie Medien kontrollieren die Macht.,Vierte Gewalt,,ok
physik,2,Was ist der Unterschied zwischen Wärmeleitung und Wärmestrahlung?,"[""Leitung braucht Kontakt, Strahlung funktioniert auch durch das Vakuum"", ""Beide sind komplett identisch"", ""Strahlung gibt es nur bei Metallen"", ""Leitung funktioniert nur bei Feuer""]","Bei der Wärmeleitung wird Energie durch direkten Kontakt weitergegeben, zum Beispiel von einer heissen Pfanne zum Griff. Wärmestrahlung reist als Welle, so erreicht uns die Wärme der Sonne durch den leeren Weltraum.",Strahlung reist auch ohne Berührung.,Wärmeübertragung,,ok
geld,2,Wofür sind Vergleichsportale im Internet nützlich?,"[""Um Preise oder Leistungen von verschiedenen Anbietern zu vergleichen, bevor man kauft oder abschliesst"", ""Um automatisch das teuerste Angebot zu wählen"", ""Um Werbung zu verhindern"", ""Um Passwörter zu speichern""]","Vergleichsportale zeigen verschiedene Angebote, zum Beispiel für Versicherungen oder Handyabos, übersichtlich nebeneinander. So findet man leichter ein günstiges und passendes Angebot.",Vergleichen spart oft Geld.,Vergleichsportal,,ok
pol_welt,1,Was ist ein Flüchtlingslager?,"[""Ein Ort, an dem Menschen, die aus ihrer Heimat fliehen mussten, vorübergehend wohnen können"", ""Ein Ferienlager für Schulklassen"", ""Ein Gebäude der Vereinten Nationen in Genf"", ""Ein Sportplatz für internationale Wettkämpfe""]","In einem Flüchtlingslager finden Menschen, die vor Krieg oder Gefahr geflohen sind, ein Dach über dem Kopf, Essen und medizinische Hilfe. Oft helfen Organisationen wie das UNHCR beim Aufbau solcher Lager.",Flüchtlingslager bieten Schutz vor Gefahr.,Flüchtlingslager,,ok
physik,2,Was passiert bei einem Kurzschluss?,"[""Der Strom fliesst über einen sehr kurzen Weg mit wenig Widerstand und wird sehr stark"", ""Der Strom hört komplett auf zu fliessen"", ""Die Spannung sinkt auf null"", ""Ein Magnet verliert seine Kraft""]","Bei einem Kurzschluss verbindet sich Plus- und Minuspol direkt ohne genügend Widerstand dazwischen. Dabei kann sehr viel Strom fliessen und Hitze entstehen, was gefährlich sein kann.",Kurzschluss heisst: zu viel Strom auf kurzem Weg.,Kurzschluss,,ok
wissenschaft,2,"Wer bewies mit einem Drachenexperiment, dass Blitze elektrisch sind?","[""Benjamin Franklin"", ""Isaac Newton"", ""Alessandro Volta"", ""Michael Faraday""]","Der Amerikaner Benjamin Franklin liess 1752 bei einem Gewitter einen Drachen steigen und zeigte damit, dass Blitze elektrische Entladungen sind. Diese Erkenntnis führte zur Erfindung des Blitzableiters.",Franklin bewies: Blitze sind elektrisch.,Benjamin Franklin,,ok
pol_demokratie,2,Nach welchem Wahlsystem wird der Ständerat meistens gewählt?,"[""Majorzwahl (Mehrheitswahl)"", ""Proporzwahl"", ""Losverfahren"", ""Ernennung durch den Bundesrat""]","Bei der Majorzwahl gewinnt, wer die meisten Stimmen erhält. In den meisten Kantonen wird der Ständerat so gewählt.","Ständerat: wer am meisten Stimmen hat, gewinnt.",Majorzwahl,,ok
natur,3,"Was ist der Unterschied zwischen einem Meteoroid, einem Meteor und einem Meteoriten?","[""Der Meteoroid ist der Körper im All, der Meteor sein Leuchten beim Atmosphäreneintritt und der Meteorit der Rest, der den Boden erreicht"", ""Alle drei Begriffe bedeuten genau dasselbe"", ""Ein Meteorit ist immer grösser als ein Planet"", ""Ein Meteor fliegt nur um andere Planeten""]","Ein Meteoroid ist ein kleiner Himmelskörper im Weltraum. Verglüht er in der Atmosphäre, sieht man das Leuchten als Meteor, und erreicht ein Rest den Boden, spricht man von einem Meteoriten.","Meteoroid, Meteor und Meteorit bezeichnen verschiedene Stadien.",Meteoroid,,ok
pol_demokratie,3,Dürfen Auslandschweizerinnen und Auslandschweizer bei eidgenössischen Abstimmungen mitmachen?,"[""Ja, wenn sie im Stimmregister ihrer Heimatgemeinde eingetragen sind"", ""Nein, sie verlieren das Stimmrecht automatisch"", ""Nur bei Wahlen, nicht bei Abstimmungen"", ""Nur wenn sie in Europa leben""]","Wer als Schweizer Bürgerin oder Bürger im Ausland lebt, kann sich bei einer Gemeinde ins Stimmregister eintragen lassen. So bleibt das Stimmrecht bei eidgenössischen Abstimmungen erhalten.",Auslandschweizer dürfen weiterhin mitentscheiden.,Auslandschweizer,,ok
pol_demokratie,1,Wie heisst die Hauptstadt der Schweiz?,"[""Bern"", ""Zürich"", ""Genf"", ""Basel""]",In Bern arbeiten die Regierung und das Parlament der Schweiz. Viele wichtige Entscheide werden dort getroffen.,Bern ist die Hauptstadt der Schweiz.,Bern,,ok
bilder,1,"Welches Tier hat einen sehr langen Hals, damit es die höchsten Blätter fressen kann?","[""Giraffe"", ""Elefant"", ""Nilpferd"", ""Zebra""]",Die Giraffe ist das grösste Landtier der Welt und hat einen bis zu zwei Meter langen Hals. So erreicht sie Blätter hoch oben in den Baumkronen.,Die Giraffe hat den längsten Hals.,Giraffe,,ok
pol_welt,1,"Wer hat die Organisation gegründet, die das Rote Kreuz heisst?","[""Henry Dunant"", ""Albert Einstein"", ""Wilhelm Tell"", ""Roger Federer""]","Der Schweizer Henry Dunant gründete 1863 das Rote Kreuz, nachdem er verletzte Soldaten in einer Schlacht gesehen hatte. Er erhielt dafür später den ersten Friedensnobelpreis.",Henry Dunant gründete das Rote Kreuz.,Henry Dunant,,ok
bilder,2,Welches Tier ist auf dem Wappen des Kantons Thurgau zu sehen?,"[""Zwei Löwen"", ""Ein Bär"", ""Ein Adler"", ""Ein Widder""]","Das Wappen des Kantons Thurgau zeigt zwei goldene, aufrecht stehende Löwen auf grünem Grund. Es geht auf die früher herrschenden Grafen von Kyburg zurück.",Thurgau zeigt zwei Löwen im Wappen.,Kanton Thurgau,,ok
koerper,1,Warum sollte man viel Wasser trinken?,"[""Der Körper braucht Wasser, um richtig zu funktionieren"", ""Wasser macht schnell müde"", ""Wasser färbt die Haut"", ""Wasser lässt Haare wachsen""]",Dein Körper besteht zu einem grossen Teil aus Wasser. Es hilft zum Beispiel beim Transport von Nährstoffen.,Wasser ist wichtig für deinen Körper.,Wasser,,ok
koerper,3,"Wie heisst die Base, die in der DNA immer mit Adenin ein Paar bildet?","[""Thymin"", ""Cytosin"", ""Guanin"", ""Uracil""]","In der DNA paart sich Adenin immer mit Thymin, Cytosin immer mit Guanin. Diese Basenpaarung ermöglicht die genaue Kopie des Erbguts.",Adenin paart sich mit Thymin.,DNA,,ok
koerper,1,Wo sitzen deine Ohren?,"[""Am Kopf, links und rechts"", ""Am Bauch"", ""An den Füssen"", ""Am Rücken""]","Deine Ohren sitzen seitlich am Kopf und fangen Schallwellen auf. Sie helfen dir, Geräusche zu hören.",Ohren sitzen links und rechts am Kopf.,Ohr,,ok
natur,3,Was ist der Jetstream?,"[""Ein starkes Windband hoch in der Atmosphäre"", ""Ein Meeresstrom in der Tiefsee"", ""Eine Art von Gewitterwolke"", ""Eine Strahlung der Sonne""]","Der Jetstream ist ein schmales Band sehr schneller Winde in etwa 10 Kilometern Höhe. Er beeinflusst massgeblich, wie sich Wettersysteme über Europa bewegen.",Der Jetstream ist ein Starkwindband hoch oben.,Jetstream,,ok
tiere,1,"Wie heisst das kleine Haus, in dem ein Hund draussen wohnen kann?","[""Hundehütte"", ""Vogelhaus"", ""Stall"", ""Bau""]","Eine Hundehütte schützt den Hund vor Regen, Wind und Kälte. Sie ist meist klein und gemütlich.",Draussen wohnt der Hund in der Hundehütte.,Hundehütte,,ok
wissenschaft,3,Was besagt der zweite Hauptsatz der Thermodynamik vereinfacht?,"[""Die Unordnung (Entropie) in einem geschlossenen System nimmt mit der Zeit zu"", ""Energie kann beliebig oft neu erschaffen werden"", ""Wärme fliesst von kalt zu warm"", ""Alle chemischen Reaktionen sind reversibel""]","Der zweite Hauptsatz besagt, dass sich Ordnung in einem geschlossenen System von selbst nicht vermehrt, sondern die Unordnung mit der Zeit zunimmt. Deshalb fliesst Wärme immer von warm zu kalt und nicht umgekehrt.",Unordnung nimmt in geschlossenen Systemen zu.,Zweiter Hauptsatz der Thermodynamik,,ok
natur,2,Was zeigt ein Klimadiagramm für einen Ort?,"[""Temperatur und Niederschlag über das ganze Jahr"", ""Nur die Windrichtung"", ""Nur die Höhe über Meer"", ""Nur die Bevölkerungszahl""]",Ein Klimadiagramm stellt für jeden Monat die durchschnittliche Temperatur und Niederschlagsmenge eines Ortes dar. So erkennt man das typische Klima auf einen Blick.,Klimadiagramme zeigen Temperatur und Niederschlag.,Klimadiagramm,,ok
tiere,2,Wie viele Zähne hat eine erwachsene Katze normalerweise?,"[""30 Zähne"", ""20 Zähne"", ""42 Zähne"", ""12 Zähne""]","Eine erwachsene Katze hat normalerweise 30 Zähne, während der Hund 42 hat. Die spitzen Reisszähne helfen ihr, Fleisch zu zerkleinern.",Erwachsene Katzen haben 30 Zähne.,Katzenzahn,,ok
physik,1,"Was zeigen zwei gleiche Magnetpole, wenn du sie zusammenbringst?","[""Sie stossen sich ab"", ""Sie ziehen sich an"", ""Sie werden warm"", ""Sie verschwinden""]",Zwei Nordpole oder zwei Südpole stossen sich ab. Nur unterschiedliche Pole ziehen sich an.,Gleiche Pole stossen sich ab.,Magnetismus,,ok
natur,1,Welches Tier trägt Blütenstaub von Blume zu Blume?,"[""Die Biene"", ""Der Regenwurm"", ""Die Schnecke"", ""Der Maulwurf""]","Bienen fliegen von Blüte zu Blüte und tragen dabei Pollen mit sich. So helfen sie den Pflanzen, Früchte zu bilden.",Bienen bestäuben Blumen beim Fliegen.,Biene,,ok
pol_welt,1,Welche Organisation kümmert sich besonders um die Gesundheit von Menschen auf der ganzen Welt?,"[""WHO"", ""EU"", ""NATO"", ""IKRK""]","Die WHO heisst Weltgesundheitsorganisation und hat ihren Sitz in Genf. Sie hilft zum Beispiel, Krankheiten zu bekämpfen.",WHO kümmert sich um die Gesundheit weltweit.,Weltgesundheitsorganisation,,ok
natur,2,Wozu dienen Jahresringe in einem Baumstamm?,"[""Sie zeigen das Alter des Baumes"", ""Sie zeigen die Windrichtung an"", ""Sie zeigen, wie viel Regen es morgen gibt"", ""Sie zeigen die Grösse der Blätter""]","Jeder Jahresring entsteht durch das Wachstum in einem Jahr, im Frühling breiter und im Herbst schmaler. Zählt man die Ringe, weiss man, wie alt der Baum ist.",Jahresringe verraten das Alter eines Baums.,Jahresring,,ok
physik,1,Durch welches Material scheint Licht gut hindurch?,"[""Glas"", ""Holz"", ""Stein"", ""Metall""]","Glas ist durchsichtig, deshalb kommt das Licht fast ungehindert durch. Bei Holz oder Stein wird das Licht abgeblockt.","Glas lässt Licht durch, Stein nicht.",Transparenz (Physik),,ok
tiere,2,Wie unterscheidet sich das Gehör eines Hundes von dem eines Menschen?,"[""Hunde hören viel höhere Frequenzen und aus grösserer Entfernung"", ""Hunde hören schlechter als Menschen"", ""Hunde hören nur tiefe Töne"", ""Hunde können gar nicht hören""]",Das Gehör von Hunden ist deutlich feiner als das menschliche Gehör und reicht in höhere Frequenzbereiche. Ausserdem können sie Geräuschquellen sehr genau orten.,Hunde hören feiner als Menschen.,Hund,,ok
koerper,2,Was tun Antikörper im Immunsystem?,"[""Sie erkennen und bekämpfen körperfremde Eindringlinge"", ""Sie transportieren Sauerstoff"", ""Sie bilden neue Knochenzellen"", ""Sie steuern die Verdauung""]","Antikörper erkennen Krankheitserreger wie Viren oder Bakterien. Sie helfen dem Körper, sie zu unschädlich zu machen.",Antikörper verteidigen deinen Körper.,Antikörper,,ok
wissenschaft,3,Wer entdeckte 1897 das Elektron als erstes bekanntes subatomares Teilchen?,"[""J.J. Thomson"", ""Ernest Rutherford"", ""Niels Bohr"", ""Max Planck""]","Der britische Physiker J.J. Thomson zeigte mit Experimenten an Kathodenstrahlen, dass Atome aus noch kleineren, negativ geladenen Teilchen bestehen. Diese nannte er Elektronen.",Thomson entdeckte das Elektron.,J. J. Thomson,,ok
natur,2,Wie heissen die beiden Monde des Mars?,"[""Phobos und Deimos"", ""Titan und Europa"", ""Io und Ganymed"", ""Charon und Nix""]","Der Mars hat zwei sehr kleine, unregelmässig geformte Monde. Sie sind vermutlich eingefangene Asteroiden.",Der Mars hat zwei kleine Monde.,Marsmond,,ok
wissenschaft,3,Was ist Antimaterie?,"[""Materie aus Teilchen mit entgegengesetzter Ladung zu normaler Materie"", ""Eine Substanz, die Schwerkraft aufhebt"", ""Ein künstlich hergestelltes Gas"", ""Materie, die kein Licht reflektiert""]","Zu jedem Teilchen wie dem Elektron gibt es ein Antiteilchen mit gleicher Masse, aber entgegengesetzter Ladung, zum Beispiel das Positron. Treffen Materie und Antimaterie aufeinander, zerstrahlen sie in reine Energie.",Antimaterie hat entgegengesetzte Ladung zu Materie.,Antimaterie,,ok
pol_welt,2,Wer ist aktuell für die Leitung der UNO als oberste Person zuständig?,"[""Der UNO-Generalsekretär"", ""Der Papst"", ""Der Schweizer Bundespräsident"", ""Der EU-Kommissionspräsident""]",Der Generalsekretär leitet die täglichen Arbeiten der UNO und vertritt die Organisation nach aussen. Er wird von der Generalversammlung für mehrere Jahre gewählt.,Der Generalsekretär leitet die UNO.,Generalsekretär der Vereinten Nationen,,ok
koerper,2,Welcher Muskel trennt Brustraum und Bauchraum und ist wichtig für die Atmung?,"[""Das Zwerchfell"", ""Der Bizeps"", ""Der Herzmuskel"", ""Die Wadenmuskulatur""]",Das Zwerchfell zieht sich beim Einatmen zusammen und vergrössert den Brustraum. Dadurch strömt Luft in die Lunge.,Das Zwerchfell hilft dir beim Atmen.,Zwerchfell,,ok
pol_welt,2,Was ist die Weltbank?,"[""Eine Organisation, die arme Länder bei Entwicklungsprojekten unterstützt"", ""Eine Bank nur für die Schweiz"", ""Ein Geldautomat für Touristen"", ""Eine Sparkasse für Kinder""]","Die Weltbank vergibt Kredite und Wissen an Länder, damit diese zum Beispiel Schulen, Strassen oder Spitäler bauen können. Sie arbeitet eng mit der UNO zusammen.",Die Weltbank unterstützt ärmere Länder finanziell.,Weltbank,,ok
tiere,1,Wozu braucht die Katze ihre Schnurrhaare?,"[""um Hindernisse und Entfernungen im Dunkeln zu spüren"", ""um besser zu riechen"", ""um lauter zu miauen"", ""um wärmer zu bleiben""]","Die Schnurrhaare, auch Tasthaare genannt, sind sehr empfindlich und helfen der Katze, sich auch im Dunkeln zu orientieren. Sie spüren kleinste Luftbewegungen.",Schnurrhaare sind wichtige Tasthaare.,Vibrisse,,ok
koerper,1,Welches Sinnesorgan brauchst du zum Sehen?,"[""Das Auge"", ""Das Ohr"", ""Die Nase"", ""Die Zunge""]","Mit den Augen nimmst du Licht, Farben und Formen wahr. Das Gehirn setzt diese Bilder dann zusammen.",Augen zeigen dir die Welt.,Auge,,ok
pol_welt,3,Was ist der Unterschied zwischen der EU-Kommission und dem Europäischen Parlament?,"[""Die Kommission schlägt Gesetze vor, das Parlament stimmt mit über sie ab"", ""Beide Institutionen sind identisch aufgebaut"", ""Das Parlament schlägt Gesetze vor, die Kommission stimmt ab"", ""Nur das Parlament darf Verträge unterschreiben""]",Die EU-Kommission erarbeitet Gesetzesvorschläge und überwacht ihre Umsetzung. Das Europäische Parlament wird direkt von den Bürgerinnen und Bürgern der EU gewählt und entscheidet zusammen mit dem Rat über neue Gesetze.,"Kommission schlägt vor, Parlament entscheidet mit.",Europäische Kommission,,ok
wissenschaft,3,Wer leistete grundlegende Beiträge zur Entwicklung der Quantenmechanik mit dem Konzept der Energiequanten?,"[""Max Planck"", ""Albert Einstein"", ""Isaac Newton"", ""Marie Curie""]","Max Planck führte 1900 die Idee ein, dass Energie in kleinen Portionen, sogenannten Quanten, ausgetauscht wird. Damit legte er den Grundstein für die Quantenphysik.",Planck begründete die Quantenphysik.,Max Planck,,ok
pol_welt,1,Welche Sprache spricht man an vielen internationalen Konferenzen zusätzlich zu Englisch oft auch?,"[""Französisch"", ""Chinesisch"", ""Arabisch"", ""Russisch""]","Französisch ist neben Englisch eine der wichtigsten Sprachen bei internationalen Treffen, auch weil Genf eine französischsprachige Stadt ist. Die UNO kennt insgesamt sechs Amtssprachen.",Französisch ist oft eine wichtige Konferenzsprache.,Amtssprachen der Vereinten Nationen,,ok
tiere,1,"Wie nennt man Menschen, die beruflich Hunde ausbilden?","[""Hundetrainer"", ""Astronaut"", ""Pilot"", ""Bäcker""]",Hundetrainerinnen und Hundetrainer bringen Hunden zusammen mit ihren Besitzern gutes Verhalten und Kommandos bei. Sie arbeiten oft in Hundeschulen.,Hundetrainer bilden Hunde aus.,Hundeschule,,ok
wissenschaft,1,Wodurch entsteht ein Regenbogen am Himmel?,"[""Sonnenlicht und Regentropfen"", ""Nur Wolken"", ""Nur Wind"", ""Nur Sterne""]","Wenn Sonnenlicht auf Regentropfen trifft, wird es gebrochen und zeigt viele Farben. So entsteht ein Regenbogen.",Sonne und Regen zaubern Regenbogen.,Regenbogen,,ok
natur,1,"Was entsteht, wenn eine Wolke bis auf den Boden reicht?","[""Nebel"", ""Regen"", ""Schnee"", ""Ein Sturm""]","Nebel besteht aus winzigen Wassertröpfchen, die in der Luft schweben. Er ist eigentlich eine Wolke, die auf dem Boden liegt.",Nebel ist eine Wolke am Boden.,Nebel,,ok
tiere,1,"Welcher Vogel kann nicht fliegen, dafür aber super schwimmen?","[""Der Pinguin"", ""Der Adler"", ""Die Schwalbe"", ""Die Taube""]",Die Flügel des Pinguins sind zu kleinen Flossen geworden. Damit schwimmt er sehr schnell durch das kalte Wasser.,Pinguine schwimmen statt zu fliegen.,Pinguine,,ok
geld,2,Was gilt in der Schweiz bezüglich Krankenversicherung?,"[""Jede Person, die in der Schweiz wohnt, muss eine Grundversicherung bei einer Krankenkasse abschliessen"", ""Die Krankenversicherung ist freiwillig"", ""Nur Erwachsene müssen versichert sein"", ""Der Staat bezahlt automatisch alle Arztkosten""]","In der Schweiz besteht eine Krankenversicherungspflicht: Jede Person muss eine Grundversicherung abschliessen, die selbst bezahlt werden muss. Das führt zu monatlichen Prämien im Familienbudget.",Krankenversicherung ist in der Schweiz Pflicht.,Krankenversicherung (Schweiz),,ok
pol_demokratie,1,Was ist ein Kanton?,"[""Ein Teil der Schweiz mit eigener Regierung"", ""Ein Berg in den Alpen"", ""Eine Schweizer Firma"", ""Ein Fluss""]",Die Schweiz besteht aus vielen Kantonen. Jeder Kanton hat eigene Gesetze und eine eigene Regierung.,Ein Kanton ist ein Teil der Schweiz.,Kanton (Schweiz),,ok
wissenschaft,2,Wofür braucht eine Pflanze den grünen Farbstoff Chlorophyll?,"[""Um mit Sonnenlicht Energie herzustellen"", ""Um Wasser zu speichern"", ""Um Insekten anzulocken"", ""Um sich vor Frost zu schützen""]","Chlorophyll fängt Sonnenlicht ein, das die Pflanze für die Fotosynthese braucht. Dabei entsteht Zucker als Energiequelle, und die Blätter erscheinen dadurch grün.",Chlorophyll fängt Licht für die Fotosynthese ein.,Chlorophyll,,ok
wissenschaft,2,Wer erfand den Buchdruck mit beweglichen Lettern?,"[""Johannes Gutenberg"", ""Alexander Graham Bell"", ""Thomas Edison"", ""James Watt""]",Johannes Gutenberg entwickelte um 1450 den Buchdruck mit beweglichen Lettern. Dadurch konnten Bücher viel schneller hergestellt werden.,Gutenberg erfand den Buchdruck.,Johannes Gutenberg,,ok
pol_welt,3,Worin unterscheidet sich der Internationale Gerichtshof (IGH) vom Internationalen Strafgerichtshof (IStGH)?,"[""Der IGH klärt Streitigkeiten zwischen Staaten, der IStGH verurteilt einzelne Personen"", ""Beide Gerichte sind identisch"", ""Der IStGH regelt nur Handelsstreitigkeiten"", ""Der IGH verurteilt nur Kriegsverbrecher""]","Der IGH ist ein Organ der UNO und entscheidet über Streitfälle zwischen Staaten. Der IStGH ist eine eigenständige Institution, die Einzelpersonen wegen Völkermord, Kriegsverbrechen oder Verbrechen gegen die Menschlichkeit anklagen kann.","IGH: Staaten streiten, IStGH: Personen werden angeklagt.",Internationaler Strafgerichtshof,,ok
physik,3,"Wie nennt man den Effekt, dass weisses Licht in einem Prisma in seine Farben aufgeteilt wird?","[""Dispersion"", ""Reflexion"", ""Interferenz"", ""Polarisation""]",Bei der Dispersion werden unterschiedliche Wellenlängen des Lichts unterschiedlich stark gebrochen. Deshalb entsteht beim Durchgang durch ein Prisma ein sichtbares Farbspektrum.,Dispersion trennt Licht in Farben.,Dispersion (Physik),,ok
geld,3,Wofür ist eine Schuldenberatungsstelle in der Schweiz da?,"[""Sie hilft Menschen mit Schulden, einen Überblick zu bekommen und einen Plan zur Schuldentilgung zu erstellen"", ""Sie vergibt selbst Kredite an Verschuldete"", ""Sie treibt Schulden für Firmen ein"", ""Sie ist nur für Firmen zuständig""]","Schuldenberatungsstellen unterstützen Menschen, die den Überblick über ihre Finanzen verloren haben, dabei, ihre Schulden zu ordnen und abzubauen. Es gibt solche Stellen in vielen Kantonen und Gemeinden.",Schuldenberatung hilft aus der Schuldenfalle.,Schuldenberatung,,ok
wissenschaft,3,Wer entdeckte massgeblich die Doppelhelix-Struktur der DNA?,"[""James Watson und Francis Crick"", ""Marie Curie"", ""Charles Darwin"", ""Louis Pasteur""]","James Watson und Francis Crick veröffentlichten 1953 das Modell der DNA-Doppelhelix, wobei Röntgenaufnahmen von Rosalind Franklin entscheidend halfen. Diese Entdeckung war ein Meilenstein der Genetik.",Watson und Crick entdeckten die DNA-Doppelhelix.,DNA,,ok
wissenschaft,2,Was passiert bei einer chemischen Reaktion?,"[""Stoffe verwandeln sich in neue Stoffe"", ""Ein Objekt wird nur bewegt"", ""Ein Stoff wird nur erwärmt"", ""Ein Stoff wird gewogen""]",Bei einer chemischen Reaktion verbinden sich Stoffe neu und es entstehen andere Stoffe mit neuen Eigenschaften. Zum Beispiel entsteht beim Verbrennen von Holz Asche und Rauch.,Chemische Reaktionen bilden neue Stoffe.,Chemische Reaktion,,ok
natur,1,Wozu dient ein Gewächshaus?,"[""Um Pflanzen bei jedem Wetter warm wachsen zu lassen"", ""Um Regenwasser zu speichern"", ""Um Tiere zu beobachten"", ""Um Steine zu sammeln""]",In einem Gewächshaus aus Glas oder Plastik bleibt die Wärme drin. So können Pflanzen auch im Winter geschützt wachsen.,Im Gewächshaus ist es immer warm für Pflanzen.,Gewächshaus,,ok
koerper,1,Warum ist ein gesundes Frühstück wichtig?,"[""Es gibt dir Energie für den Tag"", ""Es macht dich sofort müde"", ""Es lässt dich schneller wachsen als alles andere"", ""Es ersetzt das Zähneputzen""]",Am Morgen ist dein Körper leer und braucht neue Energie. Ein gutes Frühstück hilft dir beim Lernen und Spielen.,Frühstück gibt dir Energie.,Frühstück,,ok
kt_SO,1,"Wie heisst die berühmte Schlucht bei Solothurn, wo eine Heilige gelebt haben soll?","[""Verenaschlucht"", ""Aareschlucht"", ""Rheinschlucht"", ""Höllschlucht""]",In der Verenaschlucht lebte der Legende nach die heilige Verena in einer Höhle. Heute ist es ein beliebter Ausflugsort mit Kapellen.,In der Verenaschlucht lebte einst die heilige Verena.,Verenaschlucht,,ok
natur,2,Was ist das Ozonloch?,"[""Eine starke Ausdünnung der schützenden Ozonschicht, vor allem über der Antarktis"", ""Ein Loch in der Erdkruste"", ""Ein Bereich ohne Wolken"", ""Ein Krater auf dem Mond""]",Bestimmte Chemikalien haben die Ozonschicht über der Antarktis stark geschwächt. Dadurch dringt mehr gefährliche UV-Strahlung bis zur Erde vor.,Das Ozonloch schwächt den UV-Schutz der Atmosphäre.,Ozonloch,,ok
kt_SO,1,"Wie heisst der bekannte Bergpass im Jura, der zum Kanton Solothurn gehört?","[""Passwang"", ""Gotthardpass"", ""Furkapass"", ""Simplonpass""]",Der Passwang liegt im Jura-Gebirge im Kanton Solothurn und ist bei Wanderern und Velofahrern beliebt. Von dort hat man eine tolle Aussicht auf die Berge.,Der Passwang ist ein Pass im Jura bei Solothurn.,Passwang,e:🚵‍♂️⛰️,ok
tiere,3,"Was untersucht die Forschung zu Spürhunden, die bestimmte Krankheiten wie Krebs erschnüffeln können?","[""Die aussergewöhnlich feine Geruchserkennung von Hunden für medizinische Diagnosen"", ""Dass Hunde Krankheiten heilen können"", ""Dass Hunde keine Krankheiten riechen können"", ""Dass nur Katzen solche Fähigkeiten haben""]","Hunde können durch ihren feinen Geruchssinn chemische Veränderungen wahrnehmen, die etwa bei bestimmten Krebserkrankungen im Körpergeruch auftreten. Solche Spürhunde werden in der medizinischen Forschung als mögliches Diagnosewerkzeug untersucht.",Hunde erschnüffeln manche Krankheiten.,Spürhund,,ok
physik,2,Was ist der Unterschied zwischen einer Reihenschaltung und einer Parallelschaltung?,"[""Bei der Reihenschaltung fliesst der Strom nur über einen Weg, bei der Parallelschaltung über mehrere Wege"", ""Beide sind genau gleich aufgebaut"", ""Bei der Reihenschaltung gibt es keinen Strom"", ""Parallelschaltungen brauchen keine Batterie""]","In einer Reihenschaltung sind alle Bauteile hintereinander verbunden, fällt eines aus, geht der ganze Kreis aus. In einer Parallelschaltung haben Bauteile eigene Wege, sodass sie unabhängig voneinander funktionieren.","Reihe: ein Weg, parallel: mehrere Wege.",Elektrische Schaltung,,ok
pol_diktatur,2,Wer war Pol Pot?,"[""Der Anführer der Roten Khmer in Kambodscha."", ""Ein Präsident der USA."", ""Ein UNO-Generalsekretär."", ""Ein französischer König.""]","Pol Pot regierte Kambodscha in den 1970er-Jahren. Unter seiner Herrschaft starben rund zwei Millionen Menschen durch Gewalt, Hunger und Zwangsarbeit.",Pol Pot verantwortete Millionen Tote.,Pol Pot,,ok
pol_welt,2,Was unterscheidet den Europäischen Wirtschaftsraum (EWR) von der EU?,"[""Der EWR erlaubt Zugang zum Binnenmarkt, ohne EU-Mitglied zu sein"", ""Der EWR hat eine eigene Armee"", ""Der EWR ist grösser als die EU"", ""Der EWR besteht nur aus der Schweiz""]","Länder wie Norwegen sind im EWR, ohne EU-Mitglied zu sein. Die Schweiz gehört weder zur EU noch zum EWR, hat aber eigene Verträge mit der EU.",Der EWR ermöglicht Marktzugang ohne EU-Beitritt.,Europäischer Wirtschaftsraum,,ok
tiere,3,Was ist bezüglich der Wirbelsäule bei Katzen besonders?,"[""sie hat mehr Wirbel als beim Menschen und macht die Katze besonders beweglich"", ""sie hat weniger Wirbel als beim Menschen"", ""sie ist starr wie bei einem Käfer"", ""sie besteht komplett aus Knorpel ohne Knochen""]","Katzen besitzen zusätzliche Wirbel im Rückenbereich und flexible Bandscheiben. Das macht ihre Wirbelsäule extrem beweglich, was für ihre Geschmeidigkeit sorgt.",Die Katzenwirbelsäule ist besonders beweglich.,Wirbelsäule,,ok
wissenschaft,2,Was ist eine Legierung?,"[""Eine Mischung aus zwei oder mehr Metallen"", ""Ein giftiges Gas"", ""Eine Art Kristall"", ""Ein biologischer Zellbaustein""]","Eine Legierung entsteht, wenn man verschiedene Metalle zusammenschmilzt, zum Beispiel Kupfer und Zinn zu Bronze. Legierungen haben oft andere Eigenschaften als die reinen Metalle.",Legierungen sind Mischungen aus Metallen.,Legierung,,ok
pol_demokratie,3,In welchen Gebieten der Schweiz dürfen ausländische Personen teilweise auf Gemeinde- oder Kantonsebene mitstimmen?,"[""In einigen Gemeinden der Westschweiz, etwa in den Kantonen Jura und Neuenburg"", ""In der ganzen Schweiz auf Bundesebene"", ""Nirgends in der Schweiz"", ""Nur in Zürich""]",Einzelne Kantone wie Neuenburg und Jura sowie einzelne Gemeinden gewähren ausländischen Personen unter bestimmten Bedingungen ein Stimmrecht auf kommunaler oder kantonaler Ebene.,Ausländerstimmrecht existiert vereinzelt lokal.,Ausländerstimmrecht in der Schweiz,,ok
tiere,3,Was beschreibt die Koevolution zwischen Blüten und ihren bestäubenden Insekten?,"[""Beide Arten entwickeln sich über lange Zeit aufeinander abgestimmt weiter"", ""Nur die Blüte verändert sich, das Insekt bleibt gleich"", ""Blüte und Insekt entwickeln sich völlig unabhängig voneinander"", ""Insekten und Blüten stehen in keiner Beziehung zueinander""]","Viele Blütenformen und Insektenkörper haben sich im Laufe der Evolution passgenau aneinander angepasst, etwa lange Rüssel für tiefe Blütenkelche. Davon profitieren beide: die Pflanze wird bestäubt, das Insekt erhält Nektar.",Blüten und Insekten entwickeln sich gemeinsam weiter.,Koevolution,,ok
pol_welt,3,Was kennzeichnete die Blockbildung während des Kalten Krieges?,"[""Die Welt teilte sich politisch in einen von den USA und einen von der Sowjetunion angeführten Block"", ""Alle Staaten der Welt schlossen sich zu einer einzigen Organisation zusammen"", ""Es gab keine militärischen Bündnisse mehr"", ""Die Schweiz führte einen der beiden Blöcke an""]","Während des Kalten Krieges standen sich der westliche, von den USA angeführte Block und der östliche, von der Sowjetunion angeführte Block gegenüber. Viele Länder, auch die Schweiz, versuchten sich neutral zu positionieren.",Der Kalte Krieg teilte die Welt in zwei Blöcke.,Kalter Krieg,,ok
pol_demokratie,3,"Gibt es in der Schweiz eine Pflicht, an Abstimmungen teilzunehmen?","[""Nein, Stimmen ist freiwillig, mit historischer Ausnahme im Kanton Schaffhausen"", ""Ja, überall Pflicht mit Busse"", ""Ja, aber nur für Männer"", ""Nein, es ist sogar verboten abzustimmen""]",In der Schweiz ist die Teilnahme an Abstimmungen grundsätzlich freiwillig. Einzig im Kanton Schaffhausen besteht traditionell eine Stimmpflicht.,"Abstimmen ist freiwillig, ausser in Schaffhausen.",Stimmpflicht,,ok
wissenschaft,2,"In welcher Stadt steht CERN, das grösste Forschungszentrum für Teilchenphysik der Welt?","[""Genf"", ""Zürich"", ""Bern"", ""Basel""]","CERN liegt an der Grenze zwischen der Schweiz und Frankreich, nahe Genf. Dort erforschen Wissenschaftlerinnen und Wissenschaftler mit einem riesigen Teilchenbeschleuniger den Aufbau der Materie.",CERN befindet sich bei Genf.,CERN,,ok
tiere,1,Wie viele Junge bekommt eine Katze meist pro Wurf?,"[""etwa 4 bis 6 Kätzchen"", ""etwa 1 Kätzchen"", ""etwa 15 Kätzchen"", ""etwa 20 Kätzchen""]",Eine Katze bringt meist zwischen vier und sechs Kätzchen gleichzeitig zur Welt. Die kleinen Kätzchen sind bei der Geburt noch blind.,Ein Wurf hat meist vier bis sechs Kätzchen.,Hauskatze,,ok
geld,2,"Was gilt, wenn Jugendliche unter 18 Jahren einen Vertrag wie ein Handyabo unterschreiben?","[""Sie brauchen meist die Zustimmung der Eltern, da Minderjährige nur beschränkt handlungsfähig sind"", ""Der Vertrag ist immer automatisch gültig"", ""Minderjährige dürfen gar keine Verträge unterschreiben"", ""Der Vertrag gilt nur, wenn er mündlich abgeschlossen wird""]","In der Schweiz sind Minderjährige nur beschränkt handlungsfähig, deshalb brauchen viele Verträge die Zustimmung der Eltern. Das schützt Jugendliche vor finanziellen Fallen.",Verträge brauchen oft Zustimmung der Eltern.,Handlungsfähigkeit (Schweiz),,ok
tiere,2,"Welcher Vogel überwintert oft in Afrika, brütet aber in der Schweiz und baut grosse Nester auf Dächern oder Masten?","[""Storch"", ""Spatz"", ""Amsel"", ""Taube""]",Der Weissstorch fliegt im Herbst nach Afrika und kehrt im Frühling zum Brüten zurück. Störche bauen grosse Nester auf Dächern oder Masten.,Störche ziehen jeden Winter fort.,Weissstorch,,ok
pol_welt,2,Was ist das Ziel des Pariser Klimaabkommens?,"[""Die Erderwärmung deutlich zu begrenzen"", ""Den Handel mit Autos zu verbieten"", ""Nur europäische Länder zu schützen"", ""Neue Grenzen festzulegen""]","Im Pariser Klimaabkommen haben sich fast alle Länder der Welt verpflichtet, den Klimawandel gemeinsam zu bekämpfen. Auch die Schweiz hat das Abkommen unterschrieben.",Das Pariser Abkommen begrenzt die Erderwärmung.,Übereinkommen von Paris,,ok
wissenschaft,3,Was versteht man unter Epigenetik?,"[""Die Erforschung, wie äussere Einflüsse die Genaktivität steuern, ohne die DNA-Sequenz zu verändern"", ""Die Lehre von der Vererbung äusserer Körpermerkmale"", ""Ein Teilgebiet der Astronomie"", ""Die Herstellung künstlicher Gene im Labor""]","Die Epigenetik untersucht, wie Umweltfaktoren wie Ernährung oder Stress steuern können, welche Gene ein- oder ausgeschaltet werden, ohne dass sich die DNA-Buchstaben selbst verändern. Solche Veränderungen können teilweise sogar vererbt werden.","Epigenetik steuert Gene, ohne DNA zu verändern.",Epigenetik,,ok
physik,2,Wofür wird eine Sammellinse zum Beispiel in einer Brille oder Kamera verwendet?,"[""Sie bündelt Lichtstrahlen auf einem Punkt"", ""Sie streut das Licht in alle Richtungen"", ""Sie verändert die Farbe des Lichts"", ""Sie blockiert das Licht komplett""]","Eine Sammellinse ist in der Mitte dicker als am Rand und lenkt parallele Lichtstrahlen so, dass sie sich in einem Brennpunkt treffen. So entstehen scharfe Bilder in Kameras oder auf der Netzhaut.",Sammellinsen bündeln Licht in einem Punkt.,Sammellinse,,ok
pol_demokratie,3,Wofür wird die Vereinigte Bundesversammlung unter anderem einberufen?,"[""Zur Wahl des Bundesrates und des Bundesgerichts"", ""Zur Wahl der Gemeindepräsidenten"", ""Nur bei Kriegserklärungen"", ""Bei jeder Volksabstimmung""]","Die Vereinigte Bundesversammlung wählt unter anderem die Mitglieder des Bundesrates, des Bundesgerichts und die Bundeskanzlerin oder den Bundeskanzler.",Sie wählt Bundesrat und Bundesgericht.,Vereinigte Bundesversammlung,,ok
kt_SO,1,Wie heisst ein bekannter alter Turm in der Altstadt von Solothurn?,"[""Riedholzturm"", ""Eiffelturm"", ""Fernsehturm Berlin"", ""Leuchtturm von Alexandria""]","Der Riedholzturm ist einer der alten Wehrtürme, die einst zur Stadtmauer von Solothurn gehörten. Er steht noch heute mitten in der Altstadt.",Der Riedholzturm gehörte zur alten Stadtmauer.,Riedholzturm,,ok
tiere,3,"Was beschreibt die Merle-Genvariante, die bei Rassen wie dem Border Collie vorkommt?","[""Eine Fellzeichnung mit gescheckten Flecken, die auch mit Augen- und Gehörproblemen zusammenhängen kann"", ""Eine Krankheit, die nur die Zähne betrifft"", ""Eine spezielle Trainingsmethode"", ""Eine Rasse, die nur in der Schweiz vorkommt""]","Das Merle-Gen bewirkt eine gescheckte, marmorierte Fellzeichnung und kann zu unterschiedlichen Augenfarben führen. Bei der Kreuzung von zwei Merle-Trägern besteht ein erhöhtes Risiko für Seh- und Hörschäden.","Merle beeinflusst Fell, Augen und Gehör.",Merle (Fellfarbe),,ok
natur,3,Was ist ein Exoplanet?,"[""Ein Planet ausserhalb unseres Sonnensystems"", ""Ein Planet ohne Mond"", ""Ein besonders kleiner Planet in unserem Sonnensystem"", ""Ein toter Stern""]",Exoplaneten umkreisen andere Sterne als unsere Sonne und wurden erst ab den 1990er-Jahren regelmässig entdeckt. Mittlerweile kennt man tausende solcher fernen Planeten.,Exoplaneten umkreisen fremde Sterne.,Exoplanet,,ok
bilder,1,Welches Tier hüpft mit kräftigen Hinterbeinen und trägt seine Jungen in einem Beutel?,"[""Känguru"", ""Hase"", ""Frosch"", ""Wallaby""]",Das Känguru lebt in Australien und kann mit seinen starken Beinen sehr weit springen. Die Jungen wachsen im Beutel der Mutter heran.,Känguru trägt Babys im Beutel.,Kängurus,e:🦘,ok
tiere,2,Wie viele Hunde sind ungefähr in der Schweizer Datenbank AMICUS registriert?,"[""Mehr als 500'000"", ""Etwa 5'000"", ""Etwa 5 Millionen"", ""Genau 100""]","In der Schweiz müssen alle Hunde registriert und mit Mikrochip versehen werden, was in der Datenbank AMICUS erfasst wird. Es sind mehrere Hunderttausend Hunde registriert.",AMICUS erfasst alle Schweizer Hunde.,AMICUS (Hunderegister),,ok
physik,3,"Was beschreibt der Dopplereffekt, den man zum Beispiel bei einem vorbeifahrenden Martinshorn hört?","[""Die wahrgenommene Frequenz einer Welle ändert sich durch die Bewegung von Quelle oder Beobachter"", ""Schall wird in der Luft immer langsamer, je weiter er sich entfernt"", ""Laute Geräusche klingen automatisch höher als leise"", ""Schallwellen kehren ihre Richtung um, sobald sie ein Ohr erreichen""]","Nähert sich eine Schallquelle, werden die Wellen gestaucht und der Ton klingt höher. Entfernt sie sich, werden die Wellen gedehnt und der Ton klingt tiefer.",Bewegung verändert die wahrgenommene Tonhöhe.,Dopplereffekt,,ok
tiere,3,Welche Faktoren gelten als Hauptursachen für das weltweite Insektensterben?,"[""Lebensraumverlust, Pestizide und Monokulturen"", ""Nur zu viel Regen"", ""Nur zu kalte Winter"", ""Ausschliesslich natürliche Zyklen""]",Vor allem die intensive Landwirtschaft mit Pestizideinsatz und der Verlust von Wildblumenwiesen setzen Insekten stark zu. Auch Lichtverschmutzung und Klimawandel spielen eine Rolle.,Pestizide und Lebensraumverlust bedrohen Insekten.,Insektensterben,,ok
physik,2,"Was passiert mit der Fallgeschwindigkeit von Gegenständen, wenn kein Luftwiderstand wirkt?","[""Alle Gegenstände fallen gleich schnell"", ""Schwere Gegenstände fallen immer schneller"", ""Leichte Gegenstände fallen immer schneller"", ""Gegenstände fallen gar nicht""]","Ohne Luftwiderstand beschleunigt die Schwerkraft alle Körper gleich stark, egal wie schwer sie sind. Das kann man zum Beispiel im Vakuum beobachten, wenn eine Feder und ein Hammer gleich schnell fallen.",Im Vakuum fallen alle Dinge gleich schnell.,Freier Fall,,ok
koerper,2,"Wie heisst das Organ im Innenohr, das für dein Gleichgewicht zuständig ist?","[""Das Gleichgewichtsorgan (Vestibularorgan)"", ""Das Trommelfell"", ""Die Hörschnecke allein"", ""Der Gehörgang""]","Im Innenohr sitzt neben der Hörschnecke das Gleichgewichtsorgan. Es meldet dem Gehirn, wie dein Kopf im Raum steht.",Im Innenohr sitzt dein Gleichgewichtssinn.,Gleichgewichtssinn,,ok
tiere,1,Ist ein Hund ein reiner Fleischfresser oder frisst er auch andere Sachen?,"[""Er ist ein Allesfresser und frisst auch Pflanzliches"", ""Er frisst ausschliesslich Fleisch"", ""Er frisst nur Gras"", ""Er frisst nur Fisch""]","Hunde gelten wissenschaftlich als Allesfresser, denn sie können auch Getreide, Gemüse und andere pflanzliche Stoffe verdauen. Trotzdem brauchen sie einen grossen Anteil an tierischem Eiweiss.",Hunde fressen Fleisch und Pflanzliches.,Hund,,ok
tiere,1,Von welchem wilden Tier stammt der Hund ursprünglich ab?,"[""Vom Wolf"", ""Vom Fuchs"", ""Vom Bären"", ""Von der Katze""]",Der Haushund stammt vom Wolf ab. Menschen haben ihn vor sehr langer Zeit zum Haustier gemacht.,Der Hund stammt vom Wolf ab.,Wolf,,ok
pol_demokratie,1,Was ist eine Vorlage bei einer Abstimmung?,"[""Eine Frage, über die man entscheidet"", ""Ein Geschenk vom Staat"", ""Ein Schulfach"", ""Eine Speisekarte""]","Eine Vorlage ist das Thema, über das die Stimmberechtigten Ja oder Nein sagen können, zum Beispiel ein neues Gesetz.",Eine Vorlage ist das Abstimmungsthema.,Volksabstimmung,,ok
natur,1,Wie viele Ecken hat eine Schneeflocke meistens?,"[""Sechs"", ""Vier"", ""Acht"", ""Drei""]",Wassermoleküle ordnen sich beim Gefrieren zu sechseckigen Mustern an. Deshalb sehen Schneeflocken oft sternförmig aus.,Schneeflocken haben meist sechs Ecken.,Schneeflocke,,ok
pol_demokratie,3,"Was macht der Bundesrat vor einer Abstimmung, um seine Haltung bekannt zu machen?","[""Er gibt eine offizielle Abstimmungsempfehlung ab"", ""Er entscheidet, wer abstimmen darf"", ""Er zählt die Stimmen selbst aus"", ""Er verbietet Gegenkampagnen""]","Der Bundesrat äussert sich zu jeder Vorlage mit einer Empfehlung, ob man ja oder nein stimmen soll. Diese Empfehlung steht auch im Abstimmungsbüchlein.",Der Bundesrat empfiehlt Ja oder Nein.,Abstimmungsbüchlein,,ok
pol_welt,1,In welcher Schweizer Stadt hat der Weltpostverein seinen Sitz?,"[""Bern"", ""Genf"", ""Zürich"", ""Luzern""]","Der Weltpostverein sorgt dafür, dass Briefe und Pakete von einem Land ins andere geschickt werden können. Seinen Sitz hat er in Bern, der Hauptstadt der Schweiz.",Der Weltpostverein sitzt in Bern.,Weltpostverein,,ok
geld,3,Was ist die Quellensteuer?,"[""Eine Steuer, die direkt vom Lohn abgezogen wird, meist bei ausländischen Arbeitnehmenden ohne Niederlassungsbewilligung"", ""Eine Steuer nur auf Trinkwasser"", ""Eine freiwillige Zusatzsteuer für Reiche"", ""Eine Steuer, die man am Jahresende selbst überweist""]","Bei der Quellensteuer wird die Steuer direkt vom Arbeitgeber vom Lohn abgezogen und an den Staat überwiesen, statt dass die Person selbst eine Steuererklärung ausfüllt. Das betrifft in der Schweiz vor allem ausländische Arbeitnehmende ohne Niederlassungsbewilligung C.",Quellensteuer wird direkt abgezogen.,Quellensteuer,,ok
physik,2,Wie funktioniert eine Wärmepumpe im Grundprinzip?,"[""Sie entzieht der Umgebung Wärme und gibt sie im Haus wieder ab"", ""Sie erzeugt Wärme direkt aus elektrischem Strom durch Verbrennung"", ""Sie pumpt heisses Wasser aus dem Meer ins Haus"", ""Sie speichert Sonnenlicht in einer Batterie""]","Eine Wärmepumpe nimmt Wärme aus der Luft, dem Boden oder dem Grundwasser auf, auch wenn diese kühl sind. Mit wenig elektrischem Strom wird diese Wärme dann auf eine höhere Temperatur gebracht und ins Haus geleitet.",Wärmepumpen holen Wärme aus der Umgebung.,Wärmepumpe,,ok
physik,1,Warum ist ein voller Einkaufswagen schwerer zu schieben als ein leerer?,"[""Weil er mehr Masse hat"", ""Weil er kleiner ist"", ""Weil er aus Holz ist"", ""Weil er leuchtet""]","Je mehr Masse etwas hat, desto mehr Kraft brauchst du, um es zu bewegen. Ein voller Wagen wiegt einfach mehr als ein leerer.",Mehr Masse braucht mehr Kraft.,Masse (Physik),,ok
tiere,3,Welche Aussage zum Riechvermögen von Spürhunden bei Zoll oder Polizei trifft am ehesten zu?,"[""Sie können kleinste Spuren bestimmter Substanzen aus einem komplexen Geruchsgemisch herausfiltern"", ""Sie riechen grundsätzlich schlechter als Menschen"", ""Sie erkennen ausschliesslich sichtbare Objekte"", ""Spürhunde arbeiten hauptsächlich mit dem Gehör""]","Dank ihrer extrem feinen Nase können ausgebildete Spürhunde selbst winzige Spuren von Drogen, Sprengstoff oder anderen Substanzen inmitten vieler anderer Gerüche erkennen. Diese Fähigkeit macht sie für Zoll- und Polizeiarbeit sehr wertvoll.",Spürhunde filtern Gerüche extrem genau heraus.,Spürhund,,ok
pol_welt,2,"Was macht die Welthandelsorganisation (WTO), deren Sitz in Genf ist?","[""Sie legt Regeln für den internationalen Handel fest"", ""Sie organisiert Weltraumreisen"", ""Sie kontrolliert das Klima"", ""Sie verwaltet Schulnoten""]",Die WTO sorgt für gemeinsame Handelsregeln zwischen Ländern und schlichtet Handelsstreitigkeiten. Ihr Hauptsitz liegt in Genf.,Die WTO regelt den Welthandel.,Welthandelsorganisation,,ok
physik,3,"Was beschreibt das Bernoulli-Prinzip, das unter anderem erklärt, wie Flugzeugflügel Auftrieb erzeugen?","[""In einer schneller strömenden Flüssigkeit oder Gas herrscht ein geringerer Druck"", ""Schnell strömende Flüssigkeiten haben immer den höchsten Druck"", ""Druck und Geschwindigkeit einer Strömung stehen in keinem Zusammenhang"", ""Strömungen werden mit steigender Geschwindigkeit automatisch wärmer""]","Strömt Luft schneller über die gewölbte Oberseite eines Flügels als unter der flacheren Unterseite, entsteht oben ein geringerer Druck. Dieser Druckunterschied erzeugt eine Kraft, die den Flügel nach oben drückt.",Schnellere Strömung bedeutet weniger Druck.,Bernoulli-Gleichung,,ok
tiere,1,Was frisst ein Hund normalerweise am liebsten?,"[""Fleisch"", ""Nur Salat"", ""Nur Zucker"", ""Nur Gras""]","Hunde sind von Natur aus eher fleischfressend, auch wenn sie heute meist ausgewogenes Hundefutter bekommen. Ihre Zähne sind gut zum Kauen von Fleisch geeignet.",Hunde mögen Fleisch besonders gern.,Hund,,ok
pol_diktatur,3,Welches internationale Gericht kann Verantwortliche für Verbrechen gegen die Menschlichkeit verurteilen?,"[""Der Internationale Strafgerichtshof"", ""Der Internationale Fussballverband"", ""Der Sicherheitsrat der UNO allein"", ""Das Rote Kreuz""]","Der Internationale Strafgerichtshof (IStGH) in Den Haag verfolgt Einzelpersonen wegen Völkermord, Kriegsverbrechen und Verbrechen gegen die Menschlichkeit. Er wurde 2002 gegründet.",Der IStGH verurteilt schwerste Verbrechen.,Internationaler Strafgerichtshof,,ok
tiere,2,Welches Nagetier Europas kann fast einen Meter lang werden und flache Bäume fällen?,"[""Der Biber"", ""Die Ratte"", ""Das Eichhörnchen"", ""Der Hamster""]",Der Biber ist das grösste Nagetier Europas. Mit seinen scharfen Nagezähnen fällt er sogar dicke Baumstämme.,Der Biber ist Europas grösstes Nagetier.,Europäischer Biber,,ok
koerper,1,Womit siehst du die Welt um dich herum?,"[""Mit den Augen"", ""Mit den Ohren"", ""Mit der Nase"", ""Mit den Füssen""]",Die Augen fangen Licht ein und wandeln es in Bilder um. Dein Gehirn setzt diese Bilder dann zusammen.,Augen sind unsere Fenster zur Welt.,Auge,,ok
rel_andere,1,Welche Farbe tragen buddhistische Mönche in vielen Ländern oft?,"[""Orange"", ""Blau"", ""Grün"", ""Schwarz""]",In vielen buddhistischen Ländern tragen Mönche orangefarbene oder safranfarbene Gewänder. Diese Farbe hat eine lange Tradition.,Buddhistische Mönche tragen oft orange Gewänder.,Mönch (Buddhismus),,ok
wissenschaft,2,Wer entwickelte um 1800 die erste funktionierende elektrische Batterie?,"[""Alessandro Volta"", ""Michael Faraday"", ""James Watt"", ""Isaac Newton""]","Der Italiener Alessandro Volta baute die Voltasche Säule, die erste Batterie, die dauerhaft elektrischen Strom liefern konnte. Nach ihm ist die Einheit Volt benannt.",Volta erfand die erste Batterie.,Alessandro Volta,,ok
tiere,1,Welches kleine Tier trägt oft schwarze Punkte auf roten Flügeln und bringt angeblich Glück?,"[""Marienkäfer"", ""Ameise"", ""Wespe"", ""Grille""]","Der Marienkäfer ist ein kleiner Käfer, meist rot mit schwarzen Punkten. Er frisst gerne Blattläuse und hilft so im Garten.",Der Marienkäfer bringt Glück.,Marienkäfer,,ok
wissenschaft,1,Warum können wir uns in einem Spiegel sehen?,"[""Weil Licht vom Spiegel zurückgeworfen wird"", ""Weil der Spiegel Wärme erzeugt"", ""Weil der Spiegel durchsichtig ist"", ""Weil unsere Augen leuchten""]",Licht fällt auf unser Gesicht und wird von der glatten Spiegelfläche zurück in unsere Augen geworfen. So entsteht das Spiegelbild.,Spiegel werfen Licht zurück.,Reflexion (Physik),,ok
tiere,1,Welches Tier ruft nachts «Uhu» und kann seinen Kopf sehr weit drehen?,"[""Eule"", ""Fledermaus"", ""Rabe"", ""Specht""]","Die Eule ist ein nachtaktiver Vogel, der sehr gut sehen und hören kann. Sie kann ihren Kopf fast ganz um sich drehen.",Die Eule jagt in der Nacht.,Eulen,,ok
natur,1,Was ist die Antarktis?,"[""Ein sehr kalter Kontinent am Südpol"", ""Ein warmer Kontinent am Äquator"", ""Ein Planet im Weltall"", ""Ein Ozean beim Nordpol""]",Die Antarktis liegt am Südpol der Erde und ist grösstenteils mit dickem Eis bedeckt. Dort ist es fast immer sehr kalt.,Die Antarktis liegt am Südpol und ist eisig kalt.,Antarktika,,ok
koerper,2,"Was bestimmt, welche Blutgruppe (A, B, AB oder 0) ein Mensch hat?","[""Bestimmte Merkmale auf der Oberfläche der roten Blutkörperchen"", ""Die Augenfarbe"", ""Das Körpergewicht"", ""Die Anzahl Knochen""]",Auf roten Blutkörperchen sitzen bestimmte Eiweisse. Ihre Kombination legt die Blutgruppe fest.,Blutgruppen entstehen durch Eiweisse im Blut.,Blutgruppe,,ok
koerper,2,"Was zeigt der Puls an, den man am Handgelenk fühlen kann?","[""Wie oft das Herz pro Minute schlägt"", ""Wie stark die Muskeln sind"", ""Wie gut man riechen kann"", ""Wie viel man gegessen hat""]",Bei jedem Herzschlag fliesst eine Blutwelle durch die Arterien. Diese kannst du als Puls fühlen und zählen.,Der Puls zeigt deinen Herzschlag.,Puls,,ok
pol_demokratie,2,Was ist ein Halbkanton?,"[""Ein Kanton, der historisch nur eine halbe Standesstimme hat"", ""Ein Kanton ohne Regierung"", ""Eine Gemeinde in einem Kanton"", ""Ein Kanton ohne Bevölkerung""]","Früher unterschied man Voll- und Halbkantone, wobei Halbkantone beim Ständemehr nur eine halbe Standesstimme hatten, etwa Basel-Stadt und Basel-Landschaft.",Halbkantone hatten eine halbe Standesstimme.,Halbkanton,,ok
tiere,2,"Warum haben Katzen eine senkrechte, schlitzförmige Pupille?","[""sie kann das einfallende Licht besonders präzise regulieren"", ""sie sieht damit nur schwarz-weiss"", ""sie schützt vor Regen"", ""sie lässt die Katze im Dunkeln leuchten""]",Die schlitzförmige Pupille kann sich sehr schnell und stark weiten oder verengen. So kann die Katze sowohl bei grellem Tageslicht als auch in der Dämmerung gut sehen.,Schlitzpupillen regeln den Lichteinfall genau.,Pupille,,ok
natur,1,Was ist Frost?,"[""Wenn Wasser auf dem Boden gefriert"", ""Wenn die Sonne besonders stark scheint"", ""Wenn es stark regnet"", ""Wenn ein starker Wind weht""]","Frost entsteht, wenn die Temperatur unter null Grad fällt und Feuchtigkeit auf dem Boden oder auf Pflanzen zu Eis wird. Man erkennt ihn oft an weissen, glitzernden Flächen am Morgen.",Frost ist gefrorenes Wasser am Boden.,Frost,,ok
tiere,1,Was macht das Eichhörnchen im Herbst mit Nüssen und Samen?,"[""Es versteckt sie als Wintervorrat"", ""Es frisst sie sofort alle auf"", ""Es verkauft sie an andere Tiere"", ""Es baut daraus sein Nest""]",Das Eichhörnchen vergräbt Nüsse an vielen Orten und findet im Winter einige davon wieder. Manche vergessene Nüsse werden so zu neuen Bäumen.,Eichhörnchen sammeln Vorräte für den Winter.,Eichhörnchen,,ok
koerper,2,Welches Organ produziert das Hormon Insulin?,"[""Die Bauchspeicheldrüse"", ""Die Leber"", ""Die Niere"", ""Die Milz""]","Die Bauchspeicheldrüse stellt Insulin her, das den Blutzuckerspiegel senkt. Sie produziert auch Verdauungsenzyme.",Insulin kommt aus der Bauchspeicheldrüse.,Bauchspeicheldrüse,,ok
bilder,1,Welche Farbe hat das Kreuz auf der Schweizer Flagge?,"[""weiss"", ""rot"", ""blau"", ""gelb""]",Auf der Schweizer Flagge ist ein weisses Kreuz auf rotem Grund zu sehen. Sie gehört zu den ältesten Flaggen der Welt.,"Weisses Kreuz, roter Grund – die Schweiz.",Schweizer Flagge,,ok
tiere,1,Was frisst eine Katze am liebsten?,"[""Fleisch"", ""nur Gras"", ""nur Früchte"", ""nur Brot""]","Katzen sind reine Fleischfresser und brauchen tierisches Eiweiss, um gesund zu bleiben. Pflanzen allein reichen ihnen nicht.",Katzen sind reine Fleischfresser.,Hauskatze,,ok
koerper,3,Welche Funktion hat die Blut-Hirn-Schranke?,"[""Sie schützt das Gehirn vor schädlichen Stoffen im Blut"", ""Sie pumpt Blut ins Gehirn"", ""Sie produziert Nervenzellen"", ""Sie steuert die Atmung direkt""]",Die Blut-Hirn-Schranke ist eine besondere Barriere in den Blutgefässen des Gehirns. Sie lässt nur bestimmte Stoffe zum empfindlichen Nervengewebe durch.,Die Blut-Hirn-Schranke schützt dein Gehirn.,Blut-Hirn-Schranke,,ok
tiere,1,Was ist der Unterschied zwischen einer Wespe und einer Biene beim Stechen?,"[""Die Wespe kann mehrmals stechen, die Biene meist nur einmal"", ""Nur die Biene kann stechen"", ""Nur die Wespe kann stechen"", ""Beide können gar nicht stechen""]","Der Stachel der Biene bleibt in der Haut stecken, danach stirbt die Biene meistens. Die Wespe hat einen glatten Stachel und kann öfter zustechen.","Wespen können mehrfach stechen, Bienen meist nur einmal.",Wespen,,ok
natur,3,Was bezeichnet man als Kryosphäre der Erde?,"[""Alle gefrorenen Wasserbereiche wie Eis, Schnee und Permafrost"", ""Die obere Schicht der Atmosphäre"", ""Alle Wüstenregionen der Erde"", ""Die Gesamtheit der Wolken""]","Zur Kryosphäre gehören Gletscher, Meereis, Schneeflächen und gefrorene Böden. Sie spielt eine wichtige Rolle im globalen Klimasystem, unter anderem durch ihre hohe Albedo.",Kryosphäre umfasst alle gefrorenen Wasserbereiche.,Kryosphäre,,ok
tiere,3,Was ist das Besondere an der Fortpflanzungsstrategie des Clownfischs in Bezug auf den Geschlechterwechsel?,"[""Er kann im Laufe seines Lebens von männlich zu weiblich wechseln (Protandrie)"", ""Er wechselt täglich das Geschlecht"", ""Er pflanzt sich ungeschlechtlich fort"", ""Alle Clownfische sind weiblich geboren""]","Clownfische leben in Gruppen, in denen nur das grösste Tier weiblich ist. Stirbt das Weibchen, wandelt sich das dominanteste Männchen zum Weibchen um – dieses Phänomen nennt man Protandrie.",Der grösste Clownfisch wird zum Weibchen.,Anemonenfische,,ok
rel_andere,1,Welches Symbol steht für das Christentum?,"[""Das Kreuz"", ""Der Halbmond"", ""Der Davidstern"", ""Das Rad""]",Das Kreuz erinnert an den Tod von Jesus am Kreuz. Man findet es auf vielen Kirchen und in christlichen Familien.,Das Kreuz ist das Zeichen des Christentums.,Kreuz (Christentum),,ok
bilder,1,Welches Tier hat ein dickes Fell und lebt im ewigen Eis der Arktis?,"[""Eisbär"", ""Pinguin"", ""Robbe"", ""Walross""]","Der Eisbär ist das grösste an Land lebende Raubtier und wohnt in der Arktis, nicht am Südpol. Sein dickes Fell und die Fettschicht schützen ihn vor der Kälte.",Der Eisbär lebt im arktischen Eis.,Eisbär,,ok
natur,1,"Was benötigt ein Samen, um zu keimen?","[""Wasser, Wärme und Erde"", ""Nur Sonnenlicht"", ""Nur kalte Luft"", ""Nur Wind""]","Ein Samen braucht Feuchtigkeit und Wärme, damit er zu sprriessen beginnt. In der Erde findet er zudem Halt und Nährstoffe.","Samen brauchen Wasser, Wärme und Erde.",Samen (Pflanze),,ok
pol_demokratie,2,Was ist eine Standesinitiative?,"[""Ein Kanton fordert damit beim Bund ein neues Gesetz oder eine Verfassungsänderung"", ""Eine Volksabstimmung in einem Kanton"", ""Eine Initiative nur von Jugendlichen"", ""Ein Referendum der Gemeinden""]","Mit einer Standesinitiative kann ein Kanton dem Bund einen Vorschlag machen. Das Parlament entscheidet dann, ob es darauf eingeht.",Ein Kanton kann mit einer Standesinitiative Vorschläge machen.,Standesinitiative,,ok
physik,1,"Wie heisst das kleine Gerät am Velo, das aus der Bewegung des Rads Strom fürs Licht macht?","[""Dynamo"", ""Akku"", ""Generator-Motor"", ""Sicherung""]","Ein Dynamo wandelt die Drehbewegung des Rades in elektrischen Strom um. So leuchtet das Velolicht, ohne dass eine Batterie nötig ist.",Der Dynamo macht aus Bewegung Strom.,Fahrraddynamo,,ok
pol_welt,1,In welchem Jahr wurde die UNO gegründet?,"[""1945"", ""1918"", ""1989"", ""2000""]","Die UNO wurde nach dem Zweiten Weltkrieg gegründet, damit Länder gemeinsam für Frieden sorgen. Seither arbeiten viele Staaten in der Organisation zusammen.",Die UNO gibt es seit 1945.,Vereinte Nationen,,ok
bilder,3,Welche Organisation verwendet als Schutzzeichen ein rotes Kreuz auf weissem Grund – die umgekehrten Farben der Schweizer Flagge?,"[""Rotes Kreuz"", ""Blaues Kreuz"", ""UNO"", ""Weltgesundheitsorganisation""]",Das Zeichen des Roten Kreuzes wurde 1863 in Genf geschaffen und ist die umgekehrte Schweizer Flagge als Ehrerbietung an das Gründungsland. Es dient weltweit als neutrales Schutzzeichen im Krieg.,Das Rote Kreuz ist die umgekehrte Schweizer Flagge.,Rotes Kreuz (Zeichen),,ok
wissenschaft,1,"Wo arbeiten Forschende oft, um Experimente zu machen?","[""Im Labor"", ""In der Küche"", ""Im Wald"", ""Im Schwimmbad""]","Ein Labor ist ein spezieller Raum mit Geräten, in dem Forschende Experimente durchführen. Dort können sie sicher testen und untersuchen.",Im Labor werden Experimente gemacht.,Labor,,ok
tiere,2,Welches Tier der Alpen ist besonders wendig und springt geschickt über steile Felsen?,"[""Die Gämse"", ""Der Steinbock"", ""Das Murmeltier"", ""Der Fuchs""]",Die Gämse hat kleine gebogene Hörner und kann dank ihrer Hufe blitzschnell über schroffe Felsen klettern. Sie ist deutlich leichter und schneller als der Steinbock.,Die Gämse ist eine flinke Felsenkletterin.,Gämse,,ok
physik,1,"Was passiert, wenn du eine Metallfeder zusammendrückst und dann loslässt?","[""Sie springt zurück in ihre ursprüngliche Form"", ""Sie bleibt für immer zusammengedrückt"", ""Sie verschwindet"", ""Sie wird zu einem Magneten""]","Eine Feder ist elastisch, sie speichert beim Zusammendrücken Energie. Lässt du sie los, gibt sie diese Energie wieder ab und springt zurück.",Federn speichern Kraft und geben sie zurück.,Feder (Technik),,ok
pol_kommunismus,2,Was war der 'Holodomor'?,"[""Eine von der Sowjetregierung mitverursachte Hungersnot in der Ukraine in den 1930er-Jahren"", ""Ein Fest zur Feier der Oktoberrevolution"", ""Ein sowjetisches Weltraumprogramm"", ""Ein Handelsabkommen zwischen Ost und West""]",In den frühen 1930er-Jahren starben Millionen Menschen in der Ukraine an einer Hungersnot. Sie wurde durch die Zwangskollektivierung der Landwirtschaft und die Politik Stalins massgeblich verschärft.,Holodomor: Hungersnot in der Ukraine.,Holodomor,,ok
bilder,2,Wie viele goldene Sterne zeigt die Flagge der Europäischen Union?,"[""12"", ""15"", ""27"", ""10""]","Die EU-Flagge zeigt zwölf goldene Sterne im Kreis auf blauem Grund, unabhängig von der Anzahl der Mitgliedsstaaten. Zwölf steht für Vollständigkeit und Einheit.",Die EU-Flagge hat immer 12 Sterne.,Europaflagge,,ok
wissenschaft,1,"Wie heisst der Stern, der uns Licht und Wärme gibt?","[""Die Sonne"", ""Der Mond"", ""Der Mars"", ""Ein Komet""]","Die Sonne ist ein riesiger, heisser Stern in der Mitte unseres Sonnensystems. Sie spendet der Erde Licht und Wärme.",Die Sonne ist unser wichtigster Stern.,Sonne,,ok
pol_kommunismus,2,Was geschah 1956 in Ungarn?,"[""Ein Volksaufstand gegen die kommunistische Regierung wurde von sowjetischen Truppen niedergeschlagen"", ""Ungarn wurde vom Kommunismus befreit"", ""Ungarn trat der NATO bei"", ""Die Berliner Mauer wurde gebaut""]","Im Herbst 1956 erhoben sich viele Menschen in Ungarn gegen die kommunistische Herrschaft. Die Sowjetunion schickte Panzer, um den Aufstand zu beenden.",1956: Ungarnaufstand von Sowjets niedergeschlagen.,Ungarischer Volksaufstand,,ok
pol_diktatur,3,Was bezeichnet der Begriff «Schmutziger Krieg» in Argentinien?,"[""Die staatliche Verfolgung und Ermordung vermeintlicher Regierungsgegner durch die Militärdiktatur."", ""Einen Fussballskandal."", ""Einen Grenzkonflikt mit Chile."", ""Eine Umweltkatastrophe.""]","Während der argentinischen Militärdiktatur (1976–1983) wurden im «Schmutzigen Krieg» tausende Menschen verhaftet, gefoltert und getötet. Viele der Opfer, die «Verschwundenen», wurden nie gefunden.",Der Schmutzige Krieg forderte tausende Opfer.,Militärdiktatur in Argentinien,,ok
pol_demokratie,1,"Was bedeutet ""Mehrheit""?","[""Mehr als die Hälfte hat gleich entschieden"", ""Alle sind einverstanden"", ""Weniger als die Hälfte hat entschieden"", ""Niemand hat abgestimmt""]","Bei einer Mehrheit stimmen mehr als die Hälfte der Leute für dasselbe. So wird bei Abstimmungen entschieden, was gilt.",Mehrheit heisst: mehr als die Hälfte.,Mehrheit (Abstimmung),,ok
geld,2,Warum verlangen Banken manchmal Gebühren für ein Konto?,"[""Weil die Bank für die Kontoführung und Dienstleistungen Kosten hat"", ""Weil Konten sonst kostenlos unbegrenzt Geld geben würden"", ""Weil das gesetzlich so vorgeschrieben ist"", ""Weil Gebühren automatisch ins Sparkonto fliessen""]","Banken bieten Dienstleistungen wie Karten, Online-Banking oder Beratung an, wofür Kosten entstehen. Diese werden teilweise über Kontogebühren gedeckt.",Bankgebühren decken Dienstleistungskosten.,Bankkonto,,ok
pol_demokratie,3,Was besagt das «doppelte Mehr» bei einer Änderung der Bundesverfassung?,"[""Es braucht sowohl die Mehrheit der Stimmenden als auch die Mehrheit der Kantone"", ""Es braucht doppelt so viele Stimmen wie üblich"", ""Jeder Kanton stimmt zweimal ab"", ""Nur der Bundesrat entscheidet doppelt""]",Für Verfassungsänderungen genügt eine einfache Mehrheit der Stimmenden nicht. Zusätzlich muss auch die Mehrheit der Kantone zustimmen.,Verfassung ändern braucht Volks- und Ständemehr.,Doppeltes Mehr,,ok
natur,2,Was ist der Grosse Rote Fleck auf dem Jupiter?,"[""Ein riesiger, jahrhundertealter Sturm"", ""Ein Vulkan auf der Oberfläche"", ""Ein Einschlagkrater"", ""Ein Ozean aus Lava""]","Der Grosse Rote Fleck ist ein gewaltiger Wirbelsturm in der Jupiteratmosphäre, der grösser als die Erde ist. Er wird schon seit Jahrhunderten beobachtet.",Der Grosse Rote Fleck ist ein gigantischer Sturm auf Jupiter.,Grosser Roter Fleck,,ok
wissenschaft,1,"Wie nennt man Menschen, die etwas genau untersuchen und erforschen?","[""Forschende"", ""Bäcker"", ""Sportler"", ""Musiker""]","Forschende, auch Wissenschaftlerinnen und Wissenschaftler genannt, untersuchen die Welt, um Neues herauszufinden. Sie stellen Fragen und suchen nach Antworten.",Forschende suchen nach neuen Antworten.,Wissenschaftler,,ok
pol_welt,2,Was war das Ziel des Kyoto-Protokolls?,"[""Die Länder zur Reduktion von Treibhausgasen zu verpflichten"", ""Die Grenzen zwischen Staaten neu zu ziehen"", ""Den Welthandel mit Öl zu regeln"", ""Den Frieden zwischen Japan und den USA zu sichern""]","Das Kyoto-Protokoll war eine internationale Vereinbarung, mit der Industriestaaten ihre Treibhausgasemissionen senken sollten. Es war ein wichtiger Vorläufer des späteren Pariser Klimaabkommens.",Kyoto verpflichtete Staaten zum Klimaschutz.,Kyoto-Protokoll,,ok
tiere,3,Was versteht man unter Polydaktylie bei Katzen?,"[""eine Genvariante, die zu mehr Zehen an den Pfoten führt"", ""eine Krankheit der Augen"", ""eine besondere Fellfarbe"", ""eine Fortpflanzungsstörung""]","Polydaktylie ist eine erbliche Genvariante, die dazu führt, dass Katzen mehr Zehen als üblich an einer oder mehreren Pfoten haben. Diese Katzen werden umgangssprachlich manchmal «Hemingway-Katzen» genannt.",Polydaktylie bedeutet zusätzliche Zehen bei Katzen.,Polydaktylie,,ok
wissenschaft,3,Was ist eine kovalente Bindung?,"[""Eine chemische Bindung, bei der Atome sich Elektronen teilen"", ""Eine Bindung nur zwischen Metallen"", ""Eine Bindung, die nur bei Gasen vorkommt"", ""Eine rein physikalische Anziehungskraft""]","Bei einer kovalenten Bindung teilen sich zwei Atome ein oder mehrere Elektronenpaare, um eine stabile Verbindung zu bilden. Ein Beispiel ist die Bindung in einem Wassermolekül.",Kovalente Bindungen teilen Elektronen.,Kovalente Bindung,,ok
tiere,2,Welches Tier kann seine Hautfarbe blitzschnell an die Umgebung anpassen?,"[""Chamäleon"", ""Gecko"", ""Leguan"", ""Salamander""]","Das Chamäleon besitzt spezielle Hautzellen, mit denen es seine Farbe wechseln kann. Das dient der Tarnung und der Kommunikation mit anderen Chamäleons.",Das Chamäleon wechselt schnell die Farbe.,Chamäleons,,ok
geld,1,"Deine Familie plant einen Ausflug und überlegt, wie viel Geld dafür da ist. Wie nennt man so einen Plan?","[""Budget"", ""Sparschwein"", ""Rechnung"", ""Konto""]","Ein Budget ist ein Plan, wie viel Geld man für etwas ausgeben möchte oder kann. So verplant man das Geld nicht falsch.",Ein Budget plant das Geld voraus.,Budget,,ok
tiere,2,Warum können Katzen auch bei sehr wenig Licht noch gut sehen?,"[""eine spezielle Schicht im Auge (Tapetum lucidum) verstärkt das Licht"", ""ihre Augen leuchten von selbst"", ""sie riechen die Umgebung ab und brauchen kein Licht"", ""ihre Pupillen sind immer rund""]","Hinter der Netzhaut liegt bei Katzen eine spiegelnde Schicht, das Tapetum lucidum. Sie wirft einfallendes Licht zurück und verbessert so das Nachtsehen erheblich.",Das Tapetum lucidum verbessert das Nachtsehen.,Tapetum lucidum,,ok
tiere,3,Was beschreibt der Begriff «Fitness» in der Evolutionsbiologie bei Tieren?,"[""Die Fähigkeit, erfolgreich Nachkommen zu erzeugen und deren Überleben zu sichern"", ""Die körperliche Kondition und Muskelkraft eines Tieres"", ""Die Schnelligkeit beim Laufen"", ""Die Grösse eines Tieres im Vergleich zu Artgenossen""]","In der Evolutionsbiologie bedeutet Fitness nicht körperliche Fitness, sondern den relativen Fortpflanzungserfolg eines Individuums. Wer mehr überlebensfähige Nachkommen hinterlässt, hat eine höhere Fitness.",Fitness heisst: viele überlebende Nachkommen.,Fitness (Biologie),,ok
physik,3,Was ist die zentrale Aussage der speziellen Relativitätstheorie von Einstein?,"[""Die Lichtgeschwindigkeit im Vakuum ist für alle Beobachter gleich, Zeit und Raum sind relativ"", ""Zeit vergeht für alle Menschen im Universum exakt gleich schnell"", ""Schwerkraft existiert in der Relativitätstheorie nicht"", ""Masse und Energie haben nichts miteinander zu tun""]","Einstein zeigte, dass die Lichtgeschwindigkeit im Vakuum immer gleich gross ist, egal wie schnell sich Beobachter bewegen. Daraus folgt, dass Zeit und Raum je nach Bewegungszustand unterschiedlich wahrgenommen werden.","Lichtgeschwindigkeit ist konstant, Zeit ist relativ.",Spezielle Relativitätstheorie,,ok
tiere,1,"Wie nennt man das Zuhause der Bienen, in dem sie auch Honig herstellen?","[""Bienenstock"", ""Vogelnest"", ""Bau"", ""Höhle""]",Im Bienenstock leben tausende Bienen zusammen. Dort stellen sie Honig und Wachs her.,Bienen wohnen im Bienenstock.,Bienenstock,,ok
wissenschaft,1,"Wer war der erste Mensch, der den Mond betrat?","[""Neil Armstrong"", ""Albert Einstein"", ""Christoph Kolumbus"", ""Yuri Gagarin""]","Der Amerikaner Neil Armstrong betrat 1969 als erster Mensch den Mond. Sein berühmter Satz war: Ein kleiner Schritt für einen Menschen, ein grosser für die Menschheit.",Neil Armstrong betrat zuerst den Mond.,Neil Armstrong,,ok
tiere,2,Welche Aufgabe erledigt eine Arbeiterbiene hauptsächlich im Bienenvolk?,"[""Nahrung sammeln, Waben bauen und die Königin versorgen"", ""Nur Eier legen"", ""Nur die Drohnen bewachen"", ""Sie fliegt nie aus dem Stock""]","Arbeiterinnen sind unfruchtbare weibliche Bienen, die fast alle Aufgaben im Bienenstock übernehmen. Sie sammeln Nektar und Pollen, bauen Waben und pflegen die Brut.",Arbeiterbienen erledigen fast alles im Stock.,Honigbienen,,ok
pol_welt,2,Was bedeutet die Abkürzung NGO?,"[""Eine Organisation, die unabhängig von Regierungen arbeitet"", ""Eine Behörde der Vereinten Nationen"", ""Eine Abteilung der Europäischen Union"", ""Ein Gericht für internationale Streitfälle""]","NGO steht für 'Non-Governmental Organization', also Nichtregierungsorganisation. Solche Organisationen setzen sich zum Beispiel für Umwelt, Menschenrechte oder Entwicklungshilfe ein, ohne einer Regierung zu gehören.",NGOs arbeiten unabhängig von Regierungen.,Nichtregierungsorganisation,,ok
pol_welt,2,Was versteht man unter einem 'Entwicklungsland'?,"[""Ein Land, das wirtschaftlich und sozial weniger entwickelt ist als reiche Industriestaaten"", ""Ein Land, das noch keine eigene Regierung hat"", ""Ein Land, das keine Mitglieder in der UNO stellen darf"", ""Ein Land, das nur aus einer Stadt besteht""]","Entwicklungsländer haben oft weniger Wohlstand, Bildung oder Gesundheitsversorgung als Industrieländer wie die Schweiz. Internationale Organisationen unterstützen solche Länder mit Entwicklungszusammenarbeit.",Entwicklungsländer sind wirtschaftlich weniger stark.,Entwicklungsland,,ok
physik,2,"Wie nennt man die Kraft, die ein Flugzeug beim Fliegen in der Luft hält?","[""Auftrieb"", ""Schwerkraft"", ""Reibungskraft"", ""Fliehkraft""]","Die Flügelform sorgt dafür, dass die Luft über den Flügeln schneller strömt als darunter. Dadurch entsteht ein Druckunterschied, der das Flugzeug nach oben trägt.",Auftrieb hält das Flugzeug in der Luft.,Auftrieb (Fluid),,ok
pol_demokratie,1,Was ist ein Stimmrechtsausweis?,"[""Ein Papier, das zeigt, dass man abstimmen darf"", ""Ein Fahrausweis für den Bus"", ""Ein Zeugnis der Schule"", ""Ein Pass für andere Länder""]","Der Stimmrechtsausweis kommt per Post nach Hause. Man braucht ihn, um an einer Abstimmung teilzunehmen.",Der Stimmrechtsausweis zeigt: Du darfst abstimmen.,Stimmrecht (Schweiz),,ok
koerper,1,"Womit schmeckst du, ob etwas süss oder salzig ist?","[""Mit der Zunge"", ""Mit der Nase"", ""Mit den Ohren"", ""Mit den Augen""]","Auf deiner Zunge sitzen winzige Geschmacksknospen. Sie erkennen süss, salzig, sauer, bitter und herzhaft.",Die Zunge schmeckt für dich.,Zunge,,ok
tiere,2,Wie gut ist das Gehör eines Hundes im Vergleich zum Menschen?,"[""Er hört viel höhere Frequenzen und aus grösserer Distanz"", ""Er hört schlechter als der Mensch"", ""Er hört nur tiefe Töne"", ""Er kann Geräusche nicht orten""]","Hunde können deutlich höhere Frequenzen wahrnehmen als Menschen und Geräusche aus grösserer Entfernung hören. Ihre beweglichen Ohren helfen ihnen zudem, Schallquellen genau zu orten.",Hunde hören höher und weiter als Menschen.,Hörvermögen,,ok
tiere,3,"Was versteht man unter einer Zoonose im Zusammenhang mit Hunden, etwa bei Echinokokkose?","[""Eine Krankheit, die vom Tier auf den Menschen übertragen werden kann"", ""Eine reine Hundekrankheit ohne Ansteckungsgefahr für Menschen"", ""Eine spezielle Trainingsmethode für Hunde"", ""Eine besondere Ernährungsform für Hunde""]","Der Fuchsbandwurm, der auch Hunde befallen kann, ist ein Beispiel für einen Erreger, der als Zoonose auf den Menschen übertragbar ist. Regelmässige Entwurmung hilft, das Risiko zu senken.",Manche Hundekrankheiten übertragen sich auf Menschen.,Zoonose,,ok
tiere,2,Wie hoch kann eine Katze im Verhältnis zu ihrer Körperlänge springen?,"[""mehrfach ihrer eigenen Körperlänge"", ""kaum höher als ein paar Zentimeter"", ""nur so hoch wie ihre Pfote"", ""gar nicht, Katzen können nicht springen""]",Dank kräftiger Hinterbeine kann eine Katze aus dem Stand ein Vielfaches ihrer eigenen Körperlänge hochspringen. Das hilft ihr etwa beim Erklimmen von Möbeln oder Bäumen.,Katzen springen ein Vielfaches ihrer Körperlänge.,Hauskatze,,ok
pol_diktatur,2,Was war das Ermächtigungsgesetz von 1933?,"[""Ein Gesetz, das Hitler fast unbegrenzte Macht gab."", ""Ein Gesetz für freie Wahlen."", ""Ein Gesetz zum Umweltschutz."", ""Ein Gesetz über Schulferien.""]","Mit dem Ermächtigungsgesetz konnte die Regierung unter Hitler Gesetze erlassen, ohne das Parlament zu fragen. Das war ein wichtiger Schritt zur Diktatur.",Das Gesetz gab Hitler fast alle Macht.,Ermächtigungsgesetz,,ok
rel_andere,1,"Wie nennt man die Person, die vom Minarett zum Gebet ruft?","[""Muezzin"", ""Priester"", ""Rabbiner"", ""Mönch""]","Der Muezzin ruft fünfmal am Tag laut den Gebetsruf. Früher stieg er dafür auf das Minarett, heute nutzt man oft Lautsprecher.",Der Muezzin ruft zum Gebet.,Muezzin,,ok
pol_kommunismus,1,Wie hiess das Militärbündnis der kommunistischen Staaten im Kalten Krieg?,"[""Warschauer Pakt"", ""Europäische Union"", ""Vereinte Nationen"", ""Rotes Kreuz""]",Der Warschauer Pakt war das Gegenstück zur NATO. Ihm gehörten die Sowjetunion und ihre Verbündeten an.,Der Warschauer Pakt war das Bündnis des Ostens.,Warschauer Pakt,,ok
physik,3,"Was beschreibt der photoelektrische Effekt, für dessen Erklärung Einstein den Nobelpreis erhielt?","[""Licht kann Elektronen aus einem Metall herauslösen"", ""Licht erzeugt in jedem Material Wärme"", ""Elektronen erzeugen selbst sichtbares Licht"", ""Metalle werden durch Licht magnetisch""]","Trifft Licht mit genügend Energie auf ein Metall, kann es einzelne Elektronen aus der Oberfläche herausschlagen. Dieser Effekt zeigte, dass Licht sich auch wie einzelne Energiepakete, sogenannte Photonen, verhält.",Licht kann Elektronen aus Metall lösen.,Photoeffekt,,ok
pol_welt,3,Was versteht man unter «Entwicklungszusammenarbeit»?,"[""Unterstützung ärmerer Länder durch reichere Länder und Organisationen"", ""Ein militärisches Bündnis"", ""Ein Handelsverbot"", ""Ein Sportprogramm für Kinder""]","Entwicklungszusammenarbeit umfasst finanzielle, technische und personelle Unterstützung, damit sich ärmere Länder wirtschaftlich und sozial entwickeln können. Die Schweiz leistet dies unter anderem über die DEZA.",Entwicklungszusammenarbeit unterstützt ärmere Länder.,Entwicklungszusammenarbeit,,ok
natur,1,"Wer sagt im Fernsehen voraus, ob es morgen regnet oder die Sonne scheint?","[""Eine Meteorologin oder ein Meteorologe"", ""Ein Astronaut"", ""Ein Gärtner"", ""Ein Bergführer""]","Meteorologinnen und Meteorologen sammeln Wetterdaten und erstellen daraus Vorhersagen. So erfahren wir, wie das Wetter morgen wird.",Meteorologen sagen das Wetter voraus.,Meteorologie,,ok
koerper,3,Welche Aufgabe hat das Lymphsystem im Körper?,"[""Es transportiert Gewebeflüssigkeit und unterstützt die Immunabwehr"", ""Es pumpt das Blut durch den Körper"", ""Es bildet neue Zähne"", ""Es steuert das Sehen""]",Das Lymphsystem sammelt überschüssige Flüssigkeit aus dem Gewebe und filtert sie in Lymphknoten. Dabei werden auch Krankheitserreger abgefangen.,Das Lymphsystem unterstützt deine Abwehr.,Lymphsystem,,ok
kt_SO,1,Wie heisst der Hauptort des Kantons Solothurn?,"[""Solothurn"", ""Bern"", ""Olten"", ""Basel""]","Solothurn ist nicht nur der Name des Kantons, sondern auch der Name der Hauptstadt. Dort trifft sich zum Beispiel die Kantonsregierung.",Der Hauptort heisst genauso wie der Kanton.,Solothurn,,ok
physik,3,Wie funktioniert eine Brennstoffzelle grundsätzlich?,"[""Sie wandelt die chemische Energie von Wasserstoff und Sauerstoff direkt in elektrischen Strom um"", ""Sie speichert Sonnenlicht als Wärme"", ""Sie erzeugt Strom durch Reibung"", ""Sie nutzt Windenergie zur Stromerzeugung""]","In einer Brennstoffzelle reagieren Wasserstoff und Sauerstoff miteinander, wobei elektrischer Strom entsteht und Wasser als Nebenprodukt übrig bleibt. Sie gilt als vielversprechende, saubere Technologie zur Energieerzeugung.",Wasserstoff plus Sauerstoff ergibt Strom.,Brennstoffzelle,,ok
tiere,2,"Wie nennt man das dritte, durchsichtige Augenlid, das Hunde besitzen?","[""Nickhaut"", ""Wimpernhaut"", ""Tränenhaut"", ""Schutzlinse""]",Die Nickhaut schützt und befeuchtet das Auge zusätzlich zu Ober- und Unterlid. Sie liegt meist im inneren Augenwinkel verborgen.,Die Nickhaut ist das dritte Augenlid.,Nickhaut,,ok
physik,1,"Wie nennt man Energie, die durch fliessendes Wasser entsteht?","[""Wasserkraft"", ""Windkraft"", ""Sonnenkraft"", ""Muskelkraft""]",Fliessendes Wasser kann ein Wasserrad oder eine Turbine antreiben. So wird aus der Bewegung des Wassers Strom.,Fliessendes Wasser kann Strom machen.,Wasserkraft,,ok
geld,2,Was ist ein Impulskauf?,"[""Ein spontaner Kauf, den man ohne vorheriges Überlegen tätigt"", ""Ein geplanter Kauf mit Budget"", ""Ein Kauf, der immer günstiger ist"", ""Ein Kauf, den man später wieder verkauft""]","Bei einem Impulskauf entscheidet man sich spontan, oft aus einer Laune heraus, ohne zu überlegen, ob man das Produkt wirklich braucht. Das kann das Budget schnell durcheinanderbringen.",Impulskauf ohne Nachdenken gekauft.,Impulskauf,,ok
pol_diktatur,3,Was war ein zentrales Merkmal der Herrschaft von Idi Amin in Uganda?,"[""Brutale Verfolgung politischer Gegner und Massentötungen."", ""Vorbildliche Achtung der Menschenrechte."", ""Einführung einer stabilen Demokratie."", ""Friedliche Zusammenarbeit mit Nachbarländern.""]",Idi Amin regierte Uganda von 1971 bis 1979 als Diktator. Schätzungen gehen von hunderttausenden Todesopfern durch Gewalt und Verfolgung während seiner Herrschaft aus.,Idi Amins Herrschaft war extrem gewaltsam.,Idi Amin,,ok
koerper,1,Warum wäschst du dir vor dem Essen die Hände?,"[""Damit keine Keime in den Mund gelangen"", ""Damit die Hände kalt werden"", ""Damit du müde wirst"", ""Damit du grösser wirst""]","Auf den Händen sind oft unsichtbare Keime. Waschen entfernt sie, bevor du isst.",Saubere Hände vor dem Essen.,Händehygiene,,ok
bilder,3,Welche vom Aussterben bedrohte Grosskatze lebt vor allem im Himalaya und ist an extreme Höhen bis über 5000 Meter angepasst?,"[""Schneeleopard"", ""Sibirischer Tiger"", ""Nebelparder"", ""Luchs""]",Der Schneeleopard lebt in den Hochgebirgen Zentralasiens. Wegen Wilderei und Lebensraumverlust gilt er heute als gefährdet.,Der Schneeleopard lebt im Hochgebirge Asiens.,Schneeleopard,,ok
pol_kommunismus,2,Wer leitete nach Stalins Tod eine Phase der 'Entstalinisierung' ein?,"[""Nikita Chruschtschow"", ""Michail Gorbatschow"", ""Wladimir Putin"", ""Leo Trotzki""]",Nikita Chruschtschow kritisierte 1956 in einer berühmten Rede Stalins Verbrechen. Danach lockerten sich einige Vorschriften in der Sowjetunion etwas.,Chruschtschow kritisierte Stalins Herrschaft.,Nikita Chruschtschow,,ok
pol_kommunismus,1,Wer war ein wichtiger kommunistischer Anführer in Vietnam?,"[""Ho Chi Minh"", ""Pol Pot"", ""Mahatma Gandhi"", ""Buddha""]","Ho Chi Minh kämpfte für ein unabhängiges, kommunistisches Vietnam. Die Stadt Saigon wurde später nach ihm benannt.",Ho Chi Minh führte die Kommunisten in Vietnam.,Ho Chi Minh,,ok
pol_demokratie,2,"Wie nennt man es, wenn Kantone, Parteien und Verbände zu einem geplanten Gesetz ihre Meinung äussern dürfen, bevor es ins Parlament kommt?","[""Vernehmlassung"", ""Abstimmung"", ""Volksinitiative"", ""Wahl""]","Bei der Vernehmlassung können verschiedene Gruppen einen Gesetzesentwurf kommentieren, bevor er im Parlament beraten wird.",Vernehmlassung sammelt Meinungen vorab.,Vernehmlassungsverfahren,,ok
tiere,1,"Was braucht ein Hund jeden Tag, damit er fit und glücklich bleibt?","[""Genug Bewegung an der frischen Luft"", ""Ein eigenes Zimmer im Haus"", ""Fernsehen am Abend"", ""Ein Schwimmbecken""]","Hunde brauchen tägliche Spaziergänge und Bewegung, damit sie gesund bleiben und sich nicht langweilen. Auch Spielen mit Menschen tut ihnen gut.",Hunde brauchen täglich Bewegung.,Hund,,ok
pol_demokratie,3,"Wie viele Departemente gliedern die Bundesverwaltung, die jeweils von einem Bundesratsmitglied geleitet werden?","[""Sieben"", ""Drei"", ""Zwölf"", ""Zwei""]",Die Bundesverwaltung ist in sieben Departemente aufgeteilt. Jedes wird von einem Mitglied des Bundesrates geleitet.,"Sieben Departemente, sieben Bundesratsmitglieder.",Bundesverwaltung (Schweiz),,ok
pol_kommunismus,1,Wer war viele Jahre lang Staatschef der DDR?,"[""Erich Honecker"", ""Konrad Adenauer"", ""Willy Brandt"", ""Helmut Kohl""]",Erich Honecker regierte die DDR von 1971 bis 1989. Er musste kurz vor dem Mauerfall zurücktreten.,Erich Honecker führte lange die DDR.,Erich Honecker,,ok
wissenschaft,1,Warum hören wir manchmal ein Echo?,"[""Weil der Schall von einer Wand zurückgeworfen wird"", ""Weil die Luft verschwindet"", ""Weil unsere Ohren zu klein sind"", ""Weil es dunkel ist""]",Schall breitet sich als Welle aus und wird von harten Flächen wie Felswänden zurückgeworfen. Dieses zurückkommende Geräusch nennen wir Echo.,Schall prallt von Wänden zurück.,Echo,,ok
geld,1,Was bedeutet 'Geld spenden'?,"[""Geld freiwillig an jemanden geben, der es braucht, ohne etwas dafür zu verlangen"", ""Geld gegen Zinsen verleihen"", ""Geld bei der Bank anlegen"", ""Geld gegen Ware eintauschen""]","Beim Spenden gibt man Geld ab, um anderen zu helfen, zum Beispiel einer Hilfsorganisation. Man bekommt dafür nichts zurück.",Spenden hilft anderen ohne Gegenleistung.,Spende,,ok
wissenschaft,1,"Was passiert, wenn man Luft in einen Ballon bläst?","[""Der Ballon wird grösser"", ""Der Ballon wird schwerer als Stein"", ""Der Ballon wird durchsichtig"", ""Der Ballon wird kalt""]","Die Luft im Ballon braucht Platz und drückt die Hülle nach aussen, dadurch wird der Ballon grösser. Je mehr Luft, desto mehr dehnt sich der Ballon.",Luft füllt den Ballon und dehnt ihn.,Luftdruck,,ok
pol_welt,1,Wofür gibt es den Weltflüchtlingstag?,"[""Um an Menschen zu erinnern, die vor Krieg oder Gefahr fliehen mussten"", ""Um neue Länder auf der Landkarte zu feiern"", ""Um an die Gründung der EU zu erinnern"", ""Um Sportwettkämpfe zu feiern""]","Am Weltflüchtlingstag denken Menschen auf der ganzen Welt an Menschen, die ihre Heimat verlassen mussten. Er soll zeigen, dass Flüchtlinge Hilfe und Schutz brauchen.",Der Weltflüchtlingstag erinnert an Geflüchtete.,Weltflüchtlingstag,,ok
pol_welt,1,Was ist ein Nobelpreis?,"[""Eine sehr bekannte Auszeichnung für besondere Leistungen"", ""Ein Schweizer Fussballpokal"", ""Eine Geldmünze"", ""Ein Ferienlager""]","Der Nobelpreis wird jedes Jahr an Menschen vergeben, die Grosses geleistet haben, zum Beispiel für den Frieden oder die Wissenschaft. Henry Dunant erhielt den ersten Friedensnobelpreis.",Der Nobelpreis ehrt besondere Leistungen.,Nobelpreis,,ok
pol_welt,1,Wann feiert die Welt den Internationalen Tag des Friedens?,"[""Am 21. September"", ""Am 1. August"", ""Am 1. Januar"", ""Am 24. Dezember""]","Am 21. September rufen die Vereinten Nationen jedes Jahr dazu auf, an den Frieden zu denken. An diesem Tag sollen möglichst keine Waffen eingesetzt werden.",Der 21. September ist der Weltfriedenstag.,Internationaler Tag des Friedens,,ok
pol_welt,3,Für wie viele Jahre wird der UNO-Generalsekretär oder die Generalsekretärin normalerweise gewählt?,"[""Für eine Amtszeit von fünf Jahren, mit der Möglichkeit einer Wiederwahl"", ""Für eine Amtszeit von zehn Jahren ohne Wiederwahl"", ""Für eine Amtszeit von einem Jahr"", ""Auf Lebenszeit""]",Der Generalsekretär oder die Generalsekretärin wird von der Generalversammlung auf Empfehlung des Sicherheitsrats für fünf Jahre gewählt. Eine Wiederwahl für eine zweite Amtszeit ist üblich.,Der UNO-Generalsekretär amtet meist fünf Jahre.,Generalsekretär der Vereinten Nationen,,ok
koerper,2,Welche wichtige Aufgabe hat die Haut neben dem Schutz vor Keimen noch?,"[""Sie reguliert die Körpertemperatur durch Schwitzen"", ""Sie produziert rote Blutkörperchen"", ""Sie speichert das Gedächtnis"", ""Sie pumpt das Blut""]","Über Schweiss kann die Haut den Körper kühlen. So hilft sie, die Körpertemperatur konstant zu halten.",Die Haut regelt deine Temperatur.,Haut,,ok
wissenschaft,2,Wer entwickelte den ersten Impfstoff gegen eine Krankheit (Pocken)?,"[""Edward Jenner"", ""Louis Pasteur"", ""Robert Koch"", ""Alexander Fleming""]",Edward Jenner entwickelte 1796 den ersten Impfstoff gegen die gefährliche Krankheit Pocken. Seine Entdeckung legte den Grundstein für moderne Impfungen.,Jenner erfand die erste Impfung.,Edward Jenner,,ok
tiere,1,Wie viele verschiedene Sennenhunderassen gibt es in der Schweiz?,"[""Vier"", ""Zwei"", ""Zehn"", ""Eine""]","Es gibt vier Schweizer Sennenhunderassen: den Berner, den Appenzeller, den Entlebucher und den Grossen Schweizer Sennenhund. Sie wurden früher oft als Hofhunde eingesetzt.",Die Schweiz hat vier Sennenhunderassen.,Sennenhund,,ok
natur,3,Was ist das zentrale Ziel des Pariser Klimaabkommens?,"[""Die Erderwärmung auf deutlich unter 2 Grad zu begrenzen"", ""Alle fossilen Brennstoffe sofort zu verbieten"", ""Nur die Schweiz zum Klimaschutz zu verpflichten"", ""Den Meeresspiegel künstlich zu senken""]","Im Pariser Klimaabkommen von 2015 haben sich fast alle Staaten der Welt verpflichtet, die globale Erwärmung möglichst auf 1,5 Grad zu begrenzen. Dazu sollen die Treibhausgas-Emissionen weltweit gesenkt werden.",Paris-Abkommen: Erwärmung deutlich unter 2 Grad.,Übereinkommen von Paris,,ok
natur,2,"Wie heisst die Schicht, die die Erde vor gefährlicher UV-Strahlung schützt?","[""Die Ozonschicht"", ""Die Wolkenschicht"", ""Die Erdkruste"", ""Die Magnetschicht""]",Die Ozonschicht liegt hoch oben in der Atmosphäre und filtert einen grossen Teil der schädlichen UV-Strahlung der Sonne. Ohne sie wäre Leben auf der Erde deutlich schwieriger.,Die Ozonschicht schützt vor UV-Strahlung.,Ozonschicht,,ok
rel_andere,1,"Wie heisst die Zeit vor Weihnachten, in der viele Kinder einen Adventskalender öffnen?","[""Adventszeit"", ""Fastenzeit"", ""Pfingstzeit"", ""Erntezeit""]",In der Adventszeit freuen sich Christinnen und Christen auf Weihnachten. Viele Kinder öffnen jeden Tag ein Türchen am Adventskalender.,Advent ist die Vorfreude auf Weihnachten.,Advent,,ok
bilder,3,Welches Tier gilt in der chinesischen Kultur seit Jahrtausenden als Symbol für Kaisermacht und Glück?,"[""Drache"", ""Tiger"", ""Kranich"", ""Phönix""]","Der Drache gilt in der chinesischen Kultur seit Jahrtausenden als Symbol für Macht, Glück und den Kaiser. Anders als in Europa wird er meist positiv dargestellt.",Der Drache steht in China für Macht und Glück.,Chinesischer Drache,e:🐉,ok
geld,1,"Wie heissen die Münzen, die weniger wert sind als ein Franken?","[""Rappen"", ""Cent"", ""Groschen"", ""Pfennig""]",In der Schweiz heissen die kleinen Münzen Rappen. 100 Rappen ergeben einen Franken.,100 Rappen sind ein Franken.,Rappen (Währung),,ok
pol_diktatur,2,Was bedeutet Zwangsarbeit in einem Straflager (Gulag)?,"[""Gefangene mussten unter harten Bedingungen unbezahlt arbeiten."", ""Freiwillige Arbeit gegen guten Lohn."", ""Ein Ferienprogramm für Familien."", ""Ein Sportcamp für Kinder.""]","In der Sowjetunion mussten Millionen Menschen in Gulags genannten Lagern Zwangsarbeit leisten. Viele starben durch Kälte, Hunger und harte Arbeit.",Gulags erzwangen harte Arbeit.,Gulag,,ok
physik,3,Was passiert bei der Kernspaltung in einem Kernkraftwerk?,"[""Schwere Atomkerne werden gespalten und setzen dabei Energie frei"", ""Leichte Atomkerne verschmelzen zu schweren Kernen"", ""Strom wird direkt aus Sonnenlicht erzeugt"", ""Wasser wird durch Reibung erhitzt""]","Bei der Kernspaltung wird zum Beispiel ein Urankern durch ein Neutron gespalten, wobei grosse Mengen an Energie in Form von Wärme freigesetzt werden. Diese Wärme wird genutzt, um Wasser zu Dampf zu erhitzen, der Turbinen antreibt.",Gespaltene Atomkerne setzen Energie frei.,Kernspaltung,,ok
tiere,3,Was ist der Hauptunterschied zwischen Wirbeltieren und Wirbellosen in Bezug auf das adaptive Immunsystem?,"[""Nur Wirbeltiere besitzen ein adaptives Immunsystem mit Antikörpern"", ""Nur Wirbellose besitzen Antikörper"", ""Beide besitzen identische Immunsysteme"", ""Wirbellose haben gar kein Immunsystem""]","Wirbeltiere verfügen über ein adaptives Immunsystem, das spezifische Antikörper gegen Krankheitserreger bilden kann. Wirbellose besitzen nur ein angeborenes Immunsystem ohne diese spezifische Anpassungsfähigkeit.",Nur Wirbeltiere bilden spezifische Antikörper.,Adaptives Immunsystem,,ok
tiere,2,Wie markiert eine Katze ihr Revier hauptsächlich?,"[""mit Duftdrüsen an Kopf und Pfoten sowie durch Kratzspuren"", ""nur mit lautem Miauen"", ""mit bunten Farben im Fell"", ""mit Nestern aus Ästen""]","Katzen besitzen Duftdrüsen zum Beispiel an Wangen und Pfoten. Beim Reiben und Kratzen hinterlassen sie Duftmarken, die anderen Katzen zeigen, wem das Revier gehört.",Katzen markieren ihr Revier mit Duftdrüsen.,Reviermarkierung,,ok
pol_demokratie,1,"In welcher Stadt steht das Bundeshaus, wo Nationalrat und Ständerat arbeiten?","[""Bern"", ""Zürich"", ""Genf"", ""Luzern""]",Bern ist die Bundesstadt der Schweiz. Dort steht das Bundeshaus mit dem Parlament.,Bern ist die Bundesstadt der Schweiz.,Bundeshaus (Bern),,ok
pol_demokratie,1,An welchem Wochentag finden in der Schweiz meistens Abstimmungen statt?,"[""Sonntag"", ""Montag"", ""Samstag"", ""Mittwoch""]","In der Schweiz wird meistens sonntags abgestimmt. Viele Menschen haben da Zeit, zur Urne zu gehen oder schon per Post abzustimmen.",Abstimmungen sind meistens am Sonntag.,Abstimmung (Schweiz),,ok
tiere,2,Wie lange dauert die Trächtigkeit einer Hündin ungefähr?,"[""Rund 63 Tage"", ""Rund 20 Tage"", ""Rund 150 Tage"", ""Rund 300 Tage""]","Bei den meisten Hunderassen dauert die Trächtigkeit etwa neun Wochen, also rund 63 Tage. Danach kommen die Welpen zur Welt.",Hündinnen sind etwa 63 Tage trächtig.,Trächtigkeit,,ok
pol_welt,1,Wofür setzt sich die UNESCO ein?,"[""Bildung, Wissenschaft und Kultur"", ""Nur für Fussball"", ""Nur für Geld"", ""Nur für Autos""]","Die UNESCO ist eine Organisation der UNO, die Schulen, Forschung und wichtige Kulturstätten schützt. Sie erstellt zum Beispiel die Liste des Weltkulturerbes.","UNESCO schützt Bildung, Wissenschaft und Kultur.",UNESCO,,ok
pol_kommunismus,1,Wie hiess die gefürchtete Geheimpolizei der DDR?,"[""Stasi"", ""Gestapo"", ""Interpol"", ""Feuerwehr""]",Die Stasi überwachte viele Menschen in der DDR heimlich. Sie sollte Kritik an der Regierung verhindern.,Die Stasi überwachte die DDR-Bürger.,Ministerium für Staatssicherheit,,ok
tiere,1,"Wie nennt man Tiere, die nur in der Nacht aktiv sind?","[""nachtaktiv"", ""tagaktiv"", ""winteraktiv"", ""dauerwach""]",Nachtaktive Tiere wie Eulen oder Igel schlafen tagsüber und sind erst in der Dämmerung oder Nacht wach. So können sie Feinden besser ausweichen.,Nachtaktive Tiere schlafen am Tag.,Nachtaktivität,,ok
tiere,1,"Was tut ein Hund, wenn ihm sehr heiss ist?","[""Er hechelt mit offenem Maul"", ""Er bekommt automatisch Fieber"", ""Er schnurrt"", ""Er legt sich in die Sonne""]","Hunde können kaum schwitzen, deshalb hecheln sie mit offener Schnauze, um sich abzukühlen. Dabei atmen sie schnell ein und aus.",Hunde kühlen sich durch Hecheln ab.,Hecheln,,ok
wissenschaft,3,Was besagt die Heisenbergsche Unschärferelation vereinfacht?,"[""Ort und Impuls eines Teilchens können nicht gleichzeitig exakt bestimmt werden"", ""Licht bewegt sich immer geradlinig"", ""Materie kann nicht vernichtet werden"", ""Zeit vergeht überall gleich schnell""]","Werner Heisenberg zeigte 1927, dass man Ort und Geschwindigkeit eines Teilchens nicht gleichzeitig beliebig genau messen kann. Diese Erkenntnis ist ein Grundpfeiler der Quantenmechanik.",Ort und Impuls sind nie beide exakt messbar.,Heisenbergsche Unschärferelation,,ok
pol_demokratie,1,Was ist eine Petition?,"[""Eine Bitte oder Forderung, die man mit Unterschriften einreicht"", ""Ein Gesetz, das sofort gilt"", ""Eine Steuer, die man bezahlen muss"", ""Ein Fest in der Gemeinde""]",Mit einer Petition können auch Kinder und Jugendliche ihre Meinung zeigen. Sie sammeln Unterschriften und reichen diese bei einer Behörde ein.,Eine Petition ist eine Bitte mit Unterschriften.,Petitionsrecht,,ok
natur,1,Was sammeln Bienen in den Blüten?,"[""Nektar"", ""Wasser"", ""Sand"", ""Steine""]","Bienen fliegen von Blüte zu Blüte und saugen den süssen Nektar. Dabei helfen sie den Pflanzen, sich zu vermehren.",Bienen sammeln Nektar aus Blüten.,Biene,,ok
pol_welt,2,Was ist der Unterschied zwischen der UNO-Generalversammlung und dem Sicherheitsrat?,"[""Alle Staaten sind in der Generalversammlung vertreten, im Sicherheitsrat nur wenige"", ""Beide sind genau dasselbe Gremium"", ""Der Sicherheitsrat trifft sich nur alle zehn Jahre"", ""Die Generalversammlung hat nur fünf Mitglieder""]",In der Generalversammlung sitzt jedes UNO-Mitgliedsland und hat eine Stimme. Der Sicherheitsrat besteht dagegen nur aus 15 Ländern und trifft wichtige Entscheidungen zu Frieden und Sicherheit.,"Generalversammlung: alle Staaten, Sicherheitsrat: nur 15.",UN-Generalversammlung,,ok
pol_kommunismus,1,Was bedeuten Hammer und Sichel auf kommunistischen Flaggen?,"[""Sie stehen für Arbeiter und Bauern"", ""Sie stehen für Könige und Adlige"", ""Sie stehen für Soldaten und Generäle"", ""Sie stehen für Lehrer und Schüler""]","Der Hammer steht für die Arbeiter in den Fabriken, die Sichel für die Bauern auf dem Land. Zusammen sollten sie die Gesellschaft aufbauen.",Hammer und Sichel: Arbeiter und Bauern.,Hammer und Sichel,,ok
pol_demokratie,3,Was bedeutet «Konkordanzdemokratie» in Bezug auf die Schweiz?,"[""Die grössten Parteien regieren gemeinsam im Bundesrat statt einer Opposition"", ""Nur eine Partei regiert allein"", ""Das Volk regiert ohne Parlament"", ""Jeder Kanton hat eine eigene Regierungsform""]","In der Schweiz sind die wichtigsten Parteien gemeinsam im Bundesrat vertreten, statt dass eine Regierung gegen eine Opposition steht.",Konkordanz: gemeinsam statt gegeneinander regieren.,Konkordanzdemokratie,,ok
pol_demokratie,1,"Was passiert, wenn bei einer Abstimmung mehr Menschen Ja sagen als Nein?","[""Die Vorlage wird angenommen"", ""Die Vorlage wird sofort vergessen"", ""Es gibt eine zweite Schule"", ""Der Bundesrat tritt zurück""]","Zählt man am Abstimmungssonntag mehr Ja- als Nein-Stimmen, gilt die Vorlage als angenommen.",Mehr Ja-Stimmen heisst: angenommen.,Volksabstimmung,,ok
pol_welt,3,Womit beschäftigt sich die Internationale Atomenergie-Organisation IAEA?,"[""Mit der friedlichen Nutzung und der Kontrolle von Atomenergie weltweit"", ""Mit dem Schutz der Weltmeere"", ""Mit dem internationalen Handel von Rohstoffen"", ""Mit der Entwicklung neuer Impfstoffe""]","Die IAEA mit Sitz in Wien überwacht, dass Atomenergie friedlich genutzt wird, und kontrolliert Atomprogramme von Staaten. Sie spielt eine wichtige Rolle bei Abrüstungsverhandlungen.",Die IAEA überwacht die Nutzung von Atomkraft.,Internationale Atomenergie-Organisation,,ok
tiere,3,Was unterscheidet endotherme von ektothermen Tieren?,"[""Endotherme erzeugen ihre Körperwärme selbst, Ektotherme nicht"", ""Nur ektotherme Tiere haben Blut"", ""Endotherme Tiere legen immer Eier"", ""Ektotherme Tiere sind alle Säugetiere""]",Endotherme Tiere wie Säugetiere und Vögel produzieren ihre Wärme durch den eigenen Stoffwechsel. Ektotherme Tiere wie Reptilien sind auf äussere Wärmequellen angewiesen.,Endotherme Tiere heizen sich selbst auf.,Endothermie,,ok
wissenschaft,2,Wer baute 1903 das erste erfolgreiche Motorflugzeug?,"[""Die Gebrüder Wright"", ""Die Gebrüder Lumière"", ""Alessandro Volta"", ""Guglielmo Marconi""]",Orville und Wilbur Wright aus den USA schafften 1903 den ersten kontrollierten Motorflug. Ihr Flugzeug hiess Flyer.,Die Brüder Wright erfanden das Motorflugzeug.,Gebrüder Wright,,ok
pol_kommunismus,2,Was war die 'Ostpolitik' von Bundeskanzler Willy Brandt?,"[""Eine Politik der Annäherung Westdeutschlands an die DDR und den Ostblock"", ""Ein Plan zum Bau der Berliner Mauer"", ""Ein Militärbündnis gegen die Sowjetunion"", ""Eine Wirtschaftsblockade gegen Osteuropa""]",Willy Brandt suchte ab 1969 den Dialog mit der DDR und anderen kommunistischen Staaten. Dafür erhielt er 1971 den Friedensnobelpreis.,Ostpolitik: Annäherung an den Osten.,Neue Ostpolitik,,ok
pol_kommunismus,3,Was geschah 1975 mit dem Fall von Saigon?,"[""Der Vietnamkrieg endete mit dem Sieg der nordvietnamesischen Kommunisten"", ""Vietnam wurde in vier Staaten geteilt"", ""Die USA gewannen den Vietnamkrieg"", ""Vietnam trat der NATO bei""]",Am 30. April 1975 eroberten nordvietnamesische Truppen die südvietnamesische Hauptstadt Saigon. Damit endete der Vietnamkrieg mit dem Sieg der Kommunisten und der Vereinigung des Landes.,"1975: Saigon fiel, Vietnam wurde vereint.",Fall von Saigon,,ok
pol_welt,3,Was bedeutet der Begriff «Multilateralismus» in der Weltpolitik?,"[""Zusammenarbeit vieler Staaten nach gemeinsamen Regeln"", ""Die Politik eines einzelnen mächtigen Landes"", ""Ein Handelsverbot zwischen zwei Staaten"", ""Eine Form der Diktatur""]","Multilateralismus bedeutet, dass viele Staaten gemeinsam Regeln aushandeln und Probleme lösen, etwa in der UNO oder WTO. Das Gegenteil wäre, wenn ein einzelnes Land alleine entscheidet, was man Unilateralismus nennt.",Multilateralismus heisst: viele Staaten arbeiten zusammen.,Multilateralismus,,ok
pol_welt,2,"Was ist das Weltwirtschaftsforum (WEF), das jährlich in der Schweiz stattfindet?","[""Ein Treffen von Politik- und Wirtschaftsführern in Davos"", ""Ein Skirennen"", ""Eine Fussballmeisterschaft"", ""Ein Schweizer Feiertag""]","Beim WEF treffen sich jedes Jahr im Januar wichtige Politikerinnen, Unternehmer und Fachleute aus aller Welt in Davos. Sie diskutieren über globale wirtschaftliche und politische Themen.",Das WEF findet jährlich in Davos statt.,Weltwirtschaftsforum,,ok
koerper,3,Welche Rolle spielt die Bauchspeicheldrüse im Verdauungssystem?,"[""Sie produziert Verdauungsenzyme und Hormone wie Insulin"", ""Sie speichert Fett für den Winter"", ""Sie filtert die Atemluft"", ""Sie bildet neue Zähne""]","Die Bauchspeicheldrüse gibt Enzyme in den Darm ab, die Nahrung aufspalten. Zusätzlich produziert sie Hormone wie Insulin, die den Blutzucker regeln.",Die Bauchspeicheldrüse hilft bei Verdauung und Blutzucker.,Bauchspeicheldrüse,,ok
physik,1,"Was passiert, wenn du in einen Wasserstrahl aus der Gartenschlauch-Spritze im Sonnenlicht schaust?","[""Man kann einen kleinen Regenbogen sehen"", ""Das Wasser wird gefroren"", ""Der Strahl verschwindet"", ""Das Wasser wird schwarz""]","Sonnenlicht wird in den kleinen Wassertropfen gebrochen und aufgeteilt. So entstehen die Farben, ähnlich wie bei einem echten Regenbogen.",Wassertropfen und Sonne zaubern Farben.,Regenbogen,,ok
kt_SO,1,"Wie heisst der Bezirk im Kanton Solothurn, der an den Kanton Aargau grenzt?","[""Gäu"", ""Wallis"", ""Tessin"", ""Graubünden""]",Der Bezirk Gäu liegt im Kanton Solothurn nahe der Grenze zum Kanton Aargau. Dort gibt es viele Felder und kleine Ortschaften.,Der Bezirk Gäu grenzt an den Aargau.,Gäu (Bezirk),,ok
natur,3,Worin unterscheiden sich Wetter und Klima grundlegend?,"[""Wetter ist kurzfristig, Klima ist der langjährige Durchschnitt"", ""Wetter gibt es nur im Sommer, Klima nur im Winter"", ""Wetter betrifft nur Regen, Klima nur Wind"", ""Es gibt keinen Unterschied""]","Das Wetter beschreibt den aktuellen Zustand der Atmosphäre an einem Ort, etwa heute oder morgen. Das Klima ist der statistische Durchschnitt von Wetterdaten über viele Jahrzehnte hinweg.",Klima ist der Durchschnitt vieler Jahre Wetter.,Klima,,ok
pol_demokratie,3,Kann ein Mitglied des Bundesrates während der Legislaturperiode vom Parlament abgewählt werden?,"[""Nein, der Bundesrat wird für vier Jahre gewählt und kann nicht vorzeitig abgewählt werden"", ""Ja, jederzeit mit einfacher Mehrheit"", ""Ja, aber nur vom Volk"", ""Ja, durch den Bundespräsidenten""]",Anders als in anderen Ländern kennt die Schweiz kein Misstrauensvotum gegen einzelne Bundesratsmitglieder. Sie bleiben normalerweise die ganze Legislaturperiode im Amt.,Der Bundesrat kann während vier Jahren nicht abgewählt werden.,Bundesrat (Schweiz),,ok
tiere,1,"Warum jagt eine Katze manchmal auch, wenn sie gar keinen Hunger hat?","[""weil der Jagdinstinkt angeboren ist"", ""weil sie sich langweilt und deshalb böse wird"", ""weil sie nie satt wird"", ""weil sie das nur im Traum tut""]",Der Jagdtrieb der Katze ist angeboren und unabhängig vom Hunger. Das Spielen mit einer Maus oder einem Ball trainiert diesen Instinkt.,Jagen gehört zum natürlichen Instinkt der Katze.,Hauskatze,,ok
pol_kommunismus,3,Wie regierte Enver Hoxha Albanien während des Kalten Krieges?,"[""Als isolierte, sehr strenge stalinistische Diktatur"", ""Als offene Marktwirtschaft nach westlichem Vorbild"", ""Als Mitglied der NATO"", ""Als konstitutionelle Monarchie""]",Enver Hoxha regierte Albanien von 1944 bis 1985 mit eiserner Hand und isolierte das Land fast vollständig vom Rest der Welt. Er brach sogar mit der Sowjetunion und China.,Hoxha isolierte Albanien streng diktatorisch.,Enver Hoxha,,ok
koerper,2,"Was kann entstehen, wenn rote Blutkörperchen zu wenig Eisen bekommen?","[""Eine Anämie (Blutarmut)"", ""Ein sofort langsamerer Puls"", ""Eine gelbe Haut"", ""Weichere Knochen""]",Ohne genug Eisen können rote Blutkörperchen weniger Sauerstoff transportieren. Das nennt man Anämie und macht müde und blass.,Eisenmangel kann Blutarmut verursachen.,Anämie,,ok
pol_demokratie,2,Was ist der Unterschied zwischen aktivem und passivem Wahlrecht?,"[""Aktiv heisst wählen dürfen, passiv heisst selbst gewählt werden dürfen"", ""Aktiv heisst nur abstimmen, passiv heisst nur wählen"", ""Beides bedeutet dasselbe"", ""Aktiv gilt nur für Männer""]",Mit dem aktiven Wahlrecht darf man selbst eine Stimme abgeben. Mit dem passiven Wahlrecht darf man sich selbst zur Wahl stellen.,"Aktiv wählen, passiv gewählt werden.",Wahlrecht,,ok
pol_demokratie,1,Was ist ein Stimmzettel?,"[""Ein Zettel, auf dem man Ja oder Nein ankreuzt"", ""Ein Brief vom Bundesrat"", ""Ein Ausweis für die Schule"", ""Ein Ticket für den Bus""]","Auf dem Stimmzettel kreuzt du an, was du zu einer Frage meinst. So kannst du bei einer Abstimmung mitentscheiden.",Stimmzettel zeigen deine Meinung.,Stimmzettel,,ok
tiere,1,Welche grosse Hunderasse stammt ursprünglich aus dem Berner Oberland?,"[""Berner Sennenhund"", ""Dackel"", ""Chihuahua"", ""Mops""]",Der Berner Sennenhund hat ein schwarz-weiss-braunes Fell und wurde früher als Wach- und Zughund auf Bauernhöfen eingesetzt. Er ist eine der bekannten Schweizer Sennenhunderassen.,Der Berner Sennenhund kommt aus der Schweiz.,Berner Sennenhund,,ok
pol_demokratie,2,Was bedeutet «Ständemehr» bei einer Abstimmung?,"[""Die Mehrheit der Kantone muss zustimmen"", ""Nur der Ständerat entscheidet"", ""Man braucht 100 Stände"", ""Jeder Kanton stimmt gleich ab wie das Volk""]",Bei Verfassungsänderungen braucht es neben der Mehrheit der Stimmenden auch die Mehrheit der Kantone. Das nennt man Ständemehr.,Ständemehr: die Mehrheit der Kantone zählt.,Ständemehr,,ok
tiere,2,Warum ist Schokolade für Katzen gefährlich?,"[""der Stoff Theobromin ist für sie giftig"", ""sie werden davon einfach nur müde"", ""sie mögen den Geschmack nicht und erbrechen deshalb"", ""Schokolade macht sie nur kurz hyperaktiv""]","Schokolade enthält Theobromin, das Katzen und auch Hunde nicht richtig abbauen können. Schon kleine Mengen können zu ernsten Vergiftungen führen.",Theobromin in Schokolade ist für Katzen giftig.,Theobromin,,ok
physik,2,"Wie nennt man Materialien, die elektrischen Strom nicht leiten?","[""Isolatoren"", ""Leiter"", ""Magnete"", ""Halbleiter""]","Isolatoren wie Gummi oder Plastik verhindern, dass Strom durch sie fliesst. Deshalb werden sie zum Schutz um Kabel gewickelt.",Isolatoren stoppen den Stromfluss.,Isolator (Elektrotechnik),,ok
tiere,1,"Wer sorgt normalerweise dafür, dass ein Hund genug zu fressen und zu trinken bekommt?","[""Sein Halter oder seine Halterin"", ""Der Nachbar"", ""Niemand, der Hund sorgt selbst dafür"", ""Der Tierarzt jeden Tag""]","Ein Hund kann nicht selbst einkaufen gehen, deshalb muss sein Halter oder seine Halterin für Futter und Wasser sorgen. Das gehört zur Verantwortung eines Hundebesitzers.",Der Halter kümmert sich um das Futter.,Hundehaltung,,ok
wissenschaft,3,Wer entdeckte 1895 die Röntgenstrahlen?,"[""Wilhelm Conrad Röntgen"", ""Marie Curie"", ""Albert Einstein"", ""Niels Bohr""]","Wilhelm Conrad Röntgen entdeckte eine neue Art unsichtbarer Strahlen, die später nach ihm benannt wurden. Für diese Entdeckung erhielt er 1901 den ersten Nobelpreis für Physik.",Röntgen entdeckte die Röntgenstrahlen.,Wilhelm Conrad Röntgen,,ok
tiere,3,Wie kann sich der Parasit Toxoplasma gondii unter anderem verbreiten?,"[""über den Kot von infizierten Katzen"", ""nur über die Luft"", ""nur über Wasser aus Bergseen"", ""nur über direkten Katzenbiss""]","Katzen sind Endwirte des Parasiten Toxoplasma gondii und können ihn über ihren Kot ausscheiden. Vor allem für Schwangere ist eine Infektion mit Toxoplasmose gefährlich, weshalb Hygiene beim Katzenklo wichtig ist.",Toxoplasmose kann über Katzenkot übertragen werden.,Toxoplasmose,,ok
koerper,1,"Welcher Sinn hilft dir zu spüren, ob etwas heiss oder kalt ist?","[""Der Tastsinn in der Haut"", ""Der Geruchssinn"", ""Der Hörsinn"", ""Der Geschmackssinn""]","In deiner Haut gibt es winzige Fühler, die Wärme, Kälte und Druck spüren. Das ist der Tastsinn.",Die Haut fühlt heiss und kalt.,Tastsinn,,ok
tiere,3,Wie lautet der wissenschaftliche Artname der Hauskatze?,"[""Felis catus"", ""Felis leo"", ""Panthera tigris"", ""Canis catus""]",Die Hauskatze trägt den wissenschaftlichen Namen Felis catus. Sie gehört zur Familie der Katzen und zur Ordnung der Raubtiere.,Die Hauskatze heisst wissenschaftlich Felis catus.,Hauskatze,,ok
pol_demokratie,2,In welchem Kanton wurde das Frauenstimmrecht erst 1990 durch ein Gerichtsurteil eingeführt?,"[""Appenzell Innerrhoden"", ""Zürich"", ""Genf"", ""Bern""]","Appenzell Innerrhoden führte das Frauenstimmrecht als letzter Kanton ein, erst nach einem Entscheid des Bundesgerichts.",Appenzell Innerrhoden: letzter Kanton 1990.,Frauenstimmrecht in der Schweiz,,ok
pol_demokratie,1,Was macht der Bundesrat?,"[""Er regiert die Schweiz gemeinsam"", ""Er unterrichtet Kinder in der Schule"", ""Er baut Strassen"", ""Er organisiert Fussballspiele""]","Der Bundesrat besteht aus mehreren Personen, die zusammen die Schweiz führen. Sie treffen wichtige Entscheide für das ganze Land.",Der Bundesrat regiert die Schweiz.,Bundesrat (Schweiz),,ok
natur,3,Wie schnell ist Licht ungefähr unterwegs?,"[""Rund 300'000 Kilometer pro Sekunde"", ""Rund 3'000 Kilometer pro Sekunde"", ""Rund 300 Kilometer pro Sekunde"", ""Rund 30'000'000 Kilometer pro Sekunde""]",Die Lichtgeschwindigkeit im Vakuum beträgt fast 300'000 Kilometer pro Sekunde. Sie gilt als absolute Höchstgeschwindigkeit im Universum.,Licht legt pro Sekunde etwa 300'000 km zurück.,Lichtgeschwindigkeit,,ok
tiere,2,Wie viele Katzen leben ungefähr als Haustiere in der Schweiz?,"[""über 1,5 Millionen"", ""etwa 10 000"", ""etwa 100 000"", ""über 10 Millionen""]","In der Schweiz leben schätzungsweise weit über 1,5 Millionen Hauskatzen. Damit sind Katzen das mit Abstand häufigste Heimtier des Landes.","In der Schweiz leben über 1,5 Millionen Katzen.",Hauskatze,,ok
natur,1,Was ist ein Regenwald?,"[""Ein dichter, immergrüner Wald mit sehr viel Regen"", ""Ein Wald aus Eis"", ""Ein Wald ohne Bäume"", ""Ein Wald mitten in der Wüste""]",In tropischen Regenwäldern regnet es das ganze Jahr über sehr viel. Deshalb wachsen dort besonders viele verschiedene Pflanzen und Tiere.,Im Regenwald regnet es das ganze Jahr viel.,Regenwald,,ok
koerper,1,Wozu hast du Fingernägel?,"[""Sie schützen die empfindlichen Fingerspitzen"", ""Sie helfen beim Hören"", ""Sie machen dich grösser"", ""Sie helfen beim Atmen""]",Nägel bestehen aus einem harten Material namens Keratin. Sie schützen die empfindliche Haut an den Fingerspitzen.,Nägel schützen deine Fingerspitzen.,Nagel (Anatomie),,ok
natur,3,Wofür ist der Weltklimarat (IPCC) bekannt?,"[""Für wissenschaftliche Berichte über den Stand des Klimawandels"", ""Für die Entwicklung von Wettersatelliten"", ""Für die Erforschung des Mondes"", ""Für internationale Handelsabkommen""]",Das IPCC (Intergovernmental Panel on Climate Change) fasst regelmässig den aktuellen Stand der Klimaforschung aus tausenden Studien zusammen. Diese Berichte dienen Politikern weltweit als wissenschaftliche Grundlage.,IPCC fasst den Forschungsstand zum Klima zusammen.,Weltklimarat,,ok
physik,1,"Welches Material verhindert, dass Strom durch einen Draht in deine Hand fliesst?","[""Plastik"", ""Metall"", ""Wasser"", ""Salz""]","Plastik leitet keinen Strom, darum sind Kabel damit ummantelt. So kannst du sie gefahrlos anfassen.",Plastik schützt vor Stromschlägen.,Isolator (Elektrotechnik),,ok
bilder,1,Welches Land hat ein rotes Ahornblatt auf seiner Flagge?,"[""Kanada"", ""Japan"", ""Brasilien"", ""Australien""]",Das Ahornblatt ist das bekannteste Symbol Kanadas und seit 1965 auf der Flagge zu sehen. Ahornbäume wachsen dort in riesigen Wäldern.,Kanada hat ein rotes Ahornblatt.,Flagge Kanadas,e:🍁,ok
natur,1,Warum tragen Astronauten im Weltall einen speziellen Anzug?,"[""Weil es dort keine Luft zum Atmen gibt"", ""Weil es im Weltall immer regnet"", ""Weil es dort zu heiss zum Frieren ist"", ""Weil sie sonst schweben müssten""]",Im Weltall gibt es keine Luft und keinen Sauerstoff. Der Raumanzug versorgt die Astronauten mit Luft und schützt sie vor Kälte und Hitze.,Im All gibt es keine Luft zum Atmen.,Raumanzug,,ok
koerper,2,Wie viele Wirbel hat die menschliche Wirbelsäule ungefähr?,"[""33"", ""12"", ""60"", ""8""]",Die Wirbelsäule besteht aus mehreren Abschnitten mit insgesamt rund 33 Wirbeln. Sie stützt den Körper und schützt das Rückenmark.,Die Wirbelsäule hat rund 33 Wirbel.,Wirbelsäule,,ok
tiere,2,Was ist eine vollständige Metamorphose bei Insekten?,"[""Ei, Larve, Puppe, fertiges Insekt"", ""Nur Ei und fertiges Insekt"", ""Larve und dann sofort Ei"", ""Nur Puppe und fertiges Insekt""]",Bei der vollständigen Metamorphose durchläuft ein Insekt vier ganz unterschiedliche Stadien. Der Schmetterling ist dafür ein bekanntes Beispiel.,"Vier Stadien: Ei, Larve, Puppe, Insekt.",Metamorphose (Biologie),,ok
wissenschaft,2,Was misst der pH-Wert einer Flüssigkeit?,"[""Wie sauer oder basisch sie ist"", ""Wie warm sie ist"", ""Wie schwer sie ist"", ""Wie farbig sie ist""]","Der pH-Wert zeigt, ob eine Flüssigkeit sauer, neutral oder basisch ist. Er reicht meist von 0 (stark sauer) bis 14 (stark basisch).",Der pH-Wert misst sauer oder basisch.,PH-Wert,,ok
pol_demokratie,1,Was ist ein Gemeindehaus?,"[""Das Gebäude, in dem die Verwaltung der Gemeinde arbeitet"", ""Ein Haus für Ferien"", ""Ein Museum"", ""Eine Kirche""]","Im Gemeindehaus arbeiten Menschen, die sich um Dinge im Dorf oder in der Stadt kümmern. Dort kann man zum Beispiel einen Pass beantragen.",Im Gemeindehaus arbeitet die Gemeindeverwaltung.,Gemeindeverwaltung,,ok
bilder,3,Welches Tier krönt als Doppelfigur das russische Staatswappen?,"[""Zweiköpfiger Adler"", ""Bär"", ""Löwe"", ""Wolf""]",Der zweiköpfige Adler geht auf das Byzantinische Reich zurück und wurde 1993 wieder offizielles Staatswappen Russlands. Die beiden Köpfe blicken nach Osten und Westen.,Russlands Wappen zeigt einen zweiköpfigen Adler.,Staatswappen Russlands,,ok
wissenschaft,1,"Wie nennt man winzige Lebewesen, die man nur mit einem Mikroskop sehen kann?","[""Bakterien"", ""Elefanten"", ""Insekten"", ""Vögel""]","Bakterien sind so klein, dass man sie mit blossem Auge nicht sehen kann. Erst unter dem Mikroskop werden sie sichtbar.",Bakterien sind winzig klein.,Bakterien,,ok
tiere,1,Wie viele Beine hat ein Hund?,"[""Vier"", ""Zwei"", ""Sechs"", ""Acht""]",Hunde sind Säugetiere und laufen wie die meisten von ihnen auf vier Beinen. Damit können sie schnell rennen und springen.,Hunde haben vier Beine.,Hund,,ok
physik,1,"Was passiert mit einem Ball, den du hochwirfst?","[""Er fällt wieder herunter"", ""Er bleibt oben stehen"", ""Er wird leichter"", ""Er verschwindet""]",Die Schwerkraft zieht den Ball nach oben immer wieder zurück zum Boden. Darum kommt er nach kurzer Zeit wieder runter.,"Was hochfliegt, kommt wieder runter.",Gravitation,,ok
koerper,3,Was geben die zwei Zahlen bei einer Blutdruckmessung (z.B. 120/80) an?,"[""Den systolischen und diastolischen Druck"", ""Puls und Körpertemperatur"", ""Zwei verschiedene Herzfrequenzen"", ""Sauerstoff- und Kohlendioxidgehalt""]","Die erste Zahl misst den Druck beim Zusammenziehen des Herzens, die zweite beim Erschlaffen. Zusammen zeigen sie, wie stark das Blut gegen die Gefässwände drückt.",Blutdruckwerte zeigen zwei Herzphasen.,Blutdruck,,ok
pol_welt,2,Warum ist die direkte Demokratie ein wichtiger Unterschied zwischen der Schweiz und der EU?,"[""In der Schweiz können Bürgerinnen und Bürger direkt über Gesetze abstimmen"", ""In der EU stimmen alle Bürger direkt über jedes Gesetz ab"", ""Beide Systeme sind identisch"", ""Die Schweiz hat keine Wahlen""]",In der Schweiz können Volk und Kantone mit Initiativen und Referenden direkt mitentscheiden. Die EU kennt dieses System der direkten Mitbestimmung nicht in dieser Form.,"Die Schweiz kennt direkte Volksabstimmungen, die EU nicht.",Direkte Demokratie,,ok
tiere,3,Was zeigt das Beispiel Fledermaus- und Vogelflügel in der Evolution?,"[""Konvergente Evolution: ähnliche Lösungen bei unterschiedlicher Herkunft"", ""Dass beide Tiere eng verwandt sind"", ""Dass Flügel nur einmal in der Evolution entstanden sind"", ""Dass Vögel von Fledermäusen abstammen""]",Fledermäuse und Vögel entwickelten Flügel unabhängig voneinander aus unterschiedlichen Vorfahren. Solche ähnlichen Anpassungen an ein Problem nennt man konvergente Evolution.,Ähnliche Merkmale können unabhängig entstehen.,Konvergente Evolution,,ok
pol_demokratie,1,Was ist ein Jugendparlament?,"[""Ein Ort, wo Jugendliche über Politik reden und Ideen einbringen"", ""Eine Schulklasse"", ""Ein Sportverein"", ""Ein Ferienlager""]","In einem Jugendparlament können junge Menschen mitreden, auch bevor sie abstimmen dürfen. So üben sie Demokratie.",Im Jugendparlament üben Jugendliche Politik.,Jugendparlament,,ok
bilder,2,Welches Tier ist das grösste noch wild lebende Landsäugetier Europas?,"[""Wisent"", ""Rothirsch"", ""Elch"", ""Braunbär""]","Der Wisent, auch europäischer Bison genannt, war fast ausgestorben und wurde durch gezielte Zuchtprogramme gerettet. Heute lebt er in ausgewählten Schutzgebieten.",Der Wisent ist Europas grösstes Landsäugetier.,Wisent,,ok
natur,2,Warum gibt es auf der Erde verschiedene Jahreszeiten?,"[""Weil die Erdachse gegenüber der Sonne geneigt ist"", ""Weil die Erde mal näher, mal weiter von der Sonne entfernt ist"", ""Weil sich die Sonne um die Erde dreht"", ""Weil der Mond die Sonneneinstrahlung blockiert""]",Die Erdachse ist leicht schräg gestellt. Dadurch trifft die Sonne je nach Jahreszeit unterschiedlich stark auf Nord- und Südhalbkugel.,Die Neigung der Erdachse erzeugt die Jahreszeiten.,Jahreszeit,,ok
pol_diktatur,3,Wer prägte den Begriff der Gewaltenteilung massgeblich?,"[""Montesquieu"", ""Karl Marx"", ""Niccolò Machiavelli"", ""Thomas Hobbes""]","Der französische Philosoph Montesquieu beschrieb im 18. Jahrhundert die Trennung von Legislative, Exekutive und Judikative. Dieses Prinzip soll Machtmissbrauch verhindern.",Montesquieu forderte geteilte Staatsgewalt.,Charles de Montesquieu,,ok
pol_demokratie,2,Was bedeutet das «Milizsystem» in der Schweizer Politik?,"[""Viele Politikerinnen und Politiker üben ihr Amt neben einem anderen Beruf aus"", ""Nur das Militär darf regieren"", ""Politik ist ein Vollzeit-Hauptberuf für alle"", ""Nur Beamte dürfen wählen""]","In der Schweiz sind viele Politikerinnen und Politiker, besonders in Gemeinden und im Parlament, nebenamtlich tätig.",Politik oft als Nebenamt.,Milizsystem,,ok
pol_diktatur,1,Was passiert bei einer Bücherverbrennung?,"[""Bücher mit unerwünschten Ideen werden verbrannt."", ""Bücher werden verschenkt."", ""Bücher werden neu gedruckt."", ""Bücher werden ins Museum gebracht.""]","In manchen Diktaturen wurden Bücher, die der Regierung nicht passten, öffentlich verbrannt. Damit wollte man unerwünschte Ideen verschwinden lassen.",Verbotene Bücher wurden verbrannt.,Bücherverbrennung,,ok
pol_diktatur,3,Was unterscheidet eine totalitäre von einer autoritären Diktatur?,"[""Totalitäre Regime kontrollieren fast alle Lebensbereiche, autoritäre meist nur die Politik."", ""Totalitäre Regime sind immer friedlicher."", ""Autoritäre Regime haben freie Wahlen."", ""Es gibt keinen Unterschied.""]","In totalitären Systemen wie NS-Deutschland oder der Sowjetunion wird versucht, Denken, Kultur und Privatleben zu kontrollieren. Autoritäre Systeme beschränken sich meist auf politische Kontrolle, lassen aber mehr private Freiheit.","Totalitär kontrolliert alles, autoritär nur Politik.",Totalitarismus,,ok
pol_welt,3,"Wozu dienen Doppelbesteuerungsabkommen, wie sie die Schweiz mit vielen Ländern abgeschlossen hat?","[""Sie verhindern, dass Personen oder Firmen ihr Einkommen in zwei Ländern gleichzeitig versteuern müssen"", ""Sie verdoppeln die Steuern für internationale Firmen"", ""Sie regeln den Beitritt zur EU"", ""Sie legen die Höhe der Mehrwertsteuer weltweit fest""]","Ohne solche Abkommen müsste zum Beispiel eine Person, die in einem Land arbeitet und in einem anderen wohnt, ihr Einkommen doppelt versteuern. Die Schweiz hat mit vielen Staaten solche Abkommen geschlossen.",Doppelbesteuerungsabkommen verhindern doppelte Steuern.,Doppelbesteuerungsabkommen,,ok
tiere,3,Was zeigt Forschung zum Blickverhalten von Hunden gegenüber Menschen im Vergleich zu Wölfen?,"[""Hunde suchen viel häufiger aktiv den Blickkontakt mit Menschen als Wölfe"", ""Wölfe suchen viel häufiger Blickkontakt als Hunde"", ""Beide meiden Blickkontakt völlig"", ""Es gibt keinen Unterschied""]","Verhaltensstudien zeigen, dass Hunde im Gegensatz zu Wölfen sehr häufig den Blickkontakt zu Menschen suchen, etwa um Hilfe bei einer schwierigen Aufgabe zu erbitten. Dies wird als Ergebnis der langen Domestikationsgeschichte interpretiert.",Hunde suchen aktiv den Blick der Menschen.,Hund-Mensch-Beziehung,,ok
pol_demokratie,2,Wie lange darf man für eine eidgenössische Volksinitiative Unterschriften sammeln?,"[""18 Monate"", ""100 Tage"", ""1 Woche"", ""10 Jahre""]","Ab der amtlichen Veröffentlichung haben die Initianten 18 Monate Zeit, um genügend Unterschriften zu sammeln.",18 Monate Zeit für Unterschriften.,Volksinitiative (Schweiz),,ok
tiere,1,"Was sollte man tun, bevor man einen fremden Hund streichelt?","[""Den Besitzer fragen"", ""Ihn anschreien"", ""Sofort wegrennen"", ""Am Schwanz ziehen""]","Man sollte immer zuerst den Besitzer oder die Besitzerin fragen, ob man den Hund streicheln darf. So vermeidet man, dass der Hund erschrickt oder sich bedroht fühlt.","Erst fragen, dann streicheln.",Hund,,ok
tiere,1,"Was bedeutet es meistens, wenn eine Katze schnell mit dem Schwanz hin und her schlägt?","[""sie ist gereizt oder nervös"", ""sie ist sehr glücklich"", ""sie hat Hunger"", ""sie will schlafen""]","Ein schnell peitschender Schwanz zeigt meist, dass die Katze genervt oder erregt ist. Man sollte sie dann besser in Ruhe lassen.",Ein peitschender Schwanz zeigt Ärger.,Katzensprache,,ok
pol_welt,1,Was ist eine Delegation bei der UNO?,"[""Eine Gruppe von Personen, die ein Land bei Treffen vertritt"", ""Ein Gebäude der UNO"", ""Ein Geldbetrag für arme Länder"", ""Eine Fahne, die vor der UNO weht""]","Jedes Land schickt eine Delegation zu Treffen der UNO, damit es seine Meinung sagen kann. Die Delegation besteht meist aus Diplomatinnen und Diplomaten.",Eine Delegation vertritt ein Land bei Treffen.,Delegation (Politik),,ok
koerper,2,Welches Organ produziert Gallenflüssigkeit zur Fettverdauung und baut Giftstoffe ab?,"[""Die Leber"", ""Die Milz"", ""Die Bauchspeicheldrüse"", ""Die Niere""]","Die Leber ist ein wichtiges Entgiftungsorgan. Sie produziert zudem Galle, die bei der Fettverdauung hilft.",Die Leber entgiftet deinen Körper.,Leber,,ok
geld,1,Wie können Kinder selbst etwas Geld verdienen?,"[""Zum Beispiel durch kleine Hilfsjobs wie Rasenmähen oder Babysitten"", ""Indem sie es einfach beim Automaten abheben"", ""Indem sie es von der Gemeinde verlangen"", ""Indem sie Münzen selbst basteln""]",Mit kleinen Hilfsjobs im Haushalt oder in der Nachbarschaft können Kinder etwas Geld dazuverdienen. Das ist eine gute Erfahrung.,Kleine Jobs bringen eigenes Geld.,Taschengeld,,ok
natur,3,"Was entsteht bei der Photosynthese als Nebenprodukt, das Pflanzen an die Luft abgeben?","[""Sauerstoff"", ""Kohlendioxid"", ""Stickstoff"", ""Methan""]","Bei der Photosynthese wandeln Pflanzen Wasser und CO2 mithilfe von Lichtenergie in Traubenzucker um. Als Nebenprodukt entsteht Sauerstoff, der über die Spaltöffnungen abgegeben wird.",Photosynthese setzt Sauerstoff als Nebenprodukt frei.,Photosynthese,,ok
geld,3,Was ist ein Überziehungskredit auf dem Bankkonto?,"[""Man kann mehr Geld ausgeben, als effektiv auf dem Konto ist, muss dies aber mit Zinsen zurückzahlen"", ""Ein zinsloses Geschenk der Bank"", ""Ein Konto, das automatisch gesperrt wird"", ""Ein Sparkonto mit garantiertem Gewinn""]","Bei einem Überziehungskredit erlaubt die Bank, das Konto ins Minus zu ziehen. Für den überzogenen Betrag verlangt sie meist hohe Zinsen, was schnell teuer werden kann.",Kontoüberziehung kostet oft viel Zins.,Kontokorrentkredit,,ok
tiere,1,Welcher Vogel hat einen langen Schnabel und frisst gerne Frösche?,"[""Der Storch"", ""Der Spatz"", ""Die Taube"", ""Die Meise""]","Der Storch hat lange Beine und einen langen Schnabel, mit dem er in Wiesen und Sümpfen nach Fröschen und Insekten sucht. In der Schweiz kann man ihn wieder öfter sehen.",Der Storch stochert mit dem Schnabel nach Fröschen.,Weissstorch,,ok
bilder,1,Welches Tier hat schwarze und weisse Streifen und lebt in Afrika?,"[""Zebra"", ""Pferd"", ""Esel"", ""Ziege""]","Jedes Zebra hat ein einzigartiges Streifenmuster, fast wie ein Fingerabdruck. Zebras leben in Herden in der Savanne.",Zebras haben schwarz-weisse Streifen.,Steppenzebra,,ok
geld,2,"Warum ist es riskant, seine PIN-Nummer der Bankkarte weiterzugeben?","[""Andere könnten damit unbemerkt Geld von deinem Konto abheben oder bezahlen"", ""Die PIN wird dadurch automatisch ungültig"", ""Die Bank sperrt dann sofort das Konto"", ""Es ist überhaupt nicht riskant""]","Die PIN schützt dein Konto vor unbefugtem Zugriff. Wer sie kennt, kann damit Geld abheben oder bezahlen, deshalb sollte sie immer geheim bleiben.",PIN immer geheim halten.,Persönliche Identifikationsnummer,,ok
physik,1,Warum bleibt ein Saugnapf an einer glatten Kachel kleben?,"[""Der Luftdruck drückt ihn von aussen fest"", ""Der Saugnapf ist ein Magnet"", ""Die Kachel ist klebrig"", ""Der Saugnapf wird warm und schmilzt""]","Unter dem Saugnapf wird die Luft herausgedrückt, dort herrscht wenig Druck. Der Luftdruck von aussen presst ihn dann fest an die Wand.",Luftdruck hält den Saugnapf fest.,Saugnapf,,ok
physik,2,"Was passiert mit einem Lichtstrahl, wenn er von Luft schräg ins Wasser trifft?","[""Er wird gebrochen und ändert seine Richtung"", ""Er verschwindet komplett"", ""Er wird schneller"", ""Er bleibt genau gleich""]","Weil Licht im Wasser langsamer ist als in Luft, knickt der Strahl beim Übergang ab. Das nennt man Lichtbrechung.",Wasser knickt das Licht.,Brechung (Physik),,ok
tiere,2,Wie lange dauert die Trächtigkeit bei einer Katze ungefähr?,"[""etwa 63 bis 65 Tage"", ""etwa 10 Tage"", ""etwa 9 Monate"", ""etwa 200 Tage""]","Eine Katze trägt ihre Jungen im Schnitt rund neun Wochen, also etwa 63 bis 65 Tage. Danach kommen die Kätzchen blind und taub zur Welt.",Katzen sind rund neun Wochen trächtig.,Hauskatze,,ok
tiere,1,Wie nennt man die Babys eines Hundes?,"[""Welpen"", ""Kätzchen"", ""Fohlen"", ""Küken""]","Kleine Hunde heissen Welpen. Sie werden bei ihrer Mutter, der Hündin, gesäugt.",Hundebabys heissen Welpen.,Hund,,ok
physik,1,"Zwei Kinder sitzen auf einer Wippe. Was passiert, wenn eines viel schwerer ist als das andere?","[""Die schwerere Seite sinkt nach unten"", ""Beide Seiten bleiben genau gleich hoch"", ""Die leichtere Seite sinkt nach unten"", ""Die Wippe hört auf sich zu bewegen""]","Je schwerer ein Kind ist, desto stärker drückt es seine Seite der Wippe nach unten. Das ist eine einfache Hebelwirkung.",Schwereres drückt die Wippe nach unten.,Hebel (Physik),,ok
tiere,2,"Was bedeutet es oft, wenn ein Hund gähnt, obwohl er gar nicht müde ist?","[""Es kann ein Zeichen von Stress oder Beschwichtigung sein"", ""Es bedeutet immer, dass er hungrig ist"", ""Es zeigt, dass er sofort aggressiv wird"", ""Es hat gar keine Bedeutung""]","Gähnen kann bei Hunden ein sogenanntes Beschwichtigungssignal sein, mit dem sie Anspannung abbauen oder Konflikte vermeiden wollen. Verhaltensforscher beobachten solche Signale oft in unsicheren Situationen.",Gähnen kann Stress beim Hund zeigen.,Beschwichtigungssignal,,ok
tiere,2,Was ist die Hauptaufgabe eines Polizeihundes?,"[""Er unterstützt die Polizei z.B. beim Aufspüren von Personen oder Drogen"", ""Er bewacht ausschliesslich das Polizeigebäude"", ""Er trägt Akten"", ""Er löst Verkehrsstrafen aus""]","Polizeihunde werden speziell trainiert, um Menschen, Drogen oder Sprengstoff aufzuspüren und Einsatzkräfte zu unterstützen. Ihre feine Nase macht sie dafür besonders geeignet.",Diensthunde spüren Personen und Stoffe auf.,Diensthund,,ok
natur,2,Was ist eine Nahrungskette?,"[""Die Abfolge, wer wen frisst in der Natur"", ""Eine Liste von Lebensmitteln im Laden"", ""Ein Wetterphänomen im Herbst"", ""Eine Reihe von Bergketten""]","Eine Nahrungskette zeigt, wie Energie von einem Lebewesen zum nächsten weitergegeben wird, zum Beispiel von Pflanze zu Pflanzenfresser zu Fleischfresser. So sind alle Lebewesen in der Natur miteinander verbunden.","Nahrungsketten zeigen, wer wen frisst.",Nahrungskette,,ok
wissenschaft,1,Was braucht eine Pflanze zum Wachsen?,"[""Licht, Wasser und Erde"", ""Nur Wasser"", ""Nur Sonnenlicht"", ""Nur Erde""]","Pflanzen brauchen Licht, Wasser und Nährstoffe aus der Erde, um zu wachsen. Ohne diese Dinge können sie nicht gedeihen.","Pflanzen brauchen Licht, Wasser und Erde.",Pflanze,,ok
pol_welt,3,Welches Ziel verfolgt die UNO-Organisation UN Women?,"[""Die Gleichstellung der Geschlechter und die Stärkung von Frauen weltweit"", ""Den Schutz gefährdeter Tierarten"", ""Die Förderung des Welthandels"", ""Die Entwicklung neuer Impfstoffe""]","UN Women setzt sich weltweit für die Rechte von Frauen und Mädchen ein, etwa bei Bildung, Gesundheit oder politischer Teilhabe. Die Organisation wurde 2010 von der UNO-Generalversammlung geschaffen.",UN Women stärkt Frauenrechte weltweit.,UN Women,,ok
physik,1,"Womit kannst du herausfinden, ob ein Gegenstand Strom leitet?","[""Mit einem Stromkreis mit Lämpchen"", ""Mit einem Spiegel"", ""Mit einem Magneten"", ""Mit einem Thermometer""]","Wenn du den Gegenstand in einen Stromkreis mit einer kleinen Lampe einbaust und sie leuchtet, leitet er Strom. Leuchtet sie nicht, ist er ein Isolator.","Ein Lämpchen zeigt, ob Strom fliesst.",Stromkreis,,ok
natur,1,"Wie nennt man den Weg, den Wasser vom Meer über die Wolken bis zurück auf die Erde macht?","[""Wasserkreislauf"", ""Sonnenkreislauf"", ""Windkreislauf"", ""Steinkreislauf""]","Wasser verdunstet aus Seen und Meeren, bildet Wolken und fällt als Regen wieder herunter. Dieser Weg wiederholt sich immer wieder.",Wasser wandert immer wieder im Kreis.,Wasserkreislauf,,ok
physik,3,Wie funktioniert ein Transformator?,"[""Er verändert die Spannung von Wechselstrom mithilfe zweier Spulen und eines Magnetfelds"", ""Er wandelt Gleichstrom in Wärme um"", ""Er speichert elektrische Ladung dauerhaft"", ""Er erzeugt Licht aus Bewegungsenergie""]","Ein Transformator besteht aus zwei Drahtspulen um einen gemeinsamen Eisenkern. Durch das sich ändernde Magnetfeld in der ersten Spule wird in der zweiten Spule eine andere Spannung erzeugt, je nach Anzahl der Wicklungen.",Der Transformator verändert die Spannung.,Transformator,,ok
physik,3,Was bedeutet der Welle-Teilchen-Dualismus des Lichts?,"[""Licht verhält sich sowohl wie eine Welle als auch wie ein Teilchen"", ""Licht besteht nur aus Wellen"", ""Licht besteht nur aus festen Teilchen"", ""Licht hat gar keine physikalischen Eigenschaften""]","Je nach Experiment zeigt Licht Eigenschaften einer Welle, etwa bei Interferenz, oder eines Teilchens, wie beim photoelektrischen Effekt. Beide Beschreibungen sind gleichzeitig notwendig, um Licht vollständig zu verstehen.",Licht ist Welle und Teilchen zugleich.,Welle-Teilchen-Dualismus,,ok
tiere,2,Wie hoch ist die normale Körpertemperatur einer gesunden Katze?,"[""etwa 38 bis 39 Grad Celsius"", ""etwa 30 Grad Celsius"", ""etwa 42 Grad Celsius bei jeder Katze"", ""genau 37 Grad wie beim Menschen""]",Die normale Körpertemperatur einer Katze liegt mit 38 bis 39 Grad etwas höher als beim Menschen. Das gehört zum normalen Stoffwechsel der Tiere.,Katzen sind etwas wärmer als Menschen.,Hauskatze,,ok
pol_welt,3,Was ist ein zentrales Merkmal der EU-Rechtsordnung im Vergleich zu internationalem Recht allgemein?,"[""EU-Recht kann direkt in den Mitgliedstaaten gelten und Vorrang vor nationalem Recht haben"", ""EU-Recht gilt nie in den Mitgliedstaaten"", ""Internationales Recht hat immer Vorrang vor EU-Recht"", ""Die EU kennt kein eigenes Recht""]",Anders als klassisches Völkerrecht kann EU-Recht in bestimmten Fällen unmittelbar in den Mitgliedstaaten wirken und hat Vorrang vor nationalem Recht. Das macht die EU rechtlich besonders eng verflochten.,EU-Recht kann Vorrang vor nationalem Recht haben.,Recht der Europäischen Union,,ok
tiere,3,Von welcher Wildkatzenart stammt die Hauskatze vermutlich ab?,"[""von der afrikanischen Falbkatze (Felis silvestris lybica)"", ""vom Löwen"", ""von der europäischen Wildkatze (Felis silvestris silvestris)"", ""vom Luchs""]","Genetische Untersuchungen zeigen, dass die Hauskatze vor allem von der afrikanischen Falbkatze abstammt. Diese Unterart der Wildkatze lebte schon vor Tausenden Jahren in der Nähe menschlicher Siedlungen.",Die Falbkatze ist die Stammform der Hauskatze.,Falbkatze,,ok
pol_demokratie,1,"Wie heisst das Treffen, bei dem sich alle Einwohnerinnen und Einwohner einer Gemeinde versammeln, um zu entscheiden?","[""Gemeindeversammlung"", ""Klassenfest"", ""Bundesfeier"", ""Elternabend""]","In vielen kleinen Gemeinden treffen sich die Stimmberechtigten und entscheiden zusammen, oft durch Handaufheben.",Gemeinsam entscheiden an der Gemeindeversammlung.,Gemeindeversammlung,,ok
wissenschaft,3,Wer entwickelte das erste umfassende Periodensystem der Elemente?,"[""Dmitri Mendelejew"", ""Marie Curie"", ""Antoine Lavoisier"", ""Robert Boyle""]",Der russische Chemiker Dmitri Mendelejew ordnete 1869 die bekannten Elemente nach ihren Eigenschaften und sagte sogar noch unentdeckte Elemente voraus. Sein System bildet bis heute die Grundlage des Periodensystems.,Mendelejew schuf das Periodensystem.,Dmitri Mendelejew,,ok
tiere,1,Wie heisst das Männchen der Hauskatze?,"[""Kater"", ""Kätzin"", ""Welpe"", ""Hahn""]",Das männliche Tier der Katze heisst Kater. Das Weibchen wird Kätzin oder einfach Katze genannt.,Der Kater ist das Katzenmännchen.,Hauskatze,,ok
tiere,2,Wie wird eine Gruppe eng zusammenlebender Hunde mit fester Struktur häufig genannt?,"[""Rudel"", ""Herde"", ""Schwarm"", ""Kolonie""]",Der Begriff Rudel stammt ursprünglich aus der Wolfsforschung und wird oft auch auf Hundegruppen übertragen. Innerhalb eines Rudels gibt es soziale Beziehungen zwischen den Tieren.,Hunde leben manchmal im Rudel.,Rudel,,ok
bilder,2,"Welches Tier ist Teil des Wappens des Fürstentums Liechtenstein, gekrönt von der Fürstenkrone?","[""Adler"", ""Löwe"", ""Bär"", ""Hirsch""]","Das liechtensteinische Wappen ist in mehrere Felder unterteilt, eines davon zeigt einen goldenen Adler. Darüber thront die Fürstenkrone als Zeichen der Monarchie.",Liechtensteins Wappen enthält unter anderem einen Adler.,Wappen Liechtensteins,,ok
pol_diktatur,1,"Wie nennt man jemanden, der wegen seiner Meinung eingesperrt wird?","[""einen politischen Gefangenen"", ""einen Touristen"", ""einen Minister"", ""einen Diktator""]","Politische Gefangene sitzen im Gefängnis, weil sie ihre Meinung offen gesagt haben. Das gibt es vor allem in Diktaturen.",Politische Gefangene sitzen wegen ihrer Meinung.,Politischer Gefangener,,ok
tiere,2,Wer regiert einen Ameisenstaat und legt fast alle Eier?,"[""Die Königin"", ""Der König"", ""Die Arbeiterin"", ""Der Soldat""]","Ein Ameisenvolk hat meist eine Königin, die den ganzen Tag Eier legt. Die Arbeiterinnen kümmern sich um Nahrung, Nest und Nachwuchs.",Die Königin legt fast alle Eier im Staat.,Ameisen,,ok
pol_kommunismus,1,Wie hiess ein bekannter Grenzübergang zwischen Ost- und Westberlin?,"[""Checkpoint Charlie"", ""Bahnhof Zoo"", ""Alexanderplatz"", ""Brandenburger Café""]",Checkpoint Charlie war der wichtigste Grenzübergang für Ausländer zwischen Ost- und Westberlin. Heute ist es ein bekannter Ort für Touristen.,Checkpoint Charlie war ein Grenzübergang in Berlin.,Checkpoint Charlie,,ok
pol_demokratie,2,Was ist der Unterschied zwischen einer Volksinitiative und einem Referendum?,"[""Mit einer Initiative fordert man etwas Neues, mit einem Referendum wehrt man sich gegen ein beschlossenes Gesetz"", ""Beides ist genau dasselbe"", ""Initiative gilt nur für Kantone, Referendum nur für Gemeinden"", ""Referendum braucht keine Unterschriften""]",Mit einer Volksinitiative verlangt das Volk eine neue Verfassungsbestimmung. Mit einem Referendum kann das Volk ein vom Parlament beschlossenes Gesetz noch stoppen.,"Initiative fordert, Referendum bremst.",Volksinitiative (Schweiz),,ok
pol_welt,3,Was regelt das Übereinkommen über die Rechte des Kindes der UNO?,"[""Grundlegende Rechte von Kindern weltweit, etwa auf Bildung und Schutz"", ""Nur die Rechte erwachsener Personen"", ""Ausschliesslich Handelsfragen"", ""Nur Regeln für Sportwettkämpfe""]","Fast alle Staaten der Welt haben dieses Abkommen unterschrieben und sich damit verpflichtet, Kinderrechte wie Schutz vor Gewalt und Zugang zu Bildung zu achten. Es ist eines der meistratifizierten Menschenrechtsabkommen überhaupt.",Die Kinderrechtskonvention schützt Kinder weltweit.,Kinderrechtskonvention,,ok
tiere,2,Wozu dient dem Kamel sein Höcker?,"[""Als Fettspeicher für die Wüste"", ""Zum Speichern von Wasser"", ""Zum Schutz vor Sonnenbrand"", ""Als Gleichgewichtsorgan""]","Im Höcker eines Kamels ist vor allem Fett gespeichert, nicht Wasser wie oft angenommen. Dieses Fett kann bei Nahrungsmangel als Energiequelle dienen.","Der Höcker speichert Fett, nicht Wasser.",Dromedar,,ok
pol_demokratie,2,"Wie lange läuft die Frist, um ein fakultatives Referendum gegen ein Bundesgesetz zu ergreifen?","[""100 Tage"", ""18 Monate"", ""1 Jahr"", ""1 Woche""]","Nach der Veröffentlichung eines Gesetzes haben Gegnerinnen und Gegner 100 Tage Zeit, um Unterschriften zu sammeln.",100 Tage für ein Referendum.,Fakultatives Referendum,,ok
tiere,2,Welches grosse Raubtier war in der Schweiz lange ausgerottet und wandert seit einigen Jahren gelegentlich aus Italien wieder ein?,"[""Bär"", ""Wolf"", ""Luchs"", ""Fuchs""]","Der Braunbär war in der Schweiz lange ausgerottet, wandert aber gelegentlich aus Italien ein. Bekannt wurde 2005 der Bär «Bruno».",Bären kehren selten in die Schweiz zurück.,Braunbär,,ok
kt_SO,1,Nach welchem Heiligen ist die grosse Kathedrale in Solothurn benannt?,"[""Heiliger Ursus"", ""Heiliger Niklaus"", ""Heiliger Martin"", ""Heiliger Bruder Klaus""]",Der heilige Ursus soll der Legende nach vor langer Zeit in Solothurn gelebt haben. Ihm zu Ehren wurde die grosse Kathedrale der Stadt benannt.,Die Kathedrale ist nach dem heiligen Ursus benannt.,Ursus und Viktor,,ok
physik,3,Was besagt der Energieerhaltungssatz?,"[""Energie kann weder erzeugt noch vernichtet werden, nur umgewandelt"", ""Energie verschwindet mit der Zeit einfach"", ""Nur elektrische Energie bleibt erhalten"", ""Energie entsteht immer neu aus dem Nichts""]","In einem abgeschlossenen System bleibt die Gesamtenergie immer gleich, sie kann sich nur in andere Formen umwandeln, etwa von Bewegungsenergie in Wärme. Dieses Grundprinzip gilt in der gesamten Physik.","Energie verschwindet nie, sie wandelt sich um.",Energieerhaltungssatz,,ok
tiere,2,Welcher Vogel war in den Alpen ausgerottet und wurde ab 1986 erfolgreich wieder angesiedelt?,"[""Bartgeier"", ""Rothirsch"", ""Fuchs"", ""Wildschwein""]","Der Bartgeier war in den Alpen ausgerottet worden, wurde aber ab 1986 erfolgreich wieder angesiedelt. Heute fliegt er wieder über die Schweizer Berge.",Der Bartgeier kehrte in die Alpen zurück.,Bartgeier,,ok
koerper,2,Aus welchen zwei Teilen besteht das zentrale Nervensystem?,"[""Gehirn und Rückenmark"", ""Herz und Lunge"", ""Magen und Darm"", ""Haut und Muskeln""]",Das zentrale Nervensystem verarbeitet und leitet alle Signale im Körper. Es besteht aus Gehirn und Rückenmark.,Gehirn und Rückenmark steuern dich.,Zentrales Nervensystem,,ok
geld,2,Was ist der Unterschied zwischen Sparen und Investieren?,"[""Beim Sparen legt man Geld sicher zur Seite, beim Investieren legt man Geld mit Risiko an, um mehr Ertrag zu erzielen"", ""Sparen und Investieren bedeuten genau dasselbe"", ""Investieren ist immer risikofrei"", ""Sparen bringt immer mehr Ertrag als Investieren""]","Sparen bedeutet, Geld sicher, aber mit wenig Ertrag zurückzulegen, zum Beispiel auf einem Sparkonto. Investieren, etwa in Aktien, kann mehr Ertrag bringen, birgt aber auch das Risiko, Geld zu verlieren.","Sparen sicher, Investieren riskanter.",Investition,,ok
pol_demokratie,2,Was ist eine Motion im Parlament?,"[""Ein verbindlicher Auftrag ans Parlament, ein Gesetz oder einen Beschluss vorzubereiten"", ""Eine unverbindliche Meinungsäusserung"", ""Ein Gesetz, das sofort gilt"", ""Eine Abstimmung des Volkes""]","Mit einer Motion können Parlamentsmitglieder die Regierung dazu verpflichten, aktiv zu werden. Nimmt das Parlament die Motion an, muss der Bundesrat handeln.",Eine Motion verpflichtet zum Handeln.,Motion (Schweiz),,ok
pol_demokratie,2,Wie wird die Bundespräsidentin oder der Bundespräsident gewählt?,"[""Die Bundesversammlung wählt jährlich eine Person aus dem Bundesrat dafür"", ""Das Volk wählt sie direkt"", ""Der Bundesrat wird von der UNO ernannt"", ""Sie wird von den Kantonen bestimmt""]","Jedes Jahr bestimmt die Bundesversammlung, wer aus dem Bundesrat für ein Jahr den Vorsitz übernimmt. Die Person bleibt trotzdem gleichberechtigtes Mitglied des Bundesrates.",Der Vorsitz im Bundesrat wechselt jährlich.,Bundespräsident (Schweiz),,ok
physik,3,Wie funktioniert ein Generator grundsätzlich?,"[""Er wandelt Bewegungsenergie mithilfe von Magnetfeldern in elektrischen Strom um"", ""Er speichert chemische Energie in einer Zelle"", ""Er erzeugt Licht durch Erhitzung eines Drahtes"", ""Er wandelt Strom direkt in Wasser um""]","Wird eine Drahtspule in einem Magnetfeld gedreht, entsteht darin eine elektrische Spannung. Genau dieses Prinzip nutzen Generatoren in Kraftwerken, um Strom zu erzeugen.",Bewegung im Magnetfeld erzeugt Strom.,Generator (Physik),,ok
koerper,1,Wo befindet sich dein Gehirn?,"[""Im Kopf"", ""Im Bauch"", ""In der Brust"", ""In den Beinen""]","Das Gehirn sitzt geschützt in deinem Schädel. Es steuert alles, was du denkst, fühlst und tust.",Dein Gehirn wohnt im Kopf.,Gehirn,,ok
physik,1,Welches Gerät wandelt elektrischen Strom in Licht um?,"[""Die Glühbirne"", ""Der Kühlschrank"", ""Der Magnet"", ""Das Thermometer""]","In einer Glühbirne fliesst Strom durch einen Draht, der dadurch hell leuchtet. So wird aus Strom Licht.",Die Glühbirne macht aus Strom Licht.,Glühlampe,,ok
pol_demokratie,3,Was bedeutet das Subsidiaritätsprinzip im schweizerischen Staatsaufbau?,"[""Aufgaben werden möglichst auf der untersten sinnvollen Ebene erledigt, z. B. von der Gemeinde"", ""Nur der Bund darf Aufgaben übernehmen"", ""Kantone dürfen keine eigenen Gesetze erlassen"", ""Alle Aufgaben werden verlost""]","Nach dem Subsidiaritätsprinzip soll eine Aufgabe möglichst von der untersten, sachlich geeigneten Ebene erledigt werden, zuerst von der Gemeinde, dann Kanton, erst zuletzt Bund.",Kleinste passende Ebene löst die Aufgabe.,Subsidiarität,,ok
natur,2,Was sind Passatwinde?,"[""Beständige Winde, die in Äquatornähe von hohem zu tiefem Luftdruck wehen"", ""Winde, die nur in den Alpen vorkommen"", ""Winde, die Gewitter verhindern"", ""Winde, die nur im Winter wehen""]","Passatwinde sind sehr regelmässige Winde, die in der Nähe des Äquators wehen. Sie waren früher wichtig für Segelschiffe.",Passatwinde wehen regelmässig Richtung Äquator.,Passatwind,,ok
koerper,2,Warum braucht dein Körper Eisen?,"[""Für die Bildung von Hämoglobin im Blut"", ""Für den Aufbau von Zahnschmelz"", ""Für die Sehkraft"", ""Für die Verdauung von Fett""]","Eisen wird für das Hämoglobin in roten Blutkörperchen gebraucht, das Sauerstoff transportiert. Bei Eisenmangel fühlt man sich oft müde.",Eisen hilft beim Sauerstofftransport.,Eisenmangel,,ok
pol_welt,3,"Was ist der Europarat, und wie unterscheidet er sich von der EU?","[""Eine eigenständige Organisation für Menschenrechte mit mehr Mitgliedern als die EU"", ""Ein anderer Name für die EU"", ""Die Regierung von Strassburg"", ""Ein militärisches Bündnis""]","Der Europarat wurde bereits 1949 gegründet und setzt sich vor allem für Menschenrechte und Demokratie ein, unter anderem durch den Europäischen Gerichtshof für Menschenrechte. Auch die Schweiz ist Mitglied, obwohl sie nicht zur EU gehört.",Der Europarat ist unabhängig von der EU.,Europarat,,ok
wissenschaft,1,Welches Organ brauchst du zum Atmen?,"[""Die Lunge"", ""Das Herz"", ""Der Magen"", ""Die Leber""]",Die Lunge nimmt beim Einatmen Sauerstoff aus der Luft auf und gibt beim Ausatmen Kohlendioxid ab. Wir haben zwei Lungenflügel im Brustkorb.,Die Lunge lässt uns atmen.,Lunge,,ok
bilder,3,Welches Tier gilt in der europäischen Heraldik seit dem Mittelalter als häufigstes Symbol für Mut und Königtum?,"[""Löwe"", ""Bär"", ""Adler"", ""Hirsch""]","Der Löwe ist seit dem Mittelalter das häufigste heraldische Tier Europas und steht für Mut, Kraft und Königtum. Er findet sich unter anderem in den Wappen Englands, Belgiens und der Niederlande.",Der Löwe symbolisiert Mut und Königtum.,Löwe (Heraldik),e:🦁,ok
pol_demokratie,1,"Wie nennt man das Papier, mit dem man per Post abstimmt?","[""Stimmcouvert"", ""Fahrschein"", ""Steuerbrief"", ""Zeugnis""]","Im Stimmcouvert steckt der Stimmzettel, den man ausgefüllt zurückschickt. So kann man von zu Hause aus mitmachen.",Das Stimmcouvert bringt deine Stimme.,Briefliche Stimmabgabe,,ok
wissenschaft,3,Was ist eine exotherme Reaktion?,"[""Eine Reaktion, bei der Energie in Form von Wärme freigesetzt wird"", ""Eine Reaktion, die Energie aufnimmt"", ""Eine Reaktion ohne Energieveränderung"", ""Eine Reaktion nur mit Metallen""]","Bei exothermen Reaktionen wird Energie, meist als Wärme, an die Umgebung abgegeben. Verbrennung ist ein typisches Beispiel dafür.",Exotherme Reaktionen geben Wärme ab.,Exotherme Reaktion,,ok
pol_welt,3,Was versteht man unter der «Genfer Tradition» der internationalen Diplomatie?,"[""Genf als neutraler Verhandlungsort für internationale Konferenzen und Organisationen"", ""Ein Schweizer Käsefestival"", ""Eine Genfer Fussballliga"", ""Ein historisches Handelsabkommen""]",Wegen der Schweizer Neutralität und der langen Geschichte internationaler Organisationen gilt Genf seit über hundert Jahren als bevorzugter Ort für heikle diplomatische Verhandlungen. Schon der Völkerbund hatte dort seinen Sitz.,Genf gilt als neutraler Ort für Diplomatie.,Internationales Genf,,ok
tiere,3,Welche Rolle spielt das Hormon Melatonin beim Winterschlaf von Tieren wie dem Murmeltier?,"[""Es steuert den Tag-Nacht- und Jahresrhythmus und beeinflusst den Beginn des Winterschlafs"", ""Es erhöht dauerhaft die Körpertemperatur"", ""Es verhindert das Einschlafen komplett"", ""Es dient nur dem Sehvermögen""]","Melatonin wird in der Zirbeldrüse produziert und reguliert den biologischen Rhythmus abhängig von Licht und Jahreszeit. Bei Winterschläfern beeinflusst es unter anderem den Zeitpunkt, an dem der Winterschlaf beginnt.",Melatonin steuert den Jahresrhythmus mit.,Melatonin,,ok
pol_diktatur,1,Wieso mögen Diktatoren freie Zeitungen meist nicht?,"[""Weil sie Kritik an der Regierung nicht wollen."", ""Weil Zeitungen zu teuer sind."", ""Weil sie kein Papier mögen."", ""Weil Zeitungen zu bunt sind.""]","Freie Zeitungen könnten über Fehler und Missstände berichten. Das wollen Diktatoren verhindern, deshalb kontrollieren sie die Medien.",Diktatoren fürchten kritische Zeitungen.,Zensur,,ok
pol_diktatur,2,Was ist eine Junta?,"[""Eine Gruppe von Militärs, die die Macht übernommen hat."", ""Ein Parlament mit vielen Parteien."", ""Ein internationales Gericht."", ""Eine Wahlkommission.""]","Eine Junta besteht meist aus hohen Offizieren, die nach einem Putsch gemeinsam regieren. Sie schaltet oft demokratische Institutionen aus.",Militärs regieren gemeinsam als Junta.,Militärjunta,,ok
tiere,3,Was versteht man unter Trennungsangst bei Hunden?,"[""Starkes Stressverhalten, wenn der Hund alleine gelassen wird"", ""Die Angst eines Hundes vor Wasser"", ""Eine Impfreaktion"", ""Die Angst vor anderen Hunden""]","Trennungsangst äussert sich bei manchen Hunden durch Bellen, Zerstörungsverhalten oder Unruhe, wenn sie allein zu Hause bleiben müssen. Sie entsteht oft durch mangelndes Training oder traumatische Erfahrungen.",Trennungsangst zeigt sich beim Alleinsein.,Trennungsangst,,ok
rel_andere,1,"Wie heisst der Turm einer Moschee, von dem aus zum Gebet gerufen wird?","[""Minarett"", ""Glockenturm"", ""Tempelturm"", ""Leuchtturm""]",Vom Minarett ruft der Muezzin die Menschen mehrmals am Tag zum Gebet. Viele Moscheen haben ein oder mehrere solche Türme.,Vom Minarett ruft man zum Gebet.,Minarett,,ok
geld,2,Was ist ein Konsumkredit?,"[""Geld, das man sich von einer Bank leiht, um zum Beispiel ein Möbelstück oder Auto zu kaufen, und das man mit Zins zurückzahlen muss"", ""Ein Kredit, den man nur für Lebensmittel bekommt"", ""Geld, das der Staat allen Jugendlichen schenkt"", ""Ein Rabatt beim Einkaufen""]","Bei einem Konsumkredit leiht man sich Geld für Anschaffungen und muss es später mit Zinsen zurückzahlen. Das kann schnell zu Schulden führen, wenn man nicht aufpasst.",Konsumkredit muss mit Zins zurück.,Konsumkredit,,ok
bilder,3,Welches Land hat mit dem «Dannebrog» die älteste noch offiziell gültige Nationalflagge der Welt?,"[""Dänemark"", ""Schweden"", ""Norwegen"", ""Island""]",Die dänische Flagge Dannebrog wird der Legende nach seit 1219 verwendet und gilt als älteste noch gebräuchliche Staatsflagge der Welt. Ihr rot-weisses Design inspirierte viele andere nordische Flaggen.,Dänemarks Flagge ist die älteste der Welt.,Dannebrog,,ok
bilder,1,Welches Tier zeigt das Wappen vom Kanton Bern?,"[""Bär"", ""Löwe"", ""Adler"", ""Stier""]","Der Bär ist das Wappentier von Bern und gab der Stadt sogar ihren Namen. Man erzählt sich, der Gründer habe das erste erlegte Tier dafür ausgewählt.",Bern hat einen Bären im Wappen.,Kanton Bern,e:🐻,ok
pol_welt,3,Wie viele nichtständige Mitglieder hat der UNO-Sicherheitsrat zusätzlich zu den fünf ständigen?,"[""10"", ""5"", ""15"", ""20""]","Neben den fünf ständigen Mitgliedern mit Vetorecht gehören dem Sicherheitsrat zehn weitere Staaten an, die für jeweils zwei Jahre gewählt werden. Sie haben kein Vetorecht, dürfen aber mitentscheiden.",Zehn nichtständige Mitglieder ergänzen den Sicherheitsrat.,Sicherheitsrat der Vereinten Nationen,,ok
pol_demokratie,3,Was ist ein Referendumskomitee?,"[""Eine Gruppe, die Unterschriften sammelt, um ein Gesetz vors Volk zu bringen"", ""Eine Kommission des Bundesrates"", ""Ein Gericht, das Referenden prüft"", ""Eine Abteilung der Bundeskanzlei""]","Wenn Bürgerinnen und Bürger mit einem neuen Gesetz nicht einverstanden sind, können sie sich zu einem Referendumskomitee zusammenschliessen. Sie sammeln dann Unterschriften für das fakultative Referendum.",Referendumskomitees sammeln Unterschriften gegen Gesetze.,Fakultatives Referendum,,ok
pol_welt,3,Welche Rolle spielt das Freihandelsabkommen von 1972 zwischen der Schweiz und der EU?,"[""Es erleichtert seit Jahrzehnten den zollfreien Handel mit Industriegütern"", ""Es macht die Schweiz zum EU-Mitglied"", ""Es regelt die Personenfreizügigkeit"", ""Es ersetzt alle bilateralen Verträge""]","Bereits 1972 schlossen die Schweiz und die damalige Europäische Gemeinschaft ein Freihandelsabkommen ab, das den Handel mit Industriewaren erleichtert. Es gilt bis heute als eine der Grundlagen der Wirtschaftsbeziehungen.",Seit 1972 erleichtert ein Abkommen den Handel.,Freihandelsabkommen zwischen der Schweiz und der EWG,,ok
wissenschaft,2,"Wer gilt als erste Computerprogrammiererin der Geschichte, weil sie im 19. Jahrhundert einen Algorithmus für eine Rechenmaschine entwickelte?","[""Ada Lovelace"", ""Marie Curie"", ""Rosalind Franklin"", ""Hedy Lamarr""]",Ada Lovelace schrieb Mitte des 19. Jahrhunderts Anleitungen für Charles Babbages mechanische Rechenmaschine. Diese gelten als erstes Computerprogramm überhaupt.,Ada Lovelace schrieb das erste Computerprogramm.,Ada Lovelace,,ok
wissenschaft,3,"Wer entdeckte mit dem Goldfolienexperiment, dass Atome einen winzigen, dichten Kern besitzen?","[""Ernest Rutherford"", ""J.J. Thomson"", ""Marie Curie"", ""Werner Heisenberg""]","Ernest Rutherford beschoss 1909 dünne Goldfolie mit Teilchen und stellte fest, dass die meisten hindurchflogen, einige aber stark abgelenkt wurden. Daraus schloss er, dass Atome einen winzigen, positiv geladenen Kern haben.",Rutherford entdeckte den Atomkern.,Ernest Rutherford,,ok
natur,3,Wie nennt man die Symbiose zwischen Pilzen und Baumwurzeln?,"[""Mykorrhiza"", ""Photosynthese"", ""Osmose"", ""Fermentation""]","Bei der Mykorrhiza verbinden sich Pilzfäden mit Baumwurzeln und tauschen Nährstoffe aus. Der Pilz erhält Zucker von der Pflanze, im Gegenzug hilft er ihr, mehr Wasser und Mineralien aufzunehmen.",Mykorrhiza: Pilze und Wurzeln helfen sich.,Mykorrhiza,,ok
natur,2,Was sind invasive Pflanzenarten?,"[""Eingeschleppte Arten, die einheimische Pflanzen verdrängen"", ""Besonders seltene, geschützte Pflanzen"", ""Pflanzen, die nur in Gewächshäusern wachsen"", ""Pflanzen, die keine Blüten bilden""]",Manche fremde Pflanzenarten wurden vom Menschen eingeführt und breiten sich stark aus. Dabei verdrängen sie oft einheimische Pflanzen und Tiere.,Invasive Arten verdrängen einheimische Pflanzen.,Invasive Art,,ok
physik,1,"Wie heisst ein Gerät, das elektrischen Strom speichert?","[""Batterie"", ""Magnet"", ""Spiegel"", ""Thermometer""]","In einer Batterie ist Energie gespeichert, die sie als Strom abgeben kann. Deshalb funktionieren viele Spielzeuge damit.",Die Batterie speichert Strom für später.,Batterie (Elektrotechnik),,ok
koerper,2,Welche Aufgabe hat die Milz im Körper?,"[""Sie filtert alte Blutzellen und unterstützt das Immunsystem"", ""Sie verdaut das Essen"", ""Sie speichert Erinnerungen"", ""Sie produziert Zähne""]",Die Milz sortiert alte oder beschädigte Blutzellen aus dem Blut aus. Sie spielt zudem eine Rolle bei der Immunabwehr.,Die Milz filtert altes Blut.,Milz,,ok
physik,2,"Wie nennt man den direkten Übergang von fest zu gasförmig, ohne dass ein Stoff flüssig wird?","[""Sublimation"", ""Kondensation"", ""Verdunstung"", ""Schmelzen""]","Bei der Sublimation geht ein fester Stoff direkt in ein Gas über, wie zum Beispiel Trockeneis, das in der Luft einfach verschwindet. Es entsteht dabei keine flüssige Zwischenphase.",Sublimation: fest wird direkt zu Gas.,Sublimation (Physik),,ok
bilder,2,Welches Land besitzt als einziges der Welt eine dreieckige statt rechteckige Nationalflagge?,"[""Nepal"", ""Bhutan"", ""Mongolei"", ""Tibet""]","Nepal ist das einzige Land der Welt mit einer offiziellen Nationalflagge, die nicht rechteckig ist. Sie besteht aus zwei übereinanderliegenden Dreiecken.",Nepal hat als einziges Land keine rechteckige Flagge.,Flagge Nepals,,ok
pol_demokratie,1,"Wie kann man abstimmen, ohne persönlich an die Urne zu gehen?","[""Brieflich, per Post"", ""Per Handzeichen im Klassenzimmer"", ""Gar nicht möglich"", ""Nur telefonisch""]",Viele Menschen in der Schweiz stimmen brieflich ab. Sie schicken ihren Stimmzettel per Post ein.,Briefliches Abstimmen ist üblich.,Briefliche Stimmabgabe,,ok
koerper,2,"Wie heisst die Zelle, die elektrische Signale im Nervensystem weiterleitet?","[""Neuron"", ""Erythrozyt"", ""Osteozyt"", ""Hepatozyt""]","Neuronen sind Nervenzellen, die Signale mit elektrischen Impulsen weiterleiten. Sie bilden ein riesiges Netzwerk im Körper.",Neuronen leiten Nervensignale.,Neuron,,ok
tiere,1,Wozu dient einem Hund die Leine beim Spaziergang?,"[""Damit er sicher geführt werden kann"", ""Damit er besser riechen kann"", ""Damit er nicht schlafen kann"", ""Damit er wärmer hat""]","Eine Leine hilft, den Hund sicher zu führen, zum Beispiel in der Nähe von Strassen. So kann er niemanden erschrecken oder sich selbst in Gefahr bringen.",Die Leine führt den Hund sicher.,Hundeleine,,ok
wissenschaft,1,"Wie heisst das Gerät, mit dem man weit entfernte Sterne beobachten kann?","[""Teleskop"", ""Mikroskop"", ""Kompass"", ""Thermometer""]","Ein Teleskop sammelt Licht von weit entfernten Sternen und macht sie sichtbar. Astronomen nutzen es, um den Weltraum zu erforschen.",Ein Teleskop zeigt uns die Sterne.,Teleskop,,ok
physik,1,Du reibst einen Luftballon an deinem Pullover und hältst ihn an die Wand. Was passiert?,"[""Der Ballon bleibt an der Wand kleben"", ""Der Ballon platzt sofort"", ""Der Ballon wird schwerer"", ""Der Ballon fällt sofort auf den Boden""]",Durch das Reiben lädt sich der Ballon elektrisch auf. Diese statische Elektrizität zieht ihn an die Wand.,Reiben macht Dinge elektrisch geladen.,Elektrostatik,,ok
natur,3,"Was bedeutet es, dass sich das Universum ausdehnt?","[""Galaxien entfernen sich im Durchschnitt immer weiter voneinander"", ""Die Erde wird grösser"", ""Sterne werden kleiner"", ""Die Sonne wandert näher zur Erde""]","Edwin Hubble entdeckte, dass sich weit entfernte Galaxien von uns wegbewegen. Je weiter eine Galaxie entfernt ist, desto schneller entfernt sie sich.",Das Universum dehnt sich ständig aus.,Expansion des Universums,,ok
pol_kommunismus,1,Wer war Karl Marx?,"[""Ein Denker, der neue Ideen über eine gerechte Gesellschaft hatte"", ""Ein König aus Deutschland"", ""Ein berühmter Fussballspieler"", ""Der Erfinder des Autos""]",Karl Marx war ein deutscher Denker im 19. Jahrhundert. Seine Ideen wurden die Grundlage des Kommunismus.,Karl Marx dachte über eine gerechtere Welt nach.,Karl Marx,,ok
tiere,1,Wie heisst das weibliche Tier bei den Katzen?,"[""Kätzin"", ""Kater"", ""Zibbe"", ""Stute""]","Das weibliche Tier heisst Kätzin, oft sagt man auch einfach Katze. Sie bringt die Jungen zur Welt.",Die Kätzin ist das Katzenweibchen.,Hauskatze,,ok
natur,2,Was verursacht Ebbe und Flut an den Küsten der Meere?,"[""Die Anziehungskraft von Mond und Sonne"", ""Starker Wind über dem Meer"", ""Unterseeische Vulkane"", ""Die Erdrotation allein""]","Der Mond zieht das Meerwasser durch seine Schwerkraft leicht an, wodurch sich Wasserberge bilden. Auch die Sonne trägt zu diesem Effekt bei.",Ebbe und Flut entstehen durch die Anziehungskraft des Mondes.,Gezeiten,,ok
pol_demokratie,3,Was ist ein Behördenreferendum?,"[""Eine Minderheit im Parlament oder eine Behörde verlangt selbst eine Volksabstimmung"", ""Das Volk verlangt eine Abstimmung"", ""Nur der Bundesrat darf abstimmen lassen"", ""Ein Referendum, das nur in einer Gemeinde gilt""]","In seltenen Fällen kann eine bestimmte Anzahl Parlamentsmitglieder oder Kantone selbst verlangen, dass eine Vorlage dem Volk vorgelegt wird, ohne dass Unterschriften gesammelt werden.",Auch Behörden können ein Referendum auslösen.,Behördenreferendum,,ok
tiere,2,Wozu dienen die auffälligen Farben mancher Frösche wie des Pfeilgiftfroschs?,"[""Sie warnen Fressfeinde vor ihrem Gift"", ""Sie helfen bei der Tarnung im Wald"", ""Sie dienen nur der Balz"", ""Sie schützen vor Sonnenlicht""]","Die leuchtenden Farben des Pfeilgiftfroschs signalisieren Fressfeinden, dass er giftig ist. Diese Warnfarben nennt man Warntracht.",Bunte Frösche warnen vor Gift.,Baumsteigerfrösche,,ok
tiere,1,Wie viele Stunden am Tag schläft eine Katze durchschnittlich?,"[""etwa 12 bis 16 Stunden"", ""etwa 2 bis 4 Stunden"", ""etwa 24 Stunden"", ""etwa 6 bis 8 Stunden""]",Katzen sind Meister im Schlafen und dösen oft 12 bis 16 Stunden am Tag. So sparen sie Energie für die Jagd.,Katzen schlafen den halben Tag lang.,Hauskatze,,ok
tiere,2,"Welches Tier hält im Winter keinen echten Winterschlaf, sondern nur eine Winterruhe mit gelegentlichem Aufwachen?","[""Dachs"", ""Murmeltier"", ""Siebenschläfer"", ""Igel""]","Der Dachs verfällt im Winter in eine Winterruhe, wacht aber ab und zu auf und verlässt sogar seinen Bau. Echte Winterschläfer wie das Murmeltier senken ihre Körpertemperatur viel stärker.",Der Dachs wacht im Winter öfter auf.,Dachs,,ok
tiere,2,Welche Hunderasse ist bekannt für ihre hohe Geschwindigkeit bei Rennen?,"[""Greyhound"", ""Dackel"", ""Mops"", ""Bulldogge""]","Der Greyhound, ein Windhund, gilt als eine der schnellsten Hunderassen der Welt und wird traditionell für Hunderennen eingesetzt. Sein schlanker Körperbau ist auf Geschwindigkeit ausgelegt.",Der Greyhound ist ein sehr schneller Hund.,Greyhound,,ok
pol_diktatur,2,Was waren die «Grossen Säuberungen» unter Stalin?,"[""Eine Verfolgungswelle gegen echte und vermutete Gegner Stalins."", ""Eine Reinigungsaktion in Fabriken."", ""Ein Sportfest in Moskau."", ""Eine Reform der Schulbücher.""]","In den 1930er-Jahren liess Stalin hunderttausende Menschen verhaften, deportieren oder erschiessen. Viele waren unschuldig, wurden aber als angebliche Feinde bezeichnet.",Säuberungen töteten viele Unschuldige.,Grosser Terror,,ok
tiere,3,"Was versteht man unter Eusozialität, wie sie bei Honigbienen vorkommt?","[""Eine Gesellschaftsform mit Arbeitsteilung und meist nur einer fortpflanzungsfähigen Königin"", ""Ein Leben völlig ohne soziale Kontakte"", ""Ein zufälliges Zusammentreffen einzelner Tiere"", ""Eine Gesellschaft ganz ohne Nachwuchs""]","Bei eusozialen Insekten wie Honigbienen übernehmen verschiedene Individuen feste Aufgaben, während meist nur die Königin Eier legt. Diese starke Arbeitsteilung macht das Bienenvolk sehr effizient.",Eusoziale Tiere teilen sich Aufgaben im Staat.,Eusozialität,,ok
tiere,1,Wie heisst der berühmte Rettungshund vom Grossen St. Bernhard in der Schweiz?,"[""Barry"", ""Rex"", ""Bello"", ""Fido""]","Barry war ein Bernhardiner, der im 19. Jahrhundert vielen Menschen im Schnee das Leben rettete. Heute erinnert ein Museum in Bern an ihn.",Barry rettete Menschen im Schnee.,Barry (Bernhardinerhund),,ok
tiere,2,"Welches Sinnesorgan nutzt die Klapperschlange, um warmblütige Beute im Dunkeln zu finden?","[""Grubenorgan (Wärmesinn)"", ""Ohren"", ""Facettenaugen"", ""Barthaare""]","Klapperschlangen besitzen zwischen Auge und Nase kleine Gruben, mit denen sie Wärmestrahlung wahrnehmen. So finden sie ihre Beute auch bei völliger Dunkelheit.",Grubenorgane spüren Wärme im Dunkeln.,Grubenorgan,,ok
pol_diktatur,1,Wer macht in einer Diktatur meistens die Gesetze?,"[""Nur der Diktator oder eine kleine Gruppe."", ""Alle Bürgerinnen und Bürger zusammen."", ""Eine gewählte Volksversammlung."", ""Die Kinder des Landes.""]",In einer Diktatur bestimmt meist eine einzige Person oder eine kleine Clique die Regeln. Das Volk hat dabei nichts zu sagen.,Ein Diktator macht die Gesetze allein.,Diktatur,,ok
physik,3,"Was ist ein Halbleiter, wie er zum Beispiel in Computerchips verwendet wird?","[""Ein Material, das je nach Bedingungen Strom leitet oder nicht"", ""Ein Material, das Strom immer perfekt leitet"", ""Ein Material, das nie elektrisch leitfähig ist"", ""Ein Material, das nur bei sehr tiefen Temperaturen existiert""]","Halbleiter wie Silizium liegen elektrisch zwischen Leitern und Isolatoren. Durch gezielte Veränderungen kann man ihre Leitfähigkeit genau steuern, das macht sie unverzichtbar für Computerchips.",Halbleiter leiten Strom nur unter bestimmten Bedingungen.,Halbleiter,,ok
physik,3,Was ist der Unterschied zwischen Arbeit und Leistung in der Physik?,"[""Leistung ist Arbeit pro Zeit"", ""Arbeit und Leistung sind identisch"", ""Leistung wird nur bei Licht gemessen"", ""Arbeit braucht keine Kraft""]","Die physikalische Arbeit beschreibt, wie viel Energie bei einer Kraftwirkung über eine Strecke umgesetzt wird. Die Leistung gibt zusätzlich an, wie schnell diese Arbeit verrichtet wird.","Leistung zeigt, wie schnell Arbeit geschieht.",Leistung (Physik),,ok
pol_kommunismus,3,Mit welchem berühmten Aufruf endet das Kommunistische Manifest von Marx und Engels?,"[""'Proletarier aller Länder, vereinigt euch!'"", ""'Freiheit, Gleichheit, Brüderlichkeit!'"", ""'Gott schütze den König!'"", ""'Ein Volk, ein Reich, ein Führer!'""]",Dieser Schlussaufruf des Manifests von 1848 forderte Arbeiter aller Länder zur internationalen Solidarität auf. Er wurde zu einem der bekanntesten Sätze der Arbeiterbewegung.,"'Proletarier aller Länder, vereinigt euch!'",Manifest der Kommunistischen Partei,,ok
koerper,1,Was kannst du mit deiner Zunge erkennen?,"[""Geschmäcke wie süss oder salzig"", ""Farben"", ""Musik"", ""Gerüche wie Blumen""]","Auf der Zunge sitzen winzige Geschmacksknospen. Sie erkennen zum Beispiel süss, sauer, salzig und bitter.",Die Zunge schmeckt für dich.,Zunge,,ok
pol_demokratie,2,Was ist eine Interpellation?,"[""Eine Anfrage von Parlamentsmitgliedern an den Bundesrat, die dieser beantworten muss"", ""Ein Gesetz über Auslandschweizer"", ""Eine Volksinitiative"", ""Ein Antrag auf Neuwahlen""]",Mit einer Interpellation können Parlamentsmitglieder Auskunft von der Regierung verlangen. Der Bundesrat muss diese Fragen dann schriftlich beantworten.,Interpellation fordert Auskunft vom Bundesrat.,Interpellation (Schweiz),,ok
natur,1,"Wie nennt man kleine Wassertropfen, die an kühlen Morgen auf dem Gras liegen?","[""Tau"", ""Schnee"", ""Hagel"", ""Nebel""]","In kühlen Nächten kühlt die Luft ab, und Wasserdampf setzt sich als Tröpfchen auf Pflanzen ab. Das nennt man Tau.",Tau entsteht in kühlen Nächten.,Tau (Niederschlag),,ok
koerper,1,"Was passiert mit deiner Haut, wenn dir kalt ist?","[""Sie kann Gänsehaut bekommen, um Wärme zu speichern"", ""Sie wird sofort blau und bleibt so"", ""Sie hört auf zu atmen"", ""Sie wächst schneller""]","Kleine Muskeln stellen deine Härchen auf, das nennt man Gänsehaut. Früher hielt das den Menschen wärmer.","Gänsehaut zeigt, dass dir kalt ist.",Gänsehaut,,ok
koerper,3,"Wie heisst das Protein in roten Blutkörperchen, das Sauerstoff bindet und transportiert?","[""Hämoglobin"", ""Kollagen"", ""Insulin"", ""Myosin""]",Hämoglobin enthält Eisen und bindet Sauerstoff in der Lunge. Es gibt dem Blut auch seine rote Farbe.,Hämoglobin transportiert Sauerstoff.,Hämoglobin,,ok
wissenschaft,2,"Wer formulierte das Gesetz der Schwerkraft, das erklärt, warum Dinge zu Boden fallen?","[""Isaac Newton"", ""Albert Einstein"", ""Charles Darwin"", ""Galileo Galilei""]","Isaac Newton beschrieb im 17. Jahrhundert, wie die Schwerkraft zwischen Massen wirkt. Sein Gravitationsgesetz erklärt, warum Objekte zur Erde fallen.",Newton erklärte die Schwerkraft.,Isaac Newton,,ok
pol_demokratie,2,Was bedeutet Panaschieren bei einer Wahl?,"[""Namen von verschiedenen Listen auf denselben Wahlzettel schreiben"", ""Einen Namen mehrfach aufschreiben"", ""Nur eine Partei wählen"", ""Den Wahlzettel leer abgeben""]",Beim Panaschieren mischt man Kandidatinnen und Kandidaten verschiedener Parteien auf einem Wahlzettel. Das ist bei Proporzwahlen wie der Nationalratswahl möglich.,Panaschieren mischt Namen verschiedener Listen.,Panaschieren,,ok
tiere,3,Was zeigten Studien zur Wortlernfähigkeit besonders begabter Hunde wie des Border Collies Chaser?,"[""Manche Hunde können über tausend unterschiedliche Objektnamen unterscheiden lernen"", ""Hunde können grundsätzlich keine Wörter unterscheiden"", ""Nur ein einziger Hund konnte je ein Wort lernen"", ""Hunde verstehen ausschliesslich Gesten, nie gesprochene Wörter""]",In einer bekannten Studie lernte der Border Collie Chaser über tausend Objektnamen und konnte diese korrekt zuordnen. Das zeigt ein erstaunliches Lern- und Gedächtnisvermögen bei manchen Hunden.,Manche Hunde lernen tausende Wörter.,Chaser (Hund),,ok
tiere,1,Wofür benutzt die Katze ihr Miauen hauptsächlich?,"[""um mit Menschen zu kommunizieren"", ""um mit anderen Katzen zu reden"", ""um Vögel anzulocken"", ""um sich zu wärmen""]","Erwachsene Katzen miauen untereinander kaum, dafür aber viel mit Menschen. So haben sie gelernt, uns ihre Wünsche mitzuteilen.",Miauen ist vor allem für Menschen gedacht.,Katzensprache,,ok
kt_SO,1,Wofür ist die Altstadt von Solothurn besonders bekannt?,"[""Für viele alte Kirchen und Türme"", ""Für hohe Wolkenkratzer"", ""Für einen grossen Hafen am Meer"", ""Für eine Wüste mitten in der Stadt""]","Solothurn hat eine wunderschöne Altstadt mit vielen alten Kirchen, Türmen und Brunnen aus der Zeit des Barocks. Deshalb spazieren viele Touristen gerne durch die engen Gassen.",Solothurns Altstadt hat viele Kirchen und Türme.,Solothurn,e:🏛️🕰️,ok
kt_SO,1,Welche Farben hat die Fahne des Kantons Solothurn?,"[""Rot und Weiss"", ""Blau und Gelb"", ""Grün und Schwarz"", ""Orange und Violett""]","Die Fahne von Solothurn ist rot-weiss geteilt, ähnlich wie mehrere andere Schweizer Kantonsfahnen mit diesen Farben. Man sieht sie an vielen Gebäuden im Kanton.",Solothurns Fahne ist rot und weiss.,Kanton Solothurn,,ok
tiere,2,Welche Schweizer Hunderasse wurde speziell für Rettungseinsätze im Schnee gezüchtet?,"[""Bernhardiner"", ""Chihuahua"", ""Dackel"", ""Windhund""]","Der Bernhardiner wurde am Grossen St. Bernhard zur Suche und Rettung verschütteter Reisender eingesetzt. Er ist ein sehr grosser, kräftiger Hund.",Der Bernhardiner rettet Menschen im Schnee.,Bernhardiner (Hunderasse),,ok
tiere,1,"Was gibt uns die Kuh, das wir gerne trinken?","[""Milch"", ""Honig"", ""Wasser"", ""Saft""]","Kühe geben Milch, aus der zum Beispiel Käse, Joghurt und Butter hergestellt werden. Deshalb gibt es auf vielen Schweizer Bauernhöfen Kühe.",Die Kuh gibt uns Milch.,Hausrind,,ok
tiere,2,Wie unterscheidet sich die Anzahl der Riechzellen eines Hundes von der eines Menschen ungefähr?,"[""Der Hund hat um ein Vielfaches mehr Riechzellen als der Mensch"", ""Hund und Mensch haben etwa gleich viele Riechzellen"", ""Der Mensch hat mehr Riechzellen als der Hund"", ""Hunde haben gar keine Riechzellen""]","Ein Hund besitzt schätzungsweise rund 220 Millionen Riechzellen, ein Mensch nur etwa 5 Millionen. Deshalb ist die Nase des Hundes ein wichtiges Werkzeug zur Erkundung seiner Umwelt.",Hunde riechen viel feiner als Menschen.,Hundenase,,ok
koerper,2,Welcher Mineralstoff ist besonders wichtig für starke Knochen und Zähne?,"[""Kalzium"", ""Eisen"", ""Natrium"", ""Jod""]",Kalzium ist ein wichtiger Baustoff für Knochen und Zähne. Milchprodukte enthalten besonders viel davon.,Kalzium macht Knochen und Zähne stark.,Calcium,,ok
pol_welt,3,Was ist der Unterschied zwischen der EU und der NATO?,"[""Die EU ist ein wirtschaftlich-politisches Bündnis, die NATO ein militärisches Verteidigungsbündnis"", ""Beide sind reine Handelsorganisationen"", ""Die NATO regelt nur den Euro"", ""Die EU hat eine gemeinsame Armee, die NATO nicht""]","Die EU fördert vor allem wirtschaftliche und politische Zusammenarbeit ihrer Mitgliedstaaten. Die NATO ist dagegen ein Militärbündnis, das sich gegenseitigen Beistand im Verteidigungsfall verspricht. Die Schweiz gehört keinem der beiden Bündnisse an.","EU ist wirtschaftlich-politisch, NATO militärisch.",Nordatlantikpakt,,ok
pol_kommunismus,3,Welche Politik führte Deng Xiaoping nach Maos Tod in China ein?,"[""Wirtschaftliche Öffnung mit marktwirtschaftlichen Elementen bei weiterhin einer Partei"", ""Eine vollständige Rückkehr zu Maos Kulturrevolution"", ""Die Auflösung der Kommunistischen Partei"", ""Eine strikte Isolation von der Weltwirtschaft""]",Ab 1978 öffnete Deng Xiaoping Chinas Wirtschaft für Marktelemente und ausländische Investitionen. Politisch blieb die Kommunistische Partei jedoch weiterhin alleinherrschend.,Deng öffnete Chinas Wirtschaft.,Deng Xiaoping,,ok
tiere,3,"Was ist eine Symbiose, wie zwischen Clownfisch und Seeanemone?","[""Ein Zusammenleben, von dem beide Arten profitieren"", ""Ein Zusammenleben, bei dem nur eine Art profitiert"", ""Ein Kampf zwischen zwei Arten um Nahrung"", ""Das Fressen einer Art durch die andere""]",Der Clownfisch ist gegen den Nesselgift der Anemone immun und findet dort Schutz vor Fressfeinden. Die Anemone profitiert im Gegenzug von Nahrungsresten und Reinigung.,Symbiose nützt beiden beteiligten Arten.,Symbiose,,ok
natur,1,Welcher Planet wird wegen seiner Farbe der «rote Planet» genannt?,"[""Mars"", ""Venus"", ""Jupiter"", ""Saturn""]","Mars sieht rötlich aus, weil auf seiner Oberfläche viel rostiges Eisenoxid liegt. Er ist der vierte Planet von der Sonne aus.",Mars leuchtet rot wegen des Eisenstaubs.,Mars (Planet),,ok
koerper,1,"Was tust du am besten, wenn du niesen musst?","[""In die Armbeuge niesen"", ""In die offene Hand niesen"", ""Die Luft anhalten"", ""Ganz laut niesen""]","Wenn du in die Armbeuge niest, verteilst du keine Keime auf deinen Händen. So schützt du andere Menschen.",Niesen in die Armbeuge.,Hygiene,,ok
natur,1,Was hörst du meistens kurz nach einem Blitz?,"[""Den Donner"", ""Den Wind"", ""Den Regen"", ""Das Echo""]","Blitz und Donner entstehen gleichzeitig, aber Licht ist viel schneller als Schall. Darum siehst du zuerst den Blitz und hörst erst danach den Donner.",Nach dem Blitz kommt der Donner.,Gewitter,,ok
pol_kommunismus,2,Wer war Leo Trotzki?,"[""Ein wichtiger Anführer der Oktoberrevolution, der später von Stalin verbannt wurde"", ""Der letzte Zar von Russland"", ""Der Gründer der Berliner Mauer"", ""Ein bekannter westlicher Kapitalist""]",Leo Trotzki organisierte massgeblich die Rote Armee und die Revolution von 1917. Später wurde er von Stalin aus der Sowjetunion vertrieben und 1940 in Mexiko ermordet.,Trotzki wurde später von Stalin verbannt.,Leo Trotzki,,ok
tiere,2,Gegen welche gefährliche Krankheit werden Hunde in der Schweiz regelmässig geimpft?,"[""Tollwut"", ""Grippe"", ""Masern"", ""Keuchhusten""]","Tollwut ist eine gefährliche Viruskrankheit, die auf Menschen übertragen werden kann. Die Impfung schützt den Hund und verhindert die Verbreitung der Krankheit.",Hunde werden gegen Tollwut geimpft.,Tollwut,,ok
physik,3,Was besagen die Kirchhoffschen Regeln in der Elektrotechnik vereinfacht?,"[""An jedem Knotenpunkt und in jeder Masche eines Stromkreises bleiben Strom und Spannung erhalten"", ""Strom fliesst immer nur in eine einzige Richtung"", ""Elektrische Ladung kann in einem Stromkreis verschwinden"", ""Spannung ist in allen Bauteilen immer gleich gross""]","Die Knotenregel besagt, dass an einem Verzweigungspunkt genauso viel Strom hinein- wie hinausfliesst. Die Maschenregel besagt, dass sich die Spannungen in einem geschlossenen Stromkreis zu null addieren.",In Stromkreisen bleiben Strom und Spannung erhalten.,Kirchhoffsche Regeln,,ok
pol_welt,1,Wie viele Länder gehören ungefähr zur Europäischen Union?,"[""Etwa 27"", ""Etwa 10"", ""Etwa 50"", ""Etwa 5""]","Die Europäische Union besteht aus rund 27 Mitgliedsländern. Die Schweiz gehört nicht dazu, arbeitet aber mit der EU zusammen.",Die EU hat rund 27 Mitgliedsländer.,Europäische Union,,ok
tiere,2,Weshalb sind Zecken in der Schweiz gesundheitlich bedeutsam?,"[""Sie können Krankheiten wie Borreliose übertragen"", ""Sie bestäuben Blumen"", ""Sie fressen nur Pflanzen"", ""Sie sind völlig harmlos""]","Zecken sind kleine Spinnentiere, die sich von Blut ernähren und dabei Krankheitserreger übertragen können. Borreliose und FSME sind bekannte, durch Zecken übertragene Krankheiten.",Zecken können Krankheiten übertragen.,Zecken,,ok
geld,1,"Warum ist es sinnvoll, beim Einkaufen mit den Eltern auf den Preis zu schauen?","[""Damit man lernt, wie viel Dinge kosten und bewusst einkauft"", ""Weil das Personal im Laden das verlangt"", ""Weil Preise nie stimmen"", ""Weil man sonst bestraft wird""]","Wer auf Preise achtet, lernt den Wert von Dingen kennen und kann bewusster entscheiden. Das hilft später beim eigenen Haushalten.",Preise anschauen hilft beim Lernen.,Preis,,ok
wissenschaft,1,Warum schwimmt ein Holzboot auf dem Wasser?,"[""Weil Holz leichter ist als Wasser (weniger dicht)"", ""Weil das Boot sich schnell dreht"", ""Weil Wasser das Holz abstösst"", ""Weil das Boot warm ist""]","Holz ist weniger dicht als Wasser, darum schwimmt es oben. Schwere Dinge wie Stein sinken, weil sie dichter sind als Wasser.","Leichte Stoffe schwimmen, schwere sinken.",Auftrieb,,ok
bilder,1,"Welches Tier hat lange, gebogene Hörner und klettert in den Alpen auf steile Felsen?","[""Steinbock"", ""Pferd"", ""Schaf"", ""Hase""]",Der Steinbock lebt hoch in den Bergen und kann dank seiner besonderen Hufe steile Felswände erklimmen. Er ist auch das Wappentier vom Kanton Graubünden.,Der Steinbock klettert im Gebirge.,Alpensteinbock,e:🐐,ok
tiere,2,Was bedeutet Rangordnung in einer Gruppe von Hunden?,"[""Eine soziale Reihenfolge, wer sich wem unterordnet"", ""Die Reihenfolge beim Fressen von Menschen"", ""Die Grösse der Hunde nach Alphabet sortiert"", ""Die Farbe des Fells""]","In Gruppen von Hunden gibt es soziale Strukturen, die früher stark mit dem Rudelverhalten von Wölfen verglichen wurden. Neuere Forschung zeigt, dass diese Beziehungen komplexer und flexibler sind als früher angenommen.",Rangordnung regelt das Zusammenleben von Hunden.,Rudel,,ok
tiere,3,Warum sonnen sich Reptilien wie Eidechsen häufig auf warmen Steinen?,"[""Um als wechselwarme Tiere ihre Körpertemperatur zu erhöhen"", ""Um ihre Farbe zu verändern"", ""Um Feinde anzulocken"", ""Um ihre Haut abzustossen""]","Da Reptilien ihre Körpertemperatur nicht selbst regeln können, nutzen sie die Sonnenwärme, um aktiv und beweglich zu werden. Bei zu grosser Hitze suchen sie wieder den Schatten auf.",Reptilien nutzen die Sonne zum Aufwärmen.,Reptilien,,ok
physik,3,Was besagt das Induktionsgesetz von Faraday grundsätzlich?,"[""Ein sich veränderndes Magnetfeld erzeugt in einer Leiterschlaufe eine elektrische Spannung"", ""Ein elektrischer Strom erzeugt immer Licht"", ""Magnete verlieren mit der Zeit automatisch ihre Kraft"", ""Elektrische Spannung entsteht nur in Batterien""]","Bewegt sich ein Magnet in der Nähe einer Spule aus Draht oder verändert sich das Magnetfeld, entsteht darin eine elektrische Spannung. Dieses Prinzip nutzt man in Generatoren, um Bewegung in elektrischen Strom umzuwandeln.",Veränderliche Magnetfelder erzeugen Spannung.,Elektromagnetische Induktion,,ok
pol_diktatur,2,Was war der Reichstagsbrand 1933?,"[""Ein Feuer im deutschen Parlamentsgebäude, das die Nazis für ihre Zwecke nutzten."", ""Ein Feuer in einer Schule."", ""Ein geplantes Fest der Nazis."", ""Ein Naturphänomen ohne Folgen.""]","Nach dem Brand des Reichstags beschuldigten die Nationalsozialisten ihre Gegner und schränkten Grundrechte stark ein. Das half ihnen, ihre Macht auszubauen.",Der Brand diente als Vorwand zur Macht.,Reichstagsbrand,,ok
wissenschaft,3,Wofür steht die Abkürzung PCR und wozu dient diese Methode in der Molekularbiologie?,"[""Polymerase-Kettenreaktion, um DNA-Abschnitte zu vervielfältigen"", ""Protein-Chemie-Reaktion, um Eiweisse zu spalten"", ""Photo-Chemische Reduktion, um Licht zu messen"", ""Physikalische Chromosomen-Rekombination""]",Mit der Polymerase-Kettenreaktion (PCR) können kleinste Mengen DNA im Labor millionenfach vervielfältigt werden. Die Methode wird unter anderem bei Vaterschaftstests und Corona-Tests eingesetzt.,PCR vervielfältigt DNA im Labor.,Polymerase-Kettenreaktion,,ok
bilder,3,Welches Symbol steht im Zentrum der israelischen Flagge?,"[""Davidstern"", ""Halbmond"", ""Kreuz"", ""Sonne""]",Der blaue Davidstern zwischen zwei blauen Streifen ist das zentrale Symbol der 1948 eingeführten israelischen Flagge. Er gilt als traditionelles Symbol des Judentums.,Israels Flagge zeigt den Davidstern.,Flagge Israels,,ok
natur,1,Was passiert bei einer Sonnenfinsternis?,"[""Der Mond schiebt sich vor die Sonne"", ""Die Sonne verschwindet für immer"", ""Die Erde dreht sich rückwärts"", ""Die Sonne wird zu einem Stern""]","Wenn der Mond genau zwischen Erde und Sonne steht, wirft er seinen Schatten auf die Erde. Dann wird es für kurze Zeit dunkel.",Der Mond schiebt sich vor die Sonne.,Sonnenfinsternis,,ok
pol_demokratie,3,Muss das Parlament eine eingereichte Petition inhaltlich beantworten?,"[""Nein, es besteht keine Pflicht, aber oft wird sie geprüft"", ""Ja, immer innert 30 Tagen"", ""Ja, mit einer Volksabstimmung"", ""Nein, Petitionen werden nie gelesen""]","Das Petitionsrecht garantiert nur, dass eine Eingabe entgegengenommen wird. Eine inhaltliche Antwort oder Umsetzung ist rechtlich nicht vorgeschrieben.","Petitionen müssen entgegengenommen, aber nicht beantwortet werden.",Petitionsrecht,,ok
koerper,3,Welche Aufgabe hat das Rückenmark im Nervensystem?,"[""Es leitet Signale zwischen Gehirn und Körper und steuert Reflexe"", ""Es bildet neue Knochenzellen"", ""Es filtert das Blut"", ""Es produziert Hormone für die Verdauung""]",Das Rückenmark verbindet Gehirn und Körper und leitet Nervensignale in beide Richtungen. Ausserdem steuert es einfache Reflexe direkt.,Das Rückenmark verbindet Gehirn und Körper.,Rückenmark,,ok
pol_demokratie,3,Was bedeutet Gemeindeautonomie?,"[""Gemeinden dürfen viele Angelegenheiten selbständig regeln"", ""Gemeinden müssen alle Bundesgesetze wortgleich übernehmen"", ""Gemeinden dürfen keine eigenen Steuern erheben"", ""Gemeinden werden vom Kanton direkt verwaltet""]","Die Gemeindeautonomie erlaubt es Gemeinden, viele Fragen wie Schulen, Strassen oder Steuern selbst zu regeln. Wie viel Autonomie eine Gemeinde hat, legt der jeweilige Kanton fest.",Gemeinden regeln vieles selbst.,Gemeindeautonomie,,ok
physik,3,Was besagt das Prinzip der Energieumwandlung bei einem Wärmekraftwerk vereinfacht?,"[""Chemische oder Kernenergie wird über Wärme und Bewegung in elektrische Energie umgewandelt"", ""Elektrische Energie wird direkt aus Kohle gewonnen ohne Zwischenschritte"", ""Wärme wird ohne jeden Verlust vollständig in Strom umgewandelt"", ""Ein Wärmekraftwerk erzeugt Energie völlig ohne Brennstoff""]","In einem Wärmekraftwerk erhitzt verbrannter Brennstoff Wasser zu Dampf, der eine Turbine antreibt. Die Turbine dreht einen Generator, der daraus elektrischen Strom erzeugt, wobei immer ein Teil der Energie als Abwärme verloren geht.",Wärmekraftwerke wandeln Wärme über Dampf in Strom.,Wärmekraftwerk,,ok
bilder,1,Welches Tier ist auf dem Wappen des Kantons Appenzell Innerrhoden zu sehen?,"[""Bär"", ""Löwe"", ""Widder"", ""Stier""]",Der Kanton Appenzell Innerrhoden zeigt einen goldenen Bären auf rotem Grund. Der Bär war ursprünglich ein Symbol der Stadt Bern und wurde übernommen.,Appenzell Innerrhoden hat einen Bären im Wappen.,Appenzell Innerrhoden,,ok
tiere,2,Was unterscheidet einen Rochen von einem Hai in erster Linie?,"[""Rochen haben einen abgeflachten Körper"", ""Rochen haben keine Kiemen"", ""Rochen sind Säugetiere"", ""Rochen leben nur im Süsswasser""]","Rochen sind eng mit Haien verwandt, besitzen aber einen stark abgeflachten Körper. Sie leben meist am Meeresboden und bewegen sich mit ihren grossen Brustflossen.","Rochen sind flach, Haie schlank.",Rochen,,ok
geld,3,Was ist eine Mietkaution?,"[""Ein Geldbetrag, den man bei Mietbeginn als Sicherheit hinterlegt und bei Auszug meist zurückerhält"", ""Eine monatliche Zusatzgebühr für die Wohnung"", ""Eine Steuer auf Mietwohnungen"", ""Ein Bonus, den der Vermieter zahlt""]","Die Mietkaution ist ein Betrag, den man beim Einzug in eine Wohnung als Sicherheit auf ein spezielles Konto einzahlt. Sind bei Auszug keine Schäden entstanden, bekommt man sie zurück.",Kaution ist Sicherheit für den Vermieter.,Mietkaution,,ok
kt_SO,1,"Wie heisst die grosse Kirche, die das Wahrzeichen der Stadt Solothurn ist?","[""St.-Ursen-Kathedrale"", ""Grossmünster"", ""Berner Münster"", ""Peterskirche""]",Die St.-Ursen-Kathedrale steht mitten in der Altstadt von Solothurn und ist von weitem gut zu sehen. Sie ist die Hauptkirche der Stadt und wurde vor vielen hundert Jahren gebaut.,Die St.-Ursen-Kathedrale ist das Wahrzeichen Solothurns.,St. Ursen (Solothurn),e:⛪🕊️,ok
pol_kommunismus,1,Was geschah oft mit Bauernhöfen in kommunistischen Ländern?,"[""Sie wurden zu grossen staatlichen Höfen zusammengelegt"", ""Sie wurden an reiche Familien verkauft"", ""Sie wurden einfach geschlossen"", ""Sie gehörten der Kirche""]",In vielen kommunistischen Ländern mussten Bauern ihre Höfe abgeben. Der Staat bewirtschaftete das Land dann gemeinsam.,Bauernhöfe gehörten oft dem Staat.,Kollektivierung,,ok
pol_welt,3,Was ist der Internationale Strafgerichtshof (IStGH) und wo hat er seinen Sitz?,"[""Ein Gericht für schwerste Völkerrechtsverbrechen mit Sitz in Den Haag"", ""Ein Handelsgericht mit Sitz in Genf"", ""Ein Sportgericht mit Sitz in Lausanne"", ""Eine UNO-Behörde mit Sitz in New York""]","Der IStGH verurteilt Einzelpersonen wegen Völkermord, Kriegsverbrechen und Verbrechen gegen die Menschlichkeit. Er wurde 2002 gegründet und ist unabhängig von der UNO, anders als der Internationale Gerichtshof.",Der IStGH verurteilt schwerste Völkerrechtsverbrechen.,Internationaler Strafgerichtshof,,ok
bilder,3,Welches Tier ziert das Wappen des Kantons Uri und erinnert an dessen alten Namen?,"[""Ein Stierkopf"", ""Ein Bär"", ""Ein Löwe"", ""Ein Widder""]",Der schwarze Stierkopf mit goldenem Nasenring ist seit dem Mittelalter das Wappen von Uri. Man vermutet einen Zusammenhang mit dem lateinischen Wort «urus» für Auerochse.,Uri zeigt einen Stierkopf im Wappen.,Kanton Uri,,ok
pol_welt,2,Was sind die «bilateralen Verträge» zwischen der Schweiz und der EU?,"[""Eine Reihe einzelner Abkommen statt einer EU-Mitgliedschaft"", ""Ein gemeinsamer Fussballpokal"", ""Ein Militärbündnis"", ""Eine gemeinsame Währung""]","Weil die Schweiz nicht EU-Mitglied ist, hat sie mit der EU stattdessen viele einzelne Verträge abgeschlossen, zum Beispiel zum freien Personenverkehr oder Handel. Diese regeln die Zusammenarbeit in wichtigen Bereichen.",Bilaterale Verträge regeln Schweiz-EU-Zusammenarbeit einzeln.,Bilaterale Verträge Schweiz–Europäische Union,,ok
natur,1,Welche Jahreszeit ist in der Schweiz meistens am wärmsten?,"[""Der Sommer"", ""Der Winter"", ""Der Herbst"", ""Der Frühling""]",Im Sommer steht die Sonne höher am Himmel und die Tage sind lang. Darum wird es dann am wärmsten.,Im Sommer ist es am wärmsten.,Sommer,,ok
wissenschaft,1,"Wie nennt man Forschende, die alte Knochen von Dinosauriern ausgraben und untersuchen?","[""Paläontologen"", ""Astronomen"", ""Chemiker"", ""Chirurgen""]","Paläontologen graben Fossilien und Skelette von ausgestorbenen Tieren wie Dinosauriern aus. Sie erforschen, wie das Leben vor Millionen Jahren aussah.",Paläontologen erforschen alte Fossilien.,Paläontologie,,ok
pol_kommunismus,2,Was war der 'Prager Frühling' von 1968?,"[""Ein Versuch der Tschechoslowakei, den Kommunismus menschlicher zu gestalten, beendet durch sowjetische Truppen"", ""Ein Musikfestival in Prag"", ""Der Beginn der kommunistischen Herrschaft in der Tschechoslowakei"", ""Eine Handelsmesse in Osteuropa""]","Unter Alexander Dubček versuchte die Tschechoslowakei, den Sozialismus zu reformieren. Truppen des Warschauer Pakts beendeten diesen Versuch mit einem Einmarsch.",Prager Frühling: Reformversuch wurde niedergeschlagen.,Prager Frühling,,ok
natur,2,"Was bedeutet es, wenn eine Pflanzen- oder Tierart auf der Roten Liste steht?","[""Sie ist in ihrem Bestand gefährdet"", ""Sie ist besonders häufig"", ""Sie wurde gerade neu entdeckt"", ""Sie ist giftig für Menschen""]","Die Rote Liste führt Arten auf, deren Bestand stark zurückgegangen ist oder die vom Aussterben bedroht sind. Sie hilft, Schutzmassnahmen zu planen.",Die Rote Liste zeigt bedrohte Arten.,Rote Liste,,ok
bilder,3,Welches Tier hält im Wappen Sri Lankas ein Schwert in der Pranke?,"[""Löwe"", ""Tiger"", ""Elefant"", ""Drache""]",Der Löwe mit Schwert symbolisiert die singhalesische Kultur und ist zentrales Element der Nationalflagge Sri Lankas. Vier umgebende Bo-Blätter stehen für den Buddhismus.,Sri Lankas Flagge zeigt einen Löwen mit Schwert.,Flagge Sri Lankas,e:🦁⚔️,ok
bilder,1,Welches Tier ist auf der Flagge von Wales abgebildet?,"[""Drache"", ""Löwe"", ""Adler"", ""Bär""]",Der rote Drache ist seit Jahrhunderten das Symbol von Wales. Er ist auf der Flagge auf grün-weissem Grund zu sehen.,Wales zeigt einen roten Drachen.,Flagge von Wales,e:🐉,ok
pol_welt,3,Was wird in der UNO-Völkermordkonvention von 1948 festgelegt?,"[""Völkermord wird als internationales Verbrechen definiert und geächtet"", ""Alle Kriege werden verboten"", ""Die Todesstrafe wird weltweit abgeschafft"", ""Die Grenzen aller Staaten werden neu festgelegt""]","Die Konvention definiert erstmals völkerrechtlich, was Völkermord ist, und verpflichtet die Vertragsstaaten, ihn zu verhindern und zu bestrafen. Sie entstand als Reaktion auf die Verbrechen des Zweiten Weltkriegs.",Die Konvention ächtet Völkermord völkerrechtlich.,Völkermordkonvention,,ok
kt_SO,1,Wie heisst eines der alten Stadttore in der Altstadt von Solothurn?,"[""Baseltor"", ""Löwentor"", ""Sonnentor"", ""Sternentor""]","Das Baseltor ist eines der alten Tore, durch die man früher in die Stadt Solothurn hineingehen musste. Solothurn hatte einst eine ganze Stadtmauer mit mehreren Türmen und Toren.",Das Baseltor führt in die Altstadt von Solothurn.,Baseltor,,ok
tiere,2,"Welches Tier lebt in engen Familienverbänden, die meist von einer erfahrenen älteren Kuh angeführt werden?","[""Elefant"", ""Löwe"", ""Wolf"", ""Biber""]","Elefantenherden werden meist von einer erfahrenen älteren Elefantenkuh, der Matriarchin, angeführt. Sie kennt Wasserstellen und Futterplätze und führt die Familie sicher durchs Gebiet.",Die älteste Kuh führt die Elefantenherde.,Elefanten,,ok
wissenschaft,1,Was machen Pflanzen mit Sonnenlicht?,"[""Sie wandeln es in Energie zum Wachsen um"", ""Sie fressen es"", ""Sie werfen es weg"", ""Sie schlafen davon ein""]","Pflanzen nutzen Sonnenlicht, um daraus mit Wasser und einem Gas aus der Luft Nahrung herzustellen. Das nennt man Fotosynthese.",Pflanzen machen aus Licht Energie.,Fotosynthese,,ok
pol_demokratie,3,"Wonach richtet sich die Anzahl Nationalratssitze, die ein Kanton erhält?","[""Nach der Einwohnerzahl des Kantons"", ""Nach der Fläche des Kantons"", ""Nach dem Gründungsjahr des Kantons"", ""Immer gleich viele pro Kanton""]",Die Sitze im Nationalrat werden proportional zur Wohnbevölkerung auf die Kantone verteilt. Grosse Kantone wie Zürich haben deshalb viel mehr Sitze als kleine.,"Mehr Einwohner, mehr Nationalratssitze.",Nationalrat (Schweiz),,ok
pol_demokratie,2,Wie viele Amtssprachen benutzt der Bund für seine offiziellen Texte?,"[""Drei (Deutsch, Französisch, Italienisch)"", ""Vier"", ""Zwei"", ""Fünf""]","Der Bund verwendet offiziell Deutsch, Französisch und Italienisch als Amtssprachen. Rätoromanisch wird nur in bestimmten Fällen verwendet, obwohl es eine Landessprache ist.",Der Bund arbeitet in drei Amtssprachen.,Amtssprachen der Schweiz,,ok
koerper,1,"Warum ist es wichtig, genug zu schlafen?","[""Damit sich Körper und Gehirn erholen können"", ""Damit man schneller hungrig wird"", ""Damit man weniger sieht"", ""Damit die Haare wachsen""]","Im Schlaf erholt sich dein Körper und dein Gehirn verarbeitet, was du am Tag gelernt hast. Ohne Schlaf bist du müde und unkonzentriert.",Schlaf gibt dir neue Kraft.,Schlaf,,ok
tiere,3,"Was ist ein wesentliches Merkmal der r-Strategie bei der Fortpflanzung, im Vergleich zur K-Strategie?","[""Viele Nachkommen mit geringer elterlicher Fürsorge"", ""Wenige Nachkommen mit intensiver Fürsorge"", ""Nur ein Nachkomme pro Leben"", ""Keine Fortpflanzung ohne Partner""]","r-Strategen wie Fische oder Insekten produzieren viele Nachkommen, investieren aber wenig in die einzelne Aufzucht. K-Strategen wie Elefanten bekommen wenige Junge, kümmern sich dafür aber lange und intensiv um sie.","Viele Junge, wenig Fürsorge: r-Strategie.",r/K-Selektionstheorie,,ok
physik,2,Was besagt das Hebelgesetz vereinfacht?,"[""Kraft mal Kraftarm ist gleich Last mal Lastarm"", ""Je kürzer der Hebel, desto weniger Kraft brauchst du"", ""Hebel funktionieren nur mit Strom"", ""Ein Hebel verändert die Schwerkraft""]","Beim Hebel gilt: Je länger der Kraftarm im Vergleich zum Lastarm ist, desto weniger Kraft musst du aufwenden. Deshalb sind lange Wippen leichter zu bedienen als kurze.",Langer Hebelarm spart Kraft.,Hebel (Physik),,ok
pol_demokratie,2,Nach welchem Wahlsystem wird der Nationalrat meistens gewählt?,"[""Proporzwahl (Verhältniswahl)"", ""Losverfahren"", ""Erbfolge"", ""Handaufheben""]","Bei der Proporzwahl bekommt jede Partei so viele Sitze, wie es ihrem Stimmenanteil entspricht.",Nationalrat: Sitze nach Parteistärke.,Proporzwahl,,ok
pol_demokratie,1,Was ist ein Wahlzettel?,"[""Ein Papier, auf dem man Namen für eine Wahl ankreuzt"", ""Ein Geldschein"", ""Ein Fahrplan"", ""Eine Speisekarte""]","Auf dem Wahlzettel stehen Namen von Personen oder Parteien. Man kreuzt an, wen man wählen möchte.",Auf dem Wahlzettel wählt man Personen.,Wahlzettel,,ok
pol_diktatur,2,Was ist eine Verfassung?,"[""Das oberste Gesetz eines Staates, das Rechte und Machtgrenzen festlegt."", ""Eine Liste von Feiertagen."", ""Ein Sammelalbum für Briefmarken."", ""Eine Speisekarte der Regierung.""]","Eine Verfassung regelt, wie ein Staat aufgebaut ist und welche Rechte Bürgerinnen und Bürger haben. In Diktaturen wird die Verfassung oft missachtet oder verändert.",Die Verfassung begrenzt die Macht.,Verfassung,,ok
physik,1,"Was passiert, wenn du fest an einem Gummiband ziehst?","[""Es dehnt sich und zieht sich danach wieder zusammen"", ""Es wird sofort zu Wasser"", ""Es wird schwerer"", ""Es verändert seine Farbe""]","Ein Gummiband ist elastisch: Beim Ziehen wird es länger, lässt du los, zieht es sich wieder zusammen. Diese Rückstellkraft nennt man Federkraft.",Elastisches dehnt sich und springt zurück.,Elastizität,,ok
pol_welt,3,Welche Rolle spielt der Internationale Ausschuss vom Roten Kreuz (IKRK) im Unterschied zur UNO?,"[""Das IKRK ist eine unabhängige, private Organisation, nicht Teil der UNO"", ""Das IKRK ist eine UNO-Unterorganisation"", ""Beide sind identisch aufgebaut"", ""Das IKRK wird von der EU geleitet""]","Das IKRK ist eine private Schweizer Organisation mit besonderem völkerrechtlichem Status, die humanitäre Hilfe leistet und die Genfer Konventionen überwacht. Anders als die UNO ist es keine zwischenstaatliche Organisation.",Das IKRK ist unabhängig von der UNO.,Internationales Komitee vom Roten Kreuz,,ok
natur,3,Was ist ein Lichtjahr?,"[""Die Strecke, die Licht in einem Jahr zurücklegt"", ""Die Zeit, die ein Planet für eine Umrundung braucht"", ""Ein besonders helles Jahr für Astronomen"", ""Die Zeit zwischen zwei Sonnenfinsternissen""]","Ein Lichtjahr ist eine Entfernungseinheit, keine Zeiteinheit, und beträgt rund 9,5 Billionen Kilometer. Sie wird genutzt, um die riesigen Distanzen im Weltall verständlicher darzustellen.","Ein Lichtjahr misst Entfernung, nicht Zeit.",Lichtjahr,,ok
bilder,2,"Welches Land hat ein rot-blaues Taegeuk-Zeichen, ähnlich Yin und Yang, im Zentrum der Flagge?","[""Südkorea"", ""Nordkorea"", ""Japan"", ""Mongolei""]","Die südkoreanische Flagge zeigt in der Mitte das rot-blaue Taegeuk-Symbol, das für Harmonie steht. Darum herum sind vier schwarze Trigramme angeordnet.",Südkorea zeigt das Taegeuk-Symbol.,Flagge Südkoreas,,ok
tiere,2,Wie ist ein Wolfsrudel meistens aufgebaut?,"[""Ein Elternpaar mit seinen Jungtieren"", ""Viele fremde Wölfe ohne Ordnung"", ""Nur weibliche Wölfe"", ""Immer genau zehn Tiere""]",Ein Wolfsrudel besteht typischerweise aus einem Elternpaar und dessen Nachwuchs aus ein bis zwei Jahren. Gemeinsam jagen und verteidigen sie ihr Revier.,Ein Wolfsrudel ist meist eine Familie.,Wolf,,ok
tiere,3,Welche Auswirkung hatte die gezielte Zucht vieler Rassehunde ab dem 19. Jahrhundert auf deren genetische Vielfalt?,"[""Sie nahm bei vielen Rassen durch Zucht auf äussere Merkmale stark ab"", ""Sie nahm dadurch stark zu"", ""Rassehunde sind genetisch identisch mit Wildwölfen geblieben"", ""Es gab keinerlei Auswirkung auf die Genetik""]",Durch strenge Zuchtstandards und häufige Inzucht innerhalb kleiner Populationen sank die genetische Vielfalt vieler moderner Hunderassen. Das kann bestimmte Erbkrankheiten innerhalb einer Rasse begünstigen.,Zuchtstandards verringerten die genetische Vielfalt.,Rassehund,,ok
pol_welt,1,Wie viele goldene Sterne hat die Flagge der Europäischen Union?,"[""12"", ""27"", ""5"", ""20""]","Die EU-Flagge zeigt immer 12 goldene Sterne im Kreis, egal wie viele Länder Mitglied sind. Die Zahl 12 steht für Einheit und Vollständigkeit.",EU-Flagge hat immer zwölf Sterne.,Europaflagge,,ok
geld,1,Was bedeutet 'Wechselgeld'?,"[""Das Geld, das man beim Bezahlen zurückbekommt"", ""Geld aus einem anderen Land"", ""Geld, das man sich leiht"", ""Ein Geldschein, der ausgetauscht wird""]","Wenn man mit einem grösseren Schein bezahlt, bekommt man den Rest als Wechselgeld zurück. Es lohnt sich, es nachzuzählen.",Wechselgeld ist der Rest beim Bezahlen.,Wechselgeld,,ok
kt_SO,1,"Wie heisst das schöne alte Gebäude am Aareufer, in dem sich die Politiker des Kantons treffen?","[""Landhaus"", ""Rathaus Zürich"", ""Bundeshaus"", ""Stadthaus Genf""]","Das Landhaus in Solothurn steht direkt am Fluss Aare und ist ein sehr altes, hübsches Gebäude. Dort tagt der Kantonsrat, das Parlament des Kantons Solothurn.",Im Landhaus tagt der Kantonsrat von Solothurn.,Landhaus (Solothurn),,ok
pol_welt,2,Was macht die Direktion für Entwicklung und Zusammenarbeit (DEZA) der Schweiz?,"[""Sie unterstützt Projekte in ärmeren Ländern"", ""Sie kontrolliert die Schweizer Grenzen"", ""Sie organisiert Schweizer Wahlen"", ""Sie verwaltet die Kantone""]","Die DEZA gehört zum EDA und finanziert Projekte, die Armut lindern oder Bildung fördern, zum Beispiel in Afrika oder Asien. Damit leistet die Schweiz internationale Entwicklungszusammenarbeit.",Die DEZA unterstützt Entwicklungsprojekte im Ausland.,Direktion für Entwicklung und Zusammenarbeit,,ok
koerper,3,"Wie heisst die dünne Membran, die die Lunge umhüllt und ihr Gleiten im Brustkorb ermöglicht?","[""Pleura (Brustfell)"", ""Peritoneum"", ""Perikard"", ""Meninx""]",Die Pleura besteht aus zwei glatten Schichten mit Flüssigkeit dazwischen. So kann die Lunge beim Atmen reibungslos gleiten.,Die Pleura lässt die Lunge gleiten.,Pleura,,ok
pol_kommunismus,1,Welches Land wurde nach einem langen Krieg unter kommunistischer Führung vereint?,"[""Vietnam"", ""Japan"", ""Brasilien"", ""Ägypten""]",Im Vietnamkrieg kämpfte der kommunistische Norden gegen den Süden. 1975 gewann der Norden und das Land wurde vereint.,Vietnam wurde kommunistisch vereint.,Vietnamkrieg,,ok
bilder,3,"Welches Land hat als Nationalflagge die gleichen Farben wie Irland, jedoch in spiegelverkehrter Reihenfolge (orange-weiss-grün)?","[""Elfenbeinküste"", ""Nigeria"", ""Mali"", ""Senegal""]","Die Flagge der Elfenbeinküste zeigt die gleichen Farben wie Irland, jedoch spiegelverkehrt: Orange, Weiss und Grün. Dies ist reiner Zufall ohne historischen Zusammenhang.",Elfenbeinküstes Flagge ist die Spiegelung Irlands.,Flagge der Elfenbeinküste,,ok
pol_demokratie,1,Wie oft ungefähr können die Schweizerinnen und Schweizer pro Jahr an die Urne gehen?,"[""Etwa vier Mal"", ""Nur einmal"", ""Jede Woche"", ""Nie""]",In der Schweiz gibt es meist vier Abstimmungstermine pro Jahr. Dann kann man über verschiedene Fragen entscheiden.,Meist vier Abstimmungstermine im Jahr.,Volksabstimmung,,ok
tiere,3,Wofür steht die Abkürzung SKG in der Schweizer Hundewelt?,"[""Schweizerische Kynologische Gesellschaft"", ""Schweizerischer Katzenverein"", ""Schweizer Kleintiergesellschaft"", ""Schweizerische Kinder- und Grundschule""]",Die Schweizerische Kynologische Gesellschaft ist der Dachverband für Hundezucht und Hundesport in der Schweiz. Sie ist unter anderem für die Anerkennung von Rassestandards zuständig.,Die SKG ist der Schweizer Hundeverband.,Schweizerische Kynologische Gesellschaft,,ok
physik,1,"Warum spürst du beim schnellen Velofahren Gegenwind, auch wenn kein Wind weht?","[""Du fährst durch die Luft, das spürst du als Widerstand"", ""Dein Velo erzeugt selber Wind"", ""Die Luft wird dabei kälter"", ""Deine Ohren machen das Geräusch""]","Wenn du dich bewegst, musst du die Luft vor dir wegschieben. Diesen Luftwiderstand spürst du als Wind im Gesicht.",Schnelle Bewegung erzeugt Luftwiderstand.,Luftwiderstand,,ok
koerper,2,Wie viele Rippen hat ein erwachsener Mensch normalerweise?,"[""24 (12 Paare)"", ""20"", ""30"", ""16""]","Menschen haben normalerweise 12 Rippenpaare, also 24 Rippen. Sie bilden den Brustkorb und schützen Herz und Lunge.",24 Rippen schützen Herz und Lunge.,Rippe (Anatomie),,ok
koerper,1,Was schützt deine Zähne von aussen?,"[""Der Zahnschmelz"", ""Das Zahnfleisch allein"", ""Die Zunge"", ""Der Speichel allein""]",Der Zahnschmelz ist die harte äusserste Schicht der Zähne. Er ist sogar härter als Knochen.,Zahnschmelz schützt deine Zähne.,Zahnschmelz,,ok
tiere,2,Was passiert bei der unvollständigen Metamorphose eines Insekts wie der Heuschrecke?,"[""Die Larven ähneln bereits den erwachsenen Tieren"", ""Die Larve verpuppt sich vollständig"", ""Aus dem Ei schlüpft direkt ein flugfähiges Tier"", ""Es gibt kein Larvenstadium""]","Bei der unvollständigen Metamorphose schlüpfen aus dem Ei bereits kleine Nymphen, die den erwachsenen Tieren ähneln. Sie häuten sich mehrmals, bis sie ausgewachsen sind.",Nymphen ähneln schon den erwachsenen Tieren.,Metamorphose (Biologie),,ok
geld,1,Du wünschst dir etwas Teures. Was kannst du sinnvollerweise tun?,"[""Jede Woche etwas Geld beiseitelegen, bis genug zusammen ist"", ""Sofort bei Freunden Geld ausleihen"", ""Das Sparschwein eines Geschwisters leeren"", ""Die Eltern anlügen, damit sie es kaufen""]","Wenn man regelmässig etwas Geld zurücklegt, kommt mit der Zeit genug für den Wunsch zusammen. Das nennt man Sparen.",Schritt für Schritt zum Wunsch sparen.,Sparen,,ok
koerper,1,"Was passiert mit deiner Haut, wenn du zu lange in der Sonne bist?","[""Sie kann einen Sonnenbrand bekommen"", ""Sie wird automatisch kälter"", ""Sie wächst schneller"", ""Sie wird durchsichtig""]",Zu viel Sonne schädigt die Haut und macht sie rot und schmerzhaft. Deshalb ist Sonnencreme wichtig.,Zu viel Sonne tut der Haut weh.,Sonnenbrand,,ok
wissenschaft,2,Was ist DNA?,"[""Der Träger der Erbinformation in Zellen"", ""Ein chemisches Element"", ""Ein Medikament"", ""Ein Messgerät""]","DNA ist ein Molekül, das die Baupläne für Lebewesen enthält. Sie befindet sich im Zellkern fast aller Zellen.",DNA trägt unsere Erbinformation.,DNA,,ok
natur,2,Welches Treibhausgas entsteht unter anderem bei der Viehhaltung und ist besonders klimawirksam?,"[""Methan"", ""Sauerstoff"", ""Stickstoff"", ""Wasserstoff""]",Methan entsteht zum Beispiel bei der Verdauung von Kühen. Es wirkt über kurze Zeit noch stärker als CO2 auf das Klima.,Methan ist ein starkes Treibhausgas.,Methan,,ok
tiere,2,Welches Meerestier hat drei Herzen und blaues Blut?,"[""Oktopus"", ""Hai"", ""Thunfisch"", ""Delfin""]","Der Oktopus hat drei Herzen, die sein Blut durch den Körper pumpen. Sein Blut ist blau, weil es Kupfer statt Eisen enthält.",Der Oktopus hat drei Herzen.,Achtarmige Kraken,,ok
wissenschaft,2,Was ist ein Molekül?,"[""Eine Verbindung aus mehreren Atomen"", ""Ein einzelnes Atom"", ""Ein chemisches Element"", ""Ein Messgerät""]","Ein Molekül entsteht, wenn sich zwei oder mehr Atome miteinander verbinden. Wasser zum Beispiel besteht aus einem Sauerstoff- und zwei Wasserstoffatomen.",Moleküle bestehen aus mehreren Atomen.,Molekül,,ok
natur,3,Was versteht man unter dem Begriff «Albedo»?,"[""Das Rückstrahlvermögen einer Oberfläche für Sonnenlicht"", ""Die Menge des jährlichen Niederschlags"", ""Die Temperatur eines Sterns"", ""Die Dichte der Erdatmosphäre""]","Die Albedo gibt an, wie viel Sonnenlicht eine Oberfläche zurückwirft statt es zu absorbieren. Schnee hat eine hohe Albedo, dunkles Meerwasser eine tiefe, was das Klima beeinflusst.","Albedo misst, wie stark Licht reflektiert wird.",Albedo,,ok
physik,1,Warum ist eine Kiste mit Rädern leichter zu schieben als eine ohne Räder?,"[""Weil die Räder die Reibung verkleinern"", ""Weil die Kiste dadurch leichter wird"", ""Weil Räder den Wind blockieren"", ""Weil Räder die Kiste schweben lassen""]","Räder rollen statt zu rutschen, dadurch entsteht viel weniger Reibung mit dem Boden. Darum lässt sich die Kiste leichter bewegen.",Räder machen das Schieben leichter.,Reibung,,ok
pol_kommunismus,3,Was geschah 1989 auf dem Tiananmen-Platz in Peking?,"[""Proteste für mehr Demokratie wurden vom Militär blutig niedergeschlagen"", ""China führte freie Wahlen ein"", ""Die kommunistische Partei löste sich auf"", ""Ein Friedensvertrag mit Taiwan wurde unterzeichnet""]",Im Frühling 1989 demonstrierten vor allem Studierende auf dem Tiananmen-Platz für politische Reformen. Die chinesische Regierung liess die Proteste mit Militärgewalt beenden.,1989: Proteste in Peking gewaltsam beendet.,Proteste auf dem Platz des Himmlischen Friedens 1989,,ok
bilder,1,Welches Tier hat einen langen Rüssel und riesige Ohren?,"[""Elefant"", ""Nashorn"", ""Nilpferd"", ""Wildschwein""]","Der Elefant ist das grösste Landtier und nutzt seinen Rüssel zum Greifen, Trinken und Riechen. Elefanten leben in Afrika und Asien.",Elefanten haben einen langen Rüssel.,Elefanten,,ok
natur,3,Warum gilt Pluto seit 2006 nicht mehr als vollwertiger Planet?,"[""Er hat seine Umlaufbahn nicht von anderen Objekten freigeräumt"", ""Er hat keinen eigenen Mond"", ""Er ist zu nah an der Sonne"", ""Er besteht nicht aus Gestein""]","Die Internationale Astronomische Union definierte 2006 neue Kriterien für Planeten. Da Pluto diese nicht vollständig erfüllt, wurde er zum Zwergplaneten erklärt.",Pluto gilt seither als Zwergplanet.,Pluto (Zwergplanet),,ok
tiere,3,Was sind sogenannte Listenhunde in der Schweiz?,"[""Bestimmte Rassen, die je nach Kanton speziellen Haltungsauflagen unterliegen"", ""Hunde, die auf einer Warteliste stehen"", ""Hunde, die im Zirkus auftreten"", ""Hunde ohne Rassezugehörigkeit""]","Einige Kantone in der Schweiz führen Listen mit Hunderassen, für die zusätzliche Vorschriften wie Bewilligungen oder Leinenpflicht gelten. Die Regelungen unterscheiden sich stark zwischen den Kantonen.",Listenhunde unterliegen besonderen Regeln.,Listenhund,,ok
pol_diktatur,1,"Was bauen manche Diktatoren gerne, um mächtig zu wirken?","[""Riesige Statuen und Bilder von sich selbst."", ""Kleine Spielplätze für Kinder."", ""Schulen ohne Lehrer."", ""Günstige Wohnungen für alle.""]","Grosse Denkmäler und Bilder sollen zeigen, wie stark und wichtig der Herrscher angeblich ist. Das nennt man Personenkult.",Grosse Statuen zeigen falsche Grösse.,Personenkult,,ok
tiere,2,Wie sehen Hunde Farben im Vergleich zu Menschen?,"[""Sie sehen weniger Farben, vor allem Blau- und Gelbtöne"", ""Sie sehen genau wie Menschen alle Farben"", ""Sie sehen nur schwarz-weiss"", ""Sie sehen mehr Farben als Menschen""]","Hunde sind Dichromaten und können hauptsächlich Blau- und Gelbtöne unterscheiden, Rot- und Grüntöne erscheinen ihnen ähnlicher. Menschen mit normaler Farbwahrnehmung sehen dagegen drei Grundfarben.",Hunde sehen weniger Farben als Menschen.,Farbensehen,,ok
tiere,1,Warum fühlt sich die Zunge einer Katze so rau an?,"[""weil sie kleine Widerhaken zum Fellputzen hat"", ""weil sie viele Zähne hat"", ""weil sie immer nass ist"", ""weil sie besonders lang ist""]",Die Zunge der Katze ist mit kleinen hornigen Widerhaken bedeckt. Damit kämmt sie ihr Fell wie mit einer Bürste.,Die raue Zunge dient als Fellbürste.,Katzenzunge,,ok
pol_diktatur,1,Was macht eine Geheimpolizei in einer Diktatur?,"[""Sie beobachtet heimlich Menschen, die anders denken."", ""Sie hilft Touristen."", ""Sie repariert Strassen."", ""Sie unterrichtet Kinder in der Schule.""]","Eine Geheimpolizei sucht im Verborgenen nach Personen, die den Herrscher kritisieren. Das macht vielen Menschen Angst und sie trauen sich nicht mehr, frei zu sprechen.",Geheimpolizei überwacht heimlich das Volk.,Geheimpolizei,,ok
rel_andere,1,"Wie heisst die kleine runde Kopfbedeckung, die manche jüdische Männer und Buben tragen?","[""Kippa"", ""Turban"", ""Hijab"", ""Krone""]","Die Kippa wird aus Respekt vor Gott getragen, besonders beim Beten oder in der Synagoge. Sie bedeckt nur einen kleinen Teil des Kopfes.",Die Kippa ist eine jüdische Kopfbedeckung.,Kippa,,ok
pol_kommunismus,3,Welche zwei Klassen stellte Marx im Kapitalismus einander gegenüber?,"[""Proletariat (Arbeiterklasse) und Bourgeoisie (Besitzende Klasse)"", ""Adel und Klerus"", ""Bauern und Nomaden"", ""Soldaten und Beamte""]",Marx sah die Geschichte geprägt durch den Klassenkampf zwischen der besitzenden Bourgeoisie und dem besitzlosen Proletariat. Die Arbeiterklasse sollte sich laut Marx irgendwann gegen die Besitzenden erheben.,Proletariat gegen Bourgeoisie: Marx' Klassenkampf.,Klassenkampf,,ok
pol_demokratie,2,"Wie viele Kantone müssen ein Referendum gegen ein Bundesgesetz verlangen, damit es zustande kommt?","[""Acht Kantone"", ""Zwei Kantone"", ""Zwanzig Kantone"", ""Alle Kantone""]",Neben 50'000 Stimmberechtigten können auch acht Kantone gemeinsam ein Referendum gegen ein Bundesgesetz verlangen. Das nennt man Kantonsreferendum.,Acht Kantone können ein Referendum verlangen.,Kantonsreferendum,,ok
pol_welt,3,Welche Rolle übernahm die Schweiz bei den internationalen Verhandlungen über das iranische Atomprogramm?,"[""Sie stellte mehrfach Genf und Lausanne als neutralen Verhandlungsort zur Verfügung"", ""Sie vermittelte als offizielles Mitglied der Verhandlungsdelegation Irans"", ""Sie stellte die Waffen für die Verhandlungspartner bereit"", ""Sie war für die Ausarbeitung des Atomabkommens allein verantwortlich""]",Dank ihrer Neutralität und langen diplomatischen Tradition wird die Schweiz oft als Ort für heikle internationale Verhandlungen gewählt. Genf und Lausanne waren mehrfach Schauplatz solcher Gespräche.,Die Schweiz stellt oft neutralen Verhandlungsboden bereit.,Gute Dienste (Diplomatie),,ok
pol_demokratie,1,Was ist eine Urne bei einer Abstimmung?,"[""Ein Behälter, in den man den Stimmzettel einwirft"", ""Ein Buch mit Gesetzen"", ""Ein Ausweis für Erwachsene"", ""Ein Computer im Bundeshaus""]","Wer an die Urne geht, wirft seinen Stimmzettel in einen speziellen Behälter. So wird die Stimme gezählt.",In die Urne kommt der Stimmzettel.,Wahlurne,,ok
pol_welt,1,"Wie nennt man Soldatinnen und Soldaten, die im Auftrag der UNO für Frieden sorgen?","[""Blauhelme"", ""Rotkäppchen"", ""Grünröcke"", ""Weisshelme""]","Blauhelme heissen so wegen ihrer blauen Helme. Sie werden von der UNO in Krisengebiete geschickt, um den Frieden zu sichern.",UNO-Soldaten heissen Blauhelme.,Friedenstruppen der Vereinten Nationen,,ok
tiere,3,Welche Funktion hat das Jacobsonsche Organ im Maul eines Hundes?,"[""Es hilft bei der Wahrnehmung von Pheromonen und chemischen Reizen"", ""Es dient dem Hören"", ""Es reguliert die Körpertemperatur"", ""Es produziert Speichel""]","Das Jacobsonsche Organ, auch Vomeronasalorgan genannt, liegt am Gaumen und dient der Wahrnehmung von Duftstoffen wie Pheromonen. Es ergänzt den normalen Geruchssinn und ist besonders bei der Kommunikation zwischen Hunden wichtig.",Das Jacobsonsche Organ erkennt Pheromone.,Jacobsonsches Organ,,ok
tiere,1,Welches Tier lebt auf Schweizer Bauernhöfen und gibt uns Milch?,"[""Kuh"", ""Ziege"", ""Schwein"", ""Pferd""]",Die Kuh frisst Gras und Heu und gibt dafür Milch. Aus Milch werden auch Käse und Joghurt gemacht.,Die Kuh gibt uns die Milch.,Hausrind,,ok
pol_demokratie,3,Was ist ein direkter Gegenentwurf des Parlaments zu einer Volksinitiative?,"[""Ein alternativer Vorschlag, über den zusammen mit der Initiative abgestimmt wird"", ""Eine Ablehnung ohne Abstimmung"", ""Eine zweite Initiative des Volkes"", ""Ein Gesetz ohne Volksabstimmung""]","Das Parlament kann einer Volksinitiative einen eigenen Gegenvorschlag gegenüberstellen. Die Stimmberechtigten entscheiden dann zwischen Initiative, Gegenentwurf und dem Status quo.",Parlament kann eigenen Gegenvorschlag machen.,Gegenentwurf,,ok
pol_welt,2,Womit beschäftigt sich die Internationale Fernmeldeunion ITU mit Sitz in Genf?,"[""Mit weltweiten Regeln für Telekommunikation und das Internet"", ""Mit dem Schutz von Wäldern"", ""Mit dem internationalen Handel von Lebensmitteln"", ""Mit der Vergabe von Friedenspreisen""]","Die ITU koordiniert weltweit technische Standards für Telefon, Funk und Internet. Sie ist eine der ältesten internationalen Organisationen und hat ihren Sitz in Genf.",Die ITU regelt weltweite Kommunikationstechnik.,Internationale Fernmeldeunion,,ok
pol_kommunismus,1,Wer war Friedrich Engels?,"[""Der enge Freund und Mitautor von Karl Marx"", ""Der Bruder von Lenin"", ""Ein Präsident der USA"", ""Ein bekannter Erfinder von Spielzeug""]",Friedrich Engels arbeitete eng mit Karl Marx zusammen. Gemeinsam schrieben sie wichtige Texte über den Kommunismus.,Engels war Marx' bester Mitdenker.,Friedrich Engels,,ok
bilder,2,Welches Tier ist auf dem Wappen des Kantons Schaffhausen dargestellt?,"[""Ein steigender schwarzer Bock"", ""Ein Löwe"", ""Ein Adler"", ""Ein Bär""]","Das Wappen von Schaffhausen zeigt einen schwarzen, steigenden Widderbock auf goldenem Grund. Der Name der Stadt stammt aber tatsächlich von «Schiffshausen».",Schaffhausen zeigt einen schwarzen Bock.,Kanton Schaffhausen,,ok
tiere,2,Wie oft pro Jahr hat eine Hündin normalerweise eine Läufigkeit?,"[""Etwa zweimal pro Jahr"", ""Einmal im ganzen Leben"", ""Jeden Monat"", ""Nur alle drei Jahre""]","Die meisten Hündinnen werden ungefähr zweimal jährlich läufig, wobei das je nach Rasse und Hund variieren kann. Während dieser Zeit können sie trächtig werden.",Hündinnen sind meist zweimal jährlich läufig.,Läufigkeit,,ok
koerper,1,Warum ziehst du dich im Winter warm an?,"[""Damit dein Körper nicht zu viel Wärme verliert"", ""Damit du schneller schwitzt"", ""Damit deine Augen besser sehen"", ""Damit du grösser wirst""]",Warme Kleidung hält die Körperwärme fest. So frierst du nicht so schnell.,Warme Kleidung hält Wärme drin.,Unterkühlung,,ok
natur,2,Was ist eine erneuerbare Energiequelle?,"[""Zum Beispiel Sonnen- oder Windkraft"", ""Zum Beispiel Kohle oder Erdöl"", ""Zum Beispiel Erdgas"", ""Zum Beispiel Uran""]","Erneuerbare Energien wie Sonne, Wind oder Wasserkraft stehen praktisch unbegrenzt zur Verfügung und erneuern sich ständig. Sie belasten das Klima deutlich weniger als fossile Brennstoffe.",Sonne und Wind sind erneuerbare Energien.,Erneuerbare Energien,,ok
tiere,3,Wie hat sich die Verdauung von Hunden im Zuge der Domestizierung im Vergleich zu reinen Fleischfressern wie Katzen verändert?,"[""Hunde können auch pflanzliche Stärke relativ gut verdauen"", ""Hunde können überhaupt keine Stärke verdauen"", ""Hunde sind reine Fleischfresser ohne jede Anpassung"", ""Hunde benötigen ausschliesslich rohes Fleisch zum Überleben""]","Genetische Untersuchungen zeigten, dass Hunde im Vergleich zu Wölfen mehr Kopien des Gens AMY2B besitzen, das für die Stärkeverdauung wichtig ist. Diese Anpassung entstand vermutlich, weil sich frühe Hunde von menschlichen Abfällen mit stärkehaltiger Nahrung ernährten.",Hunde verdauen Stärke besser als Wölfe.,Domestikation des Hundes,,ok
tiere,3,Wie hängt die Grösse einer Hunderasse tendenziell mit ihrer Lebenserwartung zusammen?,"[""Kleine Rassen leben im Schnitt deutlich länger als sehr grosse Rassen"", ""Grosse Rassen leben immer länger als kleine"", ""Es gibt keinen Zusammenhang zwischen Grösse und Lebenserwartung"", ""Alle Hunderassen werden im Schnitt gleich alt""]","Untersuchungen zeigen, dass kleine Hunderassen im Schnitt eine höhere Lebenserwartung haben als sehr grosse Rassen. Ein möglicher Grund ist das schnellere Wachstum und die stärkere Alterungsrate grosser Hunde.",Kleine Hunde leben oft länger als grosse.,Hund,,ok
natur,2,"Wie heisst der warme, trockene Fallwind, der in den Schweizer Alpen weht?","[""Föhn"", ""Bise"", ""Mistral"", ""Passat""]","Der Föhn entsteht, wenn feuchte Luft an einer Bergkette aufsteigt, abregnet und trocken auf der anderen Seite wieder absinkt. Dabei erwärmt sich die Luft stark.",Föhn ist ein warmer Wind von den Bergen.,Föhn,,ok
wissenschaft,1,"Was passiert, wenn man Zucker in warmes Wasser rührt?","[""Der Zucker löst sich auf"", ""Der Zucker wird zu Eis"", ""Das Wasser verschwindet"", ""Der Zucker wird hart""]","Zucker löst sich in Wasser auf und ist dann nicht mehr sichtbar, obwohl er noch da ist. Man kann ihn schmecken, aber nicht mehr sehen.",Zucker löst sich im Wasser auf.,Löslichkeit,,ok
pol_welt,2,Was macht der Internationale Währungsfonds (IWF)?,"[""Er hilft Ländern mit Krediten bei finanziellen Krisen"", ""Er organisiert Weltmeisterschaften"", ""Er verwaltet das Weltklima"", ""Er druckt Schweizer Franken""]","Der IWF unterstützt Länder, die in wirtschaftliche Schwierigkeiten geraten sind, mit Krediten und Beratung. Auch die Schweiz ist Mitglied.",Der IWF hilft Ländern in Geldnot.,Internationaler Währungsfonds,,ok
koerper,2,Welche Aufgabe hat der Wurmfortsatz (Blinddarmanhang) vermutlich?,"[""Er unterstützt vermutlich das Immunsystem im Darm"", ""Er verdaut Fette"", ""Er speichert Urin"", ""Er bildet rote Blutkörperchen""]",Der Wurmfortsatz am Blinddarm gilt heute als möglicher Speicher für nützliche Darmbakterien. Früher hielt man ihn für nutzlos.,Der Wurmfortsatz hilft vermutlich der Darmflora.,Blinddarm,,ok
pol_diktatur,3,Wann wurde die Allgemeine Erklärung der Menschenrechte von der UNO verabschiedet?,"[""1948"", ""1918"", ""1989"", ""1955""]",Nach den Gräueln des Zweiten Weltkriegs verabschiedete die UNO 1948 die Allgemeine Erklärung der Menschenrechte. Sie sollte grundlegende Rechte für alle Menschen weltweit festlegen.,1948 entstanden die Menschenrechte der UNO.,Allgemeine Erklärung der Menschenrechte,,ok
physik,2,"Wie nennt man die Kraft, die ein Fahrzeug auf einer schrägen Strasse nach unten zieht?","[""Hangabtriebskraft"", ""Fliehkraft"", ""Auftriebskraft"", ""Reibungskraft""]","Auf einer schiefen Ebene zieht ein Teil der Schwerkraft das Fahrzeug entlang des Hangs nach unten. Je steiler die Strasse, desto grösser ist diese Hangabtriebskraft.",Auf Hängen zieht die Hangabtriebskraft nach unten.,Schiefe Ebene,,ok
pol_demokratie,2,Was bedeutet «Volksmehr»?,"[""Die Mehrheit aller Stimmenden in der Schweiz sagt Ja"", ""Nur die grossen Kantone entscheiden"", ""Der Bundesrat stimmt für das Volk"", ""Alle Kantone müssen einstimmig sein""]","Das Volksmehr ist erreicht, wenn mehr als die Hälfte der abgegebenen Stimmen Ja sagen. Bei Verfassungsänderungen braucht es zusätzlich das Ständemehr.",Volksmehr: mehr als die Hälfte sagt Ja.,Volksabstimmung,,ok
koerper,1,"Warum wirst du rot im Gesicht, wenn du schnell rennst?","[""Mehr Blut fliesst zur Haut, um Wärme abzugeben"", ""Die Haut färbt sich vor Angst"", ""Das Blut wird heisser und blau"", ""Der Kopf wächst kurz""]","Beim Rennen wird dir warm. Damit der Körper die Wärme loswird, fliesst mehr Blut zur Hautoberfläche.","Blut hilft, dich abzukühlen.",Thermoregulation,,ok
tiere,3,Was bezeichnet der Begriff «Schlüsselart» (Keystone-Art) in einem Ökosystem?,"[""Eine Art mit überproportional grossem Einfluss auf das Ökosystem"", ""Die häufigste Art im Ökosystem"", ""Eine bedrohte Art ohne ökologische Funktion"", ""Eine eingeschleppte Art""]","Eine Schlüsselart hat einen Einfluss auf ihr Ökosystem, der weit über ihren Anteil an der Biomasse hinausgeht. Der Wolf im Yellowstone-Nationalpark ist ein klassisches Beispiel dafür.",Schlüsselarten prägen ihr ganzes Ökosystem.,Schlüsselart,,ok
pol_demokratie,1,"Wie nennt man Menschen, die politische Ämter innehaben und das Land, den Kanton oder die Gemeinde mitregieren?","[""Politikerinnen und Politiker"", ""Ärztinnen und Ärzte"", ""Bäckerinnen und Bäcker"", ""Pilotinnen und Piloten""]",Politikerinnen und Politiker arbeiten in Regierungen und Parlamenten. Sie treffen wichtige Entscheidungen für alle.,Politiker entscheiden für die Gemeinschaft.,Politiker,,ok
pol_welt,2,"Was regelt das Schengen-Abkommen, an dem auch die Schweiz teilnimmt?","[""Den Wegfall von Passkontrollen an gemeinsamen Grenzen"", ""Den Schweizer Steuersatz"", ""Die Schulferien in Europa"", ""Die Fussballregeln""]","Dank Schengen können Reisende zwischen vielen europäischen Ländern ohne Passkontrolle an der Grenze reisen. Die Schweiz ist seit 2008 dabei, obwohl sie nicht EU-Mitglied ist.",Schengen erlaubt Reisen ohne Grenzkontrollen.,Schengener Abkommen,,ok
tiere,3,Was ist der biologische Vorteil der Endothermie (Warmblütigkeit) gegenüber der Ektothermie in kalten Klimazonen?,"[""Warmblütige Tiere bleiben unabhängig von der Umgebungstemperatur aktiv"", ""Warmblütige Tiere brauchen keine Nahrung"", ""Warmblütige Tiere sind immer grösser"", ""Ektotherme Tiere sind aktiver in Kälte""]",Endotherme Tiere wie Säugetiere und Vögel erzeugen ihre Körperwärme selbst und bleiben so auch bei kalten Temperaturen aktiv. Ektotherme Tiere wie Reptilien sind hingegen auf äussere Wärmequellen angewiesen und bei Kälte träge.,Warmblüter bleiben auch bei Kälte aktiv.,Endothermie,,ok
tiere,2,Was ist der Hauptunterschied zwischen Rothirsch und Reh?,"[""Der Rothirsch ist deutlich grösser als das Reh"", ""Nur das Reh hat ein Geweih"", ""Der Rothirsch lebt nur im Wasser"", ""Rehe sind grösser als Rothirsche""]","Der Rothirsch ist das grösste heimische Hirschtier der Schweiz, das Reh ist viel kleiner und zierlicher. Beide tragen als Männchen ein Geweih, das jährlich abgeworfen wird.",Der Rothirsch ist grösser als das Reh.,Rothirsch,,ok
bilder,1,Welches Tier wird oft «König der Tiere» genannt und lebt in Afrika?,"[""Löwe"", ""Tiger"", ""Bär"", ""Wolf""]","Der Löwe gilt wegen seiner Stärke und seinem Mut als König der Tiere. Löwen leben in Gruppen, die man Rudel nennt.",Der Löwe gilt als König der Tiere.,Löwe,,ok
natur,3,In welcher Atmosphärenschicht befindet sich die Ozonschicht?,"[""In der Stratosphäre"", ""In der Troposphäre"", ""In der Thermosphäre"", ""Im Erdkern""]","Die Stratosphäre liegt oberhalb der Troposphäre, in der das Wettergeschehen stattfindet. In ihr befindet sich die Ozonschicht, die UV-Strahlung filtert.",Die Ozonschicht liegt in der Stratosphäre.,Stratosphäre,,ok
natur,2,Was ist ein Komet?,"[""Ein Himmelskörper aus Eis und Staub mit einem Schweif"", ""Ein besonders heller Planet"", ""Ein künstlicher Satellit"", ""Ein Teil der Sonnenoberfläche""]","Kometen bestehen aus gefrorenem Wasser, Staub und Gestein und ziehen auf einer langen Bahn um die Sonne. In Sonnennähe schmilzt ihre Oberfläche etwas und es bildet sich ein leuchtender Schweif.","Kometen bestehen aus Eis, Staub und Schweif.",Komet,,ok
natur,3,Was bezeichnet man als Wurzeldruck bei Pflanzen?,"[""Den Druck, der Wasser von der Wurzel nach oben presst"", ""Den Druck, den Wurzeln auf Steine ausüben"", ""Den Luftdruck im Boden"", ""Den Druck von Regenwasser auf Wurzeln""]",Durch aktive Aufnahme von Mineralstoffen in der Wurzel entsteht ein osmotischer Druck. Dieser presst Wasser ein Stück weit in die Leitbahnen der Pflanze nach oben.,"Wurzeldruck hilft, Wasser in der Pflanze nach oben zu befördern.",Wurzeldruck,,ok
pol_demokratie,3,Was besagt das Kollegialprinzip im Bundesrat?,"[""Entscheide werden gemeinsam getroffen und nach aussen einheitlich vertreten"", ""Jedes Mitglied entscheidet allein für sein Departement"", ""Der Bundespräsident entscheidet allein"", ""Entscheide werden per Losentscheid getroffen""]","Der Bundesrat entscheidet als Gremium gemeinsam. Auch wer anderer Meinung war, vertritt den Beschluss nach aussen mit.",Der Bundesrat entscheidet und spricht gemeinsam.,Kollegialprinzip,,ok
pol_welt,2,"Was ist die EFTA, der auch die Schweiz angehört?","[""Eine Freihandelsvereinigung europäischer Staaten ausserhalb der EU"", ""Eine Fussballliga"", ""Ein Militärbündnis"", ""Eine Weltraumorganisation""]","Die EFTA (Europäische Freihandelsassoziation) verbindet Länder wie die Schweiz, Norwegen, Island und Liechtenstein, die nicht der EU angehören, aber trotzdem Handel erleichtern wollen.",EFTA fördert Freihandel ausserhalb der EU.,Europäische Freihandelsassoziation,,ok
wissenschaft,1,"Warum schwimmt Eis auf dem Wasser, statt unterzugehen?","[""Weil Eis weniger dicht ist als flüssiges Wasser"", ""Weil Eis wärmer ist als Wasser"", ""Weil Eis aus Luft besteht"", ""Weil Eis sich schnell bewegt""]","Wenn Wasser gefriert, dehnt es sich aus und wird dadurch leichter als flüssiges Wasser. Darum schwimmen Eiswürfel und Eisberge obenauf.",Eis ist leichter als flüssiges Wasser.,Anomalie des Wassers,,ok
pol_welt,1,Was ist ein Konsulat?,"[""Eine kleinere Vertretung eines Landes, die Bürgerinnen und Bürgern im Ausland hilft"", ""Ein Gebäude der UNO in Genf"", ""Ein Gericht für Streit zwischen Staaten"", ""Ein Treffen von Königen und Präsidenten""]","Ein Konsulat hilft Menschen, die im Ausland zum Beispiel ihren Pass verloren haben. Es gibt oft mehrere Konsulate in einem Land, aber nur eine Botschaft.",Konsulate helfen Menschen im Ausland.,Konsulat,,ok
tiere,2,Wie orientieren sich Zugvögel auf ihren langen Reisen?,"[""Unter anderem am Magnetfeld der Erde"", ""Nur an Strassenschildern"", ""Nur am Geruch des Wassers"", ""Nur an anderen Tieren""]","Zugvögel nutzen mehrere Hilfsmittel: die Sonne, Sterne, Landschaften und das Magnetfeld der Erde. So finden sie den Weg über Tausende Kilometer.",Zugvögel spüren das Magnetfeld der Erde.,Vogelzug,,ok
pol_diktatur,3,Was geschah beim Sturz von Nicolae Ceaușescu 1989?,"[""Der rumänische Diktator wurde gestürzt und mit seiner Frau hingerichtet."", ""Er trat freiwillig zurück und lebte weiter im Palast."", ""Er wurde zum neuen Präsidenten gewählt."", ""Er floh unentdeckt ins Ausland.""]","Nach Massenprotesten wurde Ceaușescu Ende 1989 gestürzt, in einem Schnellverfahren verurteilt und zusammen mit seiner Frau Elena erschossen. Es war eines der blutigsten Enden eines kommunistischen Regimes in Osteuropa.",Ceaușescus Herrschaft endete gewaltsam.,Nicolae Ceaușescu,,ok
wissenschaft,3,Was beschreibt die Halbwertszeit eines radioaktiven Stoffs?,"[""Die Zeit, in der die Hälfte der Atomkerne zerfällt"", ""Die Zeit, bis ein Stoff komplett verschwindet"", ""Die Zeit, die ein Stoff braucht um zu schmelzen"", ""Die Zeit zwischen zwei chemischen Reaktionen""]","Nach der Halbwertszeit ist genau die Hälfte der ursprünglich vorhandenen radioaktiven Atomkerne zerfallen. Verschiedene Stoffe haben sehr unterschiedliche Halbwertszeiten, von Sekunden bis Milliarden Jahren.",Halbwertszeit: Hälfte der Kerne ist zerfallen.,Halbwertszeit,,ok
rel_andere,1,An welchem Wochentag treffen sich Christinnen und Christen meist zum Gottesdienst?,"[""Am Sonntag"", ""Am Montag"", ""Am Mittwoch"", ""Am Freitag""]",Der Sonntag gilt vielen Christinnen und Christen als besonderer Tag. Sie gehen dann oft in die Kirche und ruhen sich aus.,Der Sonntag ist der christliche Feiertag der Woche.,Sonntag,,ok
natur,3,Was ist eine Supernova?,"[""Die Explosion eines massereichen Sterns am Ende seines Lebens"", ""Die Geburt eines neuen Sterns aus Gaswolken"", ""Ein besonders heller Planet am Nachthimmel"", ""Ein neuer Mond der Erde""]","Wenn massereiche Sterne ihren Kernbrennstoff verbrauchen, kollabieren sie und explodieren dabei extrem hell. Eine Supernova kann für kurze Zeit heller leuchten als eine ganze Galaxie.",Supernova: ein Stern explodiert am Lebensende.,Supernova,,ok
tiere,1,Welche Farbe hat die Zunge der meisten Hunde?,"[""Rosa oder rot"", ""Blau"", ""Grün"", ""Gelb""]",Die Zunge der meisten Hunde ist rosa oder rot gefärbt. Manche Rassen wie der Chow-Chow haben aber eine bläulich-schwarze Zunge.,Die Hundezunge ist meist rosa.,Hund,,ok
geld,2,Was ist ein Haushaltsbuch?,"[""Eine Aufzeichnung aller Einnahmen und Ausgaben, um den Überblick über das Geld zu behalten"", ""Ein Buch mit Kochrezepten"", ""Ein amtliches Dokument der Gemeinde"", ""Ein Sparkonto für die ganze Familie""]","In einem Haushaltsbuch schreibt man auf, wie viel Geld man einnimmt und wofür man es ausgibt. So erkennt man, wohin das Geld fliesst und kann besser planen.","Haushaltsbuch zeigt, wohin Geld fliesst.",Haushaltsbuch,,ok
tiere,2,Was verraten die Ohren einer Katze oft über ihre Stimmung?,"[""nach hinten gedrehte Ohren zeigen oft Angst oder Ärger"", ""gedrehte Ohren bedeuten immer Hunger"", ""Ohrenstellung zeigt nur das Wetter an"", ""Katzen können ihre Ohren gar nicht bewegen""]","Katzen können ihre Ohren unabhängig voneinander drehen und zeigen damit ihre Stimmung. Nach hinten angelegte Ohren deuten meist auf Angst, Ärger oder Abwehrbereitschaft hin.",Die Ohrenstellung verrät die Stimmung der Katze.,Katzensprache,,ok
pol_welt,3,Wofür ist der Europäische Gerichtshof für Menschenrechte (EGMR) in Strassburg zuständig?,"[""Er prüft, ob Mitgliedstaaten des Europarats die Menschenrechtskonvention verletzt haben"", ""Er entscheidet über Wirtschaftsstreitigkeiten innerhalb der EU"", ""Er ist die oberste Instanz der Vereinten Nationen"", ""Er verurteilt Kriegsverbrecher weltweit""]","Der EGMR ist eine Institution des Europarats, nicht der EU, und prüft Beschwerden von Einzelpersonen gegen Staaten wegen Menschenrechtsverletzungen. Auch die Schweiz ist an seine Urteile gebunden.",Der EGMR schützt Menschenrechte in Europa.,Europäischer Gerichtshof für Menschenrechte,,ok
koerper,3,Was passiert bei einer Autoimmunerkrankung?,"[""Das Immunsystem greift körpereigenes Gewebe an"", ""Der Körper produziert zu wenig Blut"", ""Die Knochen wachsen zu schnell"", ""Die Haut wird immun gegen Sonnenlicht""]","Bei einer Autoimmunerkrankung erkennt das Immunsystem fälschlicherweise körpereigene Zellen als Feind. Es greift dann eigenes Gewebe an, statt es zu schützen.",Autoimmunerkrankungen richten sich gegen den eigenen Körper.,Autoimmunerkrankung,,ok
physik,3,Was ist der grundlegende Unterschied zwischen Kernfusion und Kernspaltung?,"[""Bei Fusion verschmelzen leichte Atomkerne, bei Spaltung zerfällt ein schwerer Kern"", ""Beide Vorgänge sind physikalisch identisch"", ""Fusion findet nur auf der Erde statt, Spaltung nur im Weltraum"", ""Bei Spaltung entsteht nie Energie""]","Bei der Kernfusion verschmelzen zum Beispiel Wasserstoffkerne zu Helium, so wie in der Sonne. Bei der Kernspaltung wird ein schwerer Atomkern wie Uran in kleinere Teile gespalten, wie in Kernkraftwerken.","Fusion verschmilzt, Spaltung teilt Atomkerne.",Kernfusion,,ok
geld,1,Wo kann man gespartes Geld ausser im Sparschwein noch sicher aufbewahren?,"[""Auf einem Sparkonto bei der Bank"", ""Im Schulranzen"", ""Unter dem Kopfkissen im Ferienlager"", ""In der Hosentasche beim Spielen""]",Bei der Bank ist Geld auf einem Sparkonto sicher aufgehoben und geht nicht so leicht verloren. Viele Kinder haben ein eigenes Sparkonto.,Die Bank bewahrt Geld sicher auf.,Sparkonto,,ok
tiere,1,Wie viele Welpen bekommt eine Hündin meist in einem Wurf?,"[""Mehrere, oft 4 bis 8"", ""Immer genau einen"", ""Immer genau 20"", ""Immer genau 100""]","Je nach Rasse und Grösse der Hündin kommen unterschiedlich viele Welpen zur Welt, oft zwischen vier und acht. Grosse Rassen haben meist mehr Junge als kleine.",Eine Hündin bekommt oft mehrere Welpen.,Welpe,,ok
koerper,3,"Wie heisst der Vorgang, bei dem die Niere den Wasser- und Salzhaushalt des Körpers reguliert?","[""Osmoregulation"", ""Peristaltik"", ""Diffusion allein"", ""Homöostase des Blutzuckers""]","Bei der Osmoregulation kontrolliert die Niere, wie viel Wasser und Salz im Körper bleiben oder ausgeschieden werden. So bleibt die Zusammensetzung des Blutes stabil.",Die Niere regelt Wasser und Salz.,Osmoregulation,,ok
tiere,3,"Wie heisst das nationale Register, in dem alle Hunde in der Schweiz erfasst werden müssen?","[""AMICUS"", ""TRACES"", ""VETIS"", ""DogNet""]","AMICUS ist die zentrale Schweizer Datenbank, in der alle mit Mikrochip gekennzeichneten Hunde registriert werden. Sie hilft, entlaufene Hunde ihren Besitzern zuzuordnen.",AMICUS ist das Schweizer Hunderegister.,AMICUS (Hunderegister),,ok
geld,1,"Warum sollte man vorsichtig sein, wenn man einem Freund Geld leiht?","[""Man bekommt es vielleicht nicht zurück"", ""Geld darf man nie verleihen"", ""Der Freund wird dadurch automatisch reich"", ""Das ist gesetzlich verboten""]","Wenn man Geld verleiht, kann es sein, dass man es nicht zurückbekommt und Streit entsteht. Deshalb sollte man gut überlegen.",Verliehenes Geld kommt nicht immer zurück.,Kredit,,ok
tiere,2,"Woran erkennt man häufig, dass eine Katze gestresst ist?","[""sie versteckt sich, frisst weniger oder putzt sich übermässig"", ""sie schnurrt ununterbrochen vor Freude"", ""sie wird sofort viel grösser"", ""sie verliert ihre Krallen""]","Gestresste Katzen ziehen sich oft zurück, fressen weniger oder putzen sich auffällig häufig. Solche Signale sollten Katzenhalter ernst nehmen.",Rückzug und übermässiges Putzen zeigen Stress.,Hauskatze,,ok
tiere,2,"Wozu dienen einem Hund seine Tasthaare, auch Vibrissen genannt?","[""Sie helfen ihm, seine nahe Umgebung wahrzunehmen"", ""Sie dienen nur der Optik"", ""Sie helfen beim Hören"", ""Sie schützen vor Kälte""]","Die Vibrissen an Schnauze und Augenbrauen sind besonders empfindlich und helfen dem Hund, Luftbewegungen und Hindernisse in seiner Nähe wahrzunehmen, besonders im Dunkeln. Sie sind mit vielen Nervenenden verbunden.",Tasthaare spüren die nahe Umgebung.,Vibrisse,,ok
pol_welt,3,Worin unterscheiden sich der Europäische Rat und der Rat der Europäischen Union?,"[""Der Europäische Rat versammelt die Staats- und Regierungschefs, der Rat der EU die Fachministerinnen und -minister"", ""Beide sind exakt dasselbe Gremium mit unterschiedlichem Namen"", ""Der Europäische Rat ist ein Gericht, der Rat der EU eine Bank"", ""Der Europäische Rat vertritt nur kleine EU-Länder""]",Im Europäischen Rat setzen die Staats- und Regierungschefs der EU-Länder die grossen politischen Leitlinien fest. Im Rat der Europäischen Union verhandeln dagegen die jeweiligen Fachminister über konkrete Gesetzesvorhaben.,"Zwei ähnliche Namen, zwei verschiedene EU-Gremien.",Europäischer Rat,,ok
pol_demokratie,2,Wie heisst die Regierung eines Kantons meistens?,"[""Regierungsrat oder Staatsrat"", ""Bundesrat"", ""Gemeinderat"", ""Nationalrat""]","Jeder Kanton hat eine eigene Regierung. Je nach Kanton heisst sie Regierungsrat, Staatsrat oder anders.",Kantonsregierung heisst oft Regierungsrat.,Kantonsregierung,,ok
wissenschaft,3,Was ist das am CERN entdeckte Higgs-Boson?,"[""Ein Elementarteilchen, das erklärt, wie andere Teilchen Masse erhalten"", ""Ein neues chemisches Element"", ""Eine Art künstliches Atom"", ""Ein Molekül zur DNA-Reparatur""]","Das Higgs-Boson wurde 2012 am CERN nachgewiesen und bestätigte eine Vorhersage des sogenannten Standardmodells der Teilchenphysik. Es hängt mit dem Higgs-Feld zusammen, das anderen Teilchen ihre Masse verleiht.",Das Higgs-Boson erklärt die Masse von Teilchen.,Higgs-Boson,,ok
natur,2,"Wie nennt man den Vorgang, bei dem Pflanzen mit Sonnenlicht Nahrung herstellen?","[""Photosynthese"", ""Transpiration"", ""Fotografie"", ""Fermentation""]","Bei der Photosynthese wandeln Pflanzen mit Hilfe von Sonnenlicht, Wasser und Kohlendioxid Zucker als Nahrung um. Dabei entsteht als Nebenprodukt Sauerstoff.",Photosynthese: Pflanzen machen mit Licht Zucker.,Photosynthese,,ok
