thema,stufe,frage,antworten,erklaerung,merksatz,quelle,bild,status
geo_welt,1,Wohin soll man bei einer Tsunami-Warnung gehen?,"[""Auf einen Hügel oder hoch hinauf"", ""Ganz nah ans Wasser"", ""In einen Keller"", ""Auf ein Boot am Strand""]","Die Welle überflutet tief liegendes Land. Auf einem Hügel oder in einem hohen, festen Gebäude ist man sicherer.",Bei einer Tsunami-Warnung geht man hoch hinauf.,Tsunami,,ok
geo_welt,1,Wie schnell kann ein Tsunami auf dem offenen Meer sein?,"[""So schnell wie ein Flugzeug"", ""So schnell wie ein Velo"", ""So schnell wie ein Fussgänger"", ""So schnell wie eine Schnecke""]",Im tiefen Meer kann ein Tsunami viele hundert Kilometer pro Stunde schnell sein. Das ist ungefähr so schnell wie ein Flugzeug.,Ein Tsunami rast schnell wie ein Flugzeug über das Meer.,Tsunami,,ok
geo_welt,1,Wann wird eine Tsunami-Welle besonders hoch?,"[""Wenn sie an die Küste kommt"", ""Wenn sie mitten im Meer ist"", ""Wenn sie in der Nacht kommt"", ""Wenn es regnet""]",Im tiefen Meer ist die Welle flach und kaum zu sehen. Erst im flachen Wasser an der Küste türmt sie sich hoch auf.,An der Küste türmt sich ein Tsunami hoch auf.,Tsunami,,ok
geo_welt,1,An welchem Tag im Jahr 2004 traf ein grosser Tsunami die Küsten am Indischen Ozean?,"[""Am 26. Dezember"", ""Am 1. August"", ""Am 1. Januar"", ""Am 24. Juni""]",Am Tag nach Weihnachten 2004 löste ein starkes Seebeben bei Indonesien einen Tsunami aus. Er traf viele Länder am Indischen Ozean.,Der grosse Tsunami im Indischen Ozean kam am 26. Dezember 2004.,Tsunami,,ok
geo_welt,1,In welchem Schweizer See gab es im Jahr 563 eine grosse Flutwelle?,"[""Genfersee"", ""Bodensee"", ""Zürichsee"", ""Thunersee""]","Im Jahr 563 stürzte am Ostende des Genfersees ein Berg ab. Das löste eine Flutwelle aus, die bis nach Genf kam.",Auch ein See kann eine Flutwelle haben.,Tsunami,,ok
geo_welt,1,In welchem Land liegt der Vulkan Popocatépetl?,"[""Mexiko"", ""Peru"", ""Spanien"", ""Kanada""]",Der Popocatépetl liegt in Mexiko. Er ist etwa 70 Kilometer von der Hauptstadt Mexiko-Stadt entfernt.,Der Popocatépetl liegt in Mexiko.,Popocatépetl,,ok
geo_welt,1,Was bedeutet der Name Popocatépetl?,"[""Rauchender Berg"", ""Schlafende Frau"", ""Weisser Riese"", ""Feuriger Vogel""]","Der Name kommt aus der alten Sprache Nahuatl. Er bedeutet «rauchender Berg», weil oft Rauch aus ihm aufsteigt.",Popocatépetl heisst rauchender Berg.,Popocatépetl,,ok
geo_welt,1,Wie nennen die Menschen in Mexiko den Popocatépetl kurz?,"[""El Popo"", ""El Toro"", ""El Sol"", ""El Grande""]",Viele Mexikaner nennen den Vulkan einfach «El Popo». Das ist kürzer als der lange Name.,Der Popocatépetl heisst kurz El Popo.,Popocatépetl,,ok
geo_welt,1,Wie hoch ist der Popocatépetl ungefähr?,"[""Über 5000 Meter"", ""Etwa 1000 Meter"", ""Etwa 2000 Meter"", ""Etwa 500 Meter""]",Der Popocatépetl ist über 5000 Meter hoch. Damit ist er höher als jeder Berg in der Schweiz.,Der Popocatépetl ist höher als alle Schweizer Berge.,Popocatépetl,,ok
geo_welt,1,Welcher Berg in Mexiko ist höher als der Popocatépetl?,"[""Pico de Orizaba"", ""Iztaccíhuatl"", ""Paricutín"", ""Colima""]","Der Pico de Orizaba, auch Citlaltépetl genannt, ist der höchste Berg Mexikos. Der Popocatépetl ist der zweithöchste.",Der Popocatépetl ist Mexikos zweithöchster Berg.,Popocatépetl,,ok
geo_welt,1,"Wie heisst der Nachbarvulkan des Popocatépetl, dessen Name «weisse Frau» bedeutet?","[""Iztaccíhuatl"", ""Paricutín"", ""Chimborazo"", ""Cotopaxi""]","Der Iztaccíhuatl liegt nördlich vom Popocatépetl. Weil er mit Schnee bedeckt ist und wie eine liegende Frau aussieht, heisst er «weisse Frau».",Neben dem Popo liegt die weisse Frau Iztaccíhuatl.,Popocatépetl,,ok
geo_welt,1,Seit welchem Jahr ist der Popocatépetl wieder aktiv?,"[""Seit 1994"", ""Seit 1904"", ""Seit 1854"", ""Seit 2014""]",Im Dezember 1994 brach der Popocatépetl nach fast 50 ruhigen Jahren wieder aus. Seither stösst er immer wieder Asche und Rauch aus.,Seit 1994 ist der Popocatépetl wieder aktiv.,Popocatépetl,,ok
geo_welt,1,Welche Art Vulkan ist der Popocatépetl?,"[""Ein Schichtvulkan"", ""Ein Schildvulkan"", ""Ein Schlammvulkan"", ""Ein Unterwasservulkan""]",Der Popocatépetl ist aus vielen Schichten von Lava und Asche aufgebaut. Darum hat er die typische steile Kegelform.,Der Popocatépetl ist ein steiler Schichtvulkan.,Popocatépetl,,ok
geo_welt,1,Wie lang ist der Nil ungefähr?,"[""Rund 6650 Kilometer"", ""Rund 665 Kilometer"", ""Rund 66 Kilometer"", ""Rund 66 000 Kilometer""]",Der Nil ist rund 6650 Kilometer lang. Das ist mehr als fünfmal so lang wie der Rhein.,Der Nil ist rund 6650 Kilometer lang.,Nil,,ok
geo_welt,1,Auf welchem Kontinent fliesst der Nil?,"[""Afrika"", ""Asien"", ""Europa"", ""Australien""]",Der Nil fliesst im Osten von Afrika von Süden nach Norden.,Der Nil ist ein Fluss in Afrika.,Nil,,ok
geo_welt,1,Wie heisst der grosse Staudamm am Nil in Ägypten?,"[""Assuan-Staudamm"", ""Hoover-Damm"", ""Drei-Schluchten-Damm"", ""Grande-Dixence-Damm""]",Der Assuan-Staudamm staut den Nil zu einem riesigen See. Er schützt vor Hochwasser und erzeugt Strom.,Der Assuan-Staudamm staut den Nil.,Nil,,ok
geo_welt,1,Welches Land ist besonders für den Nil und seine Pyramiden bekannt?,"[""Ägypten"", ""Spanien"", ""Mexiko"", ""Indien""]",Im alten Ägypten lebten die Menschen am Ufer des Nils. In der Nähe stehen auch die berühmten Pyramiden.,Das alte Ägypten lag am Nil.,Nil,,ok
geo_welt,1,"Wie heissen die zwei Quellflüsse, die zusammen den Nil bilden?","[""Weisser und Blauer Nil"", ""Roter und Grüner Nil"", ""Kleiner und Grosser Nil"", ""Oberer und Unterer Nil""]","Der Weisse Nil kommt aus Ostafrika, der Blaue Nil aus Äthiopien. Wo sie sich treffen, beginnt der eigentliche Nil.",Weisser und Blauer Nil werden zusammen zum Nil.,Nil,,ok
geo_welt,1,Welches gefährliche Tier lebt im Nil?,"[""Das Nilkrokodil"", ""Der Eisbär"", ""Der Pinguin"", ""Das Känguru""]",Das Nilkrokodil ist nach dem Fluss benannt. Es ist eines der grössten Krokodile.,Im Nil lebt das Nilkrokodil.,Nil,,ok
geo_welt,1,Was brachte das Hochwasser des Nils früher jedes Jahr auf die Felder?,"[""Fruchtbaren Schlamm"", ""Viel Sand"", ""Salz aus dem Meer"", ""Schnee und Eis""]","Wenn der Nil über die Ufer trat, blieb fruchtbarer Schlamm liegen. Darin wuchs das Getreide besonders gut.",Der Schlamm des Nils machte die Felder fruchtbar.,Nil,,ok
geo_welt,1,Welche grosse Stadt liegt am Nil?,"[""Kairo"", ""Paris"", ""Rom"", ""London""]",Kairo ist die Hauptstadt von Ägypten. Sie liegt direkt am Nil.,Kairo liegt am Nil.,Nil,,ok
geo_welt,1,Wie heisst die grosse Stadt mitten im Amazonas-Regenwald?,"[""Manaus"", ""Kairo"", ""Shanghai"", ""Chicago""]","Manaus liegt in Brasilien am Amazonas, mitten im Regenwald. Viele Waren kommen per Schiff in die Stadt.",Manaus liegt mitten im Amazonas-Regenwald.,Amazonas,,ok
geo_welt,1,Welche grosse Raubkatze jagt am Ufer des Amazonas?,"[""Der Jaguar"", ""Der Löwe"", ""Der Tiger"", ""Der Schneeleopard""]","Der Jaguar ist die grösste Raubkatze Amerikas. Er schwimmt gut und jagt oft am Wasser, sogar Kaimane.",Am Amazonas jagt der Jaguar.,Amazonas,,ok
geo_welt,1,Welche riesige Schlange lebt im Amazonasgebiet?,"[""Die Anakonda"", ""Die Kobra"", ""Die Kreuzotter"", ""Die Ringelnatter""]",Die Grosse Anakonda lebt in den Flüssen und Sümpfen am Amazonas. Sie ist eine der schwersten Schlangen der Welt.,Am Amazonas lebt die Anakonda.,Amazonas,,ok
geo_welt,1,Was für ein Wald wächst rund um den Amazonas?,"[""Regenwald"", ""Nadelwald"", ""Bergwald"", ""Birkenwald""]",Am Amazonas liegt der grösste Regenwald der Erde. Dort leben sehr viele Tier- und Pflanzenarten.,Am Amazonas wächst der grösste Regenwald der Erde.,Amazonas,,ok
geo_welt,1,Welcher Fisch mit scharfen Zähnen lebt im Amazonas?,"[""Der Piranha"", ""Der Lachs"", ""Der Hering"", ""Die Forelle""]",Piranhas leben in den Flüssen Südamerikas. Sie haben sehr scharfe Zähne.,Im Amazonas schwimmen Piranhas.,Amazonas,,ok
geo_welt,1,Welche besondere Farbe hat der Amazonas-Flussdelfin oft?,"[""Rosa"", ""Blau"", ""Gelb"", ""Grün""]",Der Amazonas-Flussdelfin wird auch Rosa Flussdelfin genannt. Besonders ältere Tiere sind oft rosa gefärbt.,Im Amazonas leben rosa Delfine.,Amazonas,,ok
geo_welt,1,In welches Meer fliesst der Amazonas?,"[""In den Atlantik"", ""In den Pazifik"", ""Ins Mittelmeer"", ""In die Nordsee""]",Der Amazonas mündet in Brasilien in den Atlantischen Ozean.,Der Amazonas mündet in den Atlantik.,Amazonas,,ok
geo_welt,1,Wie viele Brücken führen über den Hauptstrom des Amazonas?,"[""Keine"", ""Genau eine"", ""Rund zehn"", ""Über hundert""]",Über den Hauptstrom des Amazonas führt keine einzige Brücke. Die Menschen überqueren ihn mit Booten und Fähren.,"Über den Amazonas fährt man mit dem Boot, nicht über eine Brücke.",Amazonas,,ok
geo_welt,1,In welchem Land fliesst der Mississippi?,"[""In den USA"", ""In Kanada"", ""In Brasilien"", ""In China""]",Der Mississippi fliesst mitten durch die Vereinigten Staaten von Amerika.,Der Mississippi ist ein grosser Fluss in den USA.,Mississippi,,ok
geo_welt,1,In welches Meer fliesst der Mississippi?,"[""In den Golf von Mexiko"", ""Ins Mittelmeer"", ""In die Ostsee"", ""Ins Rote Meer""]",Der Mississippi fliesst von Norden nach Süden. Bei New Orleans mündet er in den Golf von Mexiko.,Der Mississippi mündet in den Golf von Mexiko.,Mississippi,,ok
geo_welt,1,Welche bekannte Stadt liegt nahe der Mündung des Mississippi?,"[""New Orleans"", ""New York"", ""Chicago"", ""Los Angeles""]",New Orleans liegt kurz vor der Mündung des Mississippi. Die Stadt ist für ihre Jazzmusik bekannt.,New Orleans liegt am unteren Mississippi.,Mississippi,,ok
geo_welt,1,Welche Schiffe mit grossen Schaufelrädern fuhren früher auf dem Mississippi?,"[""Raddampfer"", ""Segeljachten"", ""Ruderboote"", ""U-Boote""]",Raddampfer werden von grossen Schaufelrädern angetrieben. Sie brachten früher Menschen und Waren den Fluss hinauf und hinunter.,Auf dem Mississippi fuhren früher Raddampfer.,Mississippi,,ok
geo_welt,1,Welcher Junge aus einem bekannten Buch wohnt am Mississippi?,"[""Tom Sawyer"", ""Heidi"", ""Pinocchio"", ""Peter Pan""]",Mark Twain schrieb «Die Abenteuer des Tom Sawyer». Tom wohnt in einer kleinen Stadt am Mississippi.,Tom Sawyer erlebt seine Abenteuer am Mississippi.,Mississippi,,ok
geo_welt,1,Was bedeutet der Name Mississippi in einer Sprache der Ureinwohner?,"[""Grosser Fluss"", ""Kalter Fluss"", ""Roter Fluss"", ""Stiller Fluss""]",Der Name stammt aus der Sprache der Ojibwe. Er bedeutet ungefähr «grosser Fluss».,Mississippi bedeutet grosser Fluss.,Mississippi,,ok
geo_welt,1,Welcher grosse Fluss mündet in den Mississippi?,"[""Der Missouri"", ""Der Nil"", ""Der Amazonas"", ""Der Ganges""]",Der Missouri ist der längste Nebenfluss des Mississippi. Er fliesst bei St. Louis in den Mississippi.,Der Missouri fliesst in den Mississippi.,Mississippi,,ok
geo_welt,1,In welchem Land fliesst der Jangtse?,"[""In China"", ""In Japan"", ""In Indien"", ""In Russland""]",Der Jangtse fliesst von Westen nach Osten quer durch China bis zum Meer.,Der Jangtse ist ein Fluss in China.,Jangtsekiang,,ok
geo_welt,1,Welcher Fluss ist der längste Fluss in Asien?,"[""Der Jangtse"", ""Der Ganges"", ""Der Mekong"", ""Der Indus""]",Der Jangtse ist rund 6300 Kilometer lang. Damit ist er der längste Fluss Asiens.,Der Jangtse ist der längste Fluss Asiens.,Jangtsekiang,,ok
geo_welt,1,Welche riesige Stadt liegt an der Mündung des Jangtse?,"[""Shanghai"", ""Peking"", ""Tokio"", ""Bangkok""]",Der Jangtse mündet bei Shanghai ins Ostchinesische Meer. Shanghai ist eine der grössten Städte der Welt.,Shanghai liegt an der Mündung des Jangtse.,Jangtsekiang,,ok
geo_welt,1,Wie heisst der riesige Staudamm am Jangtse?,"[""Drei-Schluchten-Damm"", ""Hoover-Damm"", ""Assuan-Damm"", ""Grande-Dixence-Damm""]",Der Drei-Schluchten-Damm staut den Jangtse. Sein Kraftwerk ist eines der grössten der Welt.,Am Jangtse steht der Drei-Schluchten-Damm.,Jangtsekiang,,ok
geo_welt,1,Was erzeugt das Kraftwerk am Drei-Schluchten-Damm?,"[""Strom"", ""Trinkwasser"", ""Salz"", ""Erdöl""]",Das gestaute Wasser treibt grosse Turbinen an. So entsteht sehr viel Strom.,Das Wasser des Jangtse erzeugt Strom.,Jangtsekiang,,ok
geo_welt,1,Wo entspringt der Jangtse?,"[""Im Hochland von Tibet"", ""In der Wüste Gobi"", ""Am Meer bei Shanghai"", ""Auf einer Insel""]",Der Jangtse entspringt hoch oben im Hochland von Tibet. Von dort fliesst er nach Osten.,Der Jangtse entspringt in Tibet.,Jangtsekiang,,ok
geo_welt,1,Welcher Platz hat der Jangtse unter den längsten Flüssen der Welt?,"[""Platz 3"", ""Platz 1"", ""Platz 10"", ""Platz 20""]",Nur der Nil und der Amazonas sind länger als der Jangtse.,Der Jangtse ist der drittlängste Fluss der Welt.,Jangtsekiang,,ok
geo_welt,1,In welchem Land fliesst der grösste Teil des Ganges?,"[""In Indien"", ""In China"", ""In Ägypten"", ""In Brasilien""]",Der Ganges fliesst durch den Norden von Indien. Am Ende erreicht er Bangladesch.,Der Ganges fliesst vor allem durch Indien.,Ganges,,ok
geo_welt,1,Für welche Religion ist der Ganges ein heiliger Fluss?,"[""Hinduismus"", ""Buddhismus"", ""Judentum"", ""Christentum""]","Für Hindus ist der Ganges heilig. Viele baden darin, weil sie glauben, das Wasser reinige die Seele.",Der Ganges ist für Hindus heilig.,Ganges,,ok
geo_welt,1,Aus welchem Gebirge kommt das Wasser des Ganges?,"[""Aus dem Himalaya"", ""Aus den Alpen"", ""Aus den Anden"", ""Aus dem Ural""]",Der Ganges entspringt an einem Gletscher im Himalaya. Das ist das höchste Gebirge der Welt.,Der Ganges kommt aus dem Himalaya.,Ganges,,ok
geo_welt,1,Wie nennen die Menschen in Indien den Ganges?,"[""Ganga"", ""Gango"", ""Gangu"", ""Gangi""]",In Indien heisst der Fluss Ganga. Viele nennen ihn auch «Mutter Ganga».,In Indien heisst der Ganges Ganga.,Ganges,,ok
geo_welt,1,Welche bekannte heilige Stadt liegt am Ganges?,"[""Varanasi"", ""Kairo"", ""Shanghai"", ""Manaus""]",Varanasi ist eine der ältesten Städte Indiens. Dort steigen Menschen über breite Treppen zum Fluss hinunter.,Varanasi ist eine heilige Stadt am Ganges.,Ganges,,ok
geo_welt,1,Welche grosse Raubkatze lebt im Mündungsgebiet des Ganges?,"[""Der Bengalische Tiger"", ""Der Löwe"", ""Der Gepard"", ""Der Jaguar""]","In den Sundarbans, einem Mangrovenwald an der Mündung, leben Bengalische Tiger. Sie können gut schwimmen.",An der Gangesmündung leben Tiger.,Ganges,,ok
geo_welt,1,In welche Meeresbucht fliesst der Ganges?,"[""In den Golf von Bengalen"", ""In den Golf von Mexiko"", ""In die Adria"", ""In die Ostsee""]",Zusammen mit dem Brahmaputra mündet der Ganges in Bangladesch in den Golf von Bengalen.,Der Ganges mündet in den Golf von Bengalen.,Ganges,,ok
geo_welt,1,Auf welchem Kontinent fliesst der Mekong?,"[""Asien"", ""Afrika"", ""Europa"", ""Südamerika""]",Der Mekong fliesst durch Südostasien.,Der Mekong ist ein Fluss in Asien.,Mekong,,ok
geo_welt,1,Durch wie viele Länder fliesst der Mekong?,"[""Sechs"", ""Zwei"", ""Elf"", ""Eines""]","Der Mekong fliesst durch China, Myanmar, Laos, Thailand, Kambodscha und Vietnam.",Der Mekong fliesst durch sechs Länder.,Mekong,,ok
geo_welt,1,In welchem Land mündet der Mekong ins Meer?,"[""Vietnam"", ""China"", ""Japan"", ""Indien""]",Im Süden von Vietnam teilt sich der Mekong in viele Arme. Dieses Gebiet heisst Mekongdelta.,Der Mekong mündet in Vietnam.,Mekong,,ok
geo_welt,1,Was verkaufen Händler auf den schwimmenden Märkten am Mekong?,"[""Obst und Gemüse"", ""Autos"", ""Skier"", ""Möbel""]",Im Mekongdelta verkaufen Händler Obst und Gemüse direkt von ihren Booten aus.,Am Mekong gibt es schwimmende Märkte.,Mekong,,ok
geo_welt,1,Welche Pflanze wird im Mekongdelta besonders viel angebaut?,"[""Reis"", ""Kartoffeln"", ""Äpfel"", ""Weizen""]",Im feuchten und warmen Mekongdelta wächst sehr viel Reis. Man nennt es auch die Reiskammer Vietnams.,Im Mekongdelta wächst viel Reis.,Mekong,,ok
geo_welt,1,Welcher riesige Fisch lebt im Mekong?,"[""Der Mekong-Riesenwels"", ""Der Weisse Hai"", ""Der Blauwal"", ""Der Thunfisch""]",Der Mekong-Riesenwels kann rund 3 Meter lang werden. Er gehört zu den grössten Süsswasserfischen.,Im Mekong lebt der riesige Mekong-Riesenwels.,Mekong,,ok
geo_welt,1,Wo entspringt der Mekong?,"[""Im Hochland von Tibet"", ""In den Alpen"", ""In der Sahara"", ""Am Amazonas""]",Der Mekong beginnt hoch oben in Tibet in China. Danach fliesst er nach Süden.,Der Mekong entspringt in Tibet.,Mekong,,ok
geo_welt,1,Welche Menschenaffen leben nur südlich des Flusses Kongo?,"[""Bonobos"", ""Orang-Utans"", ""Gibbons"", ""Schimpansen""]","Bonobos leben nur im Regenwald südlich des Kongo. Sie können nicht schwimmen, darum ist der breite Fluss für sie eine Grenze.",Bonobos leben nur südlich des Kongo.,Kongo (Fluss),,ok
geo_welt,1,Was ist am Kongo ein Weltrekord?,"[""Er ist der tiefste Fluss"", ""Er ist der kälteste Fluss"", ""Er ist der kürzeste Fluss"", ""Er ist der salzigste Fluss""]",An manchen Stellen ist der Kongo über 200 Meter tief. Kein anderer Fluss ist so tief.,Der Kongo ist der tiefste Fluss der Welt.,Kongo (Fluss),,ok
geo_welt,1,Wie oft überquert der Kongo den Äquator?,"[""Zweimal"", ""Nie"", ""Einmal"", ""Zehnmal""]",Der Kongo fliesst in einem grossen Bogen. Dabei kreuzt er den Äquator zweimal.,Der Kongo überquert den Äquator zweimal.,Kongo (Fluss),,ok
geo_welt,1,Welcher Fluss ist der wasserreichste Fluss Afrikas?,"[""Der Kongo"", ""Der Nil"", ""Der Sambesi"", ""Der Niger""]","Der Kongo fliesst durch ein sehr regenreiches Gebiet. Er führt mehr Wasser als jeder andere Fluss in Afrika, auch mehr als der Nil.",Der Kongo ist der wasserreichste Fluss Afrikas.,Kongo (Fluss),,ok
geo_welt,1,Welche zwei Hauptstädte liegen sich am Kongo gegenüber?,"[""Kinshasa und Brazzaville"", ""Kairo und Rom"", ""Paris und Bern"", ""Peking und Tokio""]",Kinshasa und Brazzaville liegen sich am Kongo gegenüber. Nur der Fluss trennt die beiden Hauptstädte.,Am Kongo liegen sich zwei Hauptstädte gegenüber.,Kongo (Fluss),,ok
geo_welt,1,Was wurde nach dem Fluss Kongo benannt?,"[""Zwei Länder"", ""Ein Planet"", ""Ein Gebirge in Europa"", ""Eine Insel im Pazifik""]",Die Demokratische Republik Kongo und die Republik Kongo tragen den Namen des Flusses.,Zwei Länder heissen wie der Fluss Kongo.,Kongo (Fluss),,ok
geo_welt,1,In welches Meer fliesst der Kongo?,"[""In den Atlantik"", ""In den Indischen Ozean"", ""Ins Mittelmeer"", ""Ins Rote Meer""]",Der Kongo mündet an der Westküste Afrikas in den Atlantischen Ozean.,Der Kongo mündet in den Atlantik.,Kongo (Fluss),,ok
geo_welt,1,"Wie nennt man den Ort, an dem ein Fluss beginnt?","[""Quelle"", ""Mündung"", ""Ufer"", ""Brücke""]",An der Quelle kommt das Wasser aus dem Boden oder aus einem Gletscher. Dort beginnt der Fluss.,Ein Fluss beginnt an seiner Quelle.,Quelle,,ok
geo_welt,1,In welchem Land liegt die Quelle des Rheins?,"[""In der Schweiz"", ""In Holland"", ""In Frankreich"", ""In Italien""]",Der Rhein entspringt im Kanton Graubünden. Danach fliesst er bis in die Nordsee.,Der Rhein entspringt in der Schweiz.,Quelle,,ok
geo_welt,1,Wo entspringt die Rhone?,"[""Am Rhonegletscher"", ""Am Genfersee"", ""Im Mittelmeer"", ""Im Jura""]",Die Rhone kommt aus dem Rhonegletscher im Wallis. Der Gletscher liegt beim Furkapass.,Die Rhone entspringt am Rhonegletscher.,Quelle,,ok
geo_welt,1,Wohin fliesst das Wasser eines Flusses immer?,"[""Bergab"", ""Bergauf"", ""Im Kreis"", ""Nach Norden""]",Wasser fliesst immer von oben nach unten. Darum liegt die Quelle höher als die Mündung.,Ein Fluss fliesst immer bergab.,Quelle,,ok
geo_welt,1,Was ist ein Nebenfluss?,"[""Ein Fluss, der in einen anderen fliesst"", ""Ein Fluss ohne Wasser"", ""Ein Fluss unter der Erde"", ""Ein Fluss aus Salzwasser""]",Ein Nebenfluss fliesst in einen grösseren Fluss hinein. Die Aare ist zum Beispiel ein Nebenfluss des Rheins.,Ein Nebenfluss fliesst in einen grösseren Fluss.,Quelle,,ok
geo_welt,1,Wo ist das Wasser eines Flusses meistens am kältesten?,"[""Nahe der Quelle"", ""An der Mündung"", ""Im Meer"", ""In der Stadt""]",Nahe der Quelle kommt das Wasser oft aus einem Gletscher oder aus dem Boden. Dort ist es noch ganz kalt.,An der Quelle ist das Flusswasser meist sehr kalt.,Quelle,,ok
geo_welt,1,"Wie nennt man ein kleines fliessendes Gewässer, das oft aus einer Quelle kommt?","[""Bach"", ""Meer"", ""See"", ""Teich""]",Aus vielen Quellen fliesst zuerst ein kleiner Bach. Mehrere Bäche zusammen werden später zu einem Fluss.,Aus einer Quelle fliesst oft zuerst ein Bach.,Quelle,,ok
geo_welt,1,"Wie nennt man den Ort, an dem ein Fluss endet?","[""Mündung"", ""Quelle"", ""Insel"", ""Schlucht""]","An der Mündung fliesst ein Fluss in ein Meer, einen See oder einen anderen Fluss.",Ein Fluss endet an seiner Mündung.,Mündung,,ok
geo_welt,1,"In welchen See mündet der Rhein, bevor er Schaffhausen erreicht?","[""In den Bodensee"", ""In den Genfersee"", ""In den Zürichsee"", ""In den Lago Maggiore""]",Der Alpenrhein mündet am Ostende in den Bodensee. Danach fliesst er weiter nach Schaffhausen.,Der Rhein fliesst durch den Bodensee.,Mündung,,ok
geo_welt,1,"Wie heisst eine Mündung, bei der sich ein Fluss in viele Arme teilt?","[""Delta"", ""Quelle"", ""Kanal"", ""Fjord""]",Bei einem Delta teilt sich der Fluss vor dem Meer in viele kleine Arme.,Ein Delta ist eine Mündung mit vielen Armen.,Mündung,,ok
geo_welt,1,Nach welchem Buchstaben ist das Delta benannt?,"[""Nach einem griechischen Buchstaben"", ""Nach einem deutschen Buchstaben"", ""Nach einer Zahl"", ""Nach einem Fluss""]",Delta ist ein Buchstabe aus dem griechischen Alphabet. Viele Flussmündungen sehen ähnlich aus wie dieser Buchstabe.,Das Delta ist nach einem griechischen Buchstaben benannt.,Mündung,,ok
geo_welt,1,In welchen See mündet die Rhone nach dem Wallis?,"[""In den Genfersee"", ""In den Bodensee"", ""In den Thunersee"", ""In den Vierwaldstättersee""]",Die Rhone fliesst durch das ganze Wallis. Bei Le Bouveret mündet sie in den Genfersee.,Die Rhone mündet in den Genfersee.,Mündung,,ok
geo_welt,1,In welchen italienischen Fluss mündet der Ticino?,"[""In den Po"", ""In den Tiber"", ""In den Arno"", ""In die Etsch""]",Der Ticino fliesst durch den Lago Maggiore nach Italien. Bei Pavia mündet er in den Po.,Der Ticino mündet in den Po.,Mündung,,ok
geo_welt,1,Wie schmeckt das Wasser an der Mündung ins Meer oft?,"[""Leicht salzig"", ""Sehr süss"", ""Sauer wie Zitrone"", ""Wie Schokolade""]",An der Mündung mischt sich das Süsswasser des Flusses mit dem Salzwasser des Meeres.,An der Mündung mischt sich Flusswasser mit Meerwasser.,Mündung,,ok
geo_welt,1,Zwischen welchen zwei Ländern liegen die Niagarafälle?,"[""USA und Kanada"", ""USA und Mexiko"", ""Brasilien und Argentinien"", ""Sambia und Simbabwe""]",Die Niagarafälle liegen genau an der Grenze zwischen den USA und Kanada.,Die Niagarafälle liegen zwischen den USA und Kanada.,Niagarafälle,,ok
geo_welt,1,Auf welchem Kontinent liegen die Niagarafälle?,"[""Nordamerika"", ""Südamerika"", ""Afrika"", ""Asien""]","Die USA und Kanada liegen in Nordamerika, und dort befinden sich auch die Niagarafälle.",Die Niagarafälle liegen in Nordamerika.,Niagarafälle,,ok
geo_welt,1,Wie heisst der grösste der Niagarafälle wegen seiner Form?,"[""Hufeisenfall"", ""Herzfall"", ""Sternfall"", ""Kreisfall""]",Der grösste Fall ist gebogen wie ein Hufeisen. Darum heisst er Hufeisenfall.,Der grösste Niagarafall heisst Hufeisenfall.,Niagarafälle,,ok
geo_welt,1,Zwischen welchen zwei Seen fliesst der Niagara?,"[""Eriesee und Ontariosee"", ""Genfersee und Bodensee"", ""Victoriasee und Tanganjikasee"", ""Zürichsee und Walensee""]",Der Niagara verbindet den Eriesee mit dem Ontariosee. Unterwegs stürzt er über die Niagarafälle.,Der Niagara fliesst vom Eriesee in den Ontariosee.,Niagarafälle,,ok
geo_welt,1,Wie viele Wasserfälle bilden zusammen die Niagarafälle?,"[""Drei"", ""Einer"", ""Zwanzig"", ""Hundert""]","Die Niagarafälle bestehen aus dem Hufeisenfall, dem Amerikanischen Fall und dem Brautschleierfall.",Die Niagarafälle bestehen aus drei Fällen.,Niagarafälle,,ok
geo_welt,1,Wie kommen Touristen ganz nahe an die Niagarafälle heran?,"[""Mit einem Boot"", ""Mit dem Velo"", ""Mit dem Skilift"", ""Mit einem U-Boot""]","Ausflugsboote fahren bis kurz vor die tosenden Fälle. Die Gäste bekommen Regenmäntel, weil sie nass werden.",Mit dem Boot fährt man nahe an die Niagarafälle.,Niagarafälle,,ok
geo_welt,1,Wie hoch ist der Hufeisenfall an den Niagarafällen ungefähr?,"[""Rund 50 Meter"", ""Rund 5 Meter"", ""Rund 500 Meter"", ""Rund 1000 Meter""]","Der Hufeisenfall ist etwa 50 Meter hoch. Er ist nicht sehr hoch, aber sehr breit und wasserreich.",Der Hufeisenfall ist rund 50 Meter hoch.,Niagarafälle,,ok
geo_welt,1,Auf welchem Kontinent liegen die Victoriafälle?,"[""Afrika"", ""Asien"", ""Europa"", ""Südamerika""]",Die Victoriafälle liegen im südlichen Afrika.,Die Victoriafälle liegen in Afrika.,Victoriafälle,,ok
geo_welt,1,Welcher Fluss stürzt bei den Victoriafällen in die Tiefe?,"[""Der Sambesi"", ""Der Nil"", ""Der Kongo"", ""Der Amazonas""]",Der Sambesi fliesst durch das südliche Afrika. Bei den Victoriafällen fällt er über eine breite Felskante.,Der Sambesi bildet die Victoriafälle.,Victoriafälle,,ok
geo_welt,1,An der Grenze welcher zwei Länder liegen die Victoriafälle?,"[""Sambia und Simbabwe"", ""Ägypten und Sudan"", ""Kenia und Uganda"", ""Marokko und Algerien""]",Die Victoriafälle liegen genau auf der Grenze zwischen Sambia und Simbabwe.,Die Victoriafälle liegen zwischen Sambia und Simbabwe.,Victoriafälle,,ok
geo_welt,1,Nach wem sind die Victoriafälle benannt?,"[""Nach einer Königin"", ""Nach einem Fluss"", ""Nach einem Tier"", ""Nach einem Berg""]",Der Forscher David Livingstone benannte die Fälle nach der britischen Königin Victoria.,Die Victoriafälle tragen den Namen von Königin Victoria.,Victoriafälle,,ok
geo_welt,1,Was bedeutet der afrikanische Name der Victoriafälle?,"[""Rauch, der donnert"", ""Stilles Wasser"", ""Weisser Berg"", ""Grüner Wald""]","Die Einheimischen nennen die Fälle Mosi-oa-Tunya. Das heisst «der Rauch, der donnert», weil Gischt aufsteigt und es laut tost.","Die Victoriafälle heissen auf Afrikanisch «Rauch, der donnert».",Victoriafälle,,ok
geo_welt,1,Wie breit sind die Victoriafälle ungefähr?,"[""Rund 1700 Meter"", ""Rund 17 Meter"", ""Rund 170 Meter"", ""Rund 17 Kilometer""]","Die Victoriafälle sind etwa 1,7 Kilometer breit. Das Wasser fällt auf dieser ganzen Breite in eine Schlucht.",Die Victoriafälle sind fast zwei Kilometer breit.,Victoriafälle,,ok
geo_welt,1,Was sieht man bei Sonnenschein oft im Wasserdampf der Victoriafälle?,"[""Einen Regenbogen"", ""Einen Schneemann"", ""Ein Nordlicht"", ""Eine Sonnenfinsternis""]",Die feinen Tröpfchen der Gischt brechen das Sonnenlicht. So entsteht oft ein Regenbogen.,Über den Victoriafällen leuchtet oft ein Regenbogen.,Victoriafälle,,ok
geo_welt,1,Wie hoch stürzt das Wasser bei den Victoriafällen ungefähr hinunter?,"[""Rund 100 Meter"", ""Rund 10 Meter"", ""Rund 1000 Meter"", ""Rund 3 Meter""]",Das Wasser fällt etwa 108 Meter tief in eine enge Schlucht.,Bei den Victoriafällen fällt das Wasser rund 100 Meter tief.,Victoriafälle,,ok
geo_welt,1,Auf welchem Kontinent liegen die Iguazú-Wasserfälle?,"[""Südamerika"", ""Afrika"", ""Nordamerika"", ""Europa""]",Die Iguazú-Wasserfälle liegen im Regenwald von Südamerika.,Die Iguazú-Wasserfälle liegen in Südamerika.,Iguazú-Wasserfälle,,ok
geo_welt,1,Zwischen welchen zwei Ländern liegen die Iguazú-Wasserfälle?,"[""Argentinien und Brasilien"", ""Peru und Chile"", ""USA und Kanada"", ""Spanien und Portugal""]",Der Fluss Iguazú bildet hier die Grenze zwischen Argentinien und Brasilien.,Die Iguazú-Wasserfälle liegen zwischen Argentinien und Brasilien.,Iguazú-Wasserfälle,,ok
geo_welt,1,Aus wie vielen einzelnen Fällen bestehen die Iguazú-Wasserfälle ungefähr?,"[""Rund 275"", ""Rund 3"", ""Rund 20"", ""Rund 5000""]",Die Iguazú-Wasserfälle bestehen aus etwa 275 einzelnen Wasserfällen. Zusammen sind sie fast 3 Kilometer breit.,Iguazú besteht aus rund 275 Wasserfällen.,Iguazú-Wasserfälle,,ok
geo_welt,1,Wie heisst der grösste Teil der Iguazú-Wasserfälle?,"[""Teufelsschlund"", ""Engelsflügel"", ""Drachenzahn"", ""Riesenbecher""]",Der Teufelsschlund ist eine u-förmige Schlucht. Dort stürzt am meisten Wasser hinunter.,Der grösste Fall von Iguazú heisst Teufelsschlund.,Iguazú-Wasserfälle,,ok
geo_welt,1,Was bedeutet das Wort Iguazú?,"[""Grosses Wasser"", ""Kleiner Stein"", ""Heller Himmel"", ""Tiefer Wald""]",Das Wort stammt aus der Sprache der Guaraní. Es bedeutet «grosses Wasser».,Iguazú bedeutet grosses Wasser.,Iguazú-Wasserfälle,,ok
geo_welt,1,Welches Tier mit langer Nase sieht man oft bei den Iguazú-Wasserfällen?,"[""Den Nasenbären"", ""Den Elefanten"", ""Den Ameisenigel"", ""Das Nashorn""]",Nasenbären leben im Regenwald rund um die Fälle. Sie kommen oft nahe zu den Besuchern.,Bei Iguazú leben viele Nasenbären.,Iguazú-Wasserfälle,,ok
geo_welt,1,Was für ein Wald umgibt die Iguazú-Wasserfälle?,"[""Regenwald"", ""Nadelwald"", ""Mischwald"", ""Bambuswald""]",Rund um die Wasserfälle wächst dichter Regenwald. Beide Länder haben dort einen Nationalpark.,Die Iguazú-Wasserfälle liegen im Regenwald.,Iguazú-Wasserfälle,,ok
geo_welt,1,Welcher Wasserfall gilt als höchster der Welt?,"[""Salto Ángel"", ""Rheinfall"", ""Niagarafälle"", ""Victoriafälle""]",Der Salto Ángel stürzt fast einen Kilometer in die Tiefe. Er gilt als höchster Wasserfall der Erde.,Der Salto Ángel gilt als höchster Wasserfall der Welt.,Salto Ángel,,ok
geo_welt,1,Wie kommen Besucher meistens zum Salto Ángel?,"[""Mit Boot und zu Fuss"", ""Mit dem Auto"", ""Mit dem Zug"", ""Mit dem Postauto""]",Zum Salto Ángel führt keine Strasse. Man fährt mit dem Boot auf Flüssen und wandert dann durch den Wald.,Zum Salto Ángel kommt man mit dem Boot und zu Fuss.,Salto Ángel,,ok
geo_welt,1,Wann stürzt beim Salto Ángel am meisten Wasser hinunter?,"[""In der Regenzeit"", ""In der Trockenzeit"", ""Immer gleich viel"", ""Nur in der Nacht""]",In der Regenzeit regnet es oben auf dem Berg sehr viel. Dann fällt besonders viel Wasser in die Tiefe.,In der Regenzeit führt der Salto Ángel am meisten Wasser.,Salto Ángel,,ok
geo_welt,1,Nach wem ist der Salto Ángel benannt?,"[""Nach einem Piloten"", ""Nach einem König"", ""Nach einem Engel"", ""Nach einem Tier""]",Der Wasserfall heisst nach dem Piloten Jimmie Angel. Er flog in den 1930er-Jahren über den Wasserfall und machte ihn bekannt.,Der Salto Ángel ist nach dem Piloten Jimmie Angel benannt.,Salto Ángel,,ok
geo_welt,1,Von was für einem Berg stürzt der Salto Ángel hinunter?,"[""Von einem Tafelberg"", ""Von einem Vulkan"", ""Von einem Gletscher"", ""Von einer Sanddüne""]",Der Wasserfall stürzt vom Auyan-Tepui hinunter. Das ist ein Tafelberg mit flachem Gipfel und steilen Wänden.,Der Salto Ángel fällt von einem Tafelberg.,Salto Ángel,,ok
geo_welt,1,Was passiert mit viel Wasser des Salto Ángel auf dem langen Weg nach unten?,"[""Es wird zu feinem Nebel"", ""Es wird zu Eis"", ""Es wird zu Sand"", ""Es wird warm wie Tee""]","Das Wasser fällt so tief, dass sich ein grosser Teil in feine Tröpfchen auflöst. Unten kommt es wie Nebel an.",Beim Salto Ángel wird das Wasser zu Nebel.,Salto Ángel,,ok
geo_welt,1,Wie viel höher als der Staubbachfall in Lauterbrunnen ist der Salto Ángel ungefähr?,"[""Rund dreimal so hoch"", ""Gleich hoch"", ""Halb so hoch"", ""Rund hundertmal so hoch""]","Der Staubbachfall ist knapp 300 Meter hoch, der Salto Ángel 979 Meter. Das ist etwa dreimal so hoch.",Der Salto Ángel ist rund dreimal so hoch wie der Staubbachfall.,Salto Ángel,,ok
geo_welt,1,Welche Form hat das Mündungsgebiet des Nils?,"[""Ein Dreieck"", ""Ein Kreis"", ""Ein Viereck"", ""Ein Stern""]",Vor dem Meer teilt sich der Nil in mehrere Arme. Das Nildelta sieht von oben aus wie ein grosses Dreieck.,Das Nildelta hat die Form eines Dreiecks.,Nil,,ok
geo_welt,1,In welchem Gebirge entspringt der Amazonas?,"[""In den Anden"", ""In den Alpen"", ""Im Himalaya"", ""In den Rocky Mountains""]",Die Quellen des Amazonas liegen hoch oben in den Anden in Peru.,Der Amazonas entspringt in den Anden.,Amazonas,,ok
geo_welt,1,Wie heissen die breiten Wasserfälle des Mekong in Laos?,"[""Khone-Fälle"", ""Rheinfall"", ""Iguazú-Fälle"", ""Victoriafälle""]",Bei den Khone-Fällen stürzt der Mekong über viele Stufen. Sie gehören zu den breitesten Wasserfällen der Welt.,Der Mekong bildet in Laos die Khone-Fälle.,Mekong,,ok
geo_welt,1,Durch welche Landschaft fliesst der Kongo zum grossen Teil?,"[""Durch Regenwald"", ""Durch Wüste"", ""Durch Eis und Schnee"", ""Durch Steppe mit Kakteen""]",Der Kongo fliesst durch den zweitgrössten Regenwald der Erde. Dort regnet es sehr viel.,Der Kongo fliesst durch dichten Regenwald.,Kongo (Fluss),,ok
geo_welt,1,Was ist besonders am Delta von Ganges und Brahmaputra?,"[""Es ist das grösste der Welt"", ""Es ist ganz aus Eis"", ""Es liegt in der Wüste"", ""Es ist das kleinste der Welt""]",Ganges und Brahmaputra bilden zusammen das grösste Flussdelta der Erde. Es liegt vor allem in Bangladesch.,Ganges und Brahmaputra bilden das grösste Delta der Welt.,Ganges,,ok
geo_welt,1,Was passiert an den Niagarafällen am Abend?,"[""Sie werden bunt beleuchtet"", ""Das Wasser wird abgestellt"", ""Sie frieren jede Nacht zu"", ""Sie fliessen rückwärts""]",Am Abend strahlen grosse Scheinwerfer die Fälle in vielen Farben an. Das lockt viele Besucher an.,Die Niagarafälle leuchten am Abend in bunten Farben.,Niagarafälle,,ok
geo_welt,1,Welcher ist der grösste See der Welt?,"[""Kaspisches Meer"", ""Baikalsee"", ""Victoriasee"", ""Genfersee""]",Das Kaspische Meer hat mehr Fläche als jeder andere See der Erde. Es ist viel grösser als die ganze Schweiz.,Der grösste See der Welt ist das Kaspische Meer.,Kaspisches Meer,,ok
geo_welt,1,Warum zählt das Kaspische Meer zu den Seen und nicht zu den Meeren?,"[""Es ist ganz von Land umgeben."", ""Es ist nur wenige Meter tief."", ""Es liegt mitten in den Alpen."", ""Es ist das ganze Jahr gefroren.""]","Ein Meer ist mit dem Ozean verbunden. Das Kaspische Meer hat keine Verbindung zum Ozean, es ist rundherum von Land umgeben.","Das Kaspische Meer ist ein See, weil es rundum von Land umgeben ist.",Kaspisches Meer,,ok
geo_welt,1,Wie schmeckt das Wasser im Kaspischen Meer?,"[""Leicht salzig"", ""Ganz ohne Salz"", ""Sehr süss"", ""Sauer""]",Das Wasser im Kaspischen Meer enthält Salz. Es ist aber viel weniger salzig als das Wasser im Ozean.,Das Kaspische Meer hat leicht salziges Wasser.,Kaspisches Meer,,ok
geo_welt,1,Wie viele Länder liegen am Ufer des Kaspischen Meeres?,"[""5"", ""2"", ""3"", ""8""]","Fünf Länder grenzen an das Kaspische Meer, darunter Russland und Kasachstan.",Fünf Länder teilen sich das Ufer des Kaspischen Meeres.,Kaspisches Meer,,ok
geo_welt,1,Welches Land liegt am Kaspischen Meer?,"[""Iran"", ""Spanien"", ""Ägypten"", ""Indien""]","Der Iran liegt am Südufer des Kaspischen Meeres. Spanien, Ägypten und Indien liegen weit davon entfernt.",Der Iran grenzt im Süden an das Kaspische Meer.,Kaspisches Meer,,ok
geo_welt,1,Zwischen welchen zwei Erdteilen liegt das Kaspische Meer?,"[""Europa und Asien"", ""Afrika und Amerika"", ""Asien und Australien"", ""Europa und Afrika""]","Das Kaspische Meer liegt an der Grenze zwischen Europa und Asien. Ein Teil seiner Ufer gehört zu Europa, ein anderer zu Asien.",Das Kaspische Meer liegt zwischen Europa und Asien.,Kaspisches Meer,,ok
geo_welt,1,Welcher lange Fluss fliesst in das Kaspische Meer?,"[""Wolga"", ""Rhein"", ""Nil"", ""Amazonas""]",Die Wolga ist der längste Fluss Europas. Sie fliesst durch Russland und mündet in das Kaspische Meer.,Die Wolga mündet in das Kaspische Meer.,Kaspisches Meer,,ok
geo_welt,1,Welches Tier mit Flossen lebt im Kaspischen Meer?,"[""Eine Robbe"", ""Ein Wal"", ""Ein Delfin"", ""Ein Walross""]",Im Kaspischen Meer lebt die Kaspische Robbe. Sie kommt nirgendwo sonst auf der Welt vor.,Die Kaspische Robbe lebt nur im Kaspischen Meer.,Kaspisches Meer,,ok
geo_welt,1,Aus den Eiern welches Fisches aus dem Kaspischen Meer macht man echten Kaviar?,"[""Stör"", ""Forelle"", ""Hecht"", ""Barsch""]",Echter Kaviar besteht aus den Eiern des Störs. Im Kaspischen Meer leben mehrere Arten dieses grossen Fisches.,Echter Kaviar kommt vom Stör.,Kaspisches Meer,,ok
geo_welt,1,In welchem Land liegt der Baikalsee?,"[""Russland"", ""China"", ""Kanada"", ""Norwegen""]",Der Baikalsee liegt im Osten von Russland. Er ist einer der bekanntesten Seen des Landes.,Der Baikalsee liegt in Russland.,Baikalsee,,ok
geo_welt,1,Welche Form hat der Baikalsee?,"[""Lang und schmal wie eine Sichel"", ""Rund wie ein Kreis"", ""Viereckig wie ein Quadrat"", ""Mit Zacken wie ein Stern""]","Der Baikalsee ist über 600 Kilometer lang, aber nur bis etwa 80 Kilometer breit. Auf der Karte sieht er aus wie eine schmale Sichel.",Der Baikalsee ist lang und schmal wie eine Sichel.,Baikalsee,,ok
geo_welt,1,Wie tief ist der Baikalsee an seiner tiefsten Stelle ungefähr?,"[""Über 1600 Meter"", ""Etwa 50 Meter"", ""Etwa 300 Meter"", ""Über 10 000 Meter""]",Der Baikalsee ist an der tiefsten Stelle etwa 1640 Meter tief. Das ist ungefähr so hoch wie ein mittlerer Berg in der Schweiz.,Der Baikalsee ist über 1600 Meter tief.,Baikalsee,,ok
geo_welt,1,In welcher kalten Gegend liegt der Baikalsee?,"[""Sibirien"", ""Sahara"", ""Amazonien"", ""Patagonien""]","Sibirien ist ein riesiges, kaltes Gebiet in Russland. Dort liegt der Baikalsee.",Der Baikalsee liegt in Sibirien.,Baikalsee,,ok
geo_welt,1,Was passiert im Winter mit dem Baikalsee?,"[""Er friert zu."", ""Er trocknet aus."", ""Er wird warm."", ""Er wird salzig.""]","Im Winter ist es dort sehr kalt. Der Baikalsee bekommt dann eine dicke Eisschicht, auf der man gehen kann.",Der Baikalsee friert im Winter zu.,Baikalsee,,ok
geo_welt,1,Welches besondere Tier lebt im Süsswasser des Baikalsees?,"[""Eine Robbe"", ""Ein Hai"", ""Ein Krokodil"", ""Ein Delfin""]","Im Baikalsee lebt die Baikalrobbe. Sie ist die einzige Robbenart, die nur im Süsswasser lebt.",Die Baikalrobbe lebt im Süsswasser des Baikalsees.,Baikalsee,,ok
geo_welt,1,Wofür ist das Wasser des Baikalsees bekannt?,"[""Es ist sehr klar."", ""Es ist rot gefärbt."", ""Es ist kochend heiss."", ""Es ist dick wie Honig.""]",Das Wasser des Baikalsees ist besonders sauber und klar. Unter Wasser kann man bis zu 40 Meter weit sehen.,Der Baikalsee hat sehr klares Wasser.,Baikalsee,,ok
geo_welt,1,Wie alt ist der Baikalsee ungefähr?,"[""Rund 25 Millionen Jahre"", ""Rund 100 Jahre"", ""Rund 1000 Jahre"", ""Rund 5000 Jahre""]",Der Baikalsee ist rund 25 Millionen Jahre alt. Er gilt als der älteste See der Welt.,Der Baikalsee ist der älteste See der Welt.,Baikalsee,,ok
geo_welt,1,Wie viele Flüsse fliessen aus dem Baikalsee hinaus?,"[""Nur einer"", ""Keiner"", ""Zehn"", ""Hundert""]","Über 300 Flüsse fliessen in den Baikalsee hinein. Hinaus fliesst nur ein einziger Fluss, die Angara.",Aus dem Baikalsee fliesst nur die Angara hinaus.,Baikalsee,,ok
geo_welt,1,Welcher See ist der grösste See Afrikas?,"[""Victoriasee"", ""Tschadsee"", ""Genfersee"", ""Titicacasee""]",Der Victoriasee hat die grösste Fläche aller Seen in Afrika. Er ist etwa so gross wie Irland.,Der Victoriasee ist der grösste See Afrikas.,Victoriasee,,ok
geo_welt,1,Nach wem ist der Victoriasee benannt?,"[""Nach einer Königin"", ""Nach einem Fisch"", ""Nach einem Berg"", ""Nach einem Schiff""]",Ein englischer Entdecker benannte den See nach Königin Victoria. Sie war damals Königin von Grossbritannien.,Der Victoriasee trägt den Namen einer Königin.,Victoriasee,,ok
geo_welt,1,Welcher berühmte Fluss beginnt am Victoriasee?,"[""Nil"", ""Rhein"", ""Donau"", ""Amazonas""]",Am Nordufer des Victoriasees fliesst der Weisse Nil aus dem See. Der Nil ist einer der längsten Flüsse der Welt.,Der Nil beginnt am Victoriasee.,Victoriasee,,ok
geo_welt,1,Wie viele Länder teilen sich den Victoriasee?,"[""3"", ""1"", ""6"", ""10""]",Drei ostafrikanische Länder teilen sich den Victoriasee. Den grössten Teil hat Tansania.,Drei Länder teilen sich den Victoriasee.,Victoriasee,,ok
geo_welt,1,Welches Land liegt am Victoriasee?,"[""Kenia"", ""Marokko"", ""Ägypten"", ""Südafrika""]","Kenia liegt in Ostafrika und hat einen kleinen Teil des Victoriasees. Marokko, Ägypten und Südafrika liegen weit weg davon.",Kenia liegt am Victoriasee.,Victoriasee,,ok
geo_welt,1,Der wievielt grösste Süsswassersee der Welt ist der Victoriasee nach seiner Fläche?,"[""Der zweitgrösste"", ""Der grösste"", ""Der zehntgrösste"", ""Der fünfzigstgrösste""]",Nur ein See in Nordamerika hat als Süsswassersee eine noch grössere Fläche. Darum steht der Victoriasee auf Platz zwei.,Der Victoriasee ist der zweitgrösste Süsswassersee der Welt.,Victoriasee,,ok
geo_welt,1,Wovon leben viele Menschen am Victoriasee?,"[""Vom Fischfang"", ""Vom Skifahren"", ""Vom Walfang"", ""Vom Schafehüten im Schnee""]",Im Victoriasee gibt es sehr viele Fische. Viele Familien am Ufer fangen Fische und verkaufen sie.,Am Victoriasee leben viele Menschen vom Fischfang.,Victoriasee,,ok
geo_welt,1,Welches grosse Säugetier lebt am Ufer des Victoriasees?,"[""Flusspferd"", ""Eisbär"", ""Elch"", ""Pinguin""]",Flusspferde leben in Afrika in Seen und Flüssen. Am Victoriasee verbringen sie den Tag oft im Wasser.,Flusspferde leben am Victoriasee.,Victoriasee,,ok
geo_welt,1,Welches grosse Reptil lebt im Victoriasee?,"[""Nilkrokodil"", ""Komodowaran"", ""Alligator"", ""Leguan""]",Das Nilkrokodil lebt in vielen Gewässern Afrikas. Auch im Victoriasee kommt es vor.,Im Victoriasee lebt das Nilkrokodil.,Victoriasee,,ok
geo_welt,1,Welcher See ist der grösste Süsswassersee Südamerikas?,"[""Titicacasee"", ""Victoriasee"", ""Baikalsee"", ""Lago Maggiore""]",Der Titicacasee ist der grösste Süsswassersee in Südamerika. Victoriasee und Baikalsee liegen auf anderen Erdteilen.,Der Titicacasee ist der grösste Süsswassersee Südamerikas.,Titicacasee,,ok
geo_welt,1,Welches alte Volk verehrte den Titicacasee als heiligen Ort?,"[""Die Inka"", ""Die Römer"", ""Die Wikinger"", ""Die Ägypter""]",Nach einer Sage der Inka stieg ihr erster Herrscher aus dem Titicacasee. Darum war der See für sie heilig.,Für die Inka war der Titicacasee ein heiliger See.,Titicacasee,,ok
geo_welt,1,Auf welcher Höhe liegt der Titicacasee ungefähr?,"[""Etwa 3800 Meter"", ""Etwa 400 Meter"", ""Etwa 1500 Meter"", ""Etwa 8000 Meter""]","Der Titicacasee liegt rund 3810 Meter über Meer. Er ist einer der höchsten Seen, auf denen grosse Schiffe fahren.",Der Titicacasee liegt hoch oben auf etwa 3800 Metern.,Titicacasee,,ok
geo_welt,1,Welche alte Sprache sprechen viele Menschen am Titicacasee?,"[""Aymara"", ""Latein"", ""Suaheli"", ""Maori""]","Rund um den Titicacasee wohnen viele Aymara. Sie sprechen bis heute ihre eigene Sprache, die auch Aymara heisst.",Am Titicacasee sprechen viele Menschen Aymara.,Titicacasee,,ok
geo_welt,1,Woraus sind die schwimmenden Inseln im Titicacasee gebaut?,"[""Aus Schilf"", ""Aus Steinen"", ""Aus Beton"", ""Aus Eis""]","Die Menschen schichten viele Lagen Schilf übereinander. So entsteht eine Insel, die auf dem Wasser schwimmt.",Die schwimmenden Inseln im Titicacasee bestehen aus Schilf.,Titicacasee,,ok
geo_welt,1,"Wie heisst das Volk, das auf schwimmenden Inseln im Titicacasee lebt?","[""Uros"", ""Inuit"", ""Maori"", ""Massai""]",Die Uros leben seit langer Zeit auf selbst gebauten Inseln im See. Ihre Inseln müssen sie immer wieder erneuern.,Die Uros leben auf schwimmenden Inseln im Titicacasee.,Titicacasee,,ok
geo_welt,1,Welches seltene Tier lebt fast nur im Titicacasee?,"[""Ein grosser Frosch"", ""Ein Krokodil"", ""Ein Hai"", ""Ein Pinguin""]",Im Titicacasee lebt der Titicaca-Riesenfrosch. Er hat sehr viel faltige Haut und kommt sonst nur in wenigen Flüssen und Seen rund um den Titicacasee vor.,Der Titicaca-Riesenfrosch lebt fast nur im Titicacasee.,Titicacasee,,ok
geo_welt,1,Warum werden Besucher am Titicacasee schneller müde?,"[""Die Luft ist dünn."", ""Das Wasser ist salzig."", ""Es ist dort sehr laut."", ""Die Sonne scheint nie.""]",Hoch in den Bergen enthält die Luft weniger Sauerstoff. Darum kommt man dort schneller ausser Atem.,In grosser Höhe ist die Luft dünn.,Titicacasee,,ok
geo_welt,1,Welche Tiere halten die Menschen am Titicacasee oft?,"[""Lamas"", ""Kängurus"", ""Zebras"", ""Pinguine""]",Lamas und Alpakas leben in den Anden. Die Menschen nutzen ihre Wolle und lassen sie Lasten tragen.,Am Titicacasee halten die Menschen Lamas.,Titicacasee,,ok
geo_welt,1,Wie viele Grosse Seen gibt es in Nordamerika?,"[""5"", ""2"", ""3"", ""10""]",Fünf grosse Seen hängen in Nordamerika zusammen. Zusammen bilden sie die grösste Süsswasserfläche der Erde.,Es gibt fünf Grosse Seen in Nordamerika.,Grosse Seen,,ok
geo_welt,1,Zwischen welchen beiden Ländern liegen die Grossen Seen?,"[""USA und Kanada"", ""USA und Mexiko"", ""Kanada und Russland"", ""Mexiko und Kuba""]",Die Grenze zwischen den USA und Kanada läuft durch vier der Grossen Seen. Sie liegen also zwischen diesen zwei Ländern.,Die Grossen Seen liegen zwischen den USA und Kanada.,Grosse Seen,,ok
geo_welt,1,Welcher ist der grösste der Grossen Seen?,"[""Oberer See"", ""Eriesee"", ""Ontariosee"", ""Huronsee""]","Der Obere See ist der grösste der fünf Seen. Er ist so gross, dass er fast wie ein Meer aussieht.",Der Obere See ist der grösste der Grossen Seen.,Grosse Seen,,ok
geo_welt,1,Welcher der Grossen Seen liegt ganz in den USA?,"[""Michigansee"", ""Oberer See"", ""Ontariosee"", ""Eriesee""]",Die anderen vier Seen teilen sich die USA und Kanada. Nur der Michigansee liegt vollständig in den USA.,Der Michigansee liegt ganz in den USA.,Grosse Seen,,ok
geo_welt,1,Welche berühmten Wasserfälle liegen zwischen Eriesee und Ontariosee?,"[""Niagarafälle"", ""Rheinfall"", ""Victoriafälle"", ""Iguazú-Fälle""]",Der Niagara fliesst vom Eriesee zum Ontariosee. Unterwegs stürzt er über die Niagarafälle.,Die Niagarafälle liegen zwischen Eriesee und Ontariosee.,Grosse Seen,,ok
geo_welt,1,Welche grosse Stadt liegt am Michigansee?,"[""Chicago"", ""New York"", ""Los Angeles"", ""Miami""]",Chicago ist eine der grössten Städte der USA. Sie liegt am Südwestufer des Michigansees.,Chicago liegt am Michigansee.,Grosse Seen,,ok
geo_welt,1,Welche grosse Stadt in Kanada liegt am Ontariosee?,"[""Toronto"", ""Vancouver"", ""Calgary"", ""Ottawa""]",Toronto ist die grösste Stadt Kanadas. Sie liegt am Nordufer des Ontariosees.,Toronto liegt am Ontariosee.,Grosse Seen,,ok
geo_welt,1,Welcher Fluss bringt das Wasser der Grossen Seen in den Atlantik?,"[""Sankt-Lorenz-Strom"", ""Mississippi"", ""Amazonas"", ""Rhein""]",Das Wasser fliesst vom Ontariosee in den Sankt-Lorenz-Strom. Dieser mündet in den Atlantischen Ozean.,Der Sankt-Lorenz-Strom verbindet die Grossen Seen mit dem Atlantik.,Grosse Seen,,ok
geo_welt,1,Welcher dieser Seen gehört zu den Grossen Seen?,"[""Huronsee"", ""Bodensee"", ""Tschadsee"", ""Ladogasee""]",Der Huronsee ist einer der fünf Grossen Seen in Nordamerika. Der Bodensee liegt in Europa.,Der Huronsee gehört zu den Grossen Seen.,Grosse Seen,,ok
geo_welt,1,Welcher Wal mit einem langen Stosszahn lebt in den Meeren um Grönland?,"[""Narwal"", ""Orca"", ""Pottwal"", ""Buckelwal""]","Der Narwal lebt im eiskalten Meer der Arktis. Beim Männchen wächst ein Zahn zu einem langen, gedrehten Stosszahn.",Der Narwal hat einen langen Stosszahn.,Grönland,,ok
geo_welt,1,Womit ist der grösste Teil Grönlands bedeckt?,"[""Mit Eis"", ""Mit Wald"", ""Mit Sand"", ""Mit Wiesen""]",Ein dicker Eispanzer bedeckt rund vier Fünftel der Insel. Nur an der Küste gibt es eisfreies Land.,Der grösste Teil Grönlands liegt unter Eis.,Grönland,,ok
geo_welt,1,Zu welchem Land gehört Grönland?,"[""Dänemark"", ""Norwegen"", ""Kanada"", ""Island""]",Grönland gehört zum Königreich Dänemark. Es regelt aber viele Dinge selbst.,Grönland gehört zum Königreich Dänemark.,Grönland,,ok
geo_welt,1,Wie heisst die Hauptstadt Grönlands?,"[""Nuuk"", ""Oslo"", ""Reykjavík"", ""Kopenhagen""]",Nuuk liegt an der Westküste Grönlands. Es ist die grösste Stadt der Insel.,Die Hauptstadt Grönlands heisst Nuuk.,Grönland,,ok
geo_welt,1,Was kann man in Nordgrönland im Sommer erleben?,"[""Die Sonne geht nicht unter."", ""Es wird sehr heiss."", ""Es regnet jeden Tag Sand."", ""Die Sonne geht nie auf.""]",Im Sommer bleibt die Sonne im hohen Norden Tag und Nacht am Himmel. Man nennt das Mitternachtssonne.,Im Sommer gibt es in Nordgrönland die Mitternachtssonne.,Grönland,,ok
geo_welt,1,Was bricht an der Küste Grönlands von den Gletschern ab und treibt ins Meer?,"[""Eisberge"", ""Sanddünen"", ""Korallen"", ""Felsenriffe""]",Die Gletscher schieben ihr Eis bis ins Meer. Dort brechen grosse Stücke ab und schwimmen als Eisberge davon.,Von Grönlands Gletschern brechen Eisberge ab.,Grönland,,ok
geo_welt,1,Was bedeutet der Name «Grönland» auf Deutsch?,"[""Grünland"", ""Eisland"", ""Schneeland"", ""Weissland""]",Der Wikinger Erik der Rote nannte die Insel «Grünland». Mit dem schönen Namen wollte er Siedler anlocken.,Grönland heisst auf Deutsch Grünland.,Grönland,,ok
geo_welt,1,Wie viel grösser als die Schweiz ist Grönland ungefähr?,"[""Über 50-mal"", ""2-mal"", ""5-mal"", ""1000-mal""]","Grönland ist über 2 Millionen Quadratkilometer gross. Die Schweiz hat etwa 41 000 Quadratkilometer, also passt sie über 50-mal hinein.",Grönland ist über 50-mal so gross wie die Schweiz.,Grönland,,ok
geo_welt,1,"Zu welchem Erdteil gehört Grönland, wenn man auf die Landkarte schaut?","[""Nordamerika"", ""Afrika"", ""Australien"", ""Südamerika""]",Grönland liegt nordöstlich von Kanada. Darum zählt es geografisch zu Nordamerika.,Grönland liegt geografisch in Nordamerika.,Grönland,,ok
geo_welt,1,Welches katzenähnliche Raubtier lebt nur auf Madagaskar?,"[""Fossa"", ""Luchs"", ""Gepard"", ""Ozelot""]",Die Fossa sieht ein wenig aus wie eine Katze mit langem Schwanz. Sie klettert gut und jagt auch Tiere in den Bäumen.,"Die Fossa ist ein Raubtier, das nur auf Madagaskar lebt.",Madagaskar,,ok
geo_welt,1,Welches Essen gibt es auf Madagaskar fast bei jeder Mahlzeit?,"[""Reis"", ""Kartoffeln"", ""Polenta"", ""Rösti""]","Auf Madagaskar isst man sehr viel Reis, oft sogar dreimal am Tag. Reis wird auf vielen Feldern der Insel angebaut.",Auf Madagaskar isst man sehr viel Reis.,Madagaskar,,ok
geo_welt,1,Welche Tiere mit grossen Augen leben in freier Natur fast nur auf Madagaskar?,"[""Lemuren"", ""Kängurus"", ""Pandas"", ""Koalas""]",Lemuren sind Affenverwandte mit langen Schwänzen. Wild leben sie nur auf Madagaskar und auf den nahen Komoren.,Lemuren sind typisch für Madagaskar.,Madagaskar,,ok
geo_welt,1,"Wie heisst der Baum mit dem sehr dicken Stamm, der auf Madagaskar wächst?","[""Baobab"", ""Tanne"", ""Birke"", ""Eiche""]",Der Baobab heisst auf Deutsch auch Affenbrotbaum. In seinem dicken Stamm speichert er viel Wasser.,Auf Madagaskar wachsen Baobabs mit dicken Stämmen.,Madagaskar,,ok
geo_welt,1,Welche Tiere können ihre Farbe ändern und leben zahlreich auf Madagaskar?,"[""Chamäleons"", ""Schildkröten"", ""Schlangen"", ""Igel""]",Etwa die Hälfte aller Chamäleon-Arten lebt auf Madagaskar. Sie können ihre Farbe wechseln.,Auf Madagaskar leben besonders viele Chamäleons.,Madagaskar,,ok
geo_welt,1,Welches Gewürz wird auf Madagaskar besonders viel angebaut?,"[""Vanille"", ""Safran"", ""Senf"", ""Paprika""]",Madagaskar ist eines der wichtigsten Länder für Vanille. Viel Vanille für Glace und Kuchen kommt von dort.,Viel Vanille kommt aus Madagaskar.,Madagaskar,,ok
geo_welt,1,Wie heisst die Hauptstadt von Madagaskar?,"[""Antananarivo"", ""Nairobi"", ""Kairo"", ""Dakar""]",Antananarivo liegt im Hochland in der Mitte der Insel. Es ist die grösste Stadt Madagaskars.,Die Hauptstadt Madagaskars heisst Antananarivo.,Madagaskar,,ok
geo_welt,1,Auf welchem Platz steht Madagaskar bei den grössten Inseln der Welt?,"[""Platz 4"", ""Platz 1"", ""Platz 10"", ""Platz 20""]","Nur Grönland, Neuguinea und Borneo sind grösser. Darum ist Madagaskar die viertgrösste Insel der Welt.",Madagaskar ist die viertgrösste Insel der Welt.,Madagaskar,,ok
geo_welt,1,Welche Sprache ist auf Madagaskar neben Malagasy eine Amtssprache?,"[""Französisch"", ""Spanisch"", ""Deutsch"", ""Italienisch""]",Madagaskar war früher eine Kolonie von Frankreich. Darum ist Französisch dort bis heute eine Amtssprache.,Auf Madagaskar spricht man Malagasy und Französisch.,Madagaskar,,ok
geo_welt,1,Für welche riesigen Tiere sind die Galápagos-Inseln berühmt?,"[""Riesenschildkröten"", ""Elefanten"", ""Giraffen"", ""Nashörner""]","Auf den Inseln leben Schildkröten, die über 200 Kilogramm schwer werden. Sie können sehr alt werden.",Auf den Galápagos-Inseln leben Riesenschildkröten.,Galápagos-Inseln,,ok
geo_welt,1,Welcher berühmte Forscher besuchte die Galápagos-Inseln im Jahr 1835?,"[""Charles Darwin"", ""Albert Einstein"", ""Christoph Kolumbus"", ""Isaac Newton""]",Charles Darwin beobachtete auf den Inseln viele Tiere. Das half ihm später bei seiner Lehre über die Entwicklung der Arten.,Charles Darwin erforschte die Galápagos-Inseln.,Galápagos-Inseln,,ok
geo_welt,1,Welche Echse auf den Galápagos-Inseln taucht im Meer nach Algen?,"[""Meerechse"", ""Gecko"", ""Chamäleon"", ""Waran""]","Die Meerechse ist die einzige Echse, die im Meer schwimmt und taucht. Sie frisst Algen von den Felsen.",Die Meerechse taucht im Meer nach Algen.,Galápagos-Inseln,,ok
geo_welt,1,"Welche Vögel, die man sonst aus kühlen Gegenden kennt, leben auf den Galápagos-Inseln?","[""Pinguine"", ""Schneeeulen"", ""Papageitaucher"", ""Schneehühner""]","Der Galápagos-Pinguin lebt dort, obwohl die Sonne heiss scheint. Kühles Meerwasser aus dem Süden bringt ihm genug Fische.",Auf den Galápagos-Inseln leben Pinguine.,Galápagos-Inseln,,ok
geo_welt,1,Wie sind die Galápagos-Inseln entstanden?,"[""Aus Vulkanen"", ""Aus Gletschern"", ""Aus Sanddünen"", ""Aus Korallen""]","Die Inseln sind die Spitzen von Vulkanen, die aus dem Meer ragen. Einige Vulkane brechen noch heute aus.",Die Galápagos-Inseln sind aus Vulkanen entstanden.,Galápagos-Inseln,,ok
geo_welt,1,Welche gedachte Linie verläuft durch die Galápagos-Inseln?,"[""Der Äquator"", ""Der Nullmeridian"", ""Der Polarkreis"", ""Die Datumsgrenze""]",Der Äquator teilt die Erde in eine Nord- und eine Südhälfte. Er läuft mitten durch die Inselgruppe.,Der Äquator verläuft durch die Galápagos-Inseln.,Galápagos-Inseln,,ok
geo_welt,1,Welche kleinen Vögel auf den Galápagos-Inseln haben je nach Insel verschieden geformte Schnäbel?,"[""Finken"", ""Spatzen"", ""Amseln"", ""Meisen""]","Diese Finken haben Schnäbel, die zu ihrem Futter passen. Sie halfen einem berühmten Forscher, die Entwicklung der Arten zu verstehen.",Auf den Galápagos-Inseln leben besondere Finken mit verschiedenen Schnäbeln.,Galápagos-Inseln,,ok
geo_welt,1,In welchem Ozean liegen die Malediven?,"[""Indischer Ozean"", ""Pazifischer Ozean"", ""Atlantischer Ozean"", ""Südpolarmeer""]",Die Malediven liegen im Indischen Ozean. Das Wasser ist dort das ganze Jahr warm.,Die Malediven liegen im Indischen Ozean.,Malediven,,ok
geo_welt,1,Aus wie vielen Inseln bestehen die Malediven ungefähr?,"[""Rund 1200"", ""Etwa 10"", ""Etwa 50"", ""Rund 100 000""]",Die Malediven bestehen aus rund 1200 kleinen Inseln. Nur auf etwa 200 davon wohnen Menschen.,Die Malediven haben rund 1200 Inseln.,Malediven,,ok
geo_welt,1,Wie heisst die Hauptstadt der Malediven?,"[""Malé"", ""Colombo"", ""Delhi"", ""Bangkok""]","Malé ist eine kleine Insel, die fast ganz mit Häusern bebaut ist. Dort wohnt ein grosser Teil der Bevölkerung.",Die Hauptstadt der Malediven heisst Malé.,Malediven,,ok
geo_welt,1,Welches Land gilt als das flachste Land der Welt?,"[""Malediven"", ""Schweiz"", ""Nepal"", ""Bolivien""]",Die Inseln der Malediven ragen meist nur ein bis zwei Meter aus dem Meer. Kein anderes Land ist so flach.,Die Malediven sind das flachste Land der Welt.,Malediven,,ok
geo_welt,1,Woraus sind die Inseln der Malediven aufgebaut?,"[""Aus Korallen"", ""Aus Vulkangestein"", ""Aus Eis"", ""Aus Granit""]",Die Inseln sind aus Korallenriffen und Korallensand entstanden. Darum sind die Strände dort so weiss.,Die Malediven sind aus Korallen aufgebaut.,Malediven,,ok
geo_welt,1,Warum sind die Malediven in Zukunft in Gefahr?,"[""Der Meeresspiegel steigt."", ""Die Vulkane brechen aus."", ""Die Gletscher wachsen."", ""Die Wüste breitet sich aus.""]","Wenn das Meer höher steigt, können die flachen Inseln überflutet werden. Das bedroht die Häuser der Menschen.",Ein steigender Meeresspiegel bedroht die Malediven.,Malediven,,ok
geo_welt,1,"Wie nennt man eine ringförmige Koralleninsel, wie es sie auf den Malediven gibt?","[""Atoll"", ""Fjord"", ""Delta"", ""Krater""]",Ein Atoll ist ein Ring aus Korallenriffen und Inseln. In der Mitte liegt eine flache Lagune.,Ein Atoll ist eine ringförmige Koralleninsel.,Malediven,,ok
geo_welt,1,Die Malediven sind das kleinste Land welches Erdteils?,"[""Asien"", ""Afrika"", ""Europa"", ""Australien""]",Die Malediven zählen zu Asien. Kein anderes Land in Asien hat so wenig Fläche.,Die Malediven sind das kleinste Land Asiens.,Malediven,,ok
geo_welt,1,In der Nähe welches grossen Landes liegen die Malediven?,"[""Indien"", ""China"", ""Japan"", ""Russland""]",Die Malediven liegen südwestlich der Südspitze Indiens. Auch Sri Lanka ist nicht weit entfernt.,Die Malediven liegen südwestlich von Indien.,Malediven,,ok
geo_welt,1,Was ist ein Archipel?,"[""Eine Gruppe von Inseln"", ""Ein hoher Berg"", ""Ein langer Fluss"", ""Eine grosse Wüste""]",Ein Archipel ist eine Inselgruppe. Viele Inseln liegen dabei nahe beieinander im Meer.,Ein Archipel ist eine Gruppe von Inseln.,Archipel,,ok
geo_welt,1,"Wie nennt man ein Land, das nur aus Inseln besteht?","[""Inselstaat"", ""Binnenstaat"", ""Stadtstaat"", ""Bergstaat""]",Ein Inselstaat liegt ganz auf einer oder mehreren Inseln. Die Schweiz ist dagegen ein Binnenstaat ohne Meer.,Ein Land nur aus Inseln heisst Inselstaat.,Archipel,,ok
geo_welt,1,Zu welchem Land gehört die Inselgruppe der Azoren?,"[""Portugal"", ""Spanien"", ""Italien"", ""Frankreich""]",Die Azoren liegen mitten im Atlantik. Sie gehören zu Portugal.,Die Azoren gehören zu Portugal.,Archipel,,ok
geo_welt,1,Welches Land in Asien besteht aus vier grossen Hauptinseln und vielen kleinen Inseln?,"[""Japan"", ""China"", ""Indien"", ""Thailand""]","Die vier grossen Inseln Japans heissen Honshu, Hokkaido, Kyushu und Shikoku. Dazu kommen tausende kleine Inseln.",Japan besteht aus vier grossen Hauptinseln.,Archipel,,ok
geo_welt,1,Zu welchem Land gehören die Kanarischen Inseln?,"[""Spanien"", ""Italien"", ""Frankreich"", ""Griechenland""]",Die Kanarischen Inseln liegen im Atlantik vor Afrika. Sie gehören zu Spanien.,Die Kanarischen Inseln gehören zu Spanien.,Archipel,,ok
geo_welt,1,Zu welchem Land gehört die Inselgruppe der Kykladen?,"[""Griechenland"", ""Spanien"", ""Kroatien"", ""Türkei""]",Die Kykladen liegen in der Ägäis im Mittelmeer. Bekannte Inseln sind Naxos und Santorin.,Die Kykladen gehören zu Griechenland.,Archipel,,ok
geo_welt,1,Zu welcher Inselgruppe gehört die Insel Mallorca?,"[""Balearen"", ""Kanaren"", ""Azoren"", ""Kykladen""]",Mallorca ist die grösste Insel der Balearen im Mittelmeer. Die Balearen gehören zu Spanien.,Mallorca gehört zu den Balearen.,Archipel,,ok
geo_welt,1,Welches Land besteht aus zwei grossen Hauptinseln im Pazifik?,"[""Neuseeland"", ""Australien"", ""Island"", ""Kuba""]",Neuseeland besteht aus der Nordinsel und der Südinsel. Dazu kommen viele kleinere Inseln.,Neuseeland hat eine Nordinsel und eine Südinsel.,Archipel,,ok
geo_welt,1,Welche Inselgruppe liegt im Lago Maggiore im Tessin?,"[""Brissago-Inseln"", ""Kanarische Inseln"", ""Färöer-Inseln"", ""Liparische Inseln""]",Die Brissago-Inseln sind zwei kleine Inseln im Lago Maggiore. Auf der grösseren gibt es einen Garten mit Pflanzen aus aller Welt.,Die Brissago-Inseln liegen im Lago Maggiore.,Archipel,,ok
geo_welt,1,Zu welchem Land gehört die Inselgruppe der Färöer?,"[""Dänemark"", ""Spanien"", ""Italien"", ""Griechenland""]",Die Färöer liegen im Nordatlantik zwischen Schottland und Island. Sie gehören zum Königreich Dänemark.,Die Färöer gehören zum Königreich Dänemark.,Archipel,,ok
geo_welt,1,Was ist eine Halbinsel?,"[""Land mit Wasser an drei Seiten"", ""Land mit Wasser an allen Seiten"", ""Ein Berg mitten im Meer"", ""Ein See mitten im Land""]",Eine Halbinsel ragt ins Wasser hinein. Nur an einer Seite hängt sie mit dem übrigen Land zusammen.,Eine Halbinsel ist an drei Seiten von Wasser umgeben.,Halbinsel,,ok
geo_welt,1,"Welches Land liegt auf einer Halbinsel, die wie ein Stiefel aussieht?","[""Italien"", ""Spanien"", ""Griechenland"", ""Dänemark""]",Italien ragt ins Mittelmeer hinein. Auf der Karte sieht es aus wie ein Stiefel.,Italien hat die Form eines Stiefels.,Halbinsel,,ok
geo_welt,1,Welche zwei Länder liegen auf der Iberischen Halbinsel?,"[""Spanien und Portugal"", ""Frankreich und Italien"", ""Norwegen und Schweden"", ""Griechenland und Türkei""]",Die Iberische Halbinsel liegt im Südwesten Europas. Spanien und Portugal teilen sie sich fast ganz.,Spanien und Portugal liegen auf der Iberischen Halbinsel.,Halbinsel,,ok
geo_welt,1,Welches ist die grösste Halbinsel der Welt?,"[""Arabische Halbinsel"", ""Krim"", ""Florida"", ""Jütland""]",Die Arabische Halbinsel liegt in Asien zwischen Rotem Meer und Persischem Golf. Keine Halbinsel ist grösser.,Die Arabische Halbinsel ist die grösste Halbinsel der Welt.,Halbinsel,,ok
geo_welt,1,Welcher Bundesstaat der USA ist eine Halbinsel im Süden?,"[""Florida"", ""Texas"", ""Nevada"", ""Colorado""]",Florida ragt im Südosten der USA weit ins Meer hinaus. Auf drei Seiten ist es von Wasser umgeben.,Florida ist eine Halbinsel im Süden der USA.,Halbinsel,,ok
geo_welt,1,Auf welcher Halbinsel liegen Norwegen und Schweden?,"[""Skandinavische Halbinsel"", ""Iberische Halbinsel"", ""Arabische Halbinsel"", ""Koreanische Halbinsel""]",Die Skandinavische Halbinsel liegt im Norden Europas. Norwegen und Schweden teilen sie sich.,Norwegen und Schweden liegen auf der Skandinavischen Halbinsel.,Halbinsel,,ok
geo_welt,1,Welches Land liegt zum grössten Teil auf der Halbinsel Jütland?,"[""Dänemark"", ""Norwegen"", ""Island"", ""Finnland""]",Jütland ragt von Deutschland aus nach Norden ins Meer. Der grösste Teil davon gehört zu Dänemark.,Jütland gehört zum grössten Teil zu Dänemark.,Halbinsel,,ok
geo_welt,1,Wie heisst die Halbinsel im Zürichsee bei Wädenswil?,"[""Au"", ""Ufenau"", ""Rütli"", ""Säntis""]",Die Halbinsel Au ragt bei Wädenswil in den Zürichsee. Die Ufenau ist dagegen eine echte Insel.,Die Au ist eine Halbinsel im Zürichsee.,Halbinsel,,ok
geo_welt,1,Auf welcher Halbinsel liegt Griechenland?,"[""Balkanhalbinsel"", ""Iberische Halbinsel"", ""Skandinavische Halbinsel"", ""Arabische Halbinsel""]",Griechenland liegt im Süden der Balkanhalbinsel. Dazu gehören auch viele Inseln im Mittelmeer.,Griechenland liegt auf der Balkanhalbinsel.,Halbinsel,,ok
geo_welt,1,Was trägt der Wind aus der Sahara manchmal bis in die Schweiz?,"[""Feinen Staub"", ""Kleine Steine"", ""Salzwasser"", ""Palmblätter""]",Starke Winde tragen feinen Saharastaub über das Mittelmeer bis zu uns. Dann wird der Himmel gelblich und der Schnee in den Alpen manchmal rötlich.,Saharastaub kann bis in die Schweiz fliegen.,Sahara,,ok
geo_welt,1,Auf welchem Kontinent liegt die Sahara?,"[""Afrika"", ""Asien"", ""Australien"", ""Südamerika""]",Die Sahara bedeckt einen grossen Teil von Nordafrika. Sie reicht vom Atlantik bis zum Roten Meer.,Die Sahara liegt im Norden von Afrika.,Sahara,,ok
geo_welt,1,Was bedeutet das arabische Wort «Sahara»?,"[""Wüste"", ""Sonne"", ""Sand"", ""Hitze""]",«Sahara» kommt aus dem Arabischen und heisst einfach «Wüste». Der Name bedeutet also eigentlich «die Wüste».,Das Wort Sahara bedeutet auf Arabisch Wüste.,Sahara,,ok
geo_welt,1,Woraus besteht der grösste Teil der Sahara?,"[""Aus Stein und Geröll"", ""Aus Sanddünen"", ""Aus Eis"", ""Aus Wald""]","Nur etwa ein Fünftel der Sahara ist mit Sanddünen bedeckt. Der Rest sind Felsen, Steine und Kies.","Die Sahara besteht vor allem aus Steinen und Felsen, nicht nur aus Sand.",Sahara,,ok
geo_welt,1,Welcher kleine Fuchs mit sehr grossen Ohren lebt in der Sahara?,"[""Der Wüstenfuchs"", ""Der Rotfuchs"", ""Der Polarfuchs"", ""Der Graufuchs""]",Der Wüstenfuchs heisst auch Fennek. Über seine grossen Ohren gibt er Wärme ab und hört Beutetiere im Sand.,Der Wüstenfuchs hat riesige Ohren gegen die Hitze.,Sahara,,ok
geo_welt,1,Welches Volk zieht seit langer Zeit mit Kamelen durch die Sahara?,"[""Die Tuareg"", ""Die Inuit"", ""Die Maori"", ""Die Massai""]",Die Tuareg leben in der Sahara. Die Männer tragen oft einen langen Gesichtsschleier gegen Sonne und Sand.,Die Tuareg sind ein Wüstenvolk der Sahara.,Sahara,,ok
geo_welt,1,Welches dieser Länder hat einen Teil der Sahara?,"[""Algerien"", ""Brasilien"", ""Indien"", ""Kanada""]",Algerien liegt in Nordafrika. Ein sehr grosser Teil des Landes ist Sahara.,Algerien ist ein Land mit viel Sahara.,Sahara,,ok
geo_welt,1,Ist die Sahara grösser oder kleiner als die Schweiz?,"[""Viel grösser"", ""Gleich gross"", ""Etwas kleiner"", ""Viel kleiner""]",Die Sahara ist über 200-mal so gross wie die Schweiz. Sie misst rund 9 Millionen Quadratkilometer.,In die Sahara würde die Schweiz über 200-mal hineinpassen.,Sahara,,ok
geo_welt,1,Welche Wüste ist noch grösser als die Sahara?,"[""Die Antarktis"", ""Die Gobi"", ""Die Kalahari"", ""Die Atacama""]","Auch die Antarktis zählt als Wüste, weil es dort sehr wenig Niederschlag gibt. Sie ist eine Kältewüste und grösser als die Sahara.",Die grösste Wüste der Welt ist die kalte Antarktis.,Sahara,,ok
geo_welt,1,Auf welchem Kontinent liegt die Wüste Gobi?,"[""Asien"", ""Afrika"", ""Europa"", ""Australien""]",Die Gobi liegt in Zentralasien. Sie ist eine der grössten Wüsten der Welt.,Die Wüste Gobi liegt in Asien.,Gobi,,ok
geo_welt,1,In welchen zwei Ländern liegt die Wüste Gobi?,"[""Mongolei und China"", ""Indien und Pakistan"", ""Ägypten und Libyen"", ""Chile und Peru""]",Die Gobi liegt im Süden der Mongolei und im Norden von China.,Die Gobi liegt in der Mongolei und in China.,Gobi,,ok
geo_welt,1,Wie ist der Winter in der Wüste Gobi?,"[""Sehr kalt"", ""Sehr heiss"", ""Feucht und warm"", ""Mild wie im Frühling""]",Im Winter kann es in der Gobi unter minus 30 Grad kalt werden. Manchmal liegt sogar Schnee.,In der Gobi sind die Winter eisig kalt.,Gobi,,ok
geo_welt,1,Was haben Forscher in der Wüste Gobi berühmt gefunden?,"[""Dinosaurier-Eier"", ""Goldmünzen"", ""Walknochen"", ""Alte Schiffe""]",In der Gobi wurden in den 1920er-Jahren versteinerte Dinosaurier-Eier entdeckt. Bis heute findet man dort viele Fossilien.,Die Gobi ist bekannt für Funde von Dinosauriern.,Gobi,,ok
geo_welt,1,Welches Kamel mit zwei Höckern lebt in der Gobi?,"[""Das Trampeltier"", ""Das Dromedar"", ""Das Lama"", ""Das Alpaka""]",Das Trampeltier hat zwei Höcker und ein dickes Winterfell. So hält es die Kälte der Gobi aus.,In der Gobi lebt das Trampeltier mit zwei Höckern.,Gobi,,ok
geo_welt,1,"Wie heissen die runden Zelte, in denen viele Nomaden in der Gobi wohnen?","[""Jurten"", ""Iglus"", ""Tipis"", ""Chalets""]","Eine Jurte ist ein rundes Zelt mit dicken Filzwänden. Die Nomaden können sie abbauen und mitnehmen, wenn sie mit ihren Tieren weiterziehen.",Viele Nomaden in der Gobi wohnen in Jurten.,Gobi,,ok
geo_welt,1,"Was bremst die Regenwolken, sodass in der Gobi wenig Regen fällt?","[""Hohe Gebirge"", ""Grosse Städte"", ""Breite Flüsse"", ""Dichte Wälder""]",Im Süden liegen das Hochland von Tibet und der Himalaya. Die Regenwolken vom Meer regnen sich davor ab und erreichen die Gobi kaum.,Hohe Berge halten den Regen von der Gobi fern.,Gobi,,ok
geo_welt,1,In welchem Land liegt der grösste Teil der Atacama-Wüste?,"[""Chile"", ""Mexiko"", ""Spanien"", ""Marokko""]",Die Atacama liegt im Norden von Chile in Südamerika. Ein kleiner Teil reicht bis nach Peru.,Die Atacama-Wüste liegt vor allem in Chile.,Atacama-Wüste,,ok
geo_welt,1,Wofür ist die Atacama-Wüste besonders bekannt?,"[""Sie ist extrem trocken"", ""Sie ist extrem nass"", ""Sie ist voller Wald"", ""Sie liegt unter Eis""]",Die Atacama gilt als trockenste Wüste ausserhalb der Polargebiete. Es fällt dort fast nie Regen.,Die Atacama ist eine der trockensten Gegenden der Erde.,Atacama-Wüste,,ok
geo_welt,1,Zwischen welchem Meer und welchem Gebirge liegt die Atacama?,"[""Pazifik und Anden"", ""Atlantik und Alpen"", ""Mittelmeer und Atlas"", ""Nordsee und Ural""]","Im Westen liegt der Pazifische Ozean, im Osten die hohen Anden. Beide halten den Regen fern.",Die Atacama liegt zwischen dem Pazifik und den Anden.,Atacama-Wüste,,ok
geo_welt,1,Warum stehen in der Atacama viele grosse Teleskope?,"[""Der Himmel ist sehr klar"", ""Es ist dort sehr laut"", ""Es gibt viel Nebel"", ""Es regnet oft""]",Wegen der trockenen Luft gibt es kaum Wolken. So sieht man die Sterne besonders gut.,In der Atacama sieht man die Sterne besonders klar.,Atacama-Wüste,,ok
geo_welt,1,Was passiert in der Atacama nach einem seltenen Regen?,"[""Viele Blumen blühen"", ""Alles friert ein"", ""Sand wird zu Stein"", ""Die Berge wachsen""]","Nach Regen keimen Samen, die lange im Boden gewartet haben. Man nennt das die «blühende Wüste».",Nach Regen kann die Atacama voller Blumen sein.,Atacama-Wüste,,ok
geo_welt,1,Mit welchem Planeten wird die Atacama oft verglichen?,"[""Mit dem Mars"", ""Mit der Venus"", ""Mit dem Jupiter"", ""Mit dem Saturn""]","Der Boden ist rot, steinig und sehr trocken wie auf dem Mars. Darum testen Forscher dort Mars-Fahrzeuge.",Die Atacama sieht an manchen Stellen aus wie der Mars.,Atacama-Wüste,,ok
geo_welt,1,Was findet man in der Atacama oft als weisse Flächen am Boden?,"[""Salz"", ""Schnee"", ""Zucker"", ""Kreide""]",In der Atacama gibt es grosse Salzseen und Salzflächen. Das Wasser ist verdunstet und das Salz ist geblieben.,In der Atacama gibt es weite weisse Salzflächen.,Atacama-Wüste,,ok
geo_welt,1,In welchem Teil von Afrika liegt die Kalahari?,"[""Im Süden"", ""Im Norden"", ""Im Osten am Meer"", ""In der Mitte am Äquator""]",Die Kalahari liegt im südlichen Afrika. Sie reicht über mehrere Länder.,Die Kalahari liegt im Süden von Afrika.,Kalahari,,ok
geo_welt,1,In welchem Land liegt ein grosser Teil der Kalahari?,"[""Botswana"", ""Ägypten"", ""Marokko"", ""Kenia""]",Ein grosser Teil von Botswana ist Kalahari. Sie reicht auch nach Namibia und Südafrika.,Die Kalahari bedeckt einen grossen Teil von Botswana.,Kalahari,,ok
geo_welt,1,Welches kleine Tier steht in der Kalahari oft aufrecht Wache?,"[""Das Erdmännchen"", ""Der Igel"", ""Das Eichhörnchen"", ""Der Maulwurf""]",Erdmännchen leben in Gruppen in der Kalahari. Eines steht auf den Hinterbeinen und hält Ausschau nach Feinden.,In der Kalahari halten Erdmännchen aufrecht Wache.,Kalahari,,ok
geo_welt,1,Welche Farbe hat der Sand in vielen Teilen der Kalahari?,"[""Rot"", ""Schwarz"", ""Grün"", ""Blau""]",In vielen Teilen der Kalahari ist der Sand rötlich gefärbt. Besonders am Abend leuchten die Dünen rot.,Die Kalahari hat oft roten Sand.,Kalahari,,ok
geo_welt,1,Welches Volk lebt seit sehr langer Zeit in der Kalahari?,"[""Die San"", ""Die Inka"", ""Die Wikinger"", ""Die Samen""]",Die San sind eines der ältesten Völker Afrikas. Sie kennen die Wüste sehr gut und lebten früher als Jäger und Sammler.,Die San leben seit langer Zeit in der Kalahari.,Kalahari,,ok
geo_welt,1,Was wächst in der Kalahari mehr als in vielen anderen Wüsten?,"[""Gras und Büsche"", ""Palmenwälder"", ""Reisfelder"", ""Tannenwälder""]","In der Kalahari fällt etwas mehr Regen als in der Sahara. Darum wachsen dort Gras, Büsche und einzelne Bäume.",Die Kalahari ist eine Wüste mit viel Gras und Büschen.,Kalahari,,ok
geo_welt,1,Welche wilde Raubkatze jagt in der Kalahari?,"[""Der Löwe"", ""Der Tiger"", ""Der Puma"", ""Der Luchs""]",In der Kalahari leben Löwen. Sie kommen lange ohne Trinken aus und holen Flüssigkeit auch aus ihrer Beute.,In der Kalahari leben Löwen.,Kalahari,,ok
geo_welt,1,Auf welchem Erdteil liegen die grossen Wüsten der Arabischen Halbinsel?,"[""Asien"", ""Afrika"", ""Europa"", ""Australien""]",Die Arabische Halbinsel liegt in Westasien. Fast die ganze Halbinsel ist Wüste.,Die Wüsten der Arabischen Halbinsel liegen in Asien.,Arabische Wüste,,ok
geo_welt,1,Welches Land hat den grössten Teil der Wüsten auf der Arabischen Halbinsel?,"[""Saudi-Arabien"", ""Italien"", ""Japan"", ""Argentinien""]",Saudi-Arabien ist das grösste Land der Arabischen Halbinsel. Der grösste Teil des Landes ist Wüste.,Saudi-Arabien besteht zum grössten Teil aus Wüste.,Arabische Wüste,,ok
geo_welt,1,Wie heisst das riesige Sandmeer auf der Arabischen Halbinsel?,"[""Rub al-Chali"", ""Death Valley"", ""Namib"", ""Taklamakan""]",Die Rub al-Chali ist eine der grössten Sandwüsten der Welt. Dort reiht sich Düne an Düne.,Die Rub al-Chali ist ein riesiges Sandmeer in Arabien.,Arabische Wüste,,ok
geo_welt,1,Was bedeutet der Name «Rub al-Chali»?,"[""Leeres Viertel"", ""Grosser Berg"", ""Blaues Wasser"", ""Heisser Wind""]",Der Name kommt aus dem Arabischen. In diesem Gebiet wohnen fast keine Menschen.,Rub al-Chali heisst auf Deutsch leeres Viertel.,Arabische Wüste,,ok
geo_welt,1,Welcher wertvolle Stoff wurde unter den Wüsten der Arabischen Halbinsel gefunden?,"[""Erdöl"", ""Kohle"", ""Silber"", ""Marmor""]",Unter dem Wüstensand liegen grosse Mengen Erdöl. Damit sind Länder wie Saudi-Arabien reich geworden.,Unter der Arabischen Wüste liegt viel Erdöl.,Arabische Wüste,,ok
geo_welt,1,"Welche weisse Antilope mit langen, geraden Hörnern lebt in den Wüsten der Arabischen Halbinsel?","[""Die Arabische Oryx"", ""Das Gnu"", ""Die Gämse"", ""Das Rentier""]",Die Arabische Oryx war in der Wildnis ganz verschwunden. Dank Schutzprogrammen lebt sie heute wieder frei in der Wüste.,Die Arabische Oryx ist eine weisse Wüstenantilope.,Arabische Wüste,,ok
geo_welt,1,Welches Kamel mit einem Höcker ist auf der Arabischen Halbinsel zu Hause?,"[""Das Dromedar"", ""Das Trampeltier"", ""Das Guanako"", ""Das Vikunja""]",Das Dromedar stammt aus Arabien. Die Menschen dort halten es seit Jahrtausenden als Reit- und Lasttier.,Das einhöckrige Dromedar stammt aus Arabien.,Arabische Wüste,,ok
geo_welt,1,In welchem Land liegt das Outback?,"[""Australien"", ""Kanada"", ""Südafrika"", ""Russland""]","Das Outback ist das grosse, trockene Innere von Australien. Dort wohnen nur wenige Menschen.",Das Outback ist das trockene Innere von Australien.,Outback,,ok
geo_welt,1,"Welcher grosse Vogel, der nicht fliegen kann, rennt durch das Outback?","[""Der Emu"", ""Der Pinguin"", ""Der Pfau"", ""Der Storch""]","Der Emu ist nach dem Strauss der grösste Vogel der Welt. Er kann nicht fliegen, aber sehr schnell rennen.",Der Emu ist ein grosser Laufvogel im Outback.,Outback,,ok
geo_welt,1,Welches hüpfende Tier lebt im Outback?,"[""Das Känguru"", ""Der Hase"", ""Das Reh"", ""Der Frosch""]",Kängurus sind in Australien zu Hause. Im Outback sieht man sie oft am Abend und am Morgen.,Im Outback hüpfen Kängurus herum.,Outback,,ok
geo_welt,1,Warum ist die Erde im Outback oft rot?,"[""Wegen Eisen im Boden"", ""Wegen roter Blumen"", ""Wegen Farbe vom Regen"", ""Wegen vieler Ziegel""]",Im Boden steckt viel Eisen. Es rostet und färbt die Erde rot.,Rostiges Eisen macht die Erde im Outback rot.,Outback,,ok
geo_welt,1,Wie kommen Ärzte im Outback oft zu kranken Menschen?,"[""Mit dem Flugzeug"", ""Mit dem Schiff"", ""Mit der Seilbahn"", ""Mit dem Tram""]",Die Häuser im Outback liegen weit auseinander. Die «fliegenden Ärzte» landen mit kleinen Flugzeugen bei den Kranken.,Im Outback fliegen Ärzte mit dem Flugzeug zu den Kranken.,Outback,,ok
geo_welt,1,Wie lernen viele Kinder auf weit entfernten Farmen im Outback?,"[""Mit Unterricht über Funk oder Internet"", ""In einer Schule auf jeder Farm"", ""Gar nicht"", ""Mit dem Schulbus jeden Tag in die Stadt""]",Die nächste Schule ist oft Hunderte Kilometer weit weg. Darum gibt es die «School of the Air» mit Unterricht aus der Ferne.,Viele Kinder im Outback lernen in einer Schule aus der Ferne.,Outback,,ok
geo_welt,1,Welcher wilde Hund lebt im Outback?,"[""Der Dingo"", ""Der Wolf"", ""Der Fuchs"", ""Der Schakal""]",Der Dingo ist ein wilder Hund in Australien. Er ist meist gelblich-braun.,Der Dingo ist der wilde Hund von Australien.,Outback,,ok
geo_welt,1,Wer lebt schon seit sehr langer Zeit im Outback?,"[""Die Aborigines"", ""Die Azteken"", ""Die Römer"", ""Die Kelten""]",Die Aborigines sind die ersten Bewohner Australiens. Sie leben seit Zehntausenden von Jahren dort.,Die Aborigines leben seit sehr langer Zeit in Australien.,Outback,,ok
geo_welt,1,Was ist eine Düne?,"[""Ein Hügel aus Sand"", ""Ein See in der Wüste"", ""Ein Wüstentier"", ""Eine Wüstenpflanze""]","Eine Düne ist ein Hügel, den der Wind aus Sand aufgehäuft hat.",Eine Düne ist ein Sandhügel.,Düne,,ok
geo_welt,1,Wer baut die Sanddünen in der Wüste?,"[""Der Wind"", ""Der Regen"", ""Die Kamele"", ""Die Menschen""]",Der Wind trägt Sandkörner mit und lässt sie an anderen Stellen liegen. So wachsen Dünen.,Der Wind formt die Dünen.,Düne,,ok
geo_welt,1,Was können Dünen mit der Zeit tun?,"[""Wandern"", ""Schmelzen"", ""Wachsen wie Bäume"", ""Sich in Steine verwandeln""]",Der Wind bläst Sand von einer Seite auf die andere. So bewegt sich die ganze Düne langsam weiter.,Manche Dünen wandern langsam durch die Wüste.,Düne,,ok
geo_welt,1,Welche Form hat eine Sicheldüne?,"[""Wie ein halber Mond"", ""Wie ein Quadrat"", ""Wie ein Stern"", ""Wie ein Kreis""]","Eine Sicheldüne ist gebogen wie eine Mondsichel. Ihre Spitzen zeigen in die Richtung, in die der Wind weht.",Eine Sicheldüne sieht aus wie ein halber Mond.,Düne,,ok
geo_welt,1,Wo gibt es in Europa eine sehr hohe Sanddüne?,"[""In Frankreich am Meer"", ""In der Schweiz am See"", ""In Norwegen im Wald"", ""In Österreich in den Alpen""]",Die Dune du Pilat liegt an der Atlantikküste in Frankreich. Sie ist rund 100 Meter hoch und die höchste Düne Europas.,Die höchste Düne Europas steht in Frankreich am Atlantik.,Düne,,ok
geo_welt,1,In welcher Wüste in Afrika gibt es einige der höchsten Dünen der Welt?,"[""Namib"", ""Gobi"", ""Atacama"", ""Kalahari""]",Die Namib liegt in Namibia am Atlantik. Ihre roten Dünen sind teilweise über 300 Meter hoch.,Die Namib hat einige der höchsten Dünen der Welt.,Düne,,ok
geo_welt,1,"Was kann man manchmal hören, wenn Sand eine Düne hinunterrutscht?","[""Ein Brummen"", ""Ein Klingeln"", ""Ein Pfeifen wie ein Vogel"", ""Gar nie ein Geräusch""]","Wenn viel Sand rutscht, reiben die Körner aneinander. Das kann ein tiefes Brummen machen, man spricht von «singenden Dünen».","Manche Dünen brummen, wenn der Sand rutscht.",Düne,,ok
geo_welt,1,Wo gibt es ausser in der Wüste auch Sanddünen?,"[""Am Meeresstrand"", ""Auf Gletschern"", ""Im Regenwald"", ""In Höhlen""]",Auch am Strand bläst der Wind den Sand zu Dünen auf. Zum Beispiel an der Nordsee gibt es viele Dünen.,Dünen gibt es auch am Meer.,Düne,,ok
geo_welt,1,Was ist eine Oase?,"[""Ein grüner Ort mit Wasser in der Wüste"", ""Ein hoher Berg in der Wüste"", ""Ein Sandsturm"", ""Ein Wüstentier""]",In einer Oase gibt es Wasser. Darum wachsen dort Pflanzen und Menschen können dort leben.,Eine Oase ist ein grüner Ort mit Wasser in der Wüste.,Oase,,ok
geo_welt,1,Woher kommt das Wasser in vielen Oasen?,"[""Aus dem Boden"", ""Aus dem Meer"", ""Vom Schnee"", ""Aus Wasserleitungen aus Europa""]",Unter der Wüste liegt an manchen Stellen Grundwasser. In einer Oase kommt es als Quelle hervor oder wird aus Brunnen geholt.,Das Wasser einer Oase kommt meist aus dem Boden.,Oase,,ok
geo_welt,1,Welche Bäume wachsen typisch in einer Oase?,"[""Dattelpalmen"", ""Tannen"", ""Birken"", ""Apfelbäume""]",Dattelpalmen mögen Hitze und brauchen Wasser an den Wurzeln. Ihre süssen Früchte sind wichtig für die Menschen in der Wüste.,In Oasen wachsen viele Dattelpalmen.,Oase,,ok
geo_welt,1,Wie nennt man eine Gruppe von Reisenden mit vielen Kamelen?,"[""Karawane"", ""Kolonne"", ""Flotte"", ""Prozession""]","Händler zogen früher in langen Karawanen durch die Wüste. Die Kamele trugen Salz, Stoffe und andere Waren.",Eine Reisegruppe mit Kamelen heisst Karawane.,Oase,,ok
geo_welt,1,Warum machten Reisende mit Kamelen früher in Oasen Halt?,"[""Um Wasser zu holen"", ""Um Schnee zu holen"", ""Um Schiffe zu bauen"", ""Um zu fischen""]",Die Reise durch die Wüste war lang und heiss. In der Oase gab es Wasser für Menschen und Tiere.,Reisende holten in den Oasen Wasser.,Oase,,ok
geo_welt,1,Wie heisst eine berühmte Oase in Ägypten?,"[""Siwa"", ""Zermatt"", ""Venedig"", ""Lissabon""]",Die Oase Siwa liegt in der Wüste im Westen von Ägypten. Dort gibt es viele Quellen und Dattelpalmen.,Siwa ist eine bekannte Oase in Ägypten.,Oase,,ok
geo_welt,1,"Was passiert mit einer Oase, wenn das Wasser im Boden ausgeht?","[""Sie trocknet aus."", ""Sie wird zu einem See."", ""Sie wird zu einem Wald."", ""Sie friert ein.""]",Ohne Wasser können die Pflanzen nicht mehr wachsen. Die Oase wird dann wieder zu Wüste.,Ohne Wasser trocknet eine Oase aus.,Oase,,ok
geo_welt,1,Was bauen Menschen in Oasen unter den Palmen an?,"[""Gemüse und Getreide"", ""Reis im Wasser"", ""Kaffee in den Bergen"", ""Nichts""]","Im Schatten der Palmen ist es kühler. Dort pflanzen die Menschen Gemüse, Getreide und Kräuter.",In Oasen wachsen Gärten im Schatten der Palmen.,Oase,,ok
geo_welt,1,Was fressen Kamele?,"[""Pflanzen"", ""Fische"", ""Insekten"", ""Muscheln""]","Kamele fressen Gräser, Blätter und sogar dornige und salzige Pflanzen. Die Dornen stören ihr hartes Maul kaum.","Kamele fressen Pflanzen, sogar dornige.",Kamele,,ok
geo_welt,1,Was ist im Höcker eines Kamels gespeichert?,"[""Fett"", ""Wasser"", ""Milch"", ""Luft""]","Viele glauben, im Höcker sei Wasser. Doch er besteht aus Fett, von dem das Kamel zehren kann, wenn es kaum Futter gibt.",Im Kamelhöcker ist Fett und kein Wasser.,Kamele,,ok
geo_welt,1,Welchen Spitznamen hat das Kamel?,"[""Wüstenschiff"", ""Wüstenkönig"", ""Wüstenvogel"", ""Wüstenblume""]",Kamele tragen Menschen und Lasten durch die Wüste. Beim Gehen schaukeln sie wie ein Schiff.,Das Kamel nennt man auch Wüstenschiff.,Kamele,,ok
geo_welt,1,Wozu helfen die langen Wimpern der Kamele?,"[""Gegen Sand in den Augen"", ""Zum Fliegen"", ""Zum Hören"", ""Zum Riechen""]","Die langen, dichten Wimpern halten Sand und Staub von den Augen fern. Das ist bei Sandstürmen wichtig.",Lange Wimpern schützen die Kamelaugen vor Sand.,Kamele,,ok
geo_welt,1,Was können Kamele mit ihren Nasenlöchern tun?,"[""Sie schliessen"", ""Damit trinken"", ""Damit pfeifen"", ""Damit graben""]",Kamele können ihre Nasenlöcher verschliessen. So kommt bei einem Sandsturm kein Sand hinein.,Kamele können ihre Nase gegen Sand verschliessen.,Kamele,,ok
geo_welt,1,Warum sinken Kamele im Sand kaum ein?,"[""Sie haben breite Füsse"", ""Sie haben Hufe aus Eisen"", ""Sie sind sehr leicht"", ""Sie gehen auf Zehenspitzen""]","Kamele haben breite, weiche Fusssohlen. Das Gewicht verteilt sich wie bei Schneeschuhen.",Breite Füsse tragen das Kamel über den Sand.,Kamele,,ok
geo_welt,1,Wie trinken Kamele nach langer Zeit ohne Wasser?,"[""Sehr viel auf einmal"", ""Nur ein paar Schlucke"", ""Gar nicht mehr"", ""Nur Milch""]","Ein durstiges Kamel trinkt in nur etwa zehn Minuten eine riesige Menge Wasser. So ersetzt es das Wasser, das es verloren hat.",Ein durstiges Kamel trinkt sehr viel auf einmal.,Kamele,,ok
geo_welt,1,"In welchem Land leben heute viele wilde Dromedare, obwohl sie dort nicht heimisch sind?","[""Australien"", ""Schweiz"", ""Grönland"", ""Island""]",Menschen brachten früher Dromedare als Lasttiere nach Australien. Einige wurden freigelassen und leben jetzt wild im Outback.,In Australien leben viele wilde Dromedare.,Kamele,,ok
geo_welt,1,Was fehlt in einer Wüste am meisten?,"[""Regen"", ""Sonne"", ""Wind"", ""Steine""]","In einer Wüste fällt nur sehr selten Regen. Sonne, Wind und Steine gibt es dagegen genug.",In der Wüste fehlt vor allem Regen.,Wüste,,ok
geo_welt,1,Warum wachsen in der Wüste nur wenige Pflanzen?,"[""Es gibt zu wenig Wasser"", ""Es gibt zu wenig Licht"", ""Der Boden ist gefroren"", ""Die Tiere fressen alle""]","Pflanzen brauchen Wasser zum Wachsen. In der Wüste regnet es so selten, dass nur wenige Pflanzen überleben.",Ohne genug Wasser können in der Wüste nur wenige Pflanzen wachsen.,Wüste,,ok
geo_welt,1,"Wie heisst ein trockenes Flussbett in der Wüste, das nur nach Regen Wasser führt?","[""Wadi"", ""Fjord"", ""Delta"", ""Gletscher""]",Ein Wadi ist meist ausgetrocknet. Das Wort kommt aus dem Arabischen.,"Ein Wadi ist ein Wüstenfluss, der fast immer trocken ist.",Wüste,,ok
geo_welt,1,Was kann in der Wüste nach einem starken Regen gefährlich werden?,"[""Plötzliche Überschwemmungen"", ""Lawinen aus Schnee"", ""Erdbeben"", ""Vulkanausbrüche""]",Der harte Boden kann das viele Wasser nicht schnell aufnehmen. Darum kann es in trockenen Tälern plötzlich Fluten geben.,Nach starkem Regen kann es in der Wüste gefährliche Fluten geben.,Wüste,,ok
geo_welt,1,Wie viel Regen fällt in einer Wüste ungefähr im Jahr?,"[""Weniger als 250 Millimeter"", ""Mehr als 2000 Millimeter"", ""Genau 1000 Millimeter"", ""Etwa so viel wie in der Schweiz""]",Als Wüste gilt oft ein Gebiet mit weniger als 250 Millimetern Regen im Jahr. In der Schweiz fällt meist mehr als 1000 Millimeter.,In einer Wüste fällt viel weniger Regen als in der Schweiz.,Wüste,,ok
geo_welt,1,Was ist ein Sandsturm?,"[""Starker Wind mit viel Sand"", ""Regen mit Sandkörnern"", ""Ein Fluss aus Sand"", ""Ein Erdbeben in der Wüste""]",Bei einem Sandsturm wirbelt der Wind viel Sand und Staub in die Luft. Man sieht dann oft fast nichts mehr.,Bei einem Sandsturm wirbelt der Wind viel Sand auf.,Wüste,,ok
geo_welt,1,Wie lange kann es in einer Wüste manchmal nicht regnen?,"[""Mehrere Jahre"", ""Höchstens einen Tag"", ""Nur eine Stunde"", ""Nie länger als eine Woche""]","In manchen Wüsten fällt jahrelang kein Regen. Wenn er kommt, dann oft als kurzer Schauer.",In der Wüste kann es jahrelang trocken bleiben.,Wüste,,ok
geo_welt,1,"Wann sind viele Wüstentiere unterwegs, um der Hitze auszuweichen?","[""In der Nacht"", ""Am heissen Mittag"", ""Nur im Regen"", ""Nie""]",Am Tag verstecken sich viele Tiere im Schatten oder in Höhlen. In der kühlen Nacht suchen sie Futter.,Viele Wüstentiere sind in der kühlen Nacht aktiv.,Wüste,,ok
geo_welt,1,Wie ist es in der Sahara oft in der Nacht?,"[""Kalt"", ""Sehr heiss"", ""Feucht und warm"", ""Gleich wie am Mittag""]",Am Tag ist es in der Sahara heiss. In der Nacht kühlt die Luft aber stark ab.,In der Wüste sind die Nächte oft kalt.,Wüstenklima,,ok
geo_welt,1,Warum wird es in der Wüste nachts so kalt?,"[""Es gibt keine Wolken"", ""Der Mond ist kalt"", ""Die Sterne kühlen"", ""Es regnet nachts""]",Wolken wirken wie eine Decke und halten die Wärme fest. Ohne Wolken entweicht die Wärme in der Nacht schnell in den Himmel.,Ohne Wolkendecke geht die Wärme in der Wüste nachts verloren.,Wüstenklima,,ok
geo_welt,1,Was kann es in Winternächten in der Sahara manchmal geben?,"[""Frost am Boden"", ""Monsunregen"", ""Tropenstürme"", ""Hitzewellen""]",Im Winter sinkt die Temperatur in der Nacht manchmal unter null Grad. Dann gibt es kurz Frost am Boden.,In Winternächten kann es in der Sahara Frost geben.,Wüstenklima,,ok
geo_welt,1,Wann ist es in der Wüste am Tag am heissesten?,"[""Am frühen Nachmittag"", ""Am frühen Morgen"", ""Kurz nach Sonnenaufgang"", ""Am späten Abend""]",Die Sonne heizt Boden und Luft den ganzen Morgen auf. Am frühen Nachmittag ist es darum am heissesten.,In der Wüste ist es am frühen Nachmittag am heissesten.,Wüstenklima,,ok
geo_welt,1,Warum kühlt der Sand in der Nacht schnell ab?,"[""Er speichert Wärme schlecht"", ""Er ist nass"", ""Er ist aus Eis"", ""Er wird zugedeckt""]",Trockener Sand wird am Tag schnell heiss. Er gibt die Wärme in der Nacht aber auch schnell wieder ab.,Sand wird schnell heiss und schnell wieder kalt.,Wüstenklima,,ok
geo_welt,1,"Warum tragen viele Wüstenbewohner lange, weite Kleider?","[""Als Schutz vor der Sonne"", ""Weil es oft regnet"", ""Gegen Mücken im Schnee"", ""Damit sie schwimmen können""]","Lange, weite Kleider schützen die Haut vor der starken Sonne. Darunter bleibt die Luft angenehm.",Lange Kleider schützen in der Wüste vor der Sonne.,Wüstenklima,,ok
geo_welt,1,Was kann am frühen Morgen in einer kalten Wüstennacht entstehen?,"[""Tau"", ""Hagel"", ""Gewitter"", ""Regenbogen""]","Wenn die Luft in der Nacht stark abkühlt, bilden sich kleine Wassertropfen. Tiere und Pflanzen nutzen diesen Tau als Wasser.",In kalten Wüstennächten kann sich Tau bilden.,Wüstenklima,,ok
geo_welt,1,Wo speichert ein Kaktus sein Wasser?,"[""In seinem dicken Stamm"", ""In seinen Stacheln"", ""In seinen Blüten"", ""In der Luft""]","Ein Kaktus hat einen dicken, fleischigen Körper. Darin speichert er Wasser für lange, trockene Zeiten.",Ein Kaktus speichert Wasser in seinem dicken Körper.,Kakteen,,ok
geo_welt,1,Was sind die Stacheln eines Kaktus eigentlich?,"[""Umgewandelte Blätter"", ""Haare"", ""Wurzeln"", ""Samen""]","Die Stacheln sind ehemalige Blätter. Weil sie so dünn sind, verliert der Kaktus wenig Wasser.",Die Stacheln des Kaktus sind umgewandelte Blätter.,Kakteen,,ok
geo_welt,1,Wozu dienen die Stacheln eines Kaktus auch?,"[""Als Schutz vor Tieren"", ""Zum Wasserholen aus dem Boden"", ""Zum Wandern"", ""Zum Blühen""]",Durstige Tiere würden den saftigen Kaktus gerne fressen. Die spitzen Stacheln halten sie fern.,Stacheln schützen den Kaktus vor hungrigen Tieren.,Kakteen,,ok
geo_welt,1,Von welchem Kontinent stammen fast alle Kakteen?,"[""Amerika"", ""Afrika"", ""Europa"", ""Asien""]",Kakteen wachsen von Natur aus fast nur in Nord- und Südamerika. Nach Afrika und Europa brachten sie erst die Menschen.,Kakteen stammen ursprünglich aus Amerika.,Kakteen,,ok
geo_welt,1,Wie heisst der riesige Kaktus mit Armen in der Wüste von Arizona?,"[""Saguaro"", ""Bambus"", ""Mammutbaum"", ""Baobab""]",Der Saguaro kann über 12 Meter hoch werden. Er wächst sehr langsam und kann über 150 Jahre alt werden.,Der Saguaro ist ein riesiger Kaktus mit Armen.,Kakteen,,ok
geo_welt,1,Wie wachsen die Wurzeln vieler Kakteen?,"[""Flach und weit"", ""Sehr tief und schmal"", ""Gar nicht"", ""Nach oben in die Luft""]","Viele Kakteen haben flache Wurzeln, die sich weit ausbreiten. So fangen sie schnell auch wenig Regen auf.","Flache, weite Wurzeln helfen dem Kaktus, Regen aufzufangen.",Kakteen,,ok
geo_welt,1,Was kann man bei vielen Kakteen manchmal sehen?,"[""Schöne Blüten"", ""Äpfel"", ""Tannzapfen"", ""Nüsse""]","Viele Kakteen haben grosse, farbige Blüten. Manche blühen nur eine einzige Nacht.",Viele Kakteen haben schöne Blüten.,Kakteen,,ok
geo_welt,1,"Warum hat ein Kaktus eine dicke, wachsige Haut?","[""Damit kein Wasser verdunstet"", ""Damit er schneller wächst"", ""Damit er schwimmen kann"", ""Damit er bunt wird""]",Die dicke Haut mit einer Wachsschicht hält das Wasser im Kaktus. So trocknet er in der Sonne nicht aus.,Die dicke Haut hält das Wasser im Kaktus.,Kakteen,,ok
geo_welt,1,Was ist eine Fata Morgana?,"[""Eine Täuschung der Augen"", ""Ein Wüstentier"", ""Ein Sandsturm"", ""Eine Oase""]","Bei einer Fata Morgana sieht man Dinge, die nicht wirklich an diesem Ort sind. Es ist eine Luftspiegelung.",Eine Fata Morgana ist eine Luftspiegelung.,Fata Morgana,,ok
geo_welt,1,Was glauben Menschen in der Wüste bei einer Fata Morgana oft zu sehen?,"[""Wasser"", ""Schnee"", ""Einen Wald"", ""Ein Feuer""]",Am Horizont scheint ein glitzernder See zu liegen. Doch dort ist gar kein Wasser.,"Bei einer Fata Morgana sieht man oft Wasser, das nicht da ist.",Fata Morgana,,ok
geo_welt,1,Was spiegelt sich bei einer Fata Morgana in der Wüste oft?,"[""Der blaue Himmel"", ""Das Meer"", ""Die Berge der Alpen"", ""Der Mond""]",Die heisse Luft über dem Boden lenkt das Licht vom Himmel um. So sieht der Boden blau aus wie Wasser.,Bei der Fata Morgana spiegelt sich der Himmel am Boden.,Fata Morgana,,ok
geo_welt,1,Was braucht es für eine Fata Morgana?,"[""Heisse Luft über dem Boden"", ""Starken Regen"", ""Dichten Nebel"", ""Viel Schnee""]",Über dem heissen Boden ist die Luft heisser als weiter oben. Dort wird das Licht umgelenkt.,Heisse Luft über dem Boden macht eine Fata Morgana.,Fata Morgana,,ok
geo_welt,1,Wo kann man eine Art Fata Morgana auch bei uns im Sommer sehen?,"[""Auf einer heissen Strasse"", ""In einem kühlen Keller"", ""Unter Wasser"", ""In einem Wald""]",An heissen Tagen sieht eine Strasse in der Ferne manchmal nass aus. Das ist auch eine Luftspiegelung.,Auch auf heissen Strassen kann man Luftspiegelungen sehen.,Fata Morgana,,ok
geo_welt,1,"Was passiert, wenn man zur Fata Morgana hinläuft?","[""Sie verschwindet"", ""Man kann darin baden"", ""Sie wird grösser"", ""Sie wird zu Eis""]","Das Wasser ist nur eine Spiegelung. Wenn man näher kommt, ist dort nur trockener Boden.",Eine Fata Morgana kann man nie erreichen.,Fata Morgana,,ok
geo_welt,1,Kann man eine Fata Morgana fotografieren?,"[""Ja, das geht"", ""Nein, nie"", ""Nur in der Nacht"", ""Nur mit Röntgenstrahlen""]","Eine Fata Morgana ist keine Einbildung im Kopf. Das Licht wird wirklich umgelenkt, darum kann eine Kamera sie aufnehmen.",Eine Fata Morgana kann man sogar fotografieren.,Fata Morgana,,ok
geo_welt,1,Nach wem ist die Fata Morgana benannt?,"[""Nach einer Fee"", ""Nach einem König"", ""Nach einem Kamel"", ""Nach einer Stadt""]","«Fata» ist Italienisch und heisst «Fee». Gemeint ist die Fee Morgana aus alten Sagen, die Trugbilder zaubern konnte.",Die Fata Morgana ist nach der Fee Morgana benannt.,Fata Morgana,,ok
geo_welt,1,Welcher Regenwald ist der grösste der Welt?,"[""Amazonas-Regenwald"", ""Kongo-Regenwald"", ""Regenwald auf Borneo"", ""Regenwald auf Sumatra""]",Der Amazonas-Regenwald in Südamerika ist der grösste tropische Regenwald der Erde. Er ist riesig und voller Pflanzen und Tiere.,Der Amazonas-Regenwald ist der grösste Regenwald der Welt.,Amazonas-Regenwald,,ok
geo_welt,1,Auf welchem Kontinent liegt der Amazonas-Regenwald?,"[""Südamerika"", ""Afrika"", ""Asien"", ""Australien""]",Der Amazonas-Regenwald liegt im Norden von Südamerika. Er bedeckt einen grossen Teil dieses Kontinents.,Der Amazonas-Regenwald liegt in Südamerika.,Amazonas-Regenwald,,ok
geo_welt,1,Welche Fische mit scharfen Zähnen leben in den Flüssen des Amazonasgebiets?,"[""Piranhas"", ""Forellen"", ""Hechte"", ""Goldfische""]","Piranhas leben in Schwärmen in den Flüssen Südamerikas. Mit ihren scharfen Zähnen fressen sie Fische, Pflanzen und Aas.",Piranhas sind Fische mit scharfen Zähnen aus dem Amazonasgebiet.,Amazonas-Regenwald,,ok
geo_welt,1,"Wie heisst der grosse Fluss, der durch den Amazonas-Regenwald fliesst?","[""Amazonas"", ""Nil"", ""Donau"", ""Rhein""]",Der Amazonas gab dem Regenwald seinen Namen. Kein anderer Fluss der Welt führt so viel Wasser ins Meer.,Der Amazonas ist der wasserreichste Fluss der Welt.,Amazonas-Regenwald,,ok
geo_welt,1,Welcher Delfin lebt im Amazonas und ist oft rosa gefärbt?,"[""Amazonasdelfin"", ""Grosser Tümmler"", ""Schweinswal"", ""Weisswal""]",Der Amazonasdelfin lebt im Süsswasser der Flüsse. Ältere Tiere sind oft rosa gefärbt.,Im Amazonas lebt ein rosa Flussdelfin.,Amazonas-Regenwald,,ok
geo_welt,1,Welche grosse Raubkatze lebt im Amazonas-Regenwald?,"[""Jaguar"", ""Löwe"", ""Tiger"", ""Gepard""]",Der Jaguar ist die grösste Katze Amerikas. Er kann gut schwimmen und jagt auch am Wasser.,Der Jaguar ist die grosse Raubkatze des Amazonas-Regenwaldes.,Amazonas-Regenwald,,ok
geo_welt,1,"Welche Pflanze, aus deren Bohnen man Schokolade macht, stammt aus dem Amazonasgebiet?","[""Kakaobaum"", ""Kaffeestrauch"", ""Teestrauch"", ""Zuckerrohr""]",Der Kakaobaum stammt aus den Regenwäldern Südamerikas. Aus seinen Bohnen stellt man Kakao und Schokolade her.,Der Kakaobaum kommt ursprünglich aus dem Amazonasgebiet.,Amazonas-Regenwald,,ok
geo_welt,1,Wie gross ist der Amazonas-Regenwald im Vergleich zur Schweiz?,"[""Über 100 Mal so gross"", ""Etwa gleich gross"", ""Etwa doppelt so gross"", ""Etwa zehnmal so gross""]",Der Amazonas-Regenwald ist über 5 Millionen Quadratkilometer gross. Die Schweiz hat nur gut 41 000 Quadratkilometer.,Die Schweiz würde mehr als hundertmal in den Amazonas-Regenwald passen.,Amazonas-Regenwald,,ok
geo_welt,1,Welcher Baum aus dem Amazonasgebiet liefert den Saft für Naturgummi?,"[""Kautschukbaum"", ""Apfelbaum"", ""Fichte"", ""Eiche""]",Aus der Rinde des Kautschukbaums fliesst ein milchiger Saft. Daraus macht man Naturgummi.,Naturgummi stammt vom Kautschukbaum.,Amazonas-Regenwald,,ok
geo_welt,1,Auf welchem Kontinent liegt der Kongo-Regenwald?,"[""Afrika"", ""Südamerika"", ""Asien"", ""Europa""]",Der Kongo-Regenwald liegt in der Mitte von Afrika. Er ist der grösste Regenwald dieses Kontinents.,Der Kongo-Regenwald liegt mitten in Afrika.,Kongo-Regenwald,,ok
geo_welt,1,Der wievielt grösste Regenwald der Welt ist der Kongo-Regenwald?,"[""Der zweitgrösste"", ""Der grösste"", ""Der fünftgrösste"", ""Der kleinste""]",Nur ein Regenwald in Südamerika ist noch grösser. Darum ist der Kongo-Regenwald der zweitgrösste.,Der Kongo-Regenwald ist der zweitgrösste Regenwald der Erde.,Kongo-Regenwald,,ok
geo_welt,1,Nach welchem Fluss ist der Kongo-Regenwald benannt?,"[""Kongo"", ""Nil"", ""Niger"", ""Sambesi""]",Der Fluss Kongo fliesst mitten durch diesen Regenwald. Viele kleinere Flüsse münden in ihn.,Der Kongo-Regenwald trägt den Namen des Flusses Kongo.,Kongo-Regenwald,,ok
geo_welt,1,Welcher grosse Menschenaffe lebt im Kongo-Regenwald?,"[""Gorilla"", ""Orang-Utan"", ""Gibbon"", ""Nasenaffe""]","Gorillas leben nur in Afrika, unter anderem im Kongo-Regenwald. Sie sind die grössten Menschenaffen.",Gorillas leben in den Regenwäldern Afrikas.,Kongo-Regenwald,,ok
geo_welt,1,Das Okapi lebt im Kongo-Regenwald. Mit welchem Tier ist es nah verwandt?,"[""Giraffe"", ""Zebra"", ""Pferd"", ""Esel""]",Das Okapi hat zwar Streifen an den Beinen wie ein Zebra. Es ist aber ein naher Verwandter der Giraffe.,Das Okapi ist ein Verwandter der Giraffe.,Kongo-Regenwald,,ok
geo_welt,1,Welche Elefanten leben im Kongo-Regenwald?,"[""Waldelefanten"", ""Asiatische Elefanten"", ""Mammuts"", ""Steppenelefanten""]",Waldelefanten sind kleiner als die Elefanten der Savanne. So kommen sie im dichten Wald besser voran.,Im Kongo-Regenwald leben kleine Waldelefanten.,Kongo-Regenwald,,ok
geo_welt,1,Welcher Affe lebt nur im Kongo-Regenwald und ist ein naher Verwandter des Schimpansen?,"[""Bonobo"", ""Mandrill"", ""Pavian"", ""Gibbon""]","Bonobos leben nur in der Demokratischen Republik Kongo, südlich des Flusses Kongo. Sie sehen Schimpansen sehr ähnlich.",Der Bonobo ist ein enger Verwandter des Schimpansen.,Kongo-Regenwald,,ok
geo_welt,1,Welches Land hat den grössten Teil des Kongo-Regenwaldes?,"[""Demokratische Republik Kongo"", ""Ägypten"", ""Südafrika"", ""Marokko""]",Mehr als die Hälfte des Kongo-Regenwaldes liegt in der Demokratischen Republik Kongo. Auch Nachbarländer wie Kamerun und Gabun haben Anteil.,Der grösste Teil des Kongo-Regenwaldes liegt in der Demokratischen Republik Kongo.,Kongo-Regenwald,,ok
geo_welt,1,Was ist Borneo?,"[""Eine Insel"", ""Ein Fluss"", ""Ein Gebirge"", ""Eine Wüste""]",Borneo ist eine grosse Insel. Sie ist zu einem grossen Teil mit Regenwald bedeckt.,Borneo ist eine Insel mit viel Regenwald.,Borneo,,ok
geo_welt,1,In welchem Erdteil liegt die Insel Borneo?,"[""Asien"", ""Afrika"", ""Südamerika"", ""Europa""]",Borneo liegt in Südostasien. Nachbarinseln sind zum Beispiel Java und Sulawesi.,Borneo liegt in Südostasien.,Borneo,,ok
geo_welt,1,Wie viele Länder teilen sich die Insel Borneo?,"[""3"", ""1"", ""2"", ""5""]",Auf Borneo liegen Teile von Indonesien und Malaysia sowie das ganze kleine Land Brunei. Das sind drei Länder.,Drei Länder teilen sich die Insel Borneo.,Borneo,,ok
geo_welt,1,"Welcher Affe mit einer grossen, langen Nase lebt nur auf Borneo?","[""Nasenaffe"", ""Mandrill"", ""Schimpanse"", ""Gorilla""]","Der Nasenaffe kommt nur auf Borneo vor. Die Männchen haben eine sehr grosse, hängende Nase.",Den Nasenaffen gibt es nur auf Borneo.,Borneo,,ok
geo_welt,1,Welche Pflanze mit einer der grössten Blüten der Welt wächst auf Borneo?,"[""Rafflesia"", ""Sonnenblume"", ""Edelweiss"", ""Tulpe""]",Die Rafflesia hat riesige Blüten ohne Blätter und Stängel. Sie riecht nach faulem Fleisch und lockt so Fliegen an.,"Die Rafflesia hat riesige, stinkende Blüten.",Borneo,,ok
geo_welt,1,Welcher Vogel mit grossem Schnabel und einem Aufsatz darauf lebt auf Borneo?,"[""Nashornvogel"", ""Tukan"", ""Pinguin"", ""Strauss""]","Nashornvögel haben auf dem Schnabel einen Aufsatz, der wie ein Horn aussieht. Sie leben in Asien und Afrika.",Der Nashornvogel trägt ein Horn auf dem Schnabel.,Borneo,,ok
geo_welt,1,Welche Pflanzen auf Borneo fangen Insekten in kleinen Kannen?,"[""Kannenpflanzen"", ""Kakteen"", ""Seerosen"", ""Farne""]",Kannenpflanzen haben becherförmige Fallen mit Flüssigkeit. Insekten rutschen hinein und werden verdaut.,Kannenpflanzen fangen Insekten in ihren Kannen.,Borneo,,ok
geo_welt,1,Die wievielt grösste Insel der Welt ist Borneo?,"[""Die drittgrösste"", ""Die grösste"", ""Die zehntgrösste"", ""Die kleinste""]",Nur Grönland und Neuguinea sind noch grösser. Borneo ist etwa 18 Mal so gross wie die Schweiz.,Borneo ist die drittgrösste Insel der Welt.,Borneo,,ok
geo_welt,1,"Wie nennt man die Schicht aus dichten Baumkronen, die wie ein Dach über dem Wald liegt?","[""Kronendach"", ""Waldboden"", ""Strauchschicht"", ""Wurzelschicht""]",Die Kronen der Bäume wachsen dicht zusammen. So entsteht hoch oben ein grünes Dach.,Das Kronendach liegt wie ein grünes Dach über dem Regenwald.,Stockwerke des Regenwaldes,,ok
geo_welt,1,"Wie heissen die einzelnen Bäume, die noch über das Kronendach hinausragen?","[""Urwaldriesen"", ""Obstbäume"", ""Nadelbäume"", ""Zierbäume""]",Urwaldriesen sind besonders hohe Bäume. Sie bilden das oberste Stockwerk des Regenwaldes.,Urwaldriesen ragen über alle anderen Bäume hinaus.,Stockwerke des Regenwaldes,,ok
geo_welt,1,Wie ist es am Boden des Regenwaldes?,"[""Ziemlich dunkel"", ""Sehr hell"", ""Eiskalt"", ""Staubtrocken""]",Die dichten Baumkronen halten fast alles Sonnenlicht ab. Darum ist es unten am Boden dämmrig.,Am Boden des Regenwaldes ist es dunkel.,Stockwerke des Regenwaldes,,ok
geo_welt,1,In welchem Stockwerk des Regenwaldes leben die meisten Tiere?,"[""Im Kronendach"", ""Am Waldboden"", ""Unter der Erde"", ""In der Strauchschicht""]","Im Kronendach gibt es viel Licht, Blüten und Früchte. Darum leben dort oben die meisten Tiere.",Die meisten Tiere des Regenwaldes leben hoch oben im Kronendach.,Stockwerke des Regenwaldes,,ok
geo_welt,1,Welche breiten Wurzeln stützen grosse Urwaldbäume wie Wände?,"[""Brettwurzeln"", ""Pfahlwurzeln"", ""Haarwurzeln"", ""Knollen""]","Brettwurzeln wachsen wie hohe Bretter vom Stamm weg. Sie geben dem Baum Halt, denn der Boden ist nicht tief.",Brettwurzeln stützen die riesigen Bäume.,Stockwerke des Regenwaldes,,ok
geo_welt,1,"Wie nennt man Pflanzen wie Orchideen, die auf den Ästen von Bäumen wachsen?","[""Aufsitzerpflanzen"", ""Wasserpflanzen"", ""Wüstenpflanzen"", ""Fleischfressende Pflanzen""]",Aufsitzerpflanzen wachsen hoch oben auf Ästen. So bekommen sie mehr Licht als am dunklen Boden.,Aufsitzerpflanzen wachsen auf den Ästen anderer Bäume.,Stockwerke des Regenwaldes,,ok
geo_welt,1,Wie hoch können Urwaldriesen werden?,"[""Über 50 Meter"", ""Etwa 5 Meter"", ""Etwa 10 Meter"", ""Über 500 Meter""]",Viele Urwaldriesen werden 50 bis 70 Meter hoch. Das ist so hoch wie ein Hochhaus.,Urwaldriesen können höher als 50 Meter werden.,Stockwerke des Regenwaldes,,ok
geo_welt,1,Welcher grosse Greifvogel baut sein Nest in den höchsten Bäumen des Regenwaldes in Südamerika?,"[""Harpyie"", ""Steinadler"", ""Bartgeier"", ""Mäusebussard""]",Die Harpyie ist einer der stärksten Greifvögel der Welt. Sie jagt sogar Affen und Faultiere in den Baumkronen.,Die Harpyie ist ein mächtiger Greifvogel des Regenwaldes.,Stockwerke des Regenwaldes,,ok
geo_welt,1,Welche Ameisen schneiden Stücke aus Blättern und tragen sie über den Waldboden?,"[""Blattschneiderameisen"", ""Waldameisen"", ""Wegameisen"", ""Pharaoameisen""]","Blattschneiderameisen leben in den Regenwäldern Amerikas. Sie tragen die Blattstücke in ihr Nest und züchten darauf einen Pilz, den sie fressen.",Blattschneiderameisen tragen Blattstücke in ihr Nest.,Stockwerke des Regenwaldes,,ok
geo_welt,1,Was passiert mit herabgefallenen Blättern am Boden des Regenwaldes?,"[""Sie verrotten sehr schnell"", ""Sie bleiben jahrelang liegen"", ""Sie gefrieren"", ""Sie werden zu Stein""]",Wärme und Feuchtigkeit helfen Pilzen und kleinen Tieren. Sie zersetzen das Laub in kurzer Zeit.,"Im warmen, feuchten Regenwald verrottet Laub sehr schnell.",Stockwerke des Regenwaldes,,ok
geo_welt,1,In der Nähe welcher Linie auf der Erde liegen die tropischen Regenwälder?,"[""Äquator"", ""Nordpol"", ""Polarkreis"", ""Nullmeridian""]",Tropische Regenwälder wachsen rund um den Äquator. Dort scheint die Sonne das ganze Jahr kräftig.,Tropische Regenwälder liegen nahe beim Äquator.,Tropischer Regenwald,,ok
geo_welt,1,Wo an Land leben die meisten verschiedenen Tier- und Pflanzenarten?,"[""Im tropischen Regenwald"", ""In der Wüste"", ""In der Arktis"", ""Im Hochgebirge""]",Kein anderer Lebensraum an Land hat so viele verschiedene Arten wie der tropische Regenwald. Viele davon sind noch gar nicht entdeckt.,Im tropischen Regenwald leben besonders viele verschiedene Arten.,Tropischer Regenwald,,ok
geo_welt,1,Was gibt es im tropischen Regenwald nicht?,"[""Einen Winter mit Schnee"", ""Regen"", ""Gewitter"", ""Warme Tage""]",Im tropischen Regenwald bleibt es das ganze Jahr warm. Einen kalten Winter wie in der Schweiz gibt es dort nicht.,Im tropischen Regenwald gibt es keinen Winter mit Schnee.,Tropischer Regenwald,,ok
geo_welt,1,Wie oft regnet es im tropischen Regenwald?,"[""Fast jeden Tag"", ""Einmal im Jahr"", ""Nur im Winter"", ""Fast nie""]","Im Regenwald regnet es sehr häufig, oft als kräftiger Schauer. Daher hat der Wald seinen Namen.",Im Regenwald regnet es fast jeden Tag.,Tropischer Regenwald,,ok
geo_welt,1,Wie warm ist es im tropischen Regenwald meistens?,"[""Rund 25 Grad"", ""Rund 0 Grad"", ""Rund 5 Grad"", ""Rund 50 Grad""]",Die Temperatur liegt fast immer um 25 Grad. Sie ändert sich übers Jahr nur wenig.,Im Regenwald ist es meistens um 25 Grad warm.,Tropischer Regenwald,,ok
geo_welt,1,Wann gibt es im tropischen Regenwald oft heftige Regengüsse?,"[""Am Nachmittag"", ""Nur im Januar"", ""Nur am frühen Morgen"", ""Nur alle paar Jahre""]",Am Morgen scheint oft die Sonne und es verdunstet viel Wasser. Am Nachmittag bilden sich Wolken und es regnet kräftig.,Im Regenwald regnet es oft am Nachmittag.,Tropischer Regenwald,,ok
geo_welt,1,"Was haben viele Blätter im Regenwald, damit das Regenwasser schnell abtropft?","[""Eine Träufelspitze"", ""Stacheln"", ""Einen Pelz"", ""Kleine Löcher""]",Die Blätter laufen vorne in eine lange Spitze aus. Über diese Spitze tropft das Wasser schnell ab.,Mit der Träufelspitze tropft Regenwasser schnell vom Blatt.,Tropischer Regenwald,,ok
geo_welt,1,Woher kommt ein Teil des Regens im tropischen Regenwald?,"[""Von Wasser, das die Pflanzen verdunsten"", ""Von geschmolzenem Schnee"", ""Von Wasser aus Gletschern"", ""Von Wasser aus Brunnen""]","Die Pflanzen geben über ihre Blätter viel Wasser an die Luft ab. Daraus bilden sich Wolken, die über dem Wald abregnen.",Der Regenwald macht einen Teil seines Regens selbst.,Tropischer Regenwald,,ok
geo_welt,1,"Was bedeutet es, wenn im Regenwald die Luftfeuchtigkeit hoch ist?","[""Die Luft enthält viel Wasser"", ""Die Luft ist sehr trocken"", ""Die Luft ist sehr kalt"", ""Die Luft ist sehr dünn""]",In der Luft steckt viel unsichtbarer Wasserdampf. Darum fühlt sich die Luft im Regenwald schwül an.,Hohe Luftfeuchtigkeit bedeutet viel Wasser in der Luft.,Tropischer Regenwald,,ok
geo_welt,1,Was sind Lianen?,"[""Kletterpflanzen"", ""Wasserpflanzen"", ""Pilze"", ""Moose""]","Lianen sind Pflanzen, die an Bäumen hochklettern. Sie haben selbst keinen dicken Stamm, der sie stützt.",Lianen sind Kletterpflanzen.,Lianen,,ok
geo_welt,1,Wohin wachsen Lianen an den Bäumen?,"[""Nach oben zum Licht"", ""Tief in die Erde"", ""Ins Wasser"", ""Nach unten in den Schatten""]","Am Boden ist es dunkel. Lianen klettern an den Bäumen hoch, bis sie oben in der Sonne sind.",Lianen klettern zum Licht hinauf.,Lianen,,ok
geo_welt,1,Wo wurzeln die meisten Lianen?,"[""Im Waldboden"", ""In den Wolken"", ""In Flüssen"", ""Im Meer""]",Die meisten Lianen keimen am Waldboden. Von dort klettern sie an einem Baum in die Höhe.,Die meisten Lianen wurzeln im Boden.,Lianen,,ok
geo_welt,1,Wofür nutzen Affen im Regenwald oft Lianen?,"[""Zum Klettern von Baum zu Baum"", ""Als Trinkhalm"", ""Als Bett"", ""Als Regenschirm""]",Lianen hängen zwischen den Bäumen wie Seile. Affen klettern daran entlang und kommen so von Baum zu Baum.,Lianen dienen Affen als Seile und Brücken.,Lianen,,ok
geo_welt,1,Wie lang können manche Lianen werden?,"[""Über 100 Meter"", ""Etwa 1 Meter"", ""Etwa 10 Zentimeter"", ""Etwa 5 Kilometer""]",Manche Lianen werden sehr lang. Sie können über 100 Meter weit durch den Wald ranken.,Manche Lianen werden über 100 Meter lang.,Lianen,,ok
geo_welt,1,Aus welcher kletternden Palme macht man Rattanmöbel?,"[""Rotangpalme"", ""Kokospalme"", ""Dattelpalme"", ""Ölpalme""]",Die Rotangpalme klettert wie eine Liane an Bäumen hoch. Aus ihren biegsamen Stängeln flicht man Körbe und Möbel.,Rattan stammt von der kletternden Rotangpalme.,Lianen,,ok
geo_welt,1,Welches Gewürz stammt von einer kletternden Orchidee?,"[""Vanille"", ""Zimt"", ""Muskat"", ""Safran""]","Die Vanille ist eine Orchidee, die an Bäumen hochklettert. Ihre Schoten werden als Gewürz verwendet.",Vanille wächst an einer Kletterpflanze.,Lianen,,ok
geo_welt,1,Welche Pflanze umschlingt einen Baum und kann ihn mit der Zeit erdrücken?,"[""Würgefeige"", ""Seerose"", ""Kaktus"", ""Farn""]",Die Würgefeige keimt oft hoch oben auf einem Baum. Ihre Wurzeln wachsen nach unten und umschlingen den Baum immer enger.,Die Würgefeige kann einen Baum erdrücken.,Lianen,,ok
geo_welt,1,Welche Kletterpflanze aus Schweizer Wäldern gehört wie die Lianen zu den kletternden Holzpflanzen?,"[""Efeu"", ""Tanne"", ""Buche"", ""Löwenzahn""]","Der Efeu klettert mit kleinen Haftwurzeln an Bäumen und Mauern hoch. Er ist eine Liane, die auch bei uns wächst.",Der Efeu ist eine Liane aus unseren Wäldern.,Lianen,,ok
geo_welt,1,"Wie heissen die grossen, bunten Papageien Südamerikas mit langem Schwanz?","[""Aras"", ""Wellensittiche"", ""Kakadus"", ""Graupapageien""]",Zu den Aras gehören die längsten Papageien der Welt. Sie leben in den Regenwäldern Mittel- und Südamerikas.,"Aras sind grosse, bunte Papageien.",Papageien,,ok
geo_welt,1,Was können viele Papageien gut nachmachen?,"[""Stimmen und Geräusche"", ""Farben"", ""Gerüche"", ""Schatten""]",Papageien können Laute nachahmen. Manche lernen sogar Wörter von Menschen.,Papageien können Stimmen nachahmen.,Papageien,,ok
geo_welt,1,"Wofür braucht ein Papagei seinen kräftigen, gebogenen Schnabel?","[""Um harte Nüsse zu knacken"", ""Um Fische zu fangen"", ""Um Löcher zu graben"", ""Um zu schwimmen""]",Der Schnabel ist hart und stark wie eine Zange. Damit knacken Papageien Nüsse und Samen.,Papageien knacken mit dem Schnabel harte Nüsse.,Papageien,,ok
geo_welt,1,Wie viele Zehen zeigen beim Papageienfuss nach vorne?,"[""2"", ""1"", ""3"", ""4""]",Zwei Zehen zeigen nach vorne und zwei nach hinten. So können Papageien Äste fest umklammern und Futter halten.,Beim Papagei zeigen zwei Zehen nach vorne und zwei nach hinten.,Papageien,,ok
geo_welt,1,Welcher Papagei mit grauem Gefieder und rotem Schwanz lebt in Afrikas Regenwäldern?,"[""Graupapagei"", ""Hyazinthara"", ""Kakadu"", ""Wellensittich""]","Der Graupapagei lebt in Afrika, auch im Kongo-Regenwald. Er gilt als besonders guter Sprachkünstler.",Der Graupapagei ist ein grauer Papagei aus Afrika.,Papageien,,ok
geo_welt,1,Was ist am Tukan besonders auffällig?,"[""Sein riesiger bunter Schnabel"", ""Seine sehr langen Beine"", ""Sein langer Hals"", ""Sein grosser Federschopf""]",Der Tukan hat einen riesigen Schnabel. Bei manchen Arten ist er fast so lang wie der Körper.,Der Tukan hat einen riesigen bunten Schnabel.,Tukane,,ok
geo_welt,1,Wo leben Tukane in der Natur?,"[""In Mittel- und Südamerika"", ""In Afrika"", ""In Europa"", ""In Australien""]",Tukane leben in den Wäldern Mittel- und Südamerikas. In Afrika und Asien gibt es sie nicht.,Tukane leben in Amerika.,Tukane,,ok
geo_welt,1,Wie ist der grosse Schnabel des Tukans gebaut?,"[""Leicht und innen luftig"", ""Schwer und ganz massiv"", ""Weich wie Gummi"", ""Hohl und mit Wasser gefüllt""]",Der Schnabel ist innen wie ein Schwamm mit vielen Luftkammern gebaut. Darum ist er trotz seiner Grösse leicht.,"Der Tukanschnabel ist gross, aber leicht.",Tukane,,ok
geo_welt,1,Was frisst ein Tukan vor allem?,"[""Früchte"", ""Gras"", ""Fische"", ""Würmer""]",Tukane fressen vor allem Früchte. Mit dem langen Schnabel erreichen sie auch Früchte an dünnen Zweigen.,Tukane fressen am liebsten Früchte.,Tukane,,ok
geo_welt,1,Wobei hilft der grosse Schnabel dem Tukan auch?,"[""Wärme abzugeben"", ""Unter der Erde zu graben"", ""Unter Wasser zu atmen"", ""Wasser zu speichern""]","Durch den Schnabel fliesst viel Blut. Darüber kann der Tukan überschüssige Wärme abgeben, wenn ihm zu heiss ist.",Der Tukan kühlt sich über seinen Schnabel ab.,Tukane,,ok
geo_welt,1,Wie bewegt sich ein Faultier?,"[""Sehr langsam"", ""Sehr schnell"", ""Hüpfend"", ""Fliegend""]",Faultiere bewegen sich sehr langsam und sparen so Energie. Für ein paar Meter brauchen sie lange.,Faultiere bewegen sich sehr langsam.,Faultiere,,ok
geo_welt,1,Wo hält sich ein Faultier meistens auf?,"[""Hängend in den Bäumen"", ""In einer Erdhöhle"", ""Im Wasser"", ""Auf dem Waldboden""]","Faultiere hängen fast den ganzen Tag an Ästen. Sie fressen, schlafen und bekommen sogar ihre Jungen in den Bäumen.",Faultiere hängen meistens in den Bäumen.,Faultiere,,ok
geo_welt,1,"Wie oft klettert ein Faultier etwa auf den Boden, um sein Geschäft zu machen?","[""Etwa einmal pro Woche"", ""Jede Stunde"", ""Dreimal am Tag"", ""Nur einmal im Leben""]","Faultiere verdauen sehr langsam. Darum klettern sie nur etwa einmal pro Woche hinunter, um Kot abzusetzen.",Faultiere gehen nur etwa einmal pro Woche aufs Klo.,Faultiere,,ok
geo_welt,1,Warum sieht das Fell eines Faultiers oft grünlich aus?,"[""Weil Algen darin wachsen"", ""Weil es Gras frisst"", ""Weil es sich bemalt"", ""Weil es im Schlamm badet""]",Im feuchten Fell wachsen winzige Algen. Die grüne Farbe tarnt das Faultier zwischen den Blättern.,Algen färben das Fell der Faultiere grün.,Faultiere,,ok
geo_welt,1,Was frisst ein Faultier vor allem?,"[""Blätter"", ""Fische"", ""Fleisch"", ""Nüsse""]",Faultiere fressen vor allem Blätter. Diese geben nur wenig Energie und werden langsam verdaut.,Faultiere ernähren sich hauptsächlich von Blättern.,Faultiere,,ok
geo_welt,1,Womit hält sich ein Faultier an den Ästen fest?,"[""Mit langen, gebogenen Krallen"", ""Mit Saugnäpfen"", ""Mit Schwimmhäuten"", ""Mit Hufen""]","Faultiere haben lange, gebogene Krallen wie Haken. Damit hängen sie sicher an den Ästen, sogar im Schlaf.",Mit ihren hakenförmigen Krallen hängen Faultiere an Ästen.,Faultiere,,ok
geo_welt,1,Was kann ein Faultier überraschend gut?,"[""Schwimmen"", ""Rennen"", ""Springen"", ""Fliegen""]",An Land sind Faultiere sehr langsam. Im Wasser schwimmen sie aber erstaunlich gut.,Faultiere können gut schwimmen.,Faultiere,,ok
geo_welt,1,In welcher Gegend der Welt leben Faultiere?,"[""Mittel- und Südamerika"", ""Afrika"", ""Asien"", ""Australien""]",Faultiere leben in den Regenwäldern Mittel- und Südamerikas. Auf anderen Kontinenten gibt es sie in der Natur nicht.,Faultiere leben in Mittel- und Südamerika.,Faultiere,,ok
geo_welt,1,Welche Insekten wohnen oft im Fell von Faultieren?,"[""Motten"", ""Bienen"", ""Libellen"", ""Heuschrecken""]","Im dichten Fell leben kleine Motten. Sie legen ihre Eier in den Kot, wenn das Faultier am Boden ist.",Im Fell der Faultiere wohnen kleine Motten.,Faultiere,,ok
geo_welt,1,Was bedeutet der Name Orang-Utan übersetzt?,"[""Waldmensch"", ""Bergaffe"", ""Rotfell"", ""Baumspringer""]",Der Name kommt aus der malaiischen Sprache. «Orang» heisst Mensch und «Hutan» heisst Wald.,Orang-Utan bedeutet Waldmensch.,Orang-Utans,,ok
geo_welt,1,Welche Farbe hat das Fell der Orang-Utans?,"[""Rotbraun"", ""Schwarz"", ""Weiss"", ""Grau""]","Orang-Utans haben langes, rotbraunes bis orangefarbenes Haar. Daran erkennt man sie leicht.",Orang-Utans haben ein rotbraunes Fell.,Orang-Utans,,ok
geo_welt,1,Auf welchen zwei Inseln leben Orang-Utans?,"[""Borneo und Sumatra"", ""Madagaskar und Sri Lanka"", ""Island und Grönland"", ""Sizilien und Sardinien""]",Wilde Orang-Utans gibt es nur auf Borneo und Sumatra in Südostasien. Beide Inseln haben grosse Regenwälder.,Orang-Utans leben nur auf Borneo und Sumatra.,Orang-Utans,,ok
geo_welt,1,Was bauen Orang-Utans jeden Abend?,"[""Ein Schlafnest in einem Baum"", ""Eine Höhle im Boden"", ""Einen Damm im Fluss"", ""Eine Hütte aus Steinen""]",Orang-Utans biegen Äste und Blätter zu einem Nest zusammen. Darin schlafen sie hoch oben im Baum.,Orang-Utans schlafen in selbst gebauten Baumnestern.,Orang-Utans,,ok
geo_welt,1,Was fressen Orang-Utans am liebsten?,"[""Früchte"", ""Fleisch"", ""Fische"", ""Gras""]","Orang-Utans fressen am liebsten reife Früchte wie Feigen. Dazu kommen Blätter, Rinde und Insekten.",Orang-Utans fressen am liebsten Früchte.,Orang-Utans,,ok
geo_welt,1,Was ist bei Orang-Utans besonders lang?,"[""Ihre Arme"", ""Ihr Schwanz"", ""Ihr Hals"", ""Ihre Ohren""]",Die Arme sind viel länger als die Beine. Damit können sie gut von Ast zu Ast greifen.,Orang-Utans haben sehr lange Arme.,Orang-Utans,,ok
geo_welt,1,"Welches ist das grösste Säugetier, das hauptsächlich in Bäumen lebt?","[""Orang-Utan"", ""Faultier"", ""Koala"", ""Eichhörnchen""]",Orang-Utan-Männchen können über 80 Kilogramm wiegen. Trotzdem verbringen sie die meiste Zeit in den Bäumen.,Der Orang-Utan ist das grösste Baumtier.,Orang-Utans,,ok
geo_welt,1,Warum sind Pfeilgiftfrösche so bunt?,"[""Die Farben warnen Feinde"", ""Sie wollen sich tarnen"", ""Sie schützen sich vor der Sonne"", ""Sie werden so nicht nass""]","Die grellen Farben zeigen Feinden: Achtung, ich bin giftig! Darum lassen viele Tiere sie in Ruhe.",Die bunten Farben der Pfeilgiftfrösche sind eine Warnung.,Pfeilgiftfrösche,,ok
geo_welt,1,Wo haben Pfeilgiftfrösche ihr Gift?,"[""In der Haut"", ""In den Zähnen"", ""In einem Stachel"", ""Im Schwanz""]","Das Gift steckt in der Haut der Frösche. Wer sie frisst oder ableckt, kann krank werden.",Pfeilgiftfrösche haben ihr Gift in der Haut.,Pfeilgiftfrösche,,ok
geo_welt,1,Wie gross sind die meisten Pfeilgiftfrösche?,"[""Nur wenige Zentimeter"", ""Etwa 30 Zentimeter"", ""Etwa 1 Meter"", ""So gross wie ein Hund""]","Die meisten Pfeilgiftfrösche sind nur etwa 1,5 bis 5 Zentimeter gross. Viele sind kürzer als ein Daumen.",Pfeilgiftfrösche sind sehr kleine Frösche.,Pfeilgiftfrösche,,ok
geo_welt,1,Woher haben die Pfeilgiftfrösche ihren Namen?,"[""Menschen strichen ihr Gift auf Pfeile"", ""Sie schiessen kleine Pfeile"", ""Sie sind pfeilschnell"", ""Sie haben Pfeile auf dem Rücken""]",Ureinwohner in Südamerika bestrichen ihre Jagdpfeile mit dem Gift einiger Arten. Davon kommt der Name.,Früher machten Jäger mit dem Froschgift ihre Pfeile giftig.,Pfeilgiftfrösche,,ok
geo_welt,1,Woher bekommen Pfeilgiftfrösche ihr Gift?,"[""Aus ihrer Nahrung"", ""Aus dem Regenwasser"", ""Aus dem Sonnenlicht"", ""Aus dem Schlamm""]",Die Frösche fressen kleine Ameisen und Milben. Aus deren Stoffen bilden sie ihr Gift.,Pfeilgiftfrösche bekommen ihr Gift über das Futter.,Pfeilgiftfrösche,,ok
geo_welt,1,Wie bringen Pfeilgiftfrösche ihre Kaulquappen zum Wasser?,"[""Auf dem Rücken"", ""Im Maul"", ""In einer Bauchtasche"", ""An der Zunge""]",Die Kaulquappen kleben sich auf dem Rücken eines Elterntiers fest. So werden sie zu einer kleinen Wasserstelle getragen.,Pfeilgiftfrösche tragen ihre Kaulquappen auf dem Rücken.,Pfeilgiftfrösche,,ok
geo_welt,1,Auf welchem Kontinent leben die meisten Pfeilgiftfrösche?,"[""Südamerika"", ""Afrika"", ""Europa"", ""Australien""]",Pfeilgiftfrösche leben in den Regenwäldern Mittel- und Südamerikas. Die meisten Arten gibt es in Südamerika.,Pfeilgiftfrösche leben vor allem in Südamerika.,Pfeilgiftfrösche,,ok
geo_welt,1,"Was passiert mit dem Gift, wenn Pfeilgiftfrösche im Zoo anderes Futter bekommen?","[""Sie werden ungiftig"", ""Sie werden giftiger"", ""Sie wechseln die Farbe"", ""Sie wachsen schneller""]",Ohne ihr natürliches Futter aus dem Regenwald bilden sie kein Gift mehr. Darum sind Zoofrösche meist harmlos.,Im Zoo verlieren Pfeilgiftfrösche ihr Gift.,Pfeilgiftfrösche,,ok
geo_welt,1,Welcher Frosch gehört zu den giftigsten Tieren der Welt?,"[""Schrecklicher Pfeilgiftfrosch"", ""Grasfrosch"", ""Laubfrosch"", ""Erdkröte""]",Der Schreckliche Pfeilgiftfrosch lebt in Kolumbien und ist oft leuchtend gelb. Schon sehr wenig von seinem Gift ist gefährlich.,Der Schreckliche Pfeilgiftfrosch ist extrem giftig.,Pfeilgiftfrösche,,ok
geo_welt,1,Was bedroht den Regenwald am meisten?,"[""Das Abholzen der Bäume"", ""Zu viel Regen"", ""Zu viele Vögel"", ""Kalter Schnee""]",Jedes Jahr werden grosse Flächen Regenwald abgeholzt. Dadurch verlieren viele Tiere und Pflanzen ihren Lebensraum.,Abholzung ist die grösste Gefahr für den Regenwald.,Regenwaldschutz,,ok
geo_welt,1,Wofür wird auf Borneo viel Regenwald gefällt?,"[""Für Ölpalmen-Plantagen"", ""Für Skipisten"", ""Für Weinberge"", ""Für Apfelplantagen""]",Auf Borneo werden Wälder für Ölpalmen gerodet. Aus den Früchten gewinnt man Palmöl.,Für Palmöl-Plantagen wird viel Regenwald gefällt.,Regenwaldschutz,,ok
geo_welt,1,Welcher Schweizer aus Basel lebte jahrelang bei einem Volk auf Borneo und setzte sich für den Regenwald ein?,"[""Bruno Manser"", ""Wilhelm Tell"", ""Henri Dunant"", ""Albert Einstein""]",Bruno Manser lebte in den 1980er-Jahren bei den Penan im Regenwald von Borneo. Er kämpfte gegen die Abholzung ihres Waldes.,Bruno Manser setzte sich für den Regenwald auf Borneo ein.,Regenwaldschutz,,ok
geo_welt,1,Wo in der Schweiz kann man eine Regenwaldhalle mit Pflanzen und Tieren aus Madagaskar besuchen?,"[""Im Zoo Zürich"", ""Auf dem Säntis"", ""Im Bundeshaus"", ""Auf dem Jungfraujoch""]","Im Zoo Zürich gibt es den Masoala-Regenwald. Der Zoo hilft auch mit, den Masoala-Nationalpark in Madagaskar zu schützen.",Im Zoo Zürich kann man einen Regenwald aus Madagaskar erleben.,Regenwaldschutz,,ok
geo_welt,1,"Was kann man zu Hause tun, um Wälder zu schonen?","[""Papier sparen"", ""Mehr Papier wegwerfen"", ""Wasser laufen lassen"", ""Licht brennen lassen""]","Für Papier werden Bäume gefällt. Wer Papier spart und Recyclingpapier nutzt, schont Wälder.","Wer Papier spart, schont die Wälder.",Regenwaldschutz,,ok
geo_welt,1,Welches Gas nehmen die Bäume im Regenwald aus der Luft auf?,"[""Kohlendioxid"", ""Sauerstoff"", ""Helium"", ""Wasserstoff""]",Bäume nehmen Kohlendioxid auf und bauen daraus Holz und Blätter. Darum ist der Regenwald wichtig für das Klima.,Bäume nehmen Kohlendioxid aus der Luft auf.,Regenwaldschutz,,ok
geo_welt,1,Was bedeutet Brandrodung?,"[""Wald wird abgebrannt für Felder"", ""Feuer wird zum Kochen gemacht"", ""Neue Bäume werden gepflanzt"", ""Ein Waldbrand wird gelöscht""]",Bei der Brandrodung zünden Menschen den Wald an. Auf der freien Fläche entstehen dann Felder oder Weiden.,Bei der Brandrodung wird Wald abgebrannt.,Regenwaldschutz,,ok
geo_welt,1,"Wie heisst ein grosses Gebiet, in dem Natur und Tiere besonders geschützt sind?","[""Nationalpark"", ""Freizeitpark"", ""Parkplatz"", ""Stadtpark""]",In einem Nationalpark darf die Natur sich frei entwickeln. Auch die Schweiz hat einen Nationalpark im Engadin.,In Nationalparks sind Natur und Tiere geschützt.,Regenwaldschutz,,ok
geo_welt,1,Wofür werden im Amazonasgebiet viele Wälder gerodet?,"[""Für Weiden für Rinder"", ""Für Skigebiete"", ""Für Eisbahnen"", ""Für Gletscher""]",Auf gerodeten Flächen weiden oft grosse Rinderherden. Andere Flächen werden zu Sojafeldern.,Im Amazonasgebiet wird Wald für Rinderweiden gerodet.,Regenwaldschutz,,ok
geo_welt,1,Wie warm ist es in den Tropen das ganze Jahr?,"[""Immer warm"", ""Immer eisig"", ""Meist kühl"", ""Oft frostig""]",In den Tropen ist es das ganze Jahr warm. Die Sonne steht dort mittags sehr hoch am Himmel.,In den Tropen ist es das ganze Jahr warm.,Tropen,,ok
geo_welt,1,Wo auf der Erde liegen die Tropen?,"[""Rund um den Äquator"", ""Rund um den Nordpol"", ""Rund um den Südpol"", ""Nur mitten in Europa""]",Die Tropen liegen als breiter Gürtel rund um die Mitte der Erde. Dort bekommt die Erde am meisten Sonnenwärme.,Die Tropen liegen in der Mitte der Erde.,Tropen,,ok
geo_welt,1,"Wie heisst die gedachte Linie, die mitten durch die Tropen läuft?","[""Äquator"", ""Nullmeridian"", ""Polarkreis"", ""Datumsgrenze""]",Der Äquator teilt die Erde in eine Nord- und eine Südhälfte. Er läuft mitten durch die Tropen.,Der Äquator teilt die Erde in zwei Hälften.,Tropen,,ok
geo_welt,1,Welcher Wald wächst in den feuchten Tropen?,"[""Regenwald"", ""Nadelwald"", ""Buchenwald"", ""Lärchenwald""]","Wo es in den Tropen viel regnet, wächst der tropische Regenwald. Dort leben sehr viele verschiedene Tiere und Pflanzen.",Im tropischen Regenwald leben besonders viele Tiere und Pflanzen.,Tropen,,ok
geo_welt,1,Welcher bunte Vogel mit riesigem Schnabel lebt im Regenwald Südamerikas?,"[""Tukan"", ""Amsel"", ""Spatz"", ""Möwe""]","Der Tukan hat einen grossen, bunten Schnabel. Er lebt in den Bäumen des tropischen Regenwalds.",Der Tukan hat einen riesigen bunten Schnabel.,Tropen,,ok
geo_welt,1,Welche Frucht wächst in den Tropen?,"[""Banane"", ""Kirsche"", ""Birne"", ""Zwetschge""]",Bananen brauchen viel Wärme und Regen. Darum wachsen sie in den Tropen und nicht im Freien bei uns.,Bananen wachsen in warmen tropischen Ländern.,Tropen,,ok
geo_welt,1,Wo wächst der Kakao für unsere Schokolade?,"[""In den Tropen"", ""Im Wallis"", ""In der Tundra"", ""In der Taiga""]",Der Kakaobaum braucht das ganze Jahr Wärme und viel Regen. Die Schweiz kauft die Kakaobohnen aus tropischen Ländern.,Kakao für Schweizer Schokolade kommt aus den Tropen.,Tropen,,ok
geo_welt,1,"Welches Getränk kommt aus einer Pflanze, die in den Tropen wächst?","[""Kaffee"", ""Apfelsaft"", ""Süssmost"", ""Milch""]","Die Kaffeesträucher wachsen in warmen tropischen Ländern, zum Beispiel in Brasilien. Ihre gerösteten Bohnen ergeben den Kaffee.",Kaffee wächst in tropischen Ländern.,Tropen,,ok
geo_welt,1,Wie viele Stunden ist es in den Tropen an einem Tag ungefähr hell?,"[""Etwa 12 Stunden"", ""Etwa 2 Stunden"", ""Etwa 20 Stunden"", ""Alle 24 Stunden""]",In den Tropen sind Tag und Nacht das ganze Jahr ungefähr gleich lang. Es ist dort jeden Tag etwa 12 Stunden hell.,In den Tropen ist es jeden Tag etwa 12 Stunden hell.,Tropen,,ok
geo_welt,1,Was ist ein Eisberg?,"[""Ein schwimmender Eisblock"", ""Ein Berg aus Schnee an Land"", ""Ein gefrorener Wasserfall"", ""Ein Berg aus Hagelkörnern""]","Ein Eisberg ist ein grosses Stück Eis, das von einem Gletscher abgebrochen ist. Der grösste Teil liegt unsichtbar unter dem Wasser.",Der grösste Teil eines Eisbergs liegt unter Wasser.,Polargebiet,,ok
geo_welt,1,"Wie heisst die Grafik, die Temperatur und Niederschlag eines Ortes über das Jahr zeigt?","[""Klimadiagramm"", ""Stadtplan"", ""Fahrplan"", ""Stammbaum""]",Ein Klimadiagramm zeigt für jeden Monat die Durchschnittstemperatur und den Niederschlag. So kann man Orte gut vergleichen.,Ein Klimadiagramm zeigt Temperatur und Niederschlag eines Ortes.,Klima,,ok
geo_welt,1,Wie heissen die beiden Polargebiete der Erde?,"[""Arktis und Antarktis"", ""Sahara und Gobi"", ""Alpen und Anden"", ""Tundra und Taiga""]","Die Arktis liegt rund um den Nordpol, die Antarktis rund um den Südpol. In beiden Gebieten ist es sehr kalt.",Die beiden Polargebiete heissen Arktis und Antarktis.,Polargebiet,,ok
geo_welt,1,Was kann in der Trockenzeit im dürren Gras leicht entstehen?,"[""Buschfeuer"", ""Hochwasser"", ""Lawinen"", ""Schneeverwehungen""]",Trockenes Gras brennt sehr leicht. Darum gibt es in der Trockenzeit oft Buschfeuer.,Dürres Gras kann leicht brennen.,Trockenzeit,,ok
geo_welt,1,Was gibt es in der Regenzeit in den Tropen oft am Nachmittag?,"[""Heftige Gewitter"", ""Starken Schneefall"", ""Grosse Sandstürme"", ""Dichten Hochnebel""]",Am Morgen heizt die Sonne die feuchte Luft stark auf. Am Nachmittag bilden sich dann oft hohe Wolken mit heftigen Gewittern.,In der Regenzeit gibt es oft Gewitter am Nachmittag.,Regenzeit,,ok
geo_welt,1,Was liegt am Nordpol unter dem Eis?,"[""Meer"", ""Festland"", ""Wüste"", ""Gebirge""]",Am Nordpol gibt es kein Land. Das Eis schwimmt dort auf dem Nordpolarmeer.,Am Nordpol schwimmt das Eis auf dem Meer.,Polargebiet,,ok
geo_welt,1,Was passiert im Winter in den Polargebieten mit der Sonne?,"[""Sie geht lange nicht auf"", ""Sie scheint ganz heiss"", ""Sie geht nie unter"", ""Sie wird grün""]",Im Winter bleibt die Sonne dort wochen- oder monatelang unter dem Horizont. Das nennt man Polarnacht.,In der Polarnacht geht die Sonne lange nicht auf.,Polargebiet,,ok
geo_welt,1,"Welcher warme, trockene Wind weht oft in Schweizer Alpentälern?","[""Föhn"", ""Monsun"", ""Bise"", ""Passat""]",Der Föhn fällt von den Bergen ins Tal und wird dabei warm und trocken. Er ist zum Beispiel im Urner Reusstal bekannt.,"Der Föhn ist ein warmer, trockener Wind in den Alpen.",Wetter,,ok
geo_welt,1,Wie heissen die bunten Lichter am Nachthimmel nahe den Polen?,"[""Polarlichter"", ""Regenbogen"", ""Sternschnuppen"", ""Wetterleuchten""]","Polarlichter leuchten grün, rot oder violett am Himmel. Man sieht sie vor allem in Gebieten nahe den Polen.",Polarlichter leuchten bunt am Nachthimmel.,Polargebiet,,ok
geo_welt,1,Warum ist es in den Polargebieten so kalt?,"[""Die Sonne steht dort tief"", ""Die Sonne ist dort weiter weg"", ""Dort gibt es keine Luft"", ""Dort weht immer Föhn""]",In den Polargebieten scheint die Sonne sehr schräg auf die Erde. Ihre Strahlen wärmen darum nur wenig.,Schräge Sonnenstrahlen wärmen nur wenig.,Polargebiet,,ok
geo_welt,1,Wann blühen bei uns die Kirschbäume?,"[""Im Frühling"", ""Im Sommer"", ""Im Herbst"", ""Im Winter""]","Wenn es im Frühling wärmer wird, blühen die Kirschbäume weiss. Im Sommer kann man dann die Kirschen ernten.",Kirschbäume blühen im Frühling.,Gemässigte Zone,,ok
geo_welt,1,Welcher Monat ist in der Schweiz meistens der kälteste?,"[""Januar"", ""März"", ""Oktober"", ""November""]",Im Januar ist es in der Schweiz im Durchschnitt am kältesten. Die Tage sind dann noch kurz.,Der Januar ist bei uns meist der kälteste Monat.,Gemässigte Zone,,ok
geo_welt,1,Wo liegt die gemässigte Zone?,"[""Zwischen Tropen und Polargebiet"", ""Direkt am Äquator"", ""Direkt am Südpol"", ""Nur mitten im Meer""]",Die gemässigte Zone liegt zwischen den warmen und den kalten Gebieten der Erde. Darum ist es dort mal warm und mal kalt.,Die gemässigte Zone liegt zwischen warm und kalt.,Gemässigte Zone,,ok
geo_welt,1,Was machen viele Laubbäume bei uns im Herbst?,"[""Sie verlieren ihre Blätter"", ""Sie bekommen Blüten"", ""Sie tragen frische Kirschen"", ""Sie bekommen Nadeln""]",Im Herbst färben sich die Blätter bunt und fallen ab. So sparen die Bäume im Winter Wasser und Kraft.,Laubbäume werfen im Herbst ihre Blätter ab.,Gemässigte Zone,,ok
geo_welt,1,Welcher Baum ist ein typischer Laubbaum in der Schweiz?,"[""Buche"", ""Palme"", ""Affenbrotbaum"", ""Kakaobaum""]",Die Buche ist einer der häufigsten Laubbäume in der Schweiz. Sie wächst in vielen Wäldern im Mittelland.,Die Buche ist ein häufiger Laubbaum bei uns.,Gemässigte Zone,,ok
geo_welt,1,Welches Wetter gibt es in der gemässigten Zone im Winter oft?,"[""Frost und Schnee"", ""Monsunregen"", ""Hitze über 40 Grad"", ""Sandstürme""]","Im Winter wird es in der gemässigten Zone kalt. Oft friert es, und es kann schneien.",Im Winter gibt es bei uns oft Frost und Schnee.,Gemässigte Zone,,ok
geo_welt,1,Welches Land liegt wie die Schweiz in der gemässigten Zone?,"[""Deutschland"", ""Kongo"", ""Ecuador"", ""Indonesien""]",Deutschland liegt nördlich der Schweiz und hat auch vier Jahreszeiten. Die anderen Länder liegen am Äquator.,Auch Deutschland liegt in der gemässigten Zone.,Gemässigte Zone,,ok
geo_welt,1,Welches Tier hält bei uns einen Winterschlaf?,"[""Igel"", ""Reh"", ""Fuchs"", ""Amsel""]",Der Igel findet im Winter kaum Futter. Darum schläft er in einem Laubhaufen bis zum Frühling.,Der Igel hält einen Winterschlaf.,Gemässigte Zone,,ok
geo_welt,1,In welchem Kanton wachsen an den Seen sogar Palmen im Freien?,"[""Tessin"", ""Uri"", ""Glarus"", ""Jura""]",Das Tessin liegt südlich der Alpen und hat milde Winter. Darum wachsen am Lago Maggiore und am Luganersee Palmen.,Im Tessin ist das Klima besonders mild.,Gemässigte Zone,,ok
geo_welt,1,Wo liegen die Subtropen?,"[""Zwischen Tropen und gemässigter Zone"", ""Direkt am Nordpol"", ""Mitten im Polargebiet"", ""Nur auf hohen Bergen""]",Die Subtropen schliessen an die Tropen an. Sie liegen zwischen den Tropen und der gemässigten Zone.,Die Subtropen liegen gleich neben den Tropen.,Subtropen,,ok
geo_welt,1,Wie sind die Sommer am Mittelmeer?,"[""Heiss und trocken"", ""Kalt und nass"", ""Kühl und neblig"", ""Eisig und windig""]","Das Mittelmeer liegt in den Subtropen. Im Sommer ist es dort lange heiss, und es regnet kaum.",Am Mittelmeer sind die Sommer heiss und trocken.,Subtropen,,ok
geo_welt,1,Wie sind die Winter am Mittelmeer meistens?,"[""Mild und eher feucht"", ""Eisig mit viel Schnee"", ""Heiss und trocken"", ""Dunkel wie die Polarnacht""]",Im Winter ist es am Mittelmeer mild. In dieser Zeit fällt dort der meiste Regen.,Am Mittelmeer regnet es vor allem im Winter.,Subtropen,,ok
geo_welt,1,Welche Frucht wächst typisch am Mittelmeer?,"[""Olive"", ""Kakao"", ""Moltebeere"", ""Kokosnuss""]","Olivenbäume mögen heisse, trockene Sommer und milde Winter. Darum wachsen sie rund um das Mittelmeer.",Olivenbäume wachsen rund um das Mittelmeer.,Subtropen,,ok
geo_welt,1,Aus welchem Land bekommt die Schweiz im Winter viele Orangen?,"[""Spanien"", ""Norwegen"", ""Island"", ""Finnland""]","Spanien liegt am Mittelmeer und hat milde Winter. Dort wachsen viele Orangen, die auch in die Schweiz kommen.",Viele Orangen kommen aus Spanien.,Subtropen,,ok
geo_welt,1,Welche grosse Wüste liegt in den Subtropen?,"[""Sahara"", ""Grönland"", ""Alaska"", ""Sibirien""]",Die Sahara liegt in Nordafrika in den Subtropen. Dort regnet es fast nie.,Die Sahara ist eine grosse Wüste in Afrika.,Subtropen,,ok
geo_welt,1,Welches Tier lebt in der Sahara?,"[""Dromedar"", ""Elch"", ""Rentier"", ""Walross""]",Das Dromedar hat einen Höcker und kann lange ohne Wasser auskommen. Es ist an die heisse Wüste angepasst.,Das Dromedar kommt lange ohne Wasser aus.,Subtropen,,ok
geo_welt,1,Welche Pflanze speichert in heissen Trockengebieten Wasser in ihrem Stamm?,"[""Kaktus"", ""Seerose"", ""Moos"", ""Schilf""]","Der Kaktus hat einen dicken Stamm, in dem er Wasser speichert. Seine Stacheln schützen ihn vor Tieren.",Kakteen speichern Wasser in ihrem dicken Stamm.,Subtropen,,ok
geo_welt,1,Wie ist der Himmel in den Subtropen sehr oft?,"[""Sonnig und klar"", ""Grau und neblig"", ""Voller Schnee"", ""Immer mit Gewitter""]",In den Subtropen gibt es viele Sonnentage. Darum fahren viele Menschen in den Ferien ans Mittelmeer.,In den Subtropen scheint oft die Sonne.,Subtropen,,ok
geo_welt,1,Was ist die Regenzeit?,"[""Monate mit viel Regen"", ""Ein einzelner Regentag"", ""Eine Zeit mit Schnee"", ""Ein Monat ohne Wolken""]",In der Regenzeit regnet es über mehrere Monate oft und stark. Es gibt sie vor allem in warmen Ländern.,In der Regenzeit regnet es mehrere Monate lang viel.,Regenzeit,,ok
geo_welt,1,Wo gibt es Regenzeit und Trockenzeit statt Sommer und Winter?,"[""In warmen Ländern nahe dem Äquator"", ""Auf dem Eis der Antarktis"", ""Nur in der Schweiz"", ""Nur am Nordpol""]",In vielen warmen Gebieten bleibt es das ganze Jahr warm. Dort unterscheidet man die Jahreszeiten nach dem Regen.,In warmen Ländern unterscheidet man Regenzeit und Trockenzeit.,Regenzeit,,ok
geo_welt,1,Was passiert mit den Flüssen in der Regenzeit?,"[""Sie führen viel Wasser"", ""Sie trocknen aus"", ""Sie frieren zu"", ""Sie fliessen rückwärts""]",Der viele Regen füllt die Flüsse. Manchmal treten sie sogar über die Ufer.,In der Regenzeit führen die Flüsse viel Wasser.,Regenzeit,,ok
geo_welt,1,Wie sieht das Gras in der Regenzeit aus?,"[""Grün und frisch"", ""Gelb und dürr"", ""Weiss vom Schnee"", ""Ganz verbrannt""]","Mit dem Regen wächst das Gras schnell. Die Landschaft wird grün, und die Tiere finden viel Futter.",In der Regenzeit wird die Landschaft grün.,Regenzeit,,ok
geo_welt,1,Wann füllen sich die Wasserlöcher in Afrika wieder?,"[""In der Regenzeit"", ""In der Trockenzeit"", ""Im Schneewinter"", ""Bei Neumond""]","Wenn es viel regnet, sammelt sich das Wasser in Mulden und Tümpeln. So entstehen wieder volle Wasserlöcher.",Der Regen füllt die Wasserlöcher wieder.,Regenzeit,,ok
geo_welt,1,Was ist die Trockenzeit?,"[""Monate mit kaum Regen"", ""Ein Tag mit Sonne"", ""Eine Zeit mit Schnee"", ""Monate mit Hochwasser""]",In der Trockenzeit fällt über mehrere Monate kaum Regen. Der Boden wird hart und staubig.,In der Trockenzeit regnet es monatelang kaum.,Trockenzeit,,ok
geo_welt,1,Wie sieht das Gras in der Trockenzeit aus?,"[""Gelb und dürr"", ""Saftig und grün"", ""Blau und nass"", ""Hoch und feucht""]",Ohne Regen vertrocknet das Gras. Es wird gelb und braun.,In der Trockenzeit vertrocknet das Gras.,Trockenzeit,,ok
geo_welt,1,Was passiert in der Trockenzeit mit vielen Wasserlöchern?,"[""Sie trocknen aus"", ""Sie laufen über"", ""Sie frieren zu"", ""Sie werden zu Seen""]",Ohne Regen verdunstet das Wasser in der Hitze. Viele Wasserlöcher werden klein oder ganz trocken.,In der Trockenzeit trocknen viele Wasserlöcher aus.,Trockenzeit,,ok
geo_welt,1,Warum wandern viele Tiere in Afrika in der Trockenzeit weit weg?,"[""Sie suchen Wasser und Gras"", ""Sie suchen Schnee"", ""Sie suchen kühle Höhlen"", ""Sie fliehen vor dem Meer""]","In der Trockenzeit wird Futter knapp. Darum ziehen Gnus und Zebras dorthin, wo es noch Wasser und Gras gibt.",In der Trockenzeit wandern viele Tiere zu Wasser und Gras.,Trockenzeit,,ok
geo_welt,1,Was ist der Monsun?,"[""Ein Wind, der die Richtung wechselt"", ""Ein hoher Berg in Asien"", ""Ein grosser Fluss in Indien"", ""Ein Sturm aus Schnee""]",Der Monsun ist ein grosser Wind. Im Sommer weht er aus einer anderen Richtung als im Winter.,"Der Monsun ist ein Wind, der je nach Jahreszeit dreht.",Monsun,,ok
geo_welt,1,In welchem Land ist der Monsun besonders bekannt?,"[""Indien"", ""Schweiz"", ""Norwegen"", ""Island""]",In Indien bringt der Monsun jedes Jahr den wichtigsten Regen. Alle warten im Sommer darauf.,In Indien ist der Monsun sehr wichtig.,Monsun,,ok
geo_welt,1,Warum ist der Monsunregen für Indien so wichtig?,"[""Er bewässert die Felder"", ""Er bringt Schnee zum Skifahren"", ""Er macht das Meer salziger"", ""Er bringt Sand an die Strände""]",Viele Bauern in Indien haben keine anderen Wasserquellen. Ohne den Monsunregen würde die Ernte vertrocknen.,Ohne Monsunregen würde in Indien die Ernte vertrocknen.,Monsun,,ok
geo_welt,1,Woher weht der Sommermonsun nach Indien?,"[""Vom Meer"", ""Aus der Wüste"", ""Vom Nordpol"", ""Aus den Alpen""]",Der Sommermonsun kommt vom Indischen Ozean. Darum ist er so feucht.,Der Sommermonsun kommt vom Meer.,Monsun,,ok
geo_welt,1,Wie ist das Wetter in Indien zur Zeit des Wintermonsuns meistens?,"[""Eher trocken"", ""Sehr regnerisch"", ""Mit viel Schnee"", ""Mit Hochwasser""]","Der Wintermonsun weht vom Festland her. Diese Luft ist trocken, darum regnet es dann in den meisten Gegenden wenig.",Der Wintermonsun bringt meist trockenes Wetter.,Monsun,,ok
geo_welt,1,Welche Pflanze bauen viele Bauern in Monsunländern an?,"[""Reis"", ""Roggen"", ""Hafer"", ""Gerste""]",Reis wächst gut auf nassen Feldern. Der viele Monsunregen hilft den Bauern in Asien dabei.,Reis wächst gut auf nassen Feldern.,Monsun,,ok
geo_welt,1,Was kann sehr starker Monsunregen auslösen?,"[""Überschwemmungen"", ""Erdbeben"", ""Vulkanausbrüche"", ""Schneestürme""]","Wenn zu viel Regen auf einmal fällt, treten Flüsse über die Ufer. Dann stehen Strassen und Felder unter Wasser.",Zu viel Monsunregen kann Überschwemmungen bringen.,Monsun,,ok
geo_welt,1,In welchen Monaten ist in Indien ungefähr der Sommermonsun?,"[""Juni bis September"", ""Dezember bis Februar"", ""Januar bis März"", ""Oktober bis Dezember""]",Der Sommermonsun beginnt in Indien etwa im Juni. Er dauert ungefähr bis September.,Der Sommermonsun dauert etwa von Juni bis September.,Monsun,,ok
geo_welt,1,"Was bedeutet das arabische Wort, von dem «Monsun» kommt?","[""Jahreszeit"", ""Regen"", ""Sturm"", ""Wolke""]","Das Wort Monsun kommt vom arabischen Wort «mausim». Es bedeutet Jahreszeit, weil der Wind mit der Jahreszeit wechselt.",Monsun bedeutet ursprünglich Jahreszeit.,Monsun,,ok
geo_welt,1,Was beschreibt das Wetter?,"[""Wie es draussen gerade ist"", ""Wie es über viele Jahre ist"", ""Wie hoch ein Berg ist"", ""Wie alt die Erde ist""]","Das Wetter ist das, was wir heute oder morgen draussen erleben. Es kann sich schnell ändern.",Das Wetter ist der Zustand der Luft jetzt gerade.,Wetter,,ok
geo_welt,1,Ist «Morgen regnet es in Bern» eine Aussage über Wetter oder Klima?,"[""Über das Wetter"", ""Über das Klima"", ""Über beides gleich"", ""Über keines davon""]",Die Aussage gilt nur für einen Tag und einen Ort. Darum geht es um das Wetter.,Aussagen über einen einzelnen Tag betreffen das Wetter.,Wetter,,ok
geo_welt,1,Womit misst man die Temperatur?,"[""Thermometer"", ""Kompass"", ""Lupe"", ""Waage""]","Das Thermometer zeigt an, wie warm oder kalt es ist. Man misst die Temperatur in Grad Celsius.",Das Thermometer misst die Temperatur.,Wetter,,ok
geo_welt,1,"Womit misst man, wie viel Regen gefallen ist?","[""Regenmesser"", ""Thermometer"", ""Kompass"", ""Sanduhr""]","Ein Regenmesser ist ein Gefäss, das den Regen auffängt. So sieht man, wie viel Wasser gefallen ist.",Der Regenmesser fängt den Regen auf.,Wetter,,ok
geo_welt,1,Was zeigt eine Windfahne an?,"[""Die Windrichtung"", ""Die Temperatur"", ""Die Regenmenge"", ""Die Uhrzeit""]","Die Windfahne dreht sich mit dem Wind. So sieht man, woher der Wind weht.","Die Windfahne zeigt, woher der Wind weht.",Wetter,,ok
geo_welt,1,Wie heisst das Bundesamt für Wetter und Klima in der Schweiz?,"[""MeteoSchweiz"", ""Swisstopo"", ""Wetteramt Bern"", ""Klimabüro Zürich""]",MeteoSchweiz ist der Wetterdienst des Bundes. Er macht Wetterprognosen und warnt vor Unwettern.,MeteoSchweiz ist der Wetterdienst der Schweiz.,Wetter,,ok
geo_welt,1,Was beschreibt das Klima?,"[""Das Wetter über viele Jahre"", ""Das Wetter von heute"", ""Das Wetter von morgen"", ""Das Wetter einer Stunde""]","Für das Klima schaut man an, wie das Wetter an einem Ort meistens ist. Dafür braucht man Messungen aus vielen Jahren.",Das Klima ist das typische Wetter über viele Jahre.,Klima,,ok
geo_welt,1,Über wie viele Jahre bestimmt man das Klima meistens?,"[""Etwa 30 Jahre"", ""Eine Woche"", ""Einen Monat"", ""Ein Jahr""]","Fachleute nehmen meistens die Wetterdaten von 30 Jahren. Daraus berechnen sie, wie das Wetter an einem Ort normalerweise ist.",Für das Klima schaut man meist 30 Jahre an.,Klima,,ok
geo_welt,1,Ist «In der Sahara ist es fast immer trocken» eine Aussage über Wetter oder Klima?,"[""Über das Klima"", ""Über das Wetter"", ""Über beides gleich"", ""Über keines davon""]","Die Aussage beschreibt, wie es dort normalerweise über viele Jahre ist. Darum geht es um das Klima.","Was an einem Ort normalerweise gilt, gehört zum Klima.",Klima,,ok
geo_welt,1,Wie nennt man die grossen Gebiete der Erde mit ähnlichem Klima?,"[""Klimazonen"", ""Zeitzonen"", ""Sprachzonen"", ""Postzonen""]",Die Erde wird in Klimazonen eingeteilt. In jeder Klimazone ist das Klima ähnlich.,Gebiete mit ähnlichem Klima heissen Klimazonen.,Klima,,ok
geo_welt,1,Wo liegt die Tundra?,"[""Nahe den Polargebieten"", ""Direkt am Äquator"", ""Mitten in der Sahara"", ""Am Mittelmeer""]","Die Tundra liegt im hohen Norden, gleich neben dem ewigen Eis. Dort ist es die meiste Zeit kalt.",Die Tundra liegt nahe beim Polargebiet.,Tundra,,ok
geo_welt,1,Welche Pflanzen wachsen in der Tundra?,"[""Moose und Flechten"", ""Hohe Palmen"", ""Kakteen"", ""Bananenstauden""]","In der Tundra wachsen vor allem niedrige Pflanzen wie Moose, Flechten und Zwergsträucher. Sie ducken sich vor Wind und Kälte.",In der Tundra wachsen Moose und Flechten.,Tundra,,ok
geo_welt,1,Warum wachsen in der Tundra fast keine Bäume?,"[""Es ist zu kalt"", ""Es ist zu heiss"", ""Es hat zu viel Sand"", ""Es ist zu salzig""]",Bäume brauchen genug Wärme zum Wachsen. In der Tundra ist es dafür fast das ganze Jahr zu kalt.,In der Tundra ist es für Bäume zu kalt.,Tundra,,ok
geo_welt,1,Welches Tier zieht in grossen Herden durch die Tundra?,"[""Rentier"", ""Zebra"", ""Kamel"", ""Gnu""]",Rentiere fressen Flechten und Moose. Im Sommer und Winter wandern sie in grossen Herden umher.,Rentiere leben in grossen Herden in der Tundra.,Tundra,,ok
geo_welt,1,"Wie nennt man Boden, der das ganze Jahr gefroren bleibt?","[""Permafrost"", ""Raureif"", ""Glatteis"", ""Hagel""]","In der Tundra taut der Boden nur oben ein wenig auf. Darunter bleibt er immer gefroren, das heisst Permafrost.","Permafrost ist Boden, der immer gefroren bleibt.",Tundra,,ok
geo_welt,1,Wie ist der Sommer in der Tundra?,"[""Kurz und kühl"", ""Lang und heiss"", ""Lang und trocken"", ""Heiss und schwül""]",Der Sommer dauert in der Tundra nur wenige Wochen. Es wird auch dann nicht richtig warm.,Der Tundra-Sommer ist kurz und kühl.,Tundra,,ok
geo_welt,1,Welches kleine Nagetier der Tundra ist für seine Wanderungen bekannt?,"[""Lemming"", ""Hamster"", ""Eichhörnchen"", ""Meerschweinchen""]","Der Lemming ist ein kleines Nagetier aus dem hohen Norden. Wenn es sehr viele gibt, wandern sie weit umher.",Lemminge sind kleine Nagetiere der Tundra.,Tundra,,ok
geo_welt,1,Wo gibt es in der Schweiz eine Landschaft ähnlich wie die Tundra?,"[""Hoch oben in den Alpen"", ""Am Genfersee"", ""Im Mittelland"", ""Am Lago Maggiore""]",Oberhalb der Waldgrenze wachsen in den Alpen nur noch niedrige Pflanzen. Das ähnelt der Tundra im hohen Norden.,Hoch in den Alpen gibt es eine Art Tundra.,Tundra,,ok
geo_welt,1,Was wächst vor allem in der Savanne?,"[""Gras mit einzelnen Bäumen"", ""Dichter Nadelwald"", ""Nur Moose"", ""Gar nichts""]",Die Savanne ist eine weite Graslandschaft. Dazwischen stehen einzelne Bäume und Sträucher.,In der Savanne wächst Gras mit einzelnen Bäumen.,Savanne,,ok
geo_welt,1,Auf welchem Kontinent gibt es grosse Savannen mit Löwen?,"[""Afrika"", ""Europa"", ""Antarktika"", ""Australien""]",Grosse Teile von Afrika sind Savanne. Dort leben Löwen in Rudeln.,In Afrikas Savannen leben Löwen.,Savanne,,ok
geo_welt,1,Welches Tier mit sehr langem Hals frisst in der Savanne Blätter von Bäumen?,"[""Giraffe"", ""Nashorn"", ""Flusspferd"", ""Büffel""]",Die Giraffe ist das höchste Tier der Welt. Mit ihrem langen Hals erreicht sie Blätter hoch oben in den Bäumen.,Die Giraffe ist das höchste Tier der Welt.,Savanne,,ok
geo_welt,1,Welches schwarz-weiss gestreifte Tier lebt in der Savanne?,"[""Zebra"", ""Tapir"", ""Panda"", ""Dachs""]",Das Zebra hat schwarze und weisse Streifen. Jedes Zebra hat ein eigenes Streifenmuster.,Jedes Zebra hat ein eigenes Streifenmuster.,Savanne,,ok
geo_welt,1,Welcher dicke Baum ist typisch für die afrikanische Savanne?,"[""Affenbrotbaum"", ""Tanne"", ""Birke"", ""Rotbuche""]","Der Affenbrotbaum, auch Baobab genannt, hat einen sehr dicken Stamm. Darin speichert er Wasser.",Der Affenbrotbaum speichert Wasser im dicken Stamm.,Savanne,,ok
geo_welt,1,Welches Landtier der Savanne ist das grösste der Welt?,"[""Afrikanischer Elefant"", ""Nashorn"", ""Flusspferd"", ""Giraffe""]",Der Afrikanische Elefant ist das grösste und schwerste Landtier. Er lebt in der Savanne in Herden.,Der Afrikanische Elefant ist das grösste Landtier.,Savanne,,ok
geo_welt,1,Welches Tier der Savanne ist das schnellste Landtier?,"[""Gepard"", ""Löwe"", ""Zebra"", ""Elefant""]",Der Gepard kann für kurze Zeit über 90 Kilometer pro Stunde rennen. So jagt er schnelle Antilopen.,Der Gepard ist das schnellste Landtier.,Savanne,,ok
geo_welt,1,Wie heisst ein berühmter Nationalpark mit Savanne in Tansania?,"[""Serengeti"", ""Yellowstone"", ""Banff"", ""Kruger""]",Die Serengeti liegt in Tansania in Ostafrika. Dort leben riesige Herden von Gnus und Zebras.,Die Serengeti ist eine berühmte Savanne in Tansania.,Savanne,,ok
geo_welt,1,Wo liegt die Savanne meistens?,"[""Zwischen Regenwald und Wüste"", ""Zwischen Eis und Meer"", ""Mitten in der Taiga"", ""Neben der Tundra""]","Die Savanne ist trockener als der Regenwald, aber feuchter als die Wüste. Darum liegt sie zwischen diesen beiden.",Die Savanne liegt zwischen Regenwald und Wüste.,Savanne,,ok
geo_welt,1,Was ist eine Steppe?,"[""Weites Grasland fast ohne Bäume"", ""Ein dichter Urwald"", ""Ein Gletscher"", ""Ein grosser See""]","Die Steppe ist eine weite, flache Graslandschaft. Bäume wachsen dort kaum.",Die Steppe ist weites Grasland.,Steppe,,ok
geo_welt,1,Warum wachsen in der Steppe kaum Bäume?,"[""Es regnet zu wenig"", ""Es regnet zu viel"", ""Es ist immer dunkel"", ""Der Boden ist aus Eis""]",In der Steppe fällt für Bäume zu wenig Regen. Gräser kommen mit weniger Wasser aus.,In der Steppe regnet es für Bäume zu wenig.,Steppe,,ok
geo_welt,1,Wie sind die Winter in den Steppen Asiens?,"[""Sehr kalt"", ""Sehr heiss"", ""Mild und feucht"", ""Immer regnerisch""]",Die Steppen Asiens liegen weit weg vom Meer. Darum sind die Winter dort sehr kalt und die Sommer heiss.,Die Steppen Asiens haben sehr kalte Winter.,Steppe,,ok
geo_welt,1,In welchem Land ziehen viele Nomaden mit ihren Herden durch die Steppe?,"[""Mongolei"", ""Schweiz"", ""Belgien"", ""Portugal""]",In der Mongolei gibt es riesige Steppen. Viele Familien ziehen dort mit ihren Tieren von Weide zu Weide.,In der Mongolei leben viele Nomaden in der Steppe.,Steppe,,ok
geo_welt,1,Was ist eine Jurte?,"[""Ein rundes Zelt"", ""Ein Steinhaus"", ""Ein Boot"", ""Ein Wagen""]",Die Jurte ist ein rundes Zelt aus Holz und Filz. Nomaden können sie abbauen und mitnehmen.,Die Jurte ist ein rundes Zelt der Nomaden.,Steppe,,ok
geo_welt,1,Welche Tiere halten Nomaden in der mongolischen Steppe oft?,"[""Pferde"", ""Lamas"", ""Kängurus"", ""Zebras""]",Pferde sind für die Nomaden in der Mongolei sehr wichtig. Sie reiten darauf und hüten damit ihre Herden.,In der Mongolei sind Pferde sehr wichtig.,Steppe,,ok
geo_welt,1,Wie heisst die Steppe in Nordamerika?,"[""Prärie"", ""Pampa"", ""Savanne"", ""Tundra""]",Die Steppe in Nordamerika heisst Prärie. Früher lebten dort riesige Herden von Bisons.,Die Steppe in Nordamerika heisst Prärie.,Steppe,,ok
geo_welt,1,Wie heisst die Steppe in Argentinien?,"[""Pampa"", ""Prärie"", ""Taiga"", ""Sahara""]",Die Steppe in Argentinien heisst Pampa. Dort weiden heute viele Rinder.,Die Steppe in Argentinien heisst Pampa.,Steppe,,ok
geo_welt,1,Welches Getreide wird heute auf vielen Steppenböden angebaut?,"[""Weizen"", ""Reis"", ""Kakao"", ""Zuckerrohr""]",Steppenböden sind oft sehr fruchtbar. Darum baut man dort viel Weizen an.,Auf Steppenböden wächst viel Weizen.,Steppe,,ok
geo_welt,1,Was für ein Wald ist die Taiga?,"[""Ein Nadelwald"", ""Ein Regenwald"", ""Ein Palmenwald"", ""Ein Mangrovenwald""]",Die Taiga ist ein riesiger Nadelwald im kalten Norden der Erde. Sie ist das grösste Waldgebiet der Welt.,Die Taiga ist ein riesiger Nadelwald.,Taiga,,ok
geo_welt,1,Welche Bäume wachsen vor allem in der Taiga?,"[""Fichten und Kiefern"", ""Palmen und Bananen"", ""Eichen und Linden"", ""Olivenbäume""]","In der Taiga wachsen vor allem Nadelbäume wie Fichten, Kiefern und Lärchen. Sie halten die Kälte gut aus.",In der Taiga wachsen vor allem Nadelbäume.,Taiga,,ok
geo_welt,1,In welchem Land liegt der grösste Teil der Taiga?,"[""Russland"", ""Italien"", ""Ägypten"", ""Brasilien""]",Russland ist das grösste Land der Erde. Ein grosser Teil davon ist mit Taiga bedeckt.,Der grösste Teil der Taiga liegt in Russland.,Taiga,,ok
geo_welt,1,Welches Land in Nordamerika hat ebenfalls viel Taiga?,"[""Kanada"", ""Mexiko"", ""Kuba"", ""Panama""]",Kanada liegt weit im Norden. Grosse Teile des Landes sind mit Nadelwald bedeckt.,Auch Kanada hat viel Taiga.,Taiga,,ok
geo_welt,1,Welches grosse Tier mit breitem Geweih lebt in der Taiga?,"[""Elch"", ""Gämse"", ""Steinbock"", ""Zebra""]",Der Elch ist der grösste Hirsch der Welt. Die Männchen tragen ein breites Schaufelgeweih.,Der Elch ist der grösste Hirsch der Welt.,Taiga,,ok
geo_welt,1,Welches Raubtier lebt in der Taiga?,"[""Braunbär"", ""Löwe"", ""Hyäne"", ""Leopard""]",Der Braunbär lebt in den Wäldern der Taiga. Im Winter ruht er in einer Höhle.,In der Taiga lebt der Braunbär.,Taiga,,ok
geo_welt,1,Wie sind die Winter in der Taiga?,"[""Lang und sehr kalt"", ""Kurz und warm"", ""Mild und regnerisch"", ""Heiss und trocken""]",Der Winter in der Taiga dauert viele Monate. Es kann dort sehr stark gefrieren.,In der Taiga sind die Winter lang und kalt.,Taiga,,ok
geo_welt,1,Welche Landschaft liegt nördlich der Taiga?,"[""Tundra"", ""Savanne"", ""Regenwald"", ""Sahara""]","Wo es noch kälter wird, hören die Wälder der Taiga auf. Weiter nördlich beginnt die baumlose Tundra.",Nördlich der Taiga liegt die Tundra.,Taiga,,ok
geo_welt,1,Welcher Nadelbaum der Taiga verliert im Herbst seine Nadeln?,"[""Lärche"", ""Fichte"", ""Tanne"", ""Kiefer""]","Die Lärche ist ein besonderer Nadelbaum. Im Herbst werden ihre Nadeln gelb und fallen ab, auch bei uns in den Alpen.",Die Lärche wirft im Herbst ihre Nadeln ab.,Taiga,,ok
geo_welt,1,Wie heisst das Gebiet rund um den Nordpol?,"[""Arktis"", ""Antarktis"", ""Sahara"", ""Tundra""]",Das Gebiet rund um den Nordpol heisst Arktis. Dort ist es das ganze Jahr über kalt.,Die Arktis liegt ganz im Norden der Erde.,Arktis,,ok
geo_welt,1,Was liegt in der Mitte der Arktis?,"[""Ein Meer mit Eis"", ""Ein hoher Berg"", ""Ein grosser Wald"", ""Eine Wüste aus Sand""]","In der Mitte der Arktis liegt kein Land, sondern ein Meer. Es ist oft mit Eis bedeckt.",In der Mitte der Arktis liegt ein gefrorenes Meer.,Arktis,,ok
geo_welt,1,Welche grosse Insel liegt in der Arktis?,"[""Grönland"", ""Madagaskar"", ""Sizilien"", ""Hawaii""]",Grönland ist die grösste Insel der Welt und liegt zu einem grossen Teil in der Arktis. Sie ist fast ganz mit Eis bedeckt.,Grönland ist eine riesige Insel voller Eis im hohen Norden.,Arktis,,ok
geo_welt,1,"Wie nennt man es, wenn im Sommer in der Arktis die Sonne auch nachts scheint?","[""Mitternachtssonne"", ""Mondfinsternis"", ""Sonnenwende"", ""Abendrot""]",Im Sommer geht die Sonne in der Arktis wochenlang nicht unter. Man nennt das Mitternachtssonne.,Bei der Mitternachtssonne bleibt es auch in der Nacht hell.,Arktis,,ok
geo_welt,1,"Wie nennt man die Zeit im Winter, in der die Sonne in der Arktis gar nicht aufgeht?","[""Polarnacht"", ""Sommerzeit"", ""Morgengrauen"", ""Sonnenfinsternis""]",Im Winter bleibt die Sonne in der Arktis wochenlang unter dem Horizont. Diese dunkle Zeit heisst Polarnacht.,In der Polarnacht bleibt es auch am Tag dunkel.,Arktis,,ok
geo_welt,1,Welcher Fuchs lebt in der Arktis und hat im Winter ein weisses Fell?,"[""Polarfuchs"", ""Rotfuchs"", ""Wüstenfuchs"", ""Graufuchs""]",Der Polarfuchs hat im Winter ein weisses Fell. So ist er im Schnee gut getarnt.,Der Polarfuchs trägt im Winter ein weisses Fell.,Arktis,,ok
geo_welt,1,Welche Hirsche mit grossem Geweih leben im hohen Norden und ziehen in Geschichten den Schlitten des Weihnachtsmanns?,"[""Rentiere"", ""Rehe"", ""Steinböcke"", ""Gämsen""]",Rentiere leben in den kalten Gebieten im Norden. Bei ihnen tragen auch die Weibchen ein Geweih.,Rentiere leben im hohen Norden und tragen ein Geweih.,Arktis,,ok
geo_welt,1,Welches Land hat einen Teil in der Arktis?,"[""Norwegen"", ""Italien"", ""Spanien"", ""Ägypten""]","Der Norden von Norwegen liegt in der Arktis. Auch Russland, Kanada, die USA mit Alaska und Dänemark mit Grönland haben Gebiete dort.",Norwegen reicht bis weit hinauf in die Arktis.,Arktis,,ok
geo_welt,1,Wie dick ist das Meereis am Nordpol ungefähr?,"[""Wenige Meter"", ""Wenige Zentimeter"", ""Ein Kilometer"", ""Zehn Kilometer""]","Das Meereis in der Arktis ist meist zwei bis drei Meter dick. Wo Schollen übereinandergeschoben werden, kann es dicker sein.",Das Eis am Nordpol ist nur wenige Meter dick.,Nordpol,,ok
geo_welt,1,"Was passiert mit dem Eis am Nordpol, wenn es auf der Erde wärmer wird?","[""Es wird weniger"", ""Es wird mehr"", ""Es wird rot"", ""Es bleibt immer gleich""]","Weil es auf der Erde wärmer wird, schmilzt im Sommer mehr Eis in der Arktis. Das Meereis wird weniger und dünner.","Wenn es wärmer wird, schmilzt das Eis am Nordpol.",Nordpol,,ok
geo_welt,1,"Wie heisst Eis, das entsteht, wenn Meerwasser gefriert?","[""Meereis"", ""Gletschereis"", ""Speiseeis"", ""Hagel""]","Wenn das Wasser des Meeres gefriert, entsteht Meereis. Am Nordpol schwimmt eine grosse Fläche davon.",Gefrorenes Meerwasser heisst Meereis.,Nordpol,,ok
geo_welt,1,Wann gibt es am Nordpol am meisten Eis?,"[""Im Winter"", ""Im Sommer"", ""Im Frühling"", ""Immer gleich viel""]","Im kalten, dunklen Winter friert das Meer zu und das Eis wächst. Im Sommer schmilzt ein Teil davon.",Im Winter wächst das Eis am Nordpol.,Nordpol,,ok
geo_welt,1,In welche Himmelsrichtung schaut man am Nordpol immer?,"[""Nach Süden"", ""Nach Norden"", ""Nach Osten"", ""Nach Westen""]",Vom Nordpol aus geht es in keine Richtung weiter nach Norden. Darum führt jeder Weg von dort nach Süden.,Am Nordpol führt jeder Weg nach Süden.,Nordpol,,ok
geo_welt,1,"Wie heisst das Meer, auf dem das Eis am Nordpol schwimmt?","[""Nordpolarmeer"", ""Mittelmeer"", ""Rotes Meer"", ""Schwarzes Meer""]",Das Eis am Nordpol schwimmt auf dem Nordpolarmeer. Man nennt es auch Arktischer Ozean.,Das Eis am Nordpol schwimmt auf dem Nordpolarmeer.,Nordpol,,ok
geo_welt,1,Wie heisst der nördlichste Punkt der Erde?,"[""Nordpol"", ""Südpol"", ""Äquator"", ""Wendekreis""]",Der Nordpol ist der nördlichste Punkt der Erde. Weiter nach Norden geht es nicht.,Der Nordpol ist der Punkt ganz oben auf der Erde.,Nordpol,,ok
geo_welt,1,Wie heisst die Forschungsstation direkt am Südpol?,"[""Amundsen-Scott-Station"", ""Jungfraujoch-Station"", ""Nordpol-Station"", ""Everest-Station""]",Die Amundsen-Scott-Südpolstation steht fast genau am Südpol. Dort leben und arbeiten Forschende.,Am Südpol steht die Amundsen-Scott-Station.,Amundsen-Scott-Südpolstation,,ok
geo_welt,1,Welches Land betreibt die Forschungsstation am Südpol?,"[""Die USA"", ""Die Schweiz"", ""Brasilien"", ""Australien""]",Die Amundsen-Scott-Südpolstation wird von den USA betrieben. Sie besteht seit den 1950er-Jahren.,Die Station am Südpol gehört den USA.,Amundsen-Scott-Südpolstation,,ok
geo_welt,1,Wer war der erste Mensch am Südpol?,"[""Roald Amundsen"", ""Christoph Kolumbus"", ""Neil Armstrong"", ""Marco Polo""]",Roald Amundsen erreichte den Südpol am 14. Dezember 1911 als Erster. Die Station am Südpol ist auch nach ihm benannt.,Roald Amundsen kam als Erster an den Südpol.,Amundsen-Scott-Südpolstation,,ok
geo_welt,1,Was machen die Menschen in der Station am Südpol?,"[""Sie forschen"", ""Sie machen Ferien"", ""Sie gehen zur Schule"", ""Sie bauen Autos""]","In der Station leben Forscherinnen und Forscher. Sie untersuchen zum Beispiel das Eis, das Wetter und den Himmel.",In der Südpolstation wird geforscht.,Amundsen-Scott-Südpolstation,,ok
geo_welt,1,Wie kommen die Forschenden meistens zur Station am Südpol?,"[""Mit dem Flugzeug"", ""Mit dem Zug"", ""Mit dem Schiff"", ""Mit dem Velo""]","Der Weg über das Eis bis zum Südpol ist sehr weit und schwierig. Darum fliegen die meisten mit Flugzeugen, die Kufen haben und auf dem Schnee landen.","Zum Südpol fliegt man mit Flugzeugen, die auf Schnee landen.",Amundsen-Scott-Südpolstation,,ok
geo_welt,1,Wie lange scheint die Sonne am Südpol ungefähr ohne Pause?,"[""Ein halbes Jahr"", ""Eine Stunde"", ""Ein Tag"", ""Eine Woche""]",Am Südpol scheint die Sonne etwa ein halbes Jahr lang ohne Pause. Danach ist es etwa ein halbes Jahr lang dunkel.,Am Südpol ist es ein halbes Jahr hell und ein halbes Jahr dunkel.,Amundsen-Scott-Südpolstation,,ok
geo_welt,1,Worauf steht die Forschungsstation am Südpol?,"[""Auf dickem Eis"", ""Auf einem Sandstrand"", ""Auf einer Wiese"", ""Auf einem Felsen im Meer""]","Die Station steht auf dem Eis der Antarktis, rund 2800 Meter über dem Meer. Das Eis darunter ist sehr dick.",Die Station am Südpol steht auf einer dicken Eisschicht.,Amundsen-Scott-Südpolstation,,ok
geo_welt,1,Wie viel von einem Eisberg ist ungefähr unter Wasser?,"[""Fast alles"", ""Gar nichts"", ""Etwa die Hälfte"", ""Etwa ein Viertel""]",Etwa neun Zehntel eines Eisbergs liegen unter Wasser. Man sieht nur die Spitze.,Der grösste Teil eines Eisbergs ist unter Wasser versteckt.,Eisberg,,ok
geo_welt,1,Welches berühmte Schiff ist 1912 nach dem Zusammenstoss mit einem Eisberg gesunken?,"[""Titanic"", ""Santa Maria"", ""Mayflower"", ""Bounty""]",Die Titanic stiess in der Nacht vom 14. auf den 15. April 1912 mit einem Eisberg zusammen und sank wenige Stunden später. Viele Menschen starben.,Die Titanic ist nach dem Zusammenstoss mit einem Eisberg gesunken.,Eisberg,,ok
geo_welt,1,Aus welchem Wasser besteht ein Eisberg?,"[""Aus Süsswasser"", ""Aus Salzwasser"", ""Aus Zuckerwasser"", ""Aus Mineralwasser""]",Eisberge entstehen aus Gletschereis. Dieses Eis kommt von Schnee und ist darum nicht salzig.,Eisberge bestehen aus Süsswasser.,Eisberg,,ok
geo_welt,1,Warum schwimmt ein Eisberg im Meer?,"[""Eis ist leichter als Wasser"", ""Er hat einen Motor"", ""Er ist innen hohl"", ""Fische tragen ihn""]",Eis ist leichter als gleich viel flüssiges Wasser. Darum schwimmt es oben.,"Eis schwimmt, weil es leichter ist als Wasser.",Eisberg,,ok
geo_welt,1,"Wie nennt man es, wenn ein Gletscher am Meer einen Eisberg abbrechen lässt?","[""Kalben"", ""Schmelzen"", ""Rutschen"", ""Wachsen""]","Wenn ein Stück vom Gletscher ins Meer abbricht, sagt man: Der Gletscher kalbt.","Ein Gletscher kalbt, wenn ein Eisberg abbricht.",Eisberg,,ok
geo_welt,1,"Wie heissen die flachen, breiten Eisberge in der Antarktis?","[""Tafeleisberge"", ""Spitzeisberge"", ""Kugeleisberge"", ""Turmeisberge""]",In der Antarktis brechen oft flache Eisberge vom Schelfeis ab. Sie sehen aus wie ein Tisch und heissen Tafeleisberge.,Tafeleisberge sind flach wie ein Tisch.,Eisberg,,ok
geo_welt,1,"Was passiert mit einem Eisberg, der in warmes Meer treibt?","[""Er schmilzt"", ""Er wird grösser"", ""Er sinkt sofort"", ""Er wird zu Stein""]",Im wärmeren Wasser schmilzt der Eisberg langsam. Am Ende bleibt nur noch Wasser übrig.,Im warmen Meer schmilzt ein Eisberg.,Eisberg,,ok
geo_welt,1,Womit findet der Eisbär seine Beute oft schon von weit her?,"[""Mit der Nase"", ""Mit den Ohren"", ""Mit dem Schwanz"", ""Mit den Krallen""]",Eisbären haben einen sehr guten Geruchssinn. Sie riechen Robben auch unter dem Schnee.,Der Eisbär hat eine sehr gute Nase.,Eisbär,,ok
geo_welt,1,Was fressen Eisbären am liebsten?,"[""Robben"", ""Bananen"", ""Gras"", ""Pilze""]",Eisbären jagen vor allem Robben auf dem Meereis. Das fette Fleisch gibt ihnen viel Energie.,Eisbären jagen am liebsten Robben.,Eisbär,,ok
geo_welt,1,Welche Farbe hat die Haut eines Eisbären?,"[""Schwarz"", ""Weiss"", ""Rosa"", ""Gelb""]",Unter dem hellen Fell hat der Eisbär eine schwarze Haut. Dunkle Haut nimmt die Wärme der Sonne gut auf.,Ein Eisbär hat eine schwarze Haut unter dem hellen Fell.,Eisbär,,ok
geo_welt,1,Warum ist der Eisbär gut vor Kälte geschützt?,"[""Dickes Fell und Fett"", ""Er trägt Kleider"", ""Er schläft im Feuer"", ""Er hat Federn""]",Der Eisbär hat ein dichtes Fell und eine dicke Fettschicht. Beides hält ihn warm.,Fell und Fett halten den Eisbären warm.,Eisbär,,ok
geo_welt,1,Wo bringt eine Eisbärenmutter ihre Jungen zur Welt?,"[""In einer Schneehöhle"", ""Auf einem Baum"", ""Im Wasser"", ""In einem Nest aus Gras""]",Die Eisbärin gräbt im Winter eine Höhle in den Schnee. Dort kommen die Jungen zur Welt.,Eisbärenbabys kommen in einer Schneehöhle zur Welt.,Eisbär,,ok
geo_welt,1,Kann ein Eisbär gut schwimmen?,"[""Ja, sehr gut"", ""Nein, gar nicht"", ""Nur rückwärts"", ""Nur im Sommer""]",Eisbären sind sehr gute Schwimmer. Sie können lange Strecken von Eisscholle zu Eisscholle schwimmen.,Eisbären sind gute Schwimmer.,Eisbär,,ok
geo_welt,1,"Warum haben es Eisbären schwer, wenn das Meereis schmilzt?","[""Sie jagen auf dem Eis"", ""Sie trinken nur Eis"", ""Sie schlafen nur im Wasser"", ""Sie fressen Schnee""]",Eisbären fangen Robben vom Eis aus. Ohne Meereis finden sie schwerer Futter.,Eisbären brauchen das Meereis für die Jagd.,Eisbär,,ok
geo_welt,1,Wie viele Junge bekommt eine Eisbärin meistens auf einmal?,"[""Zwei"", ""Zehn"", ""Sieben"", ""Zwölf""]","Eine Eisbärin bekommt meistens zwei Junge, manchmal auch nur eines. Sie bleiben über zwei Jahre bei der Mutter.",Eisbärinnen bekommen meistens Zwillinge.,Eisbär,,ok
geo_welt,1,Welcher Pinguin ist der grösste?,"[""Kaiserpinguin"", ""Königspinguin"", ""Zwergpinguin"", ""Eselspinguin""]",Der Kaiserpinguin ist die grösste Pinguinart. Er wird über einen Meter gross.,Der Kaiserpinguin ist der grösste Pinguin.,Kaiserpinguin,,ok
geo_welt,1,Wo lebt der Kaiserpinguin?,"[""In der Antarktis"", ""In der Arktis"", ""In den Alpen"", ""In der Sahara""]",Kaiserpinguine leben nur rund um die Antarktis. Am Nordpol gibt es keine Pinguine.,"Kaiserpinguine leben im Süden, in der Antarktis.",Kaiserpinguin,,ok
geo_welt,1,Wer wärmt beim Kaiserpinguin das Ei?,"[""Der Vater"", ""Die Mutter"", ""Die Grosseltern"", ""Niemand""]",Beim Kaiserpinguin brütet der Vater das Ei aus. Die Mutter geht in dieser Zeit im Meer fressen.,Beim Kaiserpinguin wärmt der Vater das Ei.,Kaiserpinguin,,ok
geo_welt,1,Wo trägt ein Kaiserpinguin sein Ei beim Brüten?,"[""Auf den Füssen"", ""Im Schnabel"", ""Auf dem Rücken"", ""Unter einem Stein""]",Das Ei liegt auf den Füssen des Pinguins. Eine warme Hautfalte am Bauch deckt es zu.,Der Kaiserpinguin wärmt das Ei auf seinen Füssen.,Kaiserpinguin,,ok
geo_welt,1,"Was machen Kaiserpinguine, wenn ein eisiger Sturm kommt?","[""Sie drängen sich eng zusammen"", ""Sie fliegen weg"", ""Sie graben sich in Sand"", ""Sie klettern auf Bäume""]",Viele Kaiserpinguine stehen dicht beieinander und wärmen sich gegenseitig. Sie wechseln immer wieder vom Rand in die warme Mitte.,"Kaiserpinguine wärmen sich, indem sie eng zusammenstehen.",Kaiserpinguin,,ok
geo_welt,1,Kann ein Kaiserpinguin fliegen?,"[""Nein, aber gut schwimmen"", ""Ja, sehr hoch"", ""Ja, aber nur kurz"", ""Nur in der Nacht""]","Pinguine sind Vögel, die nicht fliegen können. Mit ihren Flügeln schwimmen sie aber sehr gut.","Pinguine fliegen nicht, sie schwimmen mit ihren Flügeln.",Kaiserpinguin,,ok
geo_welt,1,Was fressen Kaiserpinguine?,"[""Fische und Tintenfische"", ""Gras und Blätter"", ""Nüsse"", ""Mäuse""]","Kaiserpinguine tauchen im Meer nach Fischen, Tintenfischen und kleinen Krebsen.",Kaiserpinguine holen ihr Futter aus dem Meer.,Kaiserpinguin,,ok
geo_welt,1,Welche Farbe hat ein Kaiserpinguin am Hals?,"[""Gelb-orange"", ""Blau"", ""Grün"", ""Violett""]",Der Kaiserpinguin ist schwarz und weiss. Am Hals und an den Ohren hat er gelb-orange Flecken.,Der Kaiserpinguin hat gelbe Flecken am Hals.,Kaiserpinguin,,ok
geo_welt,1,In welcher Jahreszeit brüten Kaiserpinguine?,"[""Im Winter"", ""Im Sommer"", ""Im Frühling"", ""Im Herbst""]","Kaiserpinguine brüten mitten im eiskalten Winter, wenn es fast immer dunkel ist. Das Ei muss darum gut gewärmt werden.",Kaiserpinguine brüten im kalten Winter.,Kaiserpinguin,,ok
geo_welt,1,Was haben Robben anstelle von Beinen?,"[""Flossen"", ""Hufe"", ""Krallen an langen Beinen"", ""Flügel""]",Robben haben Flossen. Damit schwimmen sie im Wasser sehr gut.,Robben schwimmen mit ihren Flossen.,Robben,,ok
geo_welt,1,Was schützt Robben im eiskalten Wasser vor Kälte?,"[""Eine dicke Speckschicht"", ""Eine Wollmütze"", ""Federn"", ""Ein Panzer""]",Robben haben unter der Haut eine dicke Speckschicht. Diese hält sie warm.,Speck hält Robben im kalten Wasser warm.,Robben,,ok
geo_welt,1,Welche Robbe ist die grösste?,"[""See-Elefant"", ""Seehund"", ""Ringelrobbe"", ""Sattelrobbe""]","Der See-Elefant ist die grösste Robbe. Die Männchen haben eine Nase, die an einen kurzen Rüssel erinnert.",Der See-Elefant ist die grösste Robbe.,Robben,,ok
geo_welt,1,Welche Robbe der Antarktis frisst auch Pinguine?,"[""Seeleopard"", ""Seehund"", ""Kegelrobbe"", ""Mönchsrobbe""]","Der Seeleopard ist ein starker Jäger im Südpolarmeer. Er frisst Fische, Pinguine und sogar andere Robben.",Der Seeleopard jagt Pinguine.,Robben,,ok
geo_welt,1,Warum machen Robben Löcher ins Eis?,"[""Um Luft zu holen"", ""Um zu baden"", ""Um Eis zu essen"", ""Um zu schlafen""]",Robben sind Säugetiere und müssen Luft atmen. Unter dem Eis brauchen sie Atemlöcher.,Robben brauchen Luft und atmen durch Löcher im Eis.,Robben,,ok
geo_welt,1,Was fressen Robben vor allem?,"[""Fische"", ""Gras"", ""Beeren"", ""Körner""]",Robben tauchen im Meer und fangen vor allem Fische. Manche fressen auch Tintenfische oder Krebse.,Robben fressen vor allem Fische.,Robben,,ok
geo_welt,1,Welche Robbe lebt am weitesten im Süden?,"[""Weddellrobbe"", ""Seehund"", ""Kegelrobbe"", ""Mönchsrobbe""]",Die Weddellrobbe lebt an der Küste der Antarktis. Man trifft sie weiter im Süden an als jedes andere Säugetier.,Die Weddellrobbe lebt ganz im Süden.,Robben,,ok
geo_welt,1,Zu welcher Tiergruppe gehören Robben?,"[""Säugetiere"", ""Fische"", ""Vögel"", ""Reptilien""]",Robben sind Säugetiere. Die Jungen trinken Milch von der Mutter.,Robben sind Säugetiere und keine Fische.,Robben,,ok
geo_welt,1,"Was hat ein Walross im Maul, das man gut sehen kann?","[""Zwei lange Stosszähne"", ""Einen Schnabel"", ""Einen Rüssel"", ""Zwei Hörner""]",Das Walross hat zwei lange Stosszähne. Das sind verlängerte Eckzähne.,Das Walross hat zwei lange Stosszähne.,Walross,,ok
geo_welt,1,Wo lebt das Walross?,"[""In der Arktis"", ""In der Antarktis"", ""In Afrika"", ""In den Alpen""]","Walrosse leben im Norden, in der Arktis. In der Antarktis gibt es keine Walrosse.",Walrosse leben im kalten Norden.,Walross,,ok
geo_welt,1,Was frisst ein Walross am liebsten?,"[""Muscheln"", ""Bananen"", ""Gras"", ""Vögel""]",Walrosse suchen am Meeresboden nach Muscheln. Sie saugen das weiche Innere aus der Schale.,Walrosse fressen vor allem Muscheln.,Walross,,ok
geo_welt,1,Wozu braucht ein Walross seine Stosszähne unter anderem?,"[""Um sich aufs Eis zu ziehen"", ""Um Bäume zu fällen"", ""Um Nüsse zu knacken"", ""Um zu fliegen""]",Walrosse hacken ihre Stosszähne ins Eis und ziehen sich daran aus dem Wasser.,Mit den Stosszähnen zieht sich das Walross aufs Eis.,Walross,,ok
geo_welt,1,Womit ertastet das Walross am Meeresboden sein Futter?,"[""Mit den Barthaaren"", ""Mit dem Schwanz"", ""Mit den Ohren"", ""Mit den Augen""]",Das Walross hat viele steife Barthaare. Mit ihnen fühlt es Muscheln im dunklen Wasser.,Das Walross tastet mit seinen Barthaaren.,Walross,,ok
geo_welt,1,Haben beim Walross Männchen und Weibchen Stosszähne?,"[""Ja, beide"", ""Nur die Männchen"", ""Nur die Weibchen"", ""Keines von beiden""]",Männchen und Weibchen haben Stosszähne. Bei den Männchen sind sie meistens länger.,Beim Walross haben Männchen und Weibchen Stosszähne.,Walross,,ok
geo_welt,1,Wie liegen Walrosse oft am Strand oder auf dem Eis?,"[""Dicht in grossen Gruppen"", ""Immer ganz allein"", ""Auf Bäumen"", ""Unter dem Sand""]",Walrosse sind gesellige Tiere. Sie liegen oft dicht nebeneinander in grossen Gruppen.,Walrosse liegen gerne eng in Gruppen.,Walross,,ok
geo_welt,1,Ist ein Walross ein Wal?,"[""Nein, es ist eine Robbe"", ""Ja, ein kleiner Wal"", ""Nein, es ist ein Fisch"", ""Ja, ein Pferd im Meer""]",Trotz seines Namens ist das Walross kein Wal und kein Pferd. Es gehört zu den Robben.,Das Walross gehört zu den Robben.,Walross,,ok
geo_welt,1,Was sind Polarlichter?,"[""Bunte Lichter am Nachthimmel"", ""Lampen am Nordpol"", ""Leuchtende Eisberge"", ""Blitze im Gewitter""]",Polarlichter sind leuchtende Bänder und Schleier am Nachthimmel. Sie bewegen sich oft wie ein Vorhang im Wind.,Polarlichter leuchten bunt am Nachthimmel.,Polarlicht,,ok
geo_welt,1,Welche Farbe haben Polarlichter am häufigsten?,"[""Grün"", ""Braun"", ""Schwarz"", ""Grau""]",Die meisten Polarlichter leuchten grün. Seltener sieht man rote oder violette Farben.,Polarlichter leuchten meistens grün.,Polarlicht,,ok
geo_welt,1,Wie heisst das Polarlicht im Norden?,"[""Nordlicht"", ""Mondlicht"", ""Sternlicht"", ""Blaulicht""]","Polarlichter im Norden heissen Nordlicht. Man sieht sie zum Beispiel in Norwegen, Island oder Kanada.",Im Norden nennt man das Polarlicht Nordlicht.,Polarlicht,,ok
geo_welt,1,"Woher kommen die Teilchen, die Polarlichter zum Leuchten bringen?","[""Von der Sonne"", ""Vom Mond"", ""Aus dem Meer"", ""Aus Vulkanen""]","Die Sonne schleudert winzige Teilchen ins All. Treffen sie hoch oben auf die Luft der Erde, leuchtet der Himmel.",Teilchen von der Sonne lassen die Polarlichter leuchten.,Polarlicht,,ok
geo_welt,1,Wann kann man Polarlichter am besten sehen?,"[""In dunklen Nächten"", ""Am Mittag"", ""Bei Regen am Tag"", ""Bei Sonnenaufgang im Sommer""]","Polarlichter sind nicht sehr hell. Man sieht sie nur, wenn der Himmel dunkel und klar ist.","Polarlichter sieht man in klaren, dunklen Nächten.",Polarlicht,,ok
geo_welt,1,Kann man Polarlichter manchmal auch in der Schweiz sehen?,"[""Ja, aber nur selten"", ""Ja, jede Nacht"", ""Nein, nie"", ""Nur am Tag""]",Bei starken Sonnenstürmen sieht man Polarlichter selten auch in der Schweiz. Das war zum Beispiel im Mai 2024 der Fall.,Ganz selten leuchten Polarlichter auch über der Schweiz.,Polarlicht,,ok
geo_welt,1,Wo sieht man Polarlichter am häufigsten?,"[""Nahe bei den Polen"", ""Am Äquator"", ""In der Wüste"", ""Im Regenwald""]",Polarlichter entstehen vor allem in der Nähe der Pole. Darum heissen sie auch Polarlichter.,Polarlichter sieht man vor allem nahe bei den Polen.,Polarlicht,,ok
geo_welt,1,Wie heisst das Polarlicht im Süden?,"[""Südlicht"", ""Westlicht"", ""Kerzenlicht"", ""Tageslicht""]",Polarlichter rund um den Südpol heissen Südlicht. Man sieht sie zum Beispiel in der Antarktis oder im Süden von Neuseeland.,Im Süden nennt man das Polarlicht Südlicht.,Polarlicht,,ok
geo_welt,1,"Wie heisst das Volk, das seit langer Zeit in der Arktis lebt, zum Beispiel in Grönland und Kanada?","[""Inuit"", ""Massai"", ""Azteken"", ""Wikinger""]","Die Inuit leben seit Jahrhunderten in der Arktis. Sie wohnen in Grönland, Kanada, Alaska und Russland.",Die Inuit sind ein Volk der Arktis.,Inuit,,ok
geo_welt,1,Welches schmale Boot stammt von den Inuit und anderen Völkern der Arktis?,"[""Kajak"", ""Gondel"", ""Floss"", ""Segelschiff""]",Das Kajak wurde von Völkern der Arktis wie den Inuit entwickelt. Früher baute man es aus Holz oder Knochen und Tierhaut.,Das Kajak ist ein Boot der Inuit.,Inuit,,ok
geo_welt,1,Welche Tiere ziehen bei den Inuit traditionell die Schlitten?,"[""Hunde"", ""Pferde"", ""Kühe"", ""Kamele""]",Die Inuit fuhren früher mit Hundeschlitten über Eis und Schnee. Schlittenhunde sind stark und ausdauernd.,Bei den Inuit ziehen Hunde die Schlitten.,Inuit,,ok
geo_welt,1,Wovon lebten die Inuit früher vor allem?,"[""Von der Jagd und dem Fischfang"", ""Vom Ackerbau"", ""Vom Obstanbau"", ""Vom Weinbau""]","In der Arktis wachsen kaum Pflanzen für Ackerbau. Darum jagten die Inuit Robben, Wale und Rentiere und fingen Fische.",Die Inuit lebten von der Jagd und vom Fischfang.,Inuit,,ok
geo_welt,1,Welche Jacke mit Kapuze hat ihren Namen von den Inuit?,"[""Anorak"", ""Weste"", ""Blazer"", ""Mantel""]",Das Wort Anorak stammt aus der Sprache der Inuit. Es ist eine warme Jacke mit Kapuze.,Das Wort Anorak kommt von den Inuit.,Inuit,,ok
geo_welt,1,Woraus machten die Inuit früher ihre warmen Kleider?,"[""Aus Tierfellen"", ""Aus Baumwolle"", ""Aus Seide"", ""Aus Plastik""]",Die Inuit nähten ihre Kleider aus Fellen und Häuten von Tieren. Diese hielten sehr warm.,Die Inuit trugen früher Kleider aus Fell.,Inuit,,ok
geo_welt,1,Woraus baut man ein Iglu?,"[""Aus Schneeblöcken"", ""Aus Holzbrettern"", ""Aus Ziegelsteinen"", ""Aus Stoff""]",Ein Iglu wird aus festen Schneeblöcken gebaut. Die Blöcke werden im Kreis aufeinandergelegt.,Ein Iglu besteht aus Schneeblöcken.,Iglu,,ok
geo_welt,1,Welche Form hat ein Iglu?,"[""Eine Kuppel"", ""Ein Würfel"", ""Ein Turm"", ""Ein Dreieck""]","Ein Iglu ist rund und hat die Form einer Kuppel, wie eine halbe Kugel.",Ein Iglu ist rund wie eine Kuppel.,Iglu,,ok
geo_welt,1,Warum ist es in einem Iglu wärmer als draussen?,"[""Schnee hält die Wärme drinnen"", ""Es hat eine Heizung"", ""Die Sonne scheint hinein"", ""Der Boden ist heiss""]",Im Schnee ist viel Luft eingeschlossen. Darum lässt er die Körperwärme kaum hinaus.,Schnee hält die Wärme im Iglu fest.,Iglu,,ok
geo_welt,1,Wofür benutzten die Inuit ein Iglu oft?,"[""Als Unterkunft auf der Jagd"", ""Als Kirche"", ""Als Schule"", ""Als Stall für Kühe""]","Viele Inuit bauten Iglus als Unterkunft auf langen Jagdreisen im Winter. Sonst wohnten sie oft in Häusern aus Stein, Erde oder Fell.",Iglus dienten oft als Unterkunft auf der Jagd.,Iglu,,ok
geo_welt,1,Warum ist der Eingang eines Iglus oft tief und tunnelartig?,"[""Damit kalte Luft draussen bleibt"", ""Damit Eisbären hineinkommen"", ""Damit es heller wird"", ""Damit Wasser hineinfliesst""]",Kalte Luft ist schwer und bleibt unten. Ein tiefer Eingang hält sie vom Wohnraum fern.,Der tiefe Eingang hält die Kälte draussen.,Iglu,,ok
geo_welt,1,Mit welchem Werkzeug schnitten die Inuit Schneeblöcke für ein Iglu?,"[""Mit einem Schneemesser"", ""Mit einer Schere"", ""Mit einem Hammer"", ""Mit einer Gabel""]",Die Inuit benutzten ein langes Schneemesser aus Knochen oder später aus Metall. Damit schnitten sie die Blöcke aus festem Schnee.,Ein Schneemesser schneidet die Blöcke für ein Iglu.,Iglu,,ok
geo_welt,1,Was ist Schelfeis?,"[""Eine Eisplatte, die auf dem Meer schwimmt"", ""Eis in einem Kühlschrank"", ""Ein gefrorener Bach"", ""Hagel aus einer Wolke""]",Schelfeis ist eine dicke Eisplatte. Sie hängt am Land fest und schwimmt auf dem Meer.,Schelfeis schwimmt auf dem Meer und hängt am Land fest.,Schelfeis,,ok
geo_welt,1,Woher kommt das Eis des Schelfeises?,"[""Von Gletschern auf dem Land"", ""Aus Wolken über dem Meer"", ""Von Eisbären"", ""Aus Flüssen in der Wüste""]",Gletscher fliessen langsam vom Land ins Meer. Dort schwimmt ihr Eis weiter als Schelfeis.,"Schelfeis entsteht aus Gletschern, die ins Meer fliessen.",Schelfeis,,ok
geo_welt,1,Wo gibt es das meiste Schelfeis?,"[""In der Antarktis"", ""In der Schweiz"", ""In Afrika"", ""In Brasilien""]",Rund um die Antarktis gibt es viele grosse Schelfeise. Dort fliesst das Eis vom Kontinent ins Meer.,Das meiste Schelfeis liegt rund um die Antarktis.,Schelfeis,,ok
geo_welt,1,Wie heisst das grösste Schelfeis der Welt?,"[""Ross-Schelfeis"", ""Rhone-Schelfeis"", ""Alpen-Schelfeis"", ""Nil-Schelfeis""]",Das Ross-Schelfeis in der Antarktis ist das grösste Schelfeis. Es ist etwa so gross wie Frankreich.,Das Ross-Schelfeis ist das grösste Schelfeis.,Schelfeis,,ok
geo_welt,1,"Wie gross kann ein Eisberg werden, der vom Schelfeis abbricht?","[""Grösser als der Kanton Zürich"", ""So gross wie ein Fussballfeld"", ""So gross wie ein Haus"", ""So gross wie ein Bus""]","Im Jahr 2017 brach vom Larsen-C-Schelfeis der Eisberg A68 ab. Er war rund 5800 Quadratkilometer gross, also mehr als dreimal so gross wie der Kanton Zürich.",Vom Schelfeis können riesige Eisberge abbrechen.,Schelfeis,,ok
geo_welt,1,Wie dick ist Schelfeis ungefähr?,"[""Hunderte Meter"", ""Ein paar Zentimeter"", ""Ein paar Millimeter"", ""So dick wie ein Buch""]",Schelfeis ist meist einige Hundert Meter dick. Es ist viel dicker als das Meereis.,Schelfeis ist viele Hundert Meter dick.,Schelfeis,,ok
geo_welt,1,Wie sieht der Rand des Schelfeises am Meer oft aus?,"[""Wie eine hohe Eiswand"", ""Wie ein Sandstrand"", ""Wie eine Wiese"", ""Wie ein Wald""]",Der Rand des Schelfeises ragt oft als steile Eiswand aus dem Meer. Sie kann viele Meter hoch sein.,Das Schelfeis endet oft mit einer hohen Eiswand.,Schelfeis,,ok
geo_welt,1,Wo wurde die tiefste Temperatur auf der Erde gemessen?,"[""In der Antarktis"", ""In der Arktis"", ""In Sibirien"", ""Auf dem Mount Everest""]",Die tiefste Temperatur wurde in der Antarktis gemessen. Die Antarktis ist der kälteste Kontinent.,Am kältesten ist es in der Antarktis.,Kälterekord,,ok
geo_welt,1,Wie kalt war es ungefähr beim Kälterekord in der Antarktis?,"[""Minus 89 Grad"", ""Minus 10 Grad"", ""Minus 30 Grad"", ""Minus 200 Grad""]","Im Jahr 1983 wurden in der Antarktis minus 89,2 Grad Celsius gemessen. Das ist die tiefste je an einer Wetterstation gemessene Lufttemperatur.",Der Kälterekord liegt bei fast minus 90 Grad.,Kälterekord,,ok
geo_welt,1,"Wie heisst die Station, an der 1983 der Kälterekord gemessen wurde?","[""Wostok"", ""Jungfraujoch"", ""Säntis"", ""Kapstadt""]",Die russische Forschungsstation Wostok liegt rund 3500 Meter hoch auf dem Eis der Antarktis. Dort wurde 1983 der Kälterekord gemessen.,Der Kälterekord wurde an der Station Wostok gemessen.,Kälterekord,,ok
geo_welt,1,Welche Temperatur ist am kältesten?,"[""Minus 40 Grad"", ""Minus 10 Grad"", ""Null Grad"", ""Plus 5 Grad""]","Je grösser die Zahl nach dem Minus, desto kälter ist es. Minus 40 Grad ist also am kältesten.",Minus 40 Grad ist kälter als minus 10 Grad.,Kälterekord,,ok
geo_welt,1,In welcher Jahreszeit der Antarktis war der Kälterekord von 1983?,"[""Im Winter"", ""Im Sommer"", ""Im Frühling"", ""Im Herbst""]",Der Rekord wurde im Juli 1983 gemessen. Im Juli ist auf der Südhalbkugel Winter.,Der Kälterekord wurde im antarktischen Winter gemessen.,Kälterekord,,ok
geo_welt,1,Warum ist es in der Antarktis noch kälter als in der Arktis?,"[""Sie liegt hoch und ist mit dickem Eis bedeckt"", ""Dort scheint die Sonne immer"", ""Sie liegt am Äquator"", ""Dort gibt es viele Vulkane""]",Die Antarktis ist ein Kontinent mit einer dicken Eisschicht und liegt hoch. In der Arktis wärmt das Meer unter dem Eis ein wenig.,"Die Antarktis ist kälter, weil sie hoch liegt und voller Eis ist.",Kälterekord,,ok
geo_welt,1,Wie heisst das Gebiet rund um den Südpol?,"[""Antarktis"", ""Arktis"", ""Sahara"", ""Amazonas""]",Das Gebiet rund um den Südpol heisst Antarktis. Dort liegt der Kontinent Antarktika.,Die Antarktis liegt ganz im Süden der Erde.,Antarktis,,ok
geo_welt,1,Wohnen in der Antarktis Menschen das ganze Leben lang?,"[""Nein, nur Forschende auf Zeit"", ""Ja, in vielen Städten"", ""Ja, viele Bauern"", ""Ja, ein grosses Volk""]",In der Antarktis gibt es keine Städte und keine ständigen Einwohner. Forschende und ihre Helfer leben dort nur für einige Monate in Stationen.,In der Antarktis leben Menschen nur für eine gewisse Zeit.,Antarktis,,ok
geo_welt,1,Wie heisst das Meer rund um die Antarktis?,"[""Südpolarmeer"", ""Nordsee"", ""Mittelmeer"", ""Ostsee""]",Rund um die Antarktis liegt das Südpolarmeer. Es ist sehr kalt und im Winter zum Teil gefroren.,Die Antarktis ist vom Südpolarmeer umgeben.,Antarktis,,ok
