thema,stufe,frage,antworten,erklaerung,merksatz,quelle,bild,status
g_neuzeit,3,Welche Folge der Agrarrevolution förderte die Industrialisierung in England?,"[""Freigesetzte Landarbeiter zogen als Arbeitskräfte in die Städte"", ""Die Städte verloren an Bevölkerung"", ""Die Lebensmittelpreise stiegen auf das Zehnfache"", ""Der Adel gab seinen Landbesitz auf""]","Höhere Erträge ernährten mehr Menschen, während weniger Arbeitskräfte auf dem Land nötig waren. Viele suchten Arbeit in den neuen Fabriken.",Die Agrarrevolution lieferte Nahrung und Arbeitskräfte für die Industrie.,Agrarrevolution,,ok
g_neuzeit,3,Wie funktionierte das Verlagssystem in der Textilherstellung?,"[""Ein Unternehmer lieferte Rohstoffe, Heimarbeiter verarbeiteten sie gegen Lohn"", ""Bauern verkauften ihre Stoffe selbst auf dem Markt"", ""Zünfte stellten alle Waren in Werkstätten her"", ""Fabriken mit Dampfmaschinen produzierten in Massen""]","Der Verleger «legte vor», also er stellte Rohmaterial und oft Geräte zur Verfügung. Er übernahm später die fertige Ware und verkaufte sie weiter.",Im Verlagssystem arbeiteten Heimarbeiter im Auftrag eines Verlegers.,Verlagssystem,,ok
g_neuzeit,3,Welcher Historiker prägte 1972 den Begriff «Protoindustrialisierung»?,"[""Franklin Mendels"", ""Eric Hobsbawm"", ""Max Weber"", ""Fernand Braudel""]","Mendels beschrieb damit ländliche Heimindustrie, die für ferne Märkte produzierte. Er sah sie als Vorstufe der Industrialisierung.",Franklin Mendels prägte den Begriff Protoindustrialisierung.,Verlagssystem,,ok
g_neuzeit,3,"Wie nannte man in der Schweiz die Zwischenhändler, die im Verlagswesen Rohstoffe verteilten und fertige Ware einsammelten?","[""Fergger"", ""Säumer"", ""Krämer"", ""Hausierer""]",Die Fergger standen zwischen dem Verleger und den Heimarbeitern auf dem Land. Sie waren etwa in der Ostschweizer Textilindustrie verbreitet.,Fergger vermittelten in der Schweiz zwischen Verlegern und Heimarbeitern.,Verlagssystem,,ok
g_neuzeit,3,Welcher Toggenburger beschrieb im 18. Jahrhundert sein Leben als Garnhändler und Weber in einer berühmten Autobiografie?,"[""Ulrich Bräker"", ""Johann Heinrich Pestalozzi"", ""Jeremias Gotthelf"", ""Albrecht von Haller""]",Bräker schrieb «Lebensgeschichte und natürliche Ebentheuer des Armen Mannes im Tockenburg». Das Buch gibt Einblick in die ländliche Heimindustrie.,Ulrich Bräker erzählte vom Leben eines armen Webers im Toggenburg.,Verlagssystem,,ok
g_neuzeit,3,Welcher Aufstand von 1844 machte das Elend der Heimweber im Verlagssystem in ganz Europa bekannt?,"[""Der Weberaufstand in Schlesien"", ""Der Bauernkrieg in der Schweiz"", ""Der Ludditenaufstand in Lyon"", ""Die Märzrevolution in Wien""]",Die schlesischen Weber protestierten gegen sinkende Löhne der Verleger. Gerhart Hauptmann verarbeitete die Ereignisse im Drama «Die Weber».,Der schlesische Weberaufstand von 1844 zeigte die Not der Heimweber.,Verlagssystem,,ok
g_neuzeit,3,Warum war das Verlagssystem für Bauernfamilien in Gebieten wie dem Zürcher Oberland attraktiv?,"[""Es bot Zusatzverdienst zur kargen Landwirtschaft"", ""Es befreite sie von allen Steuern"", ""Es gab ihnen eigene Fabriken"", ""Es garantierte feste Löhne auf Lebenszeit""]",Auf den kleinen Höfen reichte der Ertrag oft nicht zum Leben. Spinnen und Weben in der Stube brachte zusätzliches Geld.,Heimarbeit war für viele Bauernfamilien ein wichtiger Nebenverdienst.,Verlagssystem,,ok
g_neuzeit,3,Wie hiess das arbeitsteilige Heimarbeitssystem in der Uhrenindustrie des Schweizer Juras?,"[""Etablissage"", ""Manufaktur"", ""Taylorismus"", ""Gilde""]",Ein Etablisseur kaufte Einzelteile bei spezialisierten Heimarbeitern und liess sie zusammensetzen. Erst später setzten sich Uhrenfabriken durch.,In der Jura-Uhrenindustrie herrschte lange die Etablissage.,Verlagssystem,,ok
g_neuzeit,3,Welche Branchen prägten die zweite industrielle Revolution ab etwa 1870 besonders?,"[""Elektrotechnik und Chemie"", ""Textilien und Kohle"", ""Landwirtschaft und Bergbau"", ""Holzbau und Glasbläserei""]","Während die erste industrielle Revolution auf Dampf, Kohle und Textilien beruhte, kamen nun Elektrizität und Chemie hinzu. Dazu entstanden grosse Konzerne mit Forschungslabors.",Elektrotechnik und Chemie trieben die zweite industrielle Revolution an.,Zweite industrielle Revolution,,ok
g_neuzeit,3,Welches deutsche Unternehmen wurde 1883 als «Deutsche Edison-Gesellschaft» gegründet?,"[""AEG"", ""Siemens"", ""Bosch"", ""BASF""]",Emil Rathenau erwarb Lizenzen für Edisons Glühlampe und gründete die Gesellschaft. 1887 erhielt sie den Namen Allgemeine Elektricitäts-Gesellschaft.,Die AEG entstand aus der Deutschen Edison-Gesellschaft.,Zweite industrielle Revolution,,ok
g_neuzeit,3,Welchem Chemiker gelang 1880 die erste Synthese des Farbstoffs Indigo?,"[""Adolf von Baeyer"", ""Justus von Liebig"", ""Fritz Haber"", ""Robert Bunsen""]",Baeyer stellte Indigo im Labor künstlich her. Die BASF brachte synthetisches Indigo 1897 auf den Markt und verdrängte so den Anbau der Indigopflanze.,Adolf von Baeyer machte Indigo künstlich herstellbar.,Zweite industrielle Revolution,,ok
g_neuzeit,3,Womit begann die Basler Chemieindustrie im 19. Jahrhundert?,"[""Mit der Herstellung synthetischer Farbstoffe"", ""Mit der Produktion von Sprengstoff"", ""Mit der Raffinierung von Erdöl"", ""Mit der Herstellung von Kunststoffen""]","Firmen wie Geigy, Ciba und Sandoz stellten zunächst Teerfarben für die Textilindustrie her. Später verlegten sie sich auf Pharmazeutika.",Die Basler Chemie begann mit Farbstoffen aus Teer.,Zweite industrielle Revolution,,ok
g_neuzeit,3,Welches Verfahren ermöglichte ab 1913 die industrielle Herstellung von Ammoniak für Kunstdünger?,"[""Das Haber-Bosch-Verfahren"", ""Das Bessemer-Verfahren"", ""Das Solvay-Verfahren"", ""Das Siemens-Martin-Verfahren""]","Fritz Haber entwickelte die Synthese aus Stickstoff und Wasserstoff, Carl Bosch machte sie bei der BASF industriell nutzbar. Das Verfahren steigerte die Ernten weltweit.",Das Haber-Bosch-Verfahren macht Stickstoff aus der Luft für Dünger nutzbar.,Zweite industrielle Revolution,,ok
g_neuzeit,3,"Welches Ereignis von 1891 bewies, dass sich Strom über weite Strecken übertragen lässt?","[""Die Drehstromübertragung von Lauffen nach Frankfurt"", ""Die erste Glühbirne von Edison"", ""Die Eröffnung der Gotthardbahn"", ""Die erste Telefonleitung in Zürich""]",Über rund 175 Kilometer wurde Drehstrom an die Elektrotechnische Ausstellung in Frankfurt geleitet. Die Maschinenfabrik Oerlikon war daran massgeblich beteiligt.,1891 zeigte die Leitung Lauffen-Frankfurt die Fernübertragung von Strom.,Zweite industrielle Revolution,,ok
g_neuzeit,3,Welches Verfahren von Henry Bessemer machte ab 1856 Stahl billig in grossen Mengen herstellbar?,"[""Das Blasen von Luft durch flüssiges Roheisen"", ""Das Schmelzen von Eisen mit Holzkohle"", ""Das Schmieden von Eisen von Hand"", ""Das Giessen von Bronze in Formen""]",Im Bessemer-Konverter verbrennt die eingeblasene Luft den überschüssigen Kohlenstoff im Roheisen. So entstand in wenigen Minuten Stahl.,Das Bessemer-Verfahren machte Stahl zum Massenprodukt.,Zweite industrielle Revolution,,ok
g_neuzeit,3,In welchem Jahr führte Henry Ford das bewegliche Fliessband in seinem Werk Highland Park ein?,"[""1913"", ""1896"", ""1908"", ""1927""]","Ab 1913 bewegte sich das Fahrzeug zum Arbeiter statt umgekehrt. Die Montagezeit eines Fahrgestells sank von über 12 Stunden auf rund 1,5 Stunden.",Ford führte 1913 das bewegliche Fliessband ein.,Fordismus,,ok
g_neuzeit,3,Welches Automodell baute Ford ab 1908 in Massenproduktion?,"[""Das Modell T"", ""Das Modell A"", ""Den Käfer"", ""Den Mustang""]",Bis 1927 wurden rund 15 Millionen Exemplare der «Tin Lizzie» hergestellt. Das Auto wurde dadurch für breite Schichten erschwinglich.,Das Modell T war das erste Massenauto.,Fordismus,,ok
g_neuzeit,3,"Was führte Ford 1914 ein, um seine Arbeiter zu halten und zu Kunden zu machen?","[""Einen Tageslohn von 5 Dollar"", ""Eine Gewinnbeteiligung von 50 Prozent"", ""Die Viertagewoche"", ""Ein Gratisauto für alle""]","Der Lohn verdoppelte sich damit ungefähr. Die hohe Fluktuation in den Werken sank, und die Arbeiter konnten sich eher ein Auto leisten.",Fords Fünf-Dollar-Tag verband Massenproduktion mit Massenkonsum.,Fordismus,,ok
g_neuzeit,3,Auf welchem Konzept der «wissenschaftlichen Betriebsführung» baute der Fordismus auf?,"[""Taylorismus"", ""Toyotismus"", ""Merkantilismus"", ""Keynesianismus""]",Frederick Winslow Taylor zerlegte Arbeit in kleinste Schritte und mass deren Zeit. Ford verband diese Idee mit dem Fliessband.,Der Fordismus übernahm die Arbeitszerlegung des Taylorismus.,Fordismus,,ok
g_neuzeit,3,Welcher Denker prägte den Begriff «Fordismus» in seinen Gefängnisheften?,"[""Antonio Gramsci"", ""Karl Marx"", ""Max Weber"", ""John Maynard Keynes""]",Gramsci schrieb im faschistischen Italien über «Amerikanismus und Fordismus». Er sah darin eine neue Form von Arbeit und Gesellschaft.,Antonio Gramsci gab dem Fordismus seinen Namen.,Fordismus,,ok
g_neuzeit,3,Welcher Film von Charlie Chaplin aus dem Jahr 1936 karikiert die Fliessbandarbeit?,"[""«Moderne Zeiten»"", ""«Der grosse Diktator»"", ""«Goldrausch»"", ""«Lichter der Grossstadt»""]","Chaplin spielt einen Arbeiter, der am Fliessband Schrauben anzieht und schliesslich in die Maschine gerät. Der Film zeigt die Eintönigkeit der Arbeit.",«Moderne Zeiten» zeigt die Kehrseite der Fliessbandarbeit.,Fordismus,,ok
g_neuzeit,3,Wodurch zeichnet sich der Fordismus als Wirtschaftsmodell neben dem Fliessband aus?,"[""Massenproduktion standardisierter Güter und Massenkonsum"", ""Handarbeit in kleinen Stückzahlen"", ""Produktion ausschliesslich für den Export"", ""Verzicht auf Maschinen und Lohnarbeit""]","Grosse Stückzahlen senkten die Kosten pro Stück, höhere Löhne schufen Kaufkraft. Dieses Modell prägte die Industrieländer bis in die 1970er-Jahre.",Der Fordismus verbindet Massenproduktion mit Massenkonsum.,Fordismus,,ok
g_neuzeit,3,"In welcher Stadt begann am 9. Mai 1873 der Börsenkrach, der den Gründerkrach auslöste?","[""Wien"", ""Berlin"", ""London"", ""Paris""]",An der Wiener Börse stürzten die Kurse nach einer Phase wilder Spekulation ein. Der Tag ging als «Schwarzer Freitag» in die Geschichte ein.,Der Gründerkrach begann im Mai 1873 an der Wiener Börse.,Gründerkrach,,ok
g_neuzeit,3,Welche Zahlungen Frankreichs heizten nach 1871 den Gründerboom im Deutschen Reich an?,"[""Kriegsentschädigungen von 5 Milliarden Francs"", ""Kredite für den Bau des Suezkanals"", ""Zinsen aus Kolonialanleihen"", ""Einnahmen aus der Weltausstellung""]",Nach dem Deutsch-Französischen Krieg musste Frankreich im Frankfurter Frieden hohe Reparationen zahlen. Das viele Geld floss in Spekulation und Firmengründungen.,Französische Reparationen lösten nach 1871 einen Gründerboom aus.,Gründerkrach,,ok
g_neuzeit,3,Welche Weltausstellung fand im Jahr des Gründerkrachs statt?,"[""Die Weltausstellung in Wien"", ""Die Weltausstellung in Paris"", ""Die Weltausstellung in London"", ""Die Weltausstellung in Chicago""]","Die Wiener Weltausstellung wurde am 1. Mai 1873 eröffnet. Wenige Tage später brach die Börse ein, und die erwarteten Besucherzahlen blieben aus.",Der Gründerkrach überschattete die Wiener Weltausstellung 1873.,Gründerkrach,,ok
g_neuzeit,3,Wie nennt man die lange Phase schwachen Wachstums und sinkender Preise nach 1873?,"[""Grosse Depression"", ""Belle Époque"", ""Gründerzeit"", ""Goldene Zwanziger""]","Die Zeit bis etwa 1896 wird oft Grosse oder Lange Depression genannt. Die Preise fielen, doch die Industrieproduktion wuchs teilweise weiter.",Nach 1873 folgte eine lange Phase der Wirtschaftsflaute.,Gründerkrach,,ok
g_neuzeit,3,Mit welcher Wirtschaftspolitik reagierte Bismarck 1879 auf die Krise nach dem Gründerkrach?,"[""Mit Schutzzöllen auf Getreide und Eisen"", ""Mit der Abschaffung aller Zölle"", ""Mit der Verstaatlichung der Banken"", ""Mit der Einführung des Euro""]",Landwirte und Schwerindustrie forderten Schutz vor billiger ausländischer Konkurrenz. Der Zolltarif von 1879 beendete die Freihandelsphase im Deutschen Reich.,Bismarck setzte nach dem Gründerkrach auf Schutzzölle.,Gründerkrach,,ok
g_neuzeit,3,Welche Bank brach im September 1873 in den USA zusammen und löste dort die Panik von 1873 aus?,"[""Jay Cooke & Company"", ""J.P. Morgan & Co."", ""Lehman Brothers"", ""Goldman Sachs""]",Die Bank hatte sich bei der Finanzierung der Northern Pacific Railway übernommen. Ihr Zusammenbruch führte zur vorübergehenden Schliessung der New Yorker Börse.,Auch in den USA löste 1873 ein Bankenzusammenbruch eine Krise aus.,Gründerkrach,,ok
g_neuzeit,3,Was war eine wichtige Ursache des Gründerkrachs?,"[""Eine Spekulationsblase mit überbewerteten neuen Aktiengesellschaften"", ""Eine Missernte in ganz Europa"", ""Ein Krieg zwischen Österreich und Russland"", ""Die Einführung des Papiergeldes""]","Nach Lockerungen im Aktienrecht wurden zahllose Gesellschaften gegründet, oft mit überhöhten Bewertungen. Als das Vertrauen schwand, fielen die Kurse massiv.",Der Gründerkrach folgte auf eine Spekulationsblase mit Aktien.,Gründerkrach,,ok
g_neuzeit,3,Was bedeutet ein Goldstandard für eine Währung?,"[""Die Währung ist in einem festen Verhältnis in Gold einlösbar"", ""Alle Münzen bestehen aus reinem Gold"", ""Gold ist als Zahlungsmittel verboten"", ""Der Goldpreis wird täglich neu festgelegt""]","Die Notenbank garantiert, Banknoten zu einem festen Kurs in Gold umzutauschen. Dadurch ist die Geldmenge an die Goldreserven gebunden.",Beim Goldstandard ist Geld an einen festen Goldwert gebunden.,Goldstandard,,ok
g_neuzeit,3,Welches Land ging im 18. und frühen 19. Jahrhundert als erstes zum Goldstandard über?,"[""Grossbritannien"", ""Frankreich"", ""Die Schweiz"", ""Die USA""]","Isaac Newton legte 1717 als Münzmeister einen Goldpreis fest, der Grossbritannien faktisch zum Goldstandard führte. Gesetzlich wurde er 1816 eingeführt.",Grossbritannien war Vorreiter des Goldstandards.,Goldstandard,,ok
g_neuzeit,3,Mit welchen Mitteln stellte das Deutsche Reich in den 1870er-Jahren auf den Goldstandard um?,"[""Mit französischen Reparationszahlungen"", ""Mit Gold aus deutschen Kolonien"", ""Mit Krediten aus den USA"", ""Mit Gold aus Schweizer Bergwerken""]",Die Reparationen nach dem Krieg von 1870/71 ermöglichten den Kauf von Gold. Die neue Mark löste die verschiedenen Silberwährungen ab.,Die Mark des Deutschen Reichs beruhte ab den 1870er-Jahren auf Gold.,Goldstandard,,ok
g_neuzeit,3,Wann endete die gesetzliche Goldbindung des Schweizer Frankens?,"[""Im Jahr 2000"", ""Im Jahr 1936"", ""Im Jahr 1971"", ""Im Jahr 1914""]","Mit dem neuen Währungsgesetz, das am 1. Mai 2000 in Kraft trat, wurde die Goldbindung aufgehoben. Die neue Bundesverfassung von 1999 hatte den Weg dafür geöffnet.",Der Franken verlor seine gesetzliche Goldbindung im Jahr 2000.,Goldstandard,,ok
g_neuzeit,3,Welches Ereignis beendete die Phase des klassischen Goldstandards?,"[""Der Ausbruch des Ersten Weltkriegs 1914"", ""Die Französische Revolution 1789"", ""Der Wiener Kongress 1815"", ""Die Gründung der UNO 1945""]","Die Kriegsparteien hoben die Einlösungspflicht auf, um den Krieg mit neuem Geld zu finanzieren. Spätere Versuche einer Rückkehr hielten nicht lange.",Der Erste Weltkrieg beendete den klassischen Goldstandard.,Goldstandard,,ok
g_neuzeit,3,In welchem Jahr gab Grossbritannien den Goldstandard in der Weltwirtschaftskrise auf?,"[""1931"", ""1925"", ""1919"", ""1945""]",Grossbritannien war 1925 unter Finanzminister Winston Churchill zur Goldbindung zurückgekehrt. Im September 1931 musste es sie nach Kapitalabflüssen wieder aufgeben.,Grossbritannien verliess den Goldstandard 1931.,Goldstandard,,ok
g_neuzeit,3,"Welcher schottische Philosoph beschrieb 1752, wie Goldströme zwischen Ländern Handelsbilanzen automatisch ausgleichen?","[""David Hume"", ""Adam Ferguson"", ""John Locke"", ""Thomas Hobbes""]","Nach Hume senkt ein Goldabfluss im Inland die Preise, was die Exporte verbilligt und wieder Gold ins Land bringt. Man nennt dies den Preis-Geldmengen-Mechanismus.",David Hume erklärte den Ausgleichsmechanismus des Goldes.,Goldstandard,,ok
g_neuzeit,3,"In welchem Land liegt der Ort Bretton Woods, wo 1944 die Währungskonferenz stattfand?","[""In den USA"", ""In Grossbritannien"", ""In Kanada"", ""In der Schweiz""]",Die Konferenz fand im Juli 1944 in einem Hotel in Bretton Woods im Bundesstaat New Hampshire statt. Delegierte aus 44 Staaten nahmen teil.,Die Konferenz von Bretton Woods tagte 1944 in den USA.,Bretton-Woods-System,,ok
g_neuzeit,3,Zu welchem festen Preis war der US-Dollar im Bretton-Woods-System an Gold gebunden?,"[""35 Dollar pro Feinunze"", ""20 Dollar pro Feinunze"", ""50 Dollar pro Feinunze"", ""100 Dollar pro Feinunze""]","Die USA verpflichteten sich, Dollar von ausländischen Notenbanken zu diesem Preis in Gold einzutauschen. Die anderen Währungen hatten feste Kurse zum Dollar.",Im Bretton-Woods-System kostete eine Unze Gold 35 Dollar.,Bretton-Woods-System,,ok
g_neuzeit,3,Welche beiden Organisationen wurden an der Konferenz von Bretton Woods beschlossen?,"[""Internationaler Währungsfonds und Weltbank"", ""UNO und NATO"", ""WTO und OECD"", ""EZB und BIZ""]","Der Internationale Währungsfonds sollte Zahlungsbilanzprobleme überbrücken, die Weltbank den Wiederaufbau finanzieren. Beide haben ihren Sitz in Washington.",In Bretton Woods entstanden der IWF und die Weltbank.,Bretton-Woods-System,,ok
g_neuzeit,3,Welcher britische Ökonom vertrat in Bretton Woods sein Land und schlug eine Weltwährung namens Bancor vor?,"[""John Maynard Keynes"", ""Friedrich August von Hayek"", ""Milton Friedman"", ""David Ricardo""]",Keynes wollte eine internationale Verrechnungseinheit schaffen. Durchgesetzt hat sich jedoch weitgehend der Plan des Amerikaners Harry Dexter White mit dem Dollar im Zentrum.,Keynes schlug in Bretton Woods den Bancor als Weltwährung vor.,Bretton-Woods-System,,ok
g_neuzeit,3,Welcher US-Präsident hob 1971 die Goldeinlösepflicht für den Dollar auf?,"[""Richard Nixon"", ""John F. Kennedy"", ""Lyndon B. Johnson"", ""Gerald Ford""]",Am 15. August 1971 schloss Nixon das «Goldfenster». Dieser «Nixon-Schock» leitete das Ende des Bretton-Woods-Systems ein.,Der Nixon-Schock von 1971 beendete die Goldbindung des Dollars.,Bretton-Woods-System,,ok
g_neuzeit,3,"Wie heisst der Widerspruch, dass die Welt viele Dollar brauchte, diese aber das Vertrauen in die Goldeinlösung untergruben?","[""Triffin-Dilemma"", ""Gresham-Gesetz"", ""Phillips-Kurve"", ""Laffer-Kurve""]","Robert Triffin zeigte 1960, dass die USA für die Versorgung der Welt mit Dollar Defizite machen mussten. Je mehr Dollar im Umlauf waren, desto weniger deckten die Goldreserven sie.",Das Triffin-Dilemma beschreibt die eingebaute Schwäche von Bretton Woods.,Bretton-Woods-System,,ok
g_neuzeit,3,Wann trat die Schweiz dem Internationalen Währungsfonds bei?,"[""1992"", ""1946"", ""1971"", ""2002""]",Die Stimmberechtigten nahmen den Beitritt zu IWF und Weltbank im Mai 1992 in einer Volksabstimmung an. Am Bretton-Woods-System hatte sich die Schweiz zuvor nur indirekt beteiligt.,Die Schweiz ist seit 1992 Mitglied des IWF.,Bretton-Woods-System,,ok
g_neuzeit,3,Welcher Krieg löste im Oktober 1973 die erste Ölpreiskrise aus?,"[""Der Jom-Kippur-Krieg"", ""Der Sechstagekrieg"", ""Der Vietnamkrieg"", ""Der Erste Golfkrieg""]",Ägypten und Syrien griffen Israel an. Arabische Erdölstaaten drosselten danach die Förderung und verhängten ein Embargo gegen Unterstützer Israels.,Die Ölkrise von 1973 folgte auf den Jom-Kippur-Krieg.,Ölpreiskrise,,ok
g_neuzeit,3,Wie viele autofreie Sonntage verordnete der Bundesrat Ende 1973 wegen der Ölkrise?,"[""Drei"", ""Einen"", ""Fünf"", ""Zehn""]","Im November und Dezember 1973 blieben die Strassen an drei Sonntagen für Autos gesperrt. Viele Menschen nutzten sie zum Spazieren, Velofahren oder Rollschuhlaufen.",Die Schweiz erlebte 1973 drei autofreie Sonntage.,Ölpreiskrise,,ok
g_neuzeit,3,Der Ölpreis stieg 1973/74 von rund 3 auf rund 12 Dollar pro Fass. Um wie viel Prozent stieg er?,"[""300 Prozent"", ""400 Prozent"", ""75 Prozent"", ""120 Prozent""]","Die Zunahme beträgt 12 minus 3, also 9 Dollar. 9 geteilt durch 3 ergibt 3, also 300 Prozent; der Preis hat sich damit vervierfacht.",Eine Vervierfachung entspricht einer Zunahme um 300 Prozent.,Ölpreiskrise,,ok
g_neuzeit,3,Welche Organisation von Erdölstaaten wurde 1960 in Bagdad gegründet?,"[""OPEC"", ""OECD"", ""NATO"", ""IEA""]",Die Organisation erdölexportierender Länder sollte die Ölpolitik ihrer Mitglieder abstimmen. Ihr Sitz ist heute in Wien.,Die OPEC entstand 1960 in Bagdad.,Ölpreiskrise,,ok
g_neuzeit,3,"Wie nennt man die Kombination von Stagnation und hoher Inflation, die nach 1973 viele Industrieländer traf?","[""Stagflation"", ""Deflation"", ""Hyperinflation"", ""Rezession ohne Teuerung""]","Die teure Energie liess die Preise steigen, während Produktion und Beschäftigung sanken. Die gängigen Rezepte der Wirtschaftspolitik wirkten kaum.",Stagflation verbindet Stillstand der Wirtschaft mit Teuerung.,Ölpreiskrise,,ok
g_neuzeit,3,"Wie viele Liter fasst ein Barrel, die übliche Masseinheit für Rohöl?","[""Rund 159 Liter"", ""Rund 100 Liter"", ""Rund 200 Liter"", ""Rund 50 Liter""]","Ein amerikanisches Ölfass entspricht 42 Gallonen, also etwa 159 Litern. Ölpreise werden bis heute in Dollar pro Barrel angegeben.",Ein Barrel Rohöl fasst rund 159 Liter.,Ölpreiskrise,,ok
g_neuzeit,3,Welche Organisation gründeten die Industrieländer 1974 als Reaktion auf die Ölkrise?,"[""Die Internationale Energieagentur"", ""Die Welthandelsorganisation"", ""Die Europäische Zentralbank"", ""Den Internationalen Währungsfonds""]","Die IEA sollte die Energieversorgung ihrer Mitglieder sichern, etwa durch gemeinsame Notvorräte. Die Schweiz gehört zu den Gründungsmitgliedern.",Die IEA entstand 1974 als Antwort auf die Ölkrise.,Ölpreiskrise,,ok
g_neuzeit,3,Von wann bis wann war Margaret Thatcher britische Premierministerin?,"[""1979 bis 1990"", ""1970 bis 1974"", ""1983 bis 1997"", ""1990 bis 1997""]",Thatcher war die erste Frau in diesem Amt. Ihre Politik der Privatisierung und Deregulierung wurde als Thatcherismus bekannt.,Margaret Thatcher regierte Grossbritannien von 1979 bis 1990.,Neoliberalismus,,ok
g_neuzeit,3,Wie nennt man die Wirtschaftspolitik von US-Präsident Ronald Reagan?,"[""Reaganomics"", ""New Deal"", ""Great Society"", ""Fair Deal""]","Reagan setzte auf Steuersenkungen, Deregulierung und eine straffe Geldpolitik. Gleichzeitig stiegen die Rüstungsausgaben und das Staatsdefizit.",Reagans Wirtschaftspolitik heisst Reaganomics.,Neoliberalismus,,ok
g_neuzeit,3,"Wo wurde 1947 die Mont Pèlerin Society gegründet, ein wichtiges Netzwerk neoliberaler Denker?","[""In der Schweiz"", ""In den USA"", ""In Österreich"", ""In Grossbritannien""]",Friedrich August von Hayek lud Ökonomen und Philosophen in ein Hotel am Mont Pèlerin oberhalb von Vevey ein. Die Gesellschaft besteht bis heute.,Die Mont Pèlerin Society wurde 1947 in der Schweiz gegründet.,Neoliberalismus,,ok
g_neuzeit,3,Welches Buch veröffentlichte Friedrich August von Hayek 1944?,"[""«Der Weg zur Knechtschaft»"", ""«Kapitalismus und Freiheit»"", ""«Allgemeine Theorie der Beschäftigung»"", ""«Die offene Gesellschaft»""]","Hayek warnte darin, dass staatliche Planwirtschaft zum Verlust der Freiheit führe. Das Buch wurde zu einem Grundlagentext des Neoliberalismus.",Hayek warnte in «Der Weg zur Knechtschaft» vor der Planwirtschaft.,Neoliberalismus,,ok
g_neuzeit,3,Mit welcher Universität ist der Ökonom Milton Friedman und seine monetaristische Schule eng verbunden?,"[""University of Chicago"", ""Harvard University"", ""University of Oxford"", ""London School of Economics""]",Friedman lehrte jahrzehntelang in Chicago und erhielt 1976 den Wirtschaftsnobelpreis. Die Chicagoer Schule betonte freie Märkte und die Steuerung der Geldmenge.,Milton Friedman prägte die Chicagoer Schule.,Neoliberalismus,,ok
g_neuzeit,3,Welches Staatsunternehmen privatisierte die Regierung Thatcher 1984 mit einem grossen Aktienverkauf?,"[""British Telecom"", ""British Rail"", ""Royal Mail"", ""BBC""]",Der Verkauf der Telefongesellschaft war damals der grösste Börsengang der Welt. Viele Privatpersonen kauften erstmals Aktien.,Die Privatisierung von British Telecom 1984 wurde zum Symbol des Thatcherismus.,Neoliberalismus,,ok
g_neuzeit,3,Wie wird die Deregulierung des Londoner Finanzplatzes vom 27. Oktober 1986 genannt?,"[""Big Bang"", ""Black Monday"", ""Brexit"", ""Big Deal""]","Feste Kommissionen fielen weg, und der elektronische Handel ersetzte das Parkett. London wurde dadurch zu einem der wichtigsten Finanzplätze der Welt.",Der Big Bang von 1986 deregulierte den Finanzplatz London.,Neoliberalismus,,ok
g_neuzeit,3,Wie hiess das 1989 formulierte Bündel neoliberaler Reformempfehlungen für Entwicklungsländer?,"[""Washington Consensus"", ""Marshallplan"", ""Agenda 2010"", ""Lissabon-Strategie""]","Der Ökonom John Williamson fasste darin Forderungen von IWF, Weltbank und US-Regierung zusammen. Dazu gehörten Haushaltsdisziplin, Privatisierung und Handelsliberalisierung.",Der Washington Consensus fasste neoliberale Reformen zusammen.,Neoliberalismus,,ok
g_neuzeit,3,In welchem Zeitraum erreichte die Hexenverfolgung in Mitteleuropa ihren Höhepunkt?,"[""Etwa 1560 bis 1630"", ""Etwa 1150 bis 1250"", ""Etwa 1350 bis 1400"", ""Etwa 1750 bis 1800""]","Die grossen Verfolgungswellen fielen nicht ins Mittelalter, sondern in die Frühe Neuzeit. Besonders zwischen etwa 1560 und 1630 kam es zu Massenprozessen.",Die Hexenverfolgung war vor allem ein Phänomen der Frühen Neuzeit.,Hexenverfolgung,,ok
g_neuzeit,3,"Wie heisst das 1486 erschienene Werk von Heinrich Kramer, das die Hexenverfolgung theoretisch rechtfertigte?","[""Hexenhammer"", ""Sachsenspiegel"", ""Cautio Criminalis"", ""Narrenschiff""]","Der «Malleus Maleficarum», auf Deutsch «Hexenhammer», beschrieb angebliche Hexerei und das Vorgehen dagegen. Dank Buchdruck wurde er weit verbreitet.",Der Hexenhammer von 1486 lieferte eine Anleitung zur Hexenverfolgung.,Hexenverfolgung,,ok
g_neuzeit,3,Wer gilt als die letzte in Europa als «Hexe» hingerichtete Person?,"[""Anna Göldi"", ""Jeanne d'Arc"", ""Agnes Bernauer"", ""Katharina Kepler""]","Anna Göldi wurde 1782 in Glarus hingerichtet, offiziell wegen Vergiftung, faktisch als Hexe. 2008 wurde sie vom Glarner Landrat rehabilitiert.",Anna Göldi aus Glarus gilt als letzte hingerichtete Hexe Europas.,Hexenverfolgung,,ok
g_neuzeit,3,"Welche Probe sollte zeigen, ob jemand eine Hexe war, indem man die gefesselte Person ins Wasser warf?","[""Wasserprobe"", ""Feuerprobe"", ""Nadelprobe"", ""Waageprobe""]","Wer an der Oberfläche trieb, galt als schuldig, weil das reine Wasser den Teufelsbund abweise. Die Probe war auch unter Juristen der Zeit umstritten.",Die Wasserprobe war ein grausames Gottesurteil der Hexenverfolgung.,Hexenverfolgung,,ok
g_neuzeit,3,Welche Strafgerichtsordnung Kaiser Karls V. von 1532 bildete im Reich die rechtliche Grundlage vieler Hexenprozesse?,"[""Constitutio Criminalis Carolina"", ""Goldene Bulle"", ""Wormser Konkordat"", ""Ewiger Landfriede""]",Die «Carolina» regelte das Strafverfahren und auch den Einsatz der Folter. Zauberei mit Schaden wurde darin mit dem Feuertod bedroht.,Die Carolina von 1532 war das Strafgesetz des Heiligen Römischen Reichs.,Hexenverfolgung,,ok
g_neuzeit,3,Welcher Anteil der als Hexen Hingerichteten waren nach heutigen Schätzungen Frauen?,"[""Rund drei Viertel"", ""Rund ein Zehntel"", ""Rund ein Viertel"", ""Fast genau die Hälfte""]",Etwa 75 bis 80 Prozent der Opfer waren Frauen. In manchen Regionen wurden aber auch viele Männer verurteilt.,Die meisten Opfer der Hexenverfolgung waren Frauen.,Hexenverfolgung,,ok
g_neuzeit,3,In welcher Region der heutigen Schweiz fanden um 1428 einige der frühesten Hexenprozesse Europas statt?,"[""Wallis"", ""Thurgau"", ""Schaffhausen"", ""Appenzell""]","Im Wallis kam es ab etwa 1428 zu Verfolgungen, bei denen erstmals das Bild der Hexensekte auftauchte. Die Westschweiz gehörte zu den frühen Zentren der Verfolgung.",Das Wallis war ein frühes Zentrum der Hexenprozesse.,Hexenverfolgung,,ok
g_neuzeit,3,Was kennzeichnet die zweite Phase des Modells des demografischen Übergangs?,"[""Sterberate sinkt, Geburtenrate bleibt hoch"", ""Geburtenrate sinkt, Sterberate bleibt hoch"", ""Beide Raten sind niedrig"", ""Beide Raten steigen stark an""]","In der frühen Transformationsphase senken bessere Ernährung und Hygiene die Sterblichkeit. Die Geburtenrate bleibt zunächst hoch, deshalb wächst die Bevölkerung stark.",In der zweiten Phase öffnet sich die Schere zwischen Geburten und Todesfällen.,Demografischer Übergang,,ok
g_neuzeit,3,Wie nennt man im Modell des demografischen Übergangs den Abstand zwischen Geburten- und Sterberate?,"[""Bevölkerungsschere"", ""Generationenvertrag"", ""Alterspyramide"", ""Fertilitätsfalle""]",Die Differenz der beiden Raten ergibt das natürliche Bevölkerungswachstum. In der Übergangsphase ist diese Schere besonders weit geöffnet.,"Je weiter die Bevölkerungsschere offen ist, desto stärker wächst die Bevölkerung.",Demografischer Übergang,,ok
g_neuzeit,3,"Welcher Gelehrte warnte 1798, die Bevölkerung wachse schneller als die Nahrungsmittelproduktion?","[""Thomas Robert Malthus"", ""Adam Smith"", ""David Ricardo"", ""John Stuart Mill""]","Malthus meinte, die Bevölkerung wachse geometrisch, die Nahrung nur arithmetisch. Hungerkrisen seien deshalb unvermeidlich.",Malthus sah im Bevölkerungswachstum eine Gefahr für die Ernährung.,Demografischer Übergang,,ok
g_neuzeit,3,"Wie hoch muss die durchschnittliche Kinderzahl pro Frau in Industrieländern etwa sein, damit eine Bevölkerung ohne Zuwanderung stabil bleibt?","[""Etwa 2,1"", ""Etwa 1,4"", ""Etwa 3,0"", ""Etwa 1,0""]","Dieses Ersatzniveau liegt etwas über 2, weil nicht alle Kinder das Erwachsenenalter erreichen. Die Schweiz liegt seit Jahrzehnten deutlich darunter.","Das Ersatzniveau liegt bei rund 2,1 Kindern pro Frau.",Demografischer Übergang,,ok
g_neuzeit,3,Welcher Faktor trug im 19. Jahrhundert besonders zum Rückgang der Sterberate in Europa bei?,"[""Bessere Ernährung und Hygiene"", ""Einführung der Antibiotika"", ""Einführung des Insulins"", ""Abschaffung der Schulpflicht""]","Höhere Agrarerträge, sauberes Wasser und Kanalisation senkten die Sterblichkeit. Antibiotika wurden erst im 20. Jahrhundert verbreitet eingesetzt.",Ernährung und Hygiene senkten im 19. Jahrhundert die Sterblichkeit.,Demografischer Übergang,,ok
g_neuzeit,3,Was kennzeichnet die späte Phase des demografischen Übergangs in heutigen Industrieländern?,"[""Niedrige Geburten- und Sterberaten"", ""Hohe Geburten- und Sterberaten"", ""Hohe Geburten-, niedrige Sterberate"", ""Niedrige Geburten-, hohe Sterberate""]","Am Ende des Übergangs sind beide Raten tief, das Wachstum ist gering oder negativ. Die Gesellschaft altert dadurch.",Am Ende des demografischen Übergangs altert die Gesellschaft.,Demografischer Übergang,,ok
g_neuzeit,3,Welcher amerikanische Demograf formulierte 1929 als Erster das Grundmuster des demografischen Übergangs?,"[""Warren Thompson"", ""Alfred J. Lotka"", ""Thorstein Veblen"", ""Irving Fisher""]",Warren Thompson beschrieb 1929 verschiedene Ländergruppen mit typischen Geburten- und Sterbemustern. Frank Notestein baute das Modell später aus.,Warren Thompson legte 1929 den Grundstein für das Modell.,Demografischer Übergang,,ok
g_neuzeit,3,Welche Insel bei New York diente ab 1892 als zentrale Einwanderungsstation der USA?,"[""Ellis Island"", ""Long Island"", ""Staten Island"", ""Rikers Island""]",Über Ellis Island wurden bis 1954 rund 12 Millionen Menschen abgefertigt. Heute ist dort ein Einwanderungsmuseum.,Ellis Island war das Tor der Einwanderer nach Amerika.,Auswanderung nach Amerika,,ok
g_neuzeit,3,Welche Siedlung in Wisconsin wurde 1845 von Auswanderern aus einem Schweizer Kanton gegründet?,"[""New Glarus"", ""New Bern"", ""New Ulm"", ""New Zurich""]",Glarner Familien flohen vor Armut und Arbeitslosigkeit in der Textilindustrie. New Glarus pflegt bis heute Schweizer Traditionen.,New Glarus in Wisconsin wurde von Glarner Auswanderern gegründet.,Auswanderung nach Amerika,,ok
g_neuzeit,3,"Welches US-Gesetz von 1862 versprach Siedlern rund 160 Acres Land, wenn sie es bewirtschafteten?","[""Homestead Act"", ""Monroe-Doktrin"", ""Indian Removal Act"", ""Northwest Ordinance""]","Wer das Land fünf Jahre lang bewirtschaftete, wurde Eigentümer. Das lockte viele europäische Auswanderer in den Westen.",Der Homestead Act lockte Siedler mit kostenlosem Land.,Auswanderung nach Amerika,,ok
g_neuzeit,3,Welches Ereignis löste in den Jahren 1845 bis 1849 eine Massenauswanderung aus Irland aus?,"[""Grosse Hungersnot durch Kartoffelfäule"", ""Napoleonische Kriege"", ""Erster Weltkrieg"", ""Pestepidemie""]","Ein Pilz vernichtete mehrmals die Kartoffelernte, das Hauptnahrungsmittel. Rund eine Million Menschen starben, Millionen wanderten aus.",Die Kartoffelfäule trieb viele Iren nach Amerika.,Auswanderung nach Amerika,,ok
g_neuzeit,3,"Wie nannte man die politischen Flüchtlinge, die nach der gescheiterten Revolution von 1848 in die USA gingen?","[""Forty-Eighters"", ""Pilgrim Fathers"", ""Loyalisten"", ""Carpetbaggers""]",Liberale und Demokraten wie Carl Schurz flohen vor der Verfolgung. In den USA engagierten sich viele gegen die Sklaverei.,"Die Forty-Eighters waren Revolutionäre von 1848, die nach Amerika flohen.",Auswanderung nach Amerika,,ok
g_neuzeit,3,Welche Hungerkrise nach dem Ausbruch des Vulkans Tambora löste 1816 und 1817 eine Auswanderungswelle aus der Schweiz aus?,"[""Das Jahr ohne Sommer"", ""Die Kleine Eiszeit um 1300"", ""Die Grosse Depression"", ""Die Kontinentalsperre""]","Die Asche des Tambora kühlte 1816 das Klima ab, Ernten fielen aus. In der Ostschweiz herrschte bittere Hungersnot.",Nach dem Jahr ohne Sommer wanderten viele Schweizer aus.,Auswanderung nach Amerika,,ok
g_neuzeit,3,Welche Hafenstadt an der Wesermündung war im 19. Jahrhundert ein wichtiger Auswandererhafen?,"[""Bremerhaven"", ""Rotterdam"", ""Le Havre"", ""Danzig""]",Von Bremerhaven aus reisten Millionen Menschen nach Übersee. Heute erinnert dort das Deutsche Auswandererhaus daran.,Bremerhaven war ein grosser Auswandererhafen an der Weser.,Auswanderung nach Amerika,,ok
g_neuzeit,3,Was verkürzte in der zweiten Hälfte des 19. Jahrhunderts die Überfahrt nach Amerika deutlich?,"[""Der Einsatz von Dampfschiffen"", ""Der Bau des Panamakanals"", ""Die ersten Linienflüge"", ""Die Eröffnung des Suezkanals""]",Segelschiffe brauchten oft sechs Wochen oder mehr. Dampfer schafften die Strecke in wenigen Tagen bis etwa zwei Wochen.,Dampfschiffe machten die Atlantiküberquerung schneller und sicherer.,Auswanderung nach Amerika,,ok
g_neuzeit,3,"Wie nennt man die bürgerliche Schicht, die sich vor allem über Universitätsbildung definierte, etwa Ärzte, Juristen und Professoren?","[""Bildungsbürgertum"", ""Kleinbürgertum"", ""Wirtschaftsbürgertum"", ""Landadel""]",Das Bildungsbürgertum bezog sein Ansehen aus Wissen und Kultur. Das Wirtschaftsbürgertum stützte sich dagegen auf Besitz und Unternehmen.,Das Bildungsbürgertum definierte sich über Bildung statt über Herkunft.,Bürgertum,,ok
g_neuzeit,3,"Wie heisst die Epoche zwischen 1815 und 1848, die für bürgerliche Häuslichkeit und Rückzug ins Private steht?","[""Biedermeier"", ""Barock"", ""Gründerzeit"", ""Jugendstil""]","Unter der Restauration zogen sich viele Bürger aus der Politik ins Familienleben zurück. Möbel, Hausmusik und Gemütlichkeit prägten den Stil.",Das Biedermeier steht für bürgerliche Häuslichkeit.,Bürgertum,,ok
g_neuzeit,3,Welche politische Richtung des Bürgertums stellte im Schweizer Bundesstaat von 1848 bis 1891 alle Bundesräte?,"[""Der Freisinn"", ""Die Katholisch-Konservativen"", ""Die Sozialdemokraten"", ""Die Bauernpartei""]",Liberale und Radikale hatten den Sonderbundskrieg gewonnen und den Bundesstaat geprägt. Erst 1891 wurde mit Josef Zemp ein Katholisch-Konservativer gewählt.,Der Freisinn prägte als Partei des Bürgertums den jungen Bundesstaat.,Bürgertum,,ok
g_neuzeit,3,Welches Rollenbild prägte die bürgerliche Familie im 19. Jahrhundert?,"[""Mann im Beruf, Frau im Haushalt"", ""Beide Eltern in der Fabrik"", ""Kinder als Hauptverdiener"", ""Frau im Beruf, Mann im Haushalt""]",Das Bürgertum trennte die öffentliche Sphäre des Mannes von der privaten Sphäre der Frau. Dieses Ideal konnten sich Arbeiterfamilien meist nicht leisten.,Die bürgerliche Familie trennte Erwerbsarbeit und Haushalt nach Geschlecht.,Bürgertum,,ok
g_neuzeit,3,Welcher Roman von Thomas Mann aus dem Jahr 1901 schildert den Niedergang einer Lübecker Kaufmannsfamilie?,"[""Buddenbrooks"", ""Der Zauberberg"", ""Effi Briest"", ""Der Untertan""]",Der Roman zeigt über vier Generationen den Verfall einer bürgerlichen Familie. Thomas Mann erhielt 1929 den Literaturnobelpreis.,Buddenbrooks erzählt vom Verfall einer Kaufmannsfamilie.,Bürgertum,,ok
g_neuzeit,3,Welches Musikinstrument galt im bürgerlichen Salon des 19. Jahrhunderts als typisches Statussymbol?,"[""Das Klavier"", ""Die Drehleier"", ""Das Alphorn"", ""Die Mundharmonika""]",Ein Klavier im Wohnzimmer zeigte Wohlstand und Bildung. Töchter erhielten oft Klavierunterricht als Teil der Erziehung.,Das Klavier war ein Zeichen bürgerlicher Bildung.,Bürgertum,,ok
g_neuzeit,3,Welche Organisationsform war für das gesellige und politische Leben des Bürgertums im 19. Jahrhundert besonders typisch?,"[""Der Verein"", ""Die Zunft"", ""Das Kloster"", ""Die Gilde der Ritter""]","Turn-, Gesangs- und Schützenvereine verbanden Geselligkeit mit nationalen und liberalen Ideen. In der Schweiz stärkten eidgenössische Feste das Nationalgefühl.",Das 19. Jahrhundert war das Jahrhundert der Vereine.,Bürgertum,,ok
g_neuzeit,3,Wie bezeichnete Marx die Herrschaft der Arbeiterklasse in der Übergangszeit nach einer Revolution?,"[""Diktatur des Proletariats"", ""Herrschaft der Räte"", ""Volksdemokratie"", ""Aufgeklärter Absolutismus""]","Nach Marx sollte das Proletariat die Macht übernehmen, um die alte Klassenordnung zu beseitigen. Am Ende stehe eine klassenlose Gesellschaft.",Die Diktatur des Proletariats war für Marx eine Übergangsphase.,Karl Marx,,ok
g_neuzeit,3,Welche zwei Klassen stehen sich laut Kommunistischem Manifest in der modernen Gesellschaft gegenüber?,"[""Bourgeoisie und Proletariat"", ""Adel und Klerus"", ""Bauern und Handwerker"", ""Beamte und Soldaten""]",Nach Marx und Engels spaltet sich die bürgerliche Gesellschaft in Besitzer der Produktionsmittel und Lohnarbeiter. Ihr Gegensatz treibe die Geschichte voran.,Im Manifest kämpfen Bourgeoisie und Proletariat gegeneinander.,Karl Marx,,ok
g_neuzeit,3,"Welcher Philosoph prägte den jungen Marx so stark, dass dieser dessen Dialektik materialistisch umdeutete?","[""Georg Wilhelm Friedrich Hegel"", ""Immanuel Kant"", ""Arthur Schopenhauer"", ""Friedrich Nietzsche""]","Marx gehörte in Berlin zu den Junghegelianern. Er übernahm Hegels Dialektik, ersetzte aber den Geist durch die materiellen Verhältnisse als Triebkraft.",Marx stellte Hegels Dialektik vom Kopf auf die Füsse.,Karl Marx,,ok
g_neuzeit,3,"Wie bezeichnete Marx den Wert, den Arbeiter über ihren Lohn hinaus schaffen und den der Kapitalist behält?","[""Mehrwert"", ""Grenznutzen"", ""Tauschzins"", ""Kapitalrente""]",Nach Marx erhalten Arbeiter nur den Gegenwert ihrer Arbeitskraft. Den darüber hinaus geschaffenen Wert eignet sich der Unternehmer an.,Der Mehrwert ist nach Marx die Quelle des Profits.,Karl Marx,,ok
g_neuzeit,3,"Welche Zeitung leitete Karl Marx 1842 und 1843, bevor sie von der Zensur verboten wurde?","[""Rheinische Zeitung"", ""Neue Zürcher Zeitung"", ""Vossische Zeitung"", ""Allgemeine Zeitung""]",Als Chefredaktor kritisierte Marx die preussische Regierung scharf. Nach dem Verbot ging er nach Paris.,Marx begann seine Laufbahn als Journalist bei der Rheinischen Zeitung.,Karl Marx,,ok
g_neuzeit,3,"Wie heisst die Geschichtsauffassung von Marx, nach der die wirtschaftlichen Verhältnisse die Gesellschaft prägen?","[""Historischer Materialismus"", ""Deutscher Idealismus"", ""Positivismus"", ""Sozialdarwinismus""]","Nach Marx bestimmt die Produktionsweise Politik, Recht und Kultur. Geschichte erscheint als Abfolge von Klassenkämpfen.",Der historische Materialismus erklärt Geschichte aus der Wirtschaft.,Karl Marx,,ok
g_neuzeit,3,"Wie nennt Marx den Zustand, in dem Arbeiter dem Produkt ihrer Arbeit und sich selbst fremd werden?","[""Entfremdung"", ""Verdinglichung der Natur"", ""Akkumulation"", ""Aufhebung""]","In den Pariser Manuskripten von 1844 beschrieb Marx, dass der Arbeiter über sein Produkt nicht verfügt. Die Arbeit werde so zur blossen Pflicht statt zur Selbstverwirklichung.",Entfremdung ist ein Schlüsselbegriff des jungen Marx.,Karl Marx,,ok
g_neuzeit,3,Wie wurden die Beiträge zur deutschen Krankenversicherung von 1883 aufgeteilt?,"[""Zwei Drittel Arbeiter, ein Drittel Arbeitgeber"", ""Alles bezahlte der Staat"", ""Je die Hälfte Staat und Kirche"", ""Alles bezahlten die Arbeitgeber""]","Die Versicherten trugen zwei Drittel, die Arbeitgeber ein Drittel der Beiträge. Der Staat beteiligte sich nicht direkt.",Die Arbeiter bezahlten den Grossteil ihrer Krankenversicherung selbst.,Bismarcksche Sozialgesetzgebung,,ok
g_neuzeit,3,Welches Gesetz von 1878 bildete die «Peitsche» zu Bismarcks Sozialpolitik?,"[""Sozialistengesetz"", ""Kulturkampfgesetz"", ""Ermächtigungsgesetz"", ""Kanzelparagraph""]",Das Sozialistengesetz verbot sozialdemokratische Vereine und Zeitungen. Mit Sozialversicherungen als «Zuckerbrot» wollte Bismarck die Arbeiter vom Sozialismus abbringen.,Bismarck kombinierte Unterdrückung und Sozialreform.,Bismarcksche Sozialgesetzgebung,,ok
g_neuzeit,3,Ab welchem Alter erhielten Arbeiter nach dem Gesetz von 1889 ursprünglich eine Altersrente?,"[""Ab 70 Jahren"", ""Ab 60 Jahren"", ""Ab 62 Jahren"", ""Ab 65 Jahren""]","Die Altersgrenze lag zunächst bei 70 Jahren, was nur wenige erreichten. 1916 wurde sie auf 65 Jahre gesenkt.",Die erste deutsche Altersrente gab es erst ab 70 Jahren.,Bismarcksche Sozialgesetzgebung,,ok
g_neuzeit,3,Wer finanzierte die Unfallversicherung von 1884 im Deutschen Reich?,"[""Allein die Arbeitgeber"", ""Allein die Arbeitnehmer"", ""Allein der Staat"", ""Die Kirchgemeinden""]",Die Unternehmer zahlten über Berufsgenossenschaften die Beiträge. Dafür waren sie von der Haftung bei Arbeitsunfällen weitgehend befreit.,Die Unfallversicherung wurde von den Arbeitgebern bezahlt.,Bismarcksche Sozialgesetzgebung,,ok
g_neuzeit,3,Welche Erklärung Kaiser Wilhelms I. kündigte 1881 die Sozialversicherungen an?,"[""Kaiserliche Botschaft"", ""Emser Depesche"", ""Krüger-Depesche"", ""Hunnenrede""]",Die Kaiserliche Botschaft vom November 1881 gilt als Gründungsurkunde der deutschen Sozialversicherung. Bismarck hatte sie massgeblich vorbereitet.,Die Kaiserliche Botschaft von 1881 kündigte die Sozialversicherung an.,Bismarcksche Sozialgesetzgebung,,ok
g_neuzeit,3,Welches Schweizer Bundesgesetz von 1877 begrenzte die Arbeitszeit in Fabriken auf 11 Stunden pro Tag?,"[""Eidgenössisches Fabrikgesetz"", ""Obligationenrecht"", ""Zivilgesetzbuch"", ""AHV-Gesetz""]",Das Fabrikgesetz verbot zudem Fabrikarbeit für Kinder unter 14 Jahren. Es galt als eines der fortschrittlichsten Arbeiterschutzgesetze Europas.,Das Fabrikgesetz von 1877 schützte Schweizer Fabrikarbeiter.,Bismarcksche Sozialgesetzgebung,,ok
g_neuzeit,3,In welchem Jahr trat in der Schweiz die AHV in Kraft?,"[""1948"", ""1918"", ""1925"", ""1972""]","Das Volk nahm das AHV-Gesetz 1947 deutlich an, am 1. Januar 1948 trat es in Kraft. Der Verfassungsartikel dazu stammte bereits von 1925.",Die Schweizer AHV gibt es seit 1948.,Bismarcksche Sozialgesetzgebung,,ok
g_neuzeit,3,"Welche Pioniere gründeten 1844 in England eine Konsumgenossenschaft, die als Vorbild der modernen Genossenschaften gilt?","[""Die Weber von Rochdale"", ""Die Bergleute von Wales"", ""Die Fischer von Dover"", ""Die Bauern von Kent""]",Die «Rochdale Society of Equitable Pioneers» verkaufte Lebensmittel zu fairen Preisen an Mitglieder. Ihre Grundsätze prägen Genossenschaften bis heute.,Die Rochdale-Pioniere begründeten die moderne Konsumgenossenschaft.,Genossenschaft,,ok
g_neuzeit,3,"Wer gründete im 19. Jahrhundert ländliche Darlehenskassen, um Bauern vor Wucherern zu schützen?","[""Friedrich Wilhelm Raiffeisen"", ""Hermann Schulze-Delitzsch"", ""Robert Owen"", ""Ferdinand Lassalle""]",Raiffeisen war Bürgermeister im Westerwald und erlebte die Not der Bauern. Seine Kassen beruhten auf Selbsthilfe und gemeinsamer Haftung.,Raiffeisen gründete Spar- und Darlehenskassen für Bauern.,Genossenschaft,,ok
g_neuzeit,3,Wo wurde 1900 die erste Raiffeisenkasse der Schweiz gegründet?,"[""In Bichelsee im Thurgau"", ""In Zürich-Wiedikon"", ""In Bern-Bümpliz"", ""In Lausanne""]",Pfarrer Johann Traber gründete die Kasse in Bichelsee nach deutschem Vorbild. Daraus entstand die heutige Raiffeisen-Gruppe.,Die erste Schweizer Raiffeisenkasse entstand 1900 in Bichelsee.,Genossenschaft,,ok
g_neuzeit,3,Welcher Grundsatz gilt bei Abstimmungen in einer klassischen Genossenschaft?,"[""Ein Mitglied, eine Stimme"", ""Eine Aktie, eine Stimme"", ""Der Vorstand entscheidet allein"", ""Stimmen nach Kapitalanteil""]",Anders als bei einer Aktiengesellschaft zählt nicht das eingesetzte Kapital. Jedes Mitglied hat gleich viel Mitspracherecht.,In der Genossenschaft hat jedes Mitglied eine Stimme.,Genossenschaft,,ok
g_neuzeit,3,"Wer gilt als Begründer der gewerblichen Kreditgenossenschaften, aus denen die Volksbanken hervorgingen?","[""Hermann Schulze-Delitzsch"", ""Friedrich Wilhelm Raiffeisen"", ""Wilhelm Emmanuel von Ketteler"", ""Ernst Abbe""]",Schulze-Delitzsch richtete sich an Handwerker und Kleingewerbetreibende in den Städten. Er setzte konsequent auf Selbsthilfe ohne Staatshilfe.,Schulze-Delitzsch begründete die städtischen Volksbanken.,Genossenschaft,,ok
g_neuzeit,3,In welchem Jahr wandelte Gottlieb Duttweiler die Migros in Genossenschaften um?,"[""1941"", ""1925"", ""1957"", ""1970""]",Die Migros wurde 1925 als Aktiengesellschaft gegründet. 1941 schenkte Duttweiler sie seinen Kundinnen und Kunden in Form von Genossenschaften.,Seit 1941 ist die Migros genossenschaftlich organisiert.,Genossenschaft,,ok
g_neuzeit,3,Welche Auszeichnung erhielt die Genossenschaftsidee 2016 durch die UNESCO?,"[""Immaterielles Kulturerbe"", ""Weltnaturerbe"", ""Friedensnobelpreis"", ""Weltdokumentenerbe""]",Die Idee und Praxis der Genossenschaften wurde auf Antrag Deutschlands in die Liste des immateriellen Kulturerbes aufgenommen. Damit wurde sie als erstes deutsches Element dort eingetragen.,Die Genossenschaftsidee ist immaterielles Kulturerbe der Menschheit.,Genossenschaft,,ok
g_neuzeit,3,"Wie bewies John Snow 1854 in London, dass Cholera über das Wasser übertragen wird?","[""Er kartierte Fälle um eine Wasserpumpe"", ""Er fand den Erreger im Mikroskop"", ""Er impfte Freiwillige gegen Cholera"", ""Er untersuchte infizierte Ratten""]","Snow zeichnete die Todesfälle in Soho auf einer Karte ein, sie häuften sich um die Pumpe in der Broad Street. Nach Entfernung des Pumpenschwengels ging die Epidemie zurück.",John Snow entdeckte mit einer Karte den Zusammenhang von Cholera und Trinkwasser.,Cholera,,ok
g_neuzeit,3,Welcher deutsche Arzt wies 1883 den Cholera-Erreger nach und machte ihn bekannt?,"[""Robert Koch"", ""Rudolf Virchow"", ""Paul Ehrlich"", ""Emil von Behring""]","Robert Koch fand das Bakterium bei einer Expedition nach Ägypten und Indien. Der Italiener Filippo Pacini hatte es schon 1854 beschrieben, blieb aber unbeachtet.",Robert Koch machte den Cholera-Erreger bekannt.,Cholera,,ok
g_neuzeit,3,Warum war die Cholera-Epidemie von 1892 in Hamburg viel schlimmer als im benachbarten Altona?,"[""Hamburg filterte sein Trinkwasser nicht"", ""Altona lag in den Bergen"", ""Hamburg hatte keine Ärzte"", ""Altona hatte eine Impfpflicht""]","Hamburg entnahm ungefiltertes Elbwasser, Altona hatte eine Sandfilteranlage. In Hamburg starben rund 8600 Menschen.",Sauberes Trinkwasser schützte Altona 1892 vor der Cholera.,Cholera,,ok
g_neuzeit,3,Welcher Münchner Arzt gilt als Begründer der wissenschaftlichen Hygiene und erhielt 1865 den ersten Lehrstuhl dafür?,"[""Max von Pettenkofer"", ""Ignaz Semmelweis"", ""Joseph Lister"", ""Louis Pasteur""]",Pettenkofer setzte sich für Kanalisation und saubere Wasserversorgung ein. Er bezweifelte allerdings Kochs Erregertheorie und trank 1892 sogar eine Cholerakultur.,Max von Pettenkofer machte Hygiene zur Wissenschaft.,Cholera,,ok
g_neuzeit,3,Welches Ereignis von 1858 führte in London zum Bau eines modernen Kanalisationssystems?,"[""Der Grosse Gestank"", ""Der Grosse Brand"", ""Die Grosse Flut"", ""Der Grosse Smog""]","Im heissen Sommer 1858 stank die verschmutzte Themse unerträglich. Danach baute Joseph Bazalgette ein Abwassersystem, das auch die Cholera eindämmte.",Der Grosse Gestank brachte London eine moderne Kanalisation.,Cholera,,ok
g_neuzeit,3,In welchem Kanton starben 1867 bei einer Cholera-Epidemie über 500 Menschen?,"[""Zürich"", ""Basel-Stadt"", ""Aargau"", ""Genf""]",Die Cholera wurde 1867 über Italien eingeschleppt und traf im Kanton Zürich vor allem ärmere Bevölkerungskreise. Die Epidemie verstärkte die Forderungen nach Reformen im Gesundheitswesen.,Die Cholera von 1867 traf den Kanton Zürich besonders schwer.,Cholera,,ok
g_neuzeit,3,Aus welcher Region breitete sich die Cholera ab 1817 in mehreren Pandemien bis nach Europa aus?,"[""Bengalen in Indien"", ""Westafrika"", ""Südamerika"", ""Sibirien""]",Die erste Cholera-Pandemie begann 1817 im Gangesdelta. Ab 1830 erreichte die Krankheit auch Europa.,Die Cholera kam im 19. Jahrhundert aus Indien nach Europa.,Cholera,,ok
g_neuzeit,3,Warum erhielt die Grippepandemie von 1918 den Namen «Spanische Grippe»?,"[""Spaniens Presse berichtete unzensiert"", ""Sie brach in Madrid aus"", ""Spanische Soldaten brachten sie"", ""Ein spanischer Arzt entdeckte sie""]","Das neutrale Spanien zensierte die Berichte nicht, anders als die Krieg führenden Staaten. Deshalb schien die Krankheit dort besonders verbreitet.",Die Spanische Grippe stammte nicht aus Spanien.,Spanische Grippe,,ok
g_neuzeit,3,Wie viele Menschen starben in der Schweiz zwischen Juli 1918 und Juni 1919 an der Spanischen Grippe?,"[""Rund 24'500"", ""Rund 2'500"", ""Rund 120'000"", ""Rund 450'000""]","Laut Historischem Lexikon der Schweiz starben 24'449 Personen, etwa 0,6 Prozent der Bevölkerung. Rund 2 Millionen Menschen erkrankten.",Die Spanische Grippe war die grösste demografische Katastrophe der Schweiz im 20. Jahrhundert.,Spanische Grippe,,ok
g_neuzeit,3,Welche Altersgruppe war bei der Spanischen Grippe ungewöhnlich stark von Todesfällen betroffen?,"[""Junge Erwachsene von 20 bis 40"", ""Kleinkinder unter 2 Jahren"", ""Menschen über 80 Jahre"", ""Schulkinder von 6 bis 10""]","Normalerweise sterben an Grippe vor allem Alte und Kleinkinder. 1918 traf es besonders junge Erwachsene, was die Sterbekurve W-förmig machte.",Die Spanische Grippe tötete auffallend viele junge Erwachsene.,Spanische Grippe,,ok
g_neuzeit,3,Welcher Subtyp des Influenzavirus verursachte die Spanische Grippe?,"[""H1N1"", ""H5N1"", ""H3N2"", ""H7N9""]",Forscher rekonstruierten das Virus aus Gewebeproben von Opfern. Es handelte sich um ein Influenza-A-Virus vom Typ H1N1.,Die Spanische Grippe wurde von einem H1N1-Virus ausgelöst.,Spanische Grippe,,ok
g_neuzeit,3,Welches politische Ereignis in der Schweiz fiel im November 1918 mit der zweiten Grippewelle zusammen?,"[""Der Landesstreik"", ""Der Sonderbundskrieg"", ""Die Gründung der SUVA"", ""Die Einführung des Frauenstimmrechts""]","Für den Ordnungsdienst eingesetzte Soldaten erkrankten massenhaft, Hunderte starben. Bürgertum und Arbeiterschaft gaben sich gegenseitig die Schuld.",Landesstreik und Grippe verschärften 1918 die Spannungen in der Schweiz.,Spanische Grippe,,ok
g_neuzeit,3,Welche Welle der Spanischen Grippe war die tödlichste?,"[""Die zweite Welle im Herbst 1918"", ""Die erste Welle im Frühling 1918"", ""Die dritte Welle im Sommer 1920"", ""Eine Welle im Winter 1916""]",Die erste Welle im Frühling verlief meist mild. Im Herbst 1918 kehrte das Virus deutlich gefährlicher zurück.,Die zweite Welle im Herbst 1918 forderte die meisten Opfer.,Spanische Grippe,,ok
g_neuzeit,3,Welche Massnahmen ergriffen Schweizer Kantone 1918 gegen die Ausbreitung der Grippe?,"[""Schulschliessungen und Versammlungsverbote"", ""Impfpflicht für alle Erwachsenen"", ""Antibiotika für alle Kranken"", ""Schliessung der Landesgrenzen für Waren""]","Schulen, Kinos und Kirchen wurden vielerorts geschlossen, Veranstaltungen verboten. Impfstoffe und Antibiotika gab es damals noch nicht.",Gegen die Grippe von 1918 halfen nur Abstand und Verbote.,Spanische Grippe,,ok
g_neuzeit,3,Welcher Artikel der Bundesverfassung von 1874 verlangte einen obligatorischen und unentgeltlichen Primarunterricht?,"[""Artikel 27"", ""Artikel 1"", ""Artikel 89"", ""Artikel 120""]","Artikel 27 schrieb einen genügenden, obligatorischen und in öffentlichen Schulen unentgeltlichen Primarunterricht unter staatlicher Leitung vor. Die Schulhoheit blieb aber bei den Kantonen.",Die Bundesverfassung von 1874 machte die Primarschule obligatorisch und gratis.,Schulpflicht,,ok
g_neuzeit,3,"Welche Vorlage lehnte das Schweizer Stimmvolk 1882 ab, weil es eine Bundesaufsicht über die Schulen befürchtete?","[""Den Schulvogt"", ""Die Schulreform Pestalozzis"", ""Das Gymnasialgesetz"", ""Die Bildungsartikel""]",Geplant war ein Bundessekretär für das Schulwesen. Konservative bekämpften den «Schulvogt» als Angriff auf kantonale und kirchliche Rechte.,Der Schulvogt scheiterte 1882 deutlich an der Urne.,Schulpflicht,,ok
g_neuzeit,3,Welche Umfrage liess der helvetische Bildungsminister 1799 über alle Schulen der Schweiz durchführen?,"[""Die Stapfer-Enquête"", ""Die Escher-Umfrage"", ""Die Pestalozzi-Studie"", ""Die PISA-Erhebung""]","Philipp Albert Stapfer liess Lehrer über Schulhäuser, Schülerzahlen und Lohn befragen. Die Antworten sind eine einmalige Quelle zur Schulgeschichte.",Die Stapfer-Enquête zeigt den Zustand der Schulen um 1800.,Schulpflicht,,ok
g_neuzeit,3,Welche Prüfungen machten ab 1875 die Bildungsunterschiede zwischen den Kantonen öffentlich sichtbar?,"[""Pädagogische Rekrutenprüfungen"", ""Eidgenössische Maturitätsprüfungen"", ""Kantonale Lehrerprüfungen"", ""Universitäre Aufnahmeprüfungen""]","Junge Männer wurden bei der Aushebung in Lesen, Schreiben, Rechnen und Vaterlandskunde geprüft. Die Kantone wurden danach in Ranglisten verglichen.",Die Rekrutenprüfungen verglichen das Bildungsniveau der Kantone.,Schulpflicht,,ok
g_neuzeit,3,Mit welchem Erlass führte Friedrich II. 1763 in Preussen die allgemeine Schulpflicht für Landkinder ein?,"[""Generallandschulreglement"", ""Allgemeines Landrecht"", ""Edikt von Potsdam"", ""Toleranzedikt""]",Das Reglement verpflichtete Kinder vom 5. bis zum 13. oder 14. Lebensjahr zum Schulbesuch. Die Umsetzung blieb wegen Lehrermangels lange lückenhaft.,Preussen führte die Schulpflicht früh auf dem Papier ein.,Schulpflicht,,ok
g_neuzeit,3,Warum förderte die Reformation die Alphabetisierung?,"[""Gläubige sollten die Bibel selbst lesen"", ""Lesen war Pflicht für den Ablass"", ""Die Kirche verbot Bilder in Büchern"", ""Latein wurde für alle Pflicht""]",Luther und Zwingli betonten das eigene Bibelstudium. Bibelübersetzungen in die Volkssprache und Katechismen förderten Schulen.,Die Reformation machte das Lesen zur Glaubenssache.,Schulpflicht,,ok
g_neuzeit,3,"Welcher Schweizer Pädagoge prägte mit dem Leitsatz «Kopf, Herz und Hand» die Volksschule?","[""Johann Heinrich Pestalozzi"", ""Jean-Jacques Rousseau"", ""Philipp Emanuel von Fellenberg"", ""Maria Montessori""]","Pestalozzi wirkte unter anderem in Stans, Burgdorf und Yverdon. Er forderte eine ganzheitliche Bildung auch für arme Kinder.","Pestalozzi wollte Kopf, Herz und Hand gleichermassen bilden.",Schulpflicht,,ok
g_neuzeit,3,In welchem Jahr verbot Grossbritannien den Sklavenhandel in seinem Weltreich?,"[""1807"", ""1776"", ""1833"", ""1865""]",Der «Slave Trade Act» von 1807 verbot den Handel mit Versklavten. Die Sklaverei selbst wurde erst mit dem Gesetz von 1833 abgeschafft.,Grossbritannien verbot 1807 den Sklavenhandel.,Abolitionismus,,ok
g_neuzeit,3,Welcher britische Parlamentarier führte jahrzehntelang den Kampf gegen den Sklavenhandel an?,"[""William Wilberforce"", ""William Pitt"", ""Edmund Burke"", ""Benjamin Disraeli""]","Wilberforce brachte ab 1789 immer wieder Anträge ins Parlament ein. Er starb 1833, kurz nachdem die Abschaffung der Sklaverei beschlossen worden war.",William Wilberforce war die Leitfigur der britischen Abolitionisten.,Abolitionismus,,ok
g_neuzeit,3,Welcher Staat entstand 1804 aus einem erfolgreichen Aufstand versklavter Menschen?,"[""Haiti"", ""Jamaika"", ""Kuba"", ""Liberia""]",In der französischen Kolonie Saint-Domingue erhoben sich ab 1791 Versklavte. 1804 wurde Haiti als unabhängige Republik ausgerufen.,Haiti entstand aus der einzigen erfolgreichen Sklavenrevolution.,Abolitionismus,,ok
g_neuzeit,3,Welche entflohene Sklavin führte über die «Underground Railroad» zahlreiche Versklavte in die Freiheit?,"[""Harriet Tubman"", ""Rosa Parks"", ""Sojourner Truth"", ""Phillis Wheatley""]","Harriet Tubman floh 1849 aus Maryland und kehrte mehrmals zurück, um andere zu befreien. Die Underground Railroad war ein geheimes Netz von Fluchthelfern.",Harriet Tubman wurde zur Symbolfigur der Fluchthilfe.,Abolitionismus,,ok
g_neuzeit,3,Welches Land schaffte 1888 als letztes Land Amerikas die Sklaverei ab?,"[""Brasilien"", ""Argentinien"", ""Mexiko"", ""Kanada""]",Mit dem «Goldenen Gesetz» (Lei Áurea) wurde die Sklaverei in Brasilien beendet. Kein anderes Land hatte so viele Versklavte aus Afrika eingeführt.,Brasilien beendete 1888 als letztes Land Amerikas die Sklaverei.,Abolitionismus,,ok
g_neuzeit,3,Welcher Roman von Harriet Beecher Stowe aus dem Jahr 1852 stärkte die Bewegung gegen die Sklaverei in den USA?,"[""Onkel Toms Hütte"", ""Vom Winde verweht"", ""Moby Dick"", ""Der letzte Mohikaner""]",Der Roman schilderte das Leid versklavter Menschen und wurde ein Bestseller. Er verschärfte den Konflikt zwischen Nord- und Südstaaten.,Onkel Toms Hütte rüttelte die amerikanische Öffentlichkeit auf.,Abolitionismus,,ok
g_neuzeit,3,In welchem Jahr schaffte Frankreich die Sklaverei in seinen Kolonien endgültig ab?,"[""1848"", ""1794"", ""1815"", ""1870""]","1794 hatte der Nationalkonvent die Sklaverei bereits abgeschafft, Napoleon führte sie 1802 wieder ein. Victor Schoelcher setzte 1848 die endgültige Abschaffung durch.",Frankreich beendete die Sklaverei endgültig 1848.,Abolitionismus,,ok
g_neuzeit,3,Welche Massnahme vom Juni 1948 gilt als Startschuss für das westdeutsche Wirtschaftswunder?,"[""Die Währungsreform mit der D-Mark"", ""Die Gründung der EWG"", ""Der Bau der Berliner Mauer"", ""Die Einführung des Euro""]",Am 20. Juni 1948 wurde die Reichsmark durch die Deutsche Mark ersetzt. Über Nacht füllten sich die Schaufenster wieder mit Waren.,Die Währungsreform 1948 leitete das Wirtschaftswunder ein.,Wirtschaftswunder,,ok
g_neuzeit,3,Welcher Wirtschaftsminister gilt als Vater der sozialen Marktwirtschaft in Westdeutschland?,"[""Ludwig Erhard"", ""Konrad Adenauer"", ""Willy Brandt"", ""Helmut Schmidt""]",Ludwig Erhard hob 1948 viele Preiskontrollen auf und setzte auf Wettbewerb. Er war von 1949 bis 1963 Wirtschaftsminister.,Ludwig Erhard prägte die soziale Marktwirtschaft.,Wirtschaftswunder,,ok
g_neuzeit,3,"Wie hiess das US-Hilfsprogramm, das ab 1948 den Wiederaufbau Westeuropas unterstützte?","[""Marshallplan"", ""Morgenthau-Plan"", ""New Deal"", ""Dawes-Plan""]","Das European Recovery Program ging auf eine Rede von Aussenminister George C. Marshall 1947 zurück. Es lieferte Kredite, Rohstoffe und Lebensmittel.",Der Marshallplan half beim Wiederaufbau Westeuropas.,Wirtschaftswunder,,ok
g_neuzeit,3,Wie nennt man in Frankreich die Boomjahre von 1945 bis etwa 1975?,"[""Les Trente Glorieuses"", ""La Belle Époque"", ""Les Années folles"", ""La Grande Nation""]",Der Begriff stammt vom Ökonomen Jean Fourastié aus dem Jahr 1979. Er bezeichnet drei Jahrzehnte mit starkem Wachstum und Vollbeschäftigung.,Die Trente Glorieuses waren Frankreichs dreissig goldene Jahre.,Wirtschaftswunder,,ok
g_neuzeit,3,Welches Ereignis von 1973 beendete die lange Phase des Nachkriegsbooms in Europa?,"[""Die Ölkrise"", ""Der Mauerfall"", ""Die Suezkrise"", ""Der Börsenkrach""]","Die arabischen Förderländer drosselten die Ölförderung, der Ölpreis stieg stark an. In der Schweiz folgte eine Rezession mit Hunderttausenden verlorenen Stellen.",Die Ölkrise von 1973 beendete den Nachkriegsboom.,Wirtschaftswunder,,ok
g_neuzeit,3,Welches Auto wurde zum Symbol des westdeutschen Wirtschaftswunders?,"[""VW Käfer"", ""Trabant"", ""Fiat 500"", ""Citroën 2CV""]",Der Käfer wurde millionenfach gebaut und machte das Auto für breite Schichten erschwinglich. Der Trabant war dagegen das Auto der DDR.,Der VW Käfer stand für den Aufstieg der Bundesrepublik.,Wirtschaftswunder,,ok
g_neuzeit,3,Wo eröffnete die Migros 1948 den ersten Selbstbedienungsladen der Schweiz?,"[""In Zürich"", ""In Basel"", ""In Genf"", ""In Luzern""]",Der Laden an der Zürcher Seidengasse übernahm das Prinzip aus den USA. Kundinnen und Kunden nahmen die Waren nun selbst aus dem Regal.,Die Selbstbedienung kam 1948 mit der Migros in die Schweiz.,Konsumgesellschaft,,ok
g_neuzeit,3,Welches Einkaufszentrum eröffnete 1970 als erstes grosses Shoppingcenter der Schweiz?,"[""Shoppi Tivoli in Spreitenbach"", ""Glatt in Wallisellen"", ""Westside in Bern"", ""Sihlcity in Zürich""]",Das Shoppi Tivoli im Aargau setzte auf Autokundschaft und grosse Parkplätze. Es übernahm das amerikanische Modell der Mall.,Das erste grosse Schweizer Einkaufszentrum entstand in Spreitenbach.,Konsumgesellschaft,,ok
g_neuzeit,3,Welcher Ökonom prägte 1899 den Begriff des «demonstrativen Konsums»?,"[""Thorstein Veblen"", ""John Maynard Keynes"", ""Max Weber"", ""Joseph Schumpeter""]","Veblen beschrieb in «Theorie der feinen Leute», wie Reiche Luxus zur Schau stellen. Konsum dient dabei vor allem als Statussymbol.","Veblen erkannte, dass Konsum auch Status zeigt.",Konsumgesellschaft,,ok
g_neuzeit,3,Welche Produktionsweise machte ab 1913 das Auto Model T für breite Kreise erschwinglich?,"[""Fliessbandproduktion"", ""Heimarbeit im Verlagssystem"", ""Handwerkliche Einzelfertigung"", ""Manufaktur ohne Maschinen""]",Henry Ford senkte mit dem Fliessband die Produktionszeit und die Kosten drastisch. Der Begriff Fordismus steht für Massenproduktion und Massenkonsum.,Das Fliessband machte Massenkonsum möglich.,Konsumgesellschaft,,ok
g_neuzeit,3,Wo wurde 1955 das erste Autobahnteilstück der Schweiz eröffnet?,"[""Bei Luzern"", ""Bei Genf"", ""Bei Basel"", ""Bei St. Gallen""]",Das kurze Stück führte von Luzern nach Ennethorw. Die Massenmotorisierung wurde zu einem Kennzeichen der Konsumgesellschaft.,Die erste Schweizer Autobahn entstand 1955 bei Luzern.,Konsumgesellschaft,,ok
g_neuzeit,3,Welcher Autor kritisierte 1957 in «Die geheimen Verführer» die Methoden der Werbung?,"[""Vance Packard"", ""George Orwell"", ""Aldous Huxley"", ""Marshall McLuhan""]","Packard beschrieb, wie Werbefachleute mit Psychologie unbewusste Wünsche ansprechen. Das Buch wurde ein internationaler Bestseller.",Vance Packard machte die Manipulation durch Werbung zum Thema.,Konsumgesellschaft,,ok
g_neuzeit,3,Welches Buch von John Kenneth Galbraith aus dem Jahr 1958 gab der Wohlstandsgesellschaft ihren Namen?,"[""Gesellschaft im Überfluss"", ""Wohlstand für alle"", ""Die Grenzen des Wachstums"", ""Der Weg zur Knechtschaft""]","Galbraith kritisierte, dass privater Reichtum neben öffentlicher Armut bestehe. Der englische Titel lautet «The Affluent Society».",Galbraith beschrieb die Wohlstandsgesellschaft als Gesellschaft im Überfluss.,Konsumgesellschaft,,ok
g_neuzeit,3,Wessen Tod am 2. Juni 1967 in Berlin radikalisierte die Studentenbewegung?,"[""Benno Ohnesorg"", ""Rudi Dutschke"", ""Hanns Martin Schleyer"", ""Ulrike Meinhof""]",Benno Ohnesorg wurde bei einer Demonstration gegen den Schah von Persien von einem Polizisten erschossen. Sein Tod löste bundesweite Proteste aus.,Der Tod von Benno Ohnesorg wurde zum Fanal der 68er.,68er-Bewegung,,ok
g_neuzeit,3,"Wie heisst die Zürcher Strassenschlacht vom Juni 1968, bei der Jugendliche ein autonomes Jugendzentrum forderten?","[""Globuskrawall"", ""Opernhauskrawall"", ""Bahnhofkrawall"", ""Seebeckenkrawall""]",Die Jugendlichen verlangten das leer stehende Globus-Provisorium als Jugendzentrum. Am 29. Juni 1968 kam es zu schweren Zusammenstössen mit der Polizei.,Der Globuskrawall von 1968 war der Höhepunkt der Zürcher 68er.,68er-Bewegung,,ok
g_neuzeit,3,Welche Ereignisse in Frankreich im Mai 1968 verbanden Studentenproteste mit einem Generalstreik?,"[""Mai 68"", ""Pariser Kommune"", ""Dreyfus-Affäre"", ""Julirevolution""]","Die Proteste begannen an der Universität Nanterre und an der Sorbonne. Millionen Arbeiter traten in den Streik, Präsident de Gaulle löste das Parlament auf.",Im Mai 1968 stand Frankreich still.,68er-Bewegung,,ok
g_neuzeit,3,Welcher Wortführer der westdeutschen Studentenbewegung wurde im April 1968 bei einem Attentat schwer verletzt?,"[""Rudi Dutschke"", ""Daniel Cohn-Bendit"", ""Fritz Teufel"", ""Andreas Baader""]",Ein junger Hilfsarbeiter schoss am 11. April 1968 in Berlin auf Dutschke. Danach kam es zu Blockaden gegen den Springer-Verlag.,Das Attentat auf Rudi Dutschke verschärfte die Proteste von 1968.,68er-Bewegung,,ok
g_neuzeit,3,Welcher Krieg war ein Hauptanlass für die weltweiten Studentenproteste der späten 1960er Jahre?,"[""Der Vietnamkrieg"", ""Der Koreakrieg"", ""Der Sechstagekrieg"", ""Der Algerienkrieg""]",Fernsehbilder vom Krieg empörten viele junge Menschen. Proteste gegen die US-Kriegsführung verbanden Bewegungen auf mehreren Kontinenten.,Der Vietnamkrieg mobilisierte die Jugend weltweit.,68er-Bewegung,,ok
g_neuzeit,3,Wie nannte sich in Westdeutschland die politische Opposition ausserhalb des Bundestags während der Grossen Koalition?,"[""APO"", ""RAF"", ""SED"", ""DKP""]","Die Ausserparlamentarische Opposition entstand, weil im Bundestag kaum noch Opposition bestand. Sie kämpfte unter anderem gegen die Notstandsgesetze von 1968.",Die APO verlagerte den Protest auf die Strasse.,68er-Bewegung,,ok
g_neuzeit,3,Welcher Philosoph der Frankfurter Schule wurde mit «Der eindimensionale Mensch» zu einem Vordenker der Studentenbewegung?,"[""Herbert Marcuse"", ""Martin Heidegger"", ""Karl Popper"", ""Ludwig Wittgenstein""]","Marcuse kritisierte 1964, die Konsumgesellschaft unterdrücke kritisches Denken. Seine Schriften wurden von vielen Studierenden gelesen.",Herbert Marcuse lieferte der 68er-Bewegung theoretische Ideen.,68er-Bewegung,,ok
g_neuzeit,3,"Wie hiess die 1967 in West-Berlin gegründete Wohngemeinschaft, die mit provokativen Aktionen bürgerliche Lebensformen angriff?","[""Kommune I"", ""Bauhaus"", ""Club of Rome"", ""Gruppe 47""]",Die Kommune I lehnte Kleinfamilie und Privateigentum ab und suchte die mediale Provokation. Sie wurde zum Symbol alternativer Lebensformen der 68er.,Die Kommune I stellte die bürgerliche Kleinfamilie in Frage.,68er-Bewegung,,ok
ch_geschichte,3,Welcher Häduer war laut Caesar mit Orgetorix verschworen und mit dessen Tochter verheiratet?,"[""Dumnorix"", ""Diviciacus"", ""Casticus"", ""Ambiorix""]",Dumnorix strebte bei den Häduern nach der Macht und unterstützte die Helvetier. Sein Bruder Diviciacus stand dagegen auf der Seite Caesars.,Dumnorix war der Verbündete der Helvetier bei den Häduern.,Schlacht bei Bibracte,,ok
ch_geschichte,3,Wer verhandelte 58 v. Chr. als greiser Anführer der Helvetier mit Caesar und hatte Jahrzehnte zuvor ein römisches Heer besiegt?,"[""Divico"", ""Orgetorix"", ""Ariovist"", ""Cassivellaunus""]",Divico führte 107 v. Chr. einen helvetischen Verband zum Sieg über ein römisches Konsulatsheer. 58 v. Chr. trat er als Gesandter vor Caesar.,Divico verkörperte den alten Kriegsruhm der Helvetier gegenüber Rom.,Schlacht bei Bibracte,,ok
ch_geschichte,3,Durch welches Volk zogen die Helvetier 58 v. Chr. mit dessen Erlaubnis über den Jura nach Gallien?,"[""Die Sequaner"", ""Die Allobroger"", ""Die Rauriker"", ""Die Arverner""]","Nachdem der Weg durch die römische Provinz versperrt war, erlaubten die Sequaner den Durchzug durch ihr Gebiet. Vermittelt hatte dies ein Häduer.",Die Helvetier zogen mit Erlaubnis der Sequaner über den Jura.,Schlacht bei Bibracte,,ok
ch_geschichte,3,"In welcher Schrift waren laut Caesar die Bevölkerungslisten verfasst, die man im Lager der Helvetier fand?","[""In griechischen Buchstaben"", ""In lateinischen Buchstaben"", ""In Runen"", ""In etruskischer Schrift""]","Die Kelten verwendeten für Listen und Inschriften oft das griechische Alphabet. Caesar berichtet, die Listen seien in griechischen Buchstaben geschrieben gewesen.",Die Helvetier schrieben ihre Listen mit griechischen Buchstaben.,Schlacht bei Bibracte,,ok
ch_geschichte,3,Welchen persönlichen Grund nennt Caesar für seinen Angriff auf die Tiguriner an der Saône?,"[""Sie hatten den Grossvater seines Schwiegervaters getötet"", ""Sie hatten seinen Bruder gefangen genommen"", ""Sie hatten seine Tochter entführt"", ""Sie hatten ihn als Jugendlichen verspottet""]","Beim Sieg von 107 v. Chr. war neben dem Konsul auch der Legat Lucius Calpurnius Piso gefallen, Grossvater von Caesars Schwiegervater. Caesar sah den Angriff deshalb auch als Rache.",Caesar rächte an der Saône auch einen Verwandten seiner Frau.,Schlacht bei Bibracte,,ok
ch_geschichte,3,Auf welchen Tag hatten die Helvetier laut Caesar 58 v. Chr. ihre Sammlung am Ufer der Rhone festgelegt?,"[""Auf den 28. März"", ""Auf den 1. Januar"", ""Auf den 15. Mai"", ""Auf den 1. August""]","Caesar nennt den fünften Tag vor den Kalenden des April, also den 28. März 58 v. Chr. Darauf eilte er selbst nach Genf.",Die Helvetier wollten sich am 28. März 58 v. Chr. an der Rhone sammeln.,Schlacht bei Bibracte,,ok
ch_geschichte,3,"Welches Volk durfte sich nach der Schlacht bei Bibracte auf Wunsch der Häduer in deren Gebiet ansiedeln, statt zurückzukehren?","[""Die Boier"", ""Die Tiguriner"", ""Die Sequaner"", ""Die Allobroger""]","Die Boier hatten sich den Helvetiern angeschlossen. Caesar erlaubte den Häduern, sie wegen ihrer Tapferkeit in ihrem Gebiet anzusiedeln.",Die Boier blieben nach Bibracte im Land der Häduer.,Schlacht bei Bibracte,,ok
ch_geschichte,3,Aus welcher Richtung stiess Drusus beim Alpenfeldzug 15 v. Chr. in die Alpen vor?,"[""Von Süden aus Italien"", ""Von Westen aus Gallien"", ""Von Norden aus Germanien"", ""Von Osten aus Pannonien""]",Drusus zog von Oberitalien durch die Alpentäler nach Norden. Sein Bruder Tiberius kam gleichzeitig von Westen aus Gallien.,Beim Alpenfeldzug kam Drusus von Süden und Tiberius von Westen.,Alpenfeldzug des Augustus,,ok
ch_geschichte,3,Auf welchem Gewässer kam es beim Alpenfeldzug 15 v. Chr. zu einem Seegefecht der Römer unter Tiberius?,"[""Bodensee"", ""Genfersee"", ""Walensee"", ""Lago Maggiore""]","Tiberius rückte von Westen heran und besiegte die Vindeliker unter anderem in einem Gefecht auf dem Bodensee, wie Strabon berichtet.",Tiberius kämpfte 15 v. Chr. sogar mit Schiffen auf dem Bodensee.,Alpenfeldzug des Augustus,,ok
ch_geschichte,3,Welches Siegesdenkmal bei La Turbie über Monaco feiert die Unterwerfung der Alpenvölker unter Augustus?,"[""Tropaeum Alpium"", ""Ara Pacis"", ""Augustusbogen von Susa"", ""Porta Nigra""]",Das Tropaeum Alpium wurde um 7/6 v. Chr. errichtet. Seine Inschrift zählt 46 besiegte Alpenvölker auf.,Das Tropaeum Alpium in La Turbie nennt die besiegten Alpenvölker.,Alpenfeldzug des Augustus,,ok
ch_geschichte,3,Welche strategische Folge hatte der Alpenfeldzug von 15 v. Chr. für Rom?,"[""Die Alpenpässe und das Vorland bis zur Donau kamen unter römische Kontrolle"", ""Rom verlor die Provinz Gallia Narbonensis"", ""Die Helvetier wurden in Gallien angesiedelt"", ""Rom gab das Wallis an die Germanen ab""]",Mit dem Feldzug sicherte Augustus die direkten Verbindungen von Italien über die Alpen nach Norden. Das Gebiet bis zur Donau wurde zum römischen Herrschaftsraum.,Der Alpenfeldzug öffnete Rom die Wege über die Alpen bis zur Donau.,Alpenfeldzug des Augustus,,ok
ch_geschichte,3,Welche Legion wurde um 179 n. Chr. im Lager Castra Regina (Regensburg) in Raetia stationiert?,"[""Legio III Italica"", ""Legio XIII Gemina"", ""Legio XXI Rapax"", ""Legio X Fretensis""]","Nach den Markomannenkriegen erhielt Raetia mit der Legio III Italica erstmals eine eigene Legion. Ihr Lager war Castra Regina, das heutige Regensburg.",Ab 179 n. Chr. sicherte die 3. Italische Legion von Regensburg aus Raetia.,Raetia,,ok
ch_geschichte,3,Welches Volk im Alpenvorland gab der Provinz Raetia ihren zweiten Namensteil («Raetia et Vindelicia»)?,"[""Die Vindeliker"", ""Die Helvetier"", ""Die Noriker"", ""Die Lepontier""]",Die Vindeliker lebten im Alpenvorland zwischen Bodensee und Lech. Ihr Gebiet wurde 15 v. Chr. erobert und mit dem der Räter zu einer Provinz verbunden.,Raetia umfasste auch das Land der Vindeliker im Alpenvorland.,Raetia,,ok
ch_geschichte,3,Welche römische Provinz grenzte im Osten an Raetia?,"[""Noricum"", ""Pannonia"", ""Germania superior"", ""Dalmatia""]","Östlich des Inns begann die Provinz Noricum, etwa im Gebiet des heutigen Österreich. Im Westen grenzte Raetia an Germania superior.",Raetia grenzte am Inn an die Provinz Noricum.,Raetia,,ok
ch_geschichte,3,Welche Grenzbefestigung schützte die Provinz Raetia ab dem 2. Jahrhundert im Norden?,"[""Der Rätische Limes"", ""Der Hadrianswall"", ""Der Antoninuswall"", ""Der Obergermanische Limes""]",Der Rätische Limes war rund 166 km lang und schloss an den Obergermanischen Limes an. Er wurde im späten 2. Jahrhundert teilweise als Steinmauer ausgebaut.,Der Rätische Limes sicherte die Nordgrenze Raetias.,Raetia,,ok
ch_geschichte,3,Welche Abkürzung der Schweiz geht auf den Namen der Helvetier zurück?,"[""CH für Confoederatio Helvetica"", ""SU für Suisse"", ""HS für Helvetia Superior"", ""SV für Svizzera""]",Der lateinische Staatsname Confoederatio Helvetica erinnert an die keltischen Helvetier. Davon stammen das Kürzel CH und die Landesbezeichnung Helvetia auf Münzen.,Das Kürzel CH steht für Confoederatio Helvetica.,Civitas Helvetiorum,,ok
ch_geschichte,3,Welchen rechtlichen Status erhielten die Helvetier nach 58 v. Chr. gegenüber Rom?,"[""Sie wurden Verbündete (foederati) Roms"", ""Sie wurden alle versklavt"", ""Sie erhielten sofort das volle Bürgerrecht"", ""Sie blieben völlig unabhängig""]","Caesar schloss mit den Helvetiern einen Bündnisvertrag (foedus). Sie behielten eine Selbstverwaltung, standen aber unter römischer Oberhoheit.",Nach Bibracte waren die Helvetier mit Rom verbündete Foederati.,Civitas Helvetiorum,,ok
ch_geschichte,3,Welcher führende Helvetier wurde laut Tacitus 69 n. Chr. als Anstifter des Widerstands hingerichtet?,"[""Julius Alpinus"", ""Divico"", ""Orgetorix"", ""Claudius Cossus""]",Tacitus nennt Julius Alpinus als einen der führenden Männer der Helvetier. Caecina liess ihn als Urheber des Krieges hinrichten.,Julius Alpinus bezahlte den Aufstand von 69 n. Chr. mit dem Leben.,Civitas Helvetiorum,,ok
ch_geschichte,3,Was geschah mit den Helvetiern im Bürgerkriegsjahr 69 n. Chr.?,"[""Sie wurden von Truppen des Vitellius unter Caecina hart bestraft"", ""Sie gründeten ein eigenes Kaiserreich"", ""Sie wurden nach Britannien umgesiedelt"", ""Sie erhielten die Provinz Raetia""]","Die Helvetier hielten zu Galba und gerieten mit Truppen des Vitellius aneinander. Caecina liess daraufhin ihr Gebiet verwüsten, und viele Helvetier wurden getötet oder versklavt.",Im Vierkaiserjahr 69 n. Chr. litten die Helvetier unter der Strafaktion Caecinas.,Civitas Helvetiorum,,ok
ch_geschichte,3,Zu welcher römischen Provinz gehörte das Gebiet der Helvetier ab etwa 85/90 n. Chr.?,"[""Germania superior"", ""Gallia Narbonensis"", ""Raetia"", ""Gallia Cisalpina""]","Zunächst gehörte das helvetische Gebiet zur Gallia Belgica. Unter Domitian wurde die Provinz Germania superior eingerichtet, der es fortan angehörte.",Ab Domitian lag das Helvetiergebiet in der Provinz Germania superior.,Civitas Helvetiorum,,ok
ch_geschichte,3,Welcher Familienangehörige des späteren Kaisers Vespasian lebte laut Sueton als Geldverleiher bei den Helvetiern?,"[""Sein Vater Flavius Sabinus"", ""Sein Sohn Titus"", ""Sein Sohn Domitian"", ""Seine Frau Flavia Domitilla""]","Sueton berichtet, Vespasians Vater Titus Flavius Sabinus habe bei den Helvetiern Geldgeschäfte betrieben und sei dort gestorben.",Vespasians Vater arbeitete als Geldverleiher bei den Helvetiern.,Civitas Helvetiorum,,ok
ch_geschichte,3,Worauf war das römische Theater von Aventicum ausgerichtet?,"[""Auf den Cigognier-Tempel"", ""Auf das Forum"", ""Auf den Murtensee"", ""Auf das Amphitheater""]",Das Theater lag rund 140 m vom Cigognier-Tempel entfernt und war genau auf diesen ausgerichtet. Theater und Tempel bildeten so eine gemeinsame Kultachse.,In Aventicum bildeten Theater und Cigognier-Tempel eine gemeinsame Achse.,Aventicum,,ok
ch_geschichte,3,Welcher Kaiser erhob Aventicum um 70 n. Chr. in den Rang einer Kolonie?,"[""Vespasian"", ""Augustus"", ""Hadrian"", ""Konstantin""]",Vespasian machte Aventicum um 70 n. Chr. zur Colonia. Der überlieferte Name lautet Colonia Pia Flavia Constans Emerita Helvetiorum Foederata.,Unter Vespasian wurde Aventicum zur römischen Kolonie.,Aventicum,,ok
ch_geschichte,3,Wie viele Zuschauer fasste das Amphitheater von Aventicum etwa?,"[""14 000 bis 16 000"", ""1000 bis 2000"", ""40 000 bis 50 000"", ""4000 bis 5000""]",Das Amphitheater wurde Ende des 1. Jahrhunderts gebaut und später vergrössert. Mit 33 Rängen bot es Platz für 14 000 bis 16 000 Personen.,Das Amphitheater von Aventicum bot über 14 000 Menschen Platz.,Aventicum,,ok
ch_geschichte,3,Wie lang war die Stadtmauer von Aventicum etwa?,"[""Rund 5 Kilometer"", ""Rund 1,5 Kilometer"", ""Rund 12 Kilometer"", ""Rund 800 Meter""]","Die Ringmauer aus der Zeit Vespasians war rund 5,2 km lang und mit 73 Türmen verstärkt. Sie umschloss eine viel grössere Fläche als die bebaute Stadt.",Aventicum war von einer über fünf Kilometer langen Mauer umgeben.,Aventicum,,ok
ch_geschichte,3,Welchen Gottheiten war die Tempelanlage Cigognier in Aventicum vermutlich geweiht?,"[""Jupiter und einheimischen Gottheiten"", ""Isis und Serapis"", ""Mithras allein"", ""Den keltischen Druiden""]",Die monumentale Anlage mit Säulenhof war vermutlich Jupiter und einheimischen Gottheiten geweiht. Ihre letzte stehende Säule ist rund 12 m hoch.,Im Cigognier verehrte man vermutlich Jupiter zusammen mit einheimischen Göttern.,Aventicum,,ok
ch_geschichte,3,Wohin verlegte Bischof Marius im späten 6. Jahrhundert seinen Sitz von Aventicum?,"[""Nach Lausanne"", ""Nach Genf"", ""Nach Sitten"", ""Nach Konstanz""]",Marius von Avenches verlegte den Bischofssitz nach Lausanne. Damit verlor Aventicum seine Rolle als Hauptort endgültig.,Der Bischofssitz wanderte unter Marius von Avenches nach Lausanne.,Aventicum,,ok
ch_geschichte,3,Wie war Aventicum an den Wasserweg zu Aare und Rhein angeschlossen?,"[""Über Häfen am Murtensee und einen Kanal"", ""Über einen Kanal direkt zum Genfersee"", ""Über die Rhone und den Grossen Sankt Bernhard"", ""Über einen unterirdischen Fluss""]",Aventicum besass einen Hafen am Südufer des Murtensees und einen am Ende eines Kanals. Über Neuenburger- und Bielersee war es mit Aare und Rhein verbunden.,Über den Murtensee und die Juraseen war Aventicum mit dem Rhein verbunden.,Aventicum,,ok
ch_geschichte,3,Am Zusammenfluss welcher Flüsse lag das Legionslager Vindonissa?,"[""Aare, Reuss und Limmat"", ""Rhein, Thur und Töss"", ""Rhone, Arve und Saane"", ""Inn, Rhein und Linth""]","Vindonissa lag im heutigen Windisch AG auf einem Plateau beim Wasserschloss, wo Reuss und Limmat in die Aare münden.","Vindonissa wachte über den Zusammenfluss von Aare, Reuss und Limmat.",Vindonissa,,ok
ch_geschichte,3,Welche Legion errichtete um 14 n. Chr. das erste Lager in Vindonissa?,"[""Die 13. Legion (Legio XIII Gemina)"", ""Die 11. Legion (Legio XI Claudia)"", ""Die 21. Legion (Legio XXI Rapax)"", ""Die 8. Legion (Legio VIII Augusta)""]",Die Legio XIII Gemina baute um 14 n. Chr. ein Holzlager. Sie blieb rund drei Jahrzehnte im Lager.,Die 13. Legion begründete um 14 n. Chr. das Lager Vindonissa.,Vindonissa,,ok
ch_geschichte,3,Welche Legion lag von etwa 45 bis 69 n. Chr. in Vindonissa und war in die Kämpfe des Vierkaiserjahres verwickelt?,"[""Die 21. Legion (Legio XXI Rapax)"", ""Die 11. Legion (Legio XI Claudia)"", ""Die 3. Legion (Legio III Italica)"", ""Die 8. Legion (Legio VIII Augusta)""]","Die Legio XXI Rapax, «die Reissende», baute das Lager in Stein aus. Im Jahr 69 zog sie mit Vitellius nach Italien.",Die 21. Legion «Rapax» prägte Vindonissa bis 69 n. Chr.,Vindonissa,,ok
ch_geschichte,3,Wohin wurde der spätantike Bischofssitz von Vindonissa um 600 verlegt?,"[""Nach Konstanz"", ""Nach Basel"", ""Nach Chur"", ""Nach Lausanne""]",Im 6. Jahrhundert ist mit Bubulcus ein Bischof von Windisch bezeugt. Um 600 wurde der Sitz an den Bodensee nach Konstanz verlegt.,Das Bistum Windisch lebte im Bistum Konstanz weiter.,Vindonissa,,ok
ch_geschichte,3,Was macht den sogenannten Schutthügel beim Nordtor von Vindonissa für die Forschung so wertvoll?,"[""Er enthält Hunderte hölzerne Schreibtäfelchen"", ""Er birgt das Grab eines Kaisers"", ""Er ist das älteste Theater der Schweiz"", ""Er enthält die Kriegskasse der Legion""]","Im feuchten Abfallhügel blieben organische Stoffe erhalten, darunter rund 600 Schreibtäfelchen aus Holz. Sie geben Einblick in den Alltag der Soldaten.",Im Schutthügel von Vindonissa überdauerten Holztäfelchen mit Soldatenbriefen.,Vindonissa,,ok
ch_geschichte,3,Wie wurde auf den hölzernen Schreibtäfelchen aus Vindonissa geschrieben?,"[""Mit einem Griffel in eine Wachsschicht"", ""Mit Tinte auf Pergament"", ""Mit Kreide auf Schiefer"", ""Mit einem Pinsel auf Stoff""]","Die Täfelchen waren mit Wachs beschichtet, in das man mit einem Griffel (stilus) ritzte. Wo der Griffel bis ins Holz drang, ist die Schrift heute noch lesbar.",Römische Soldaten schrieben mit dem Griffel in Wachstafeln.,Vindonissa,,ok
ch_geschichte,3,Welche Befestigung entstand um 300 n. Chr. auf dem Gelände von Vindonissa?,"[""Das Castrum Vindonissense"", ""Das Tropaeum Alpium"", ""Die Habsburg"", ""Das Kloster Königsfelden""]",Im Rahmen des Donau-Iller-Rhein-Limes wurde das spätantike Kastell Castrum Vindonissense gebaut. Es wurde nach 406 aufgegeben.,In der Spätantike schützte das Castrum Vindonissense die Rheingrenze.,Vindonissa,,ok
ch_geschichte,3,"Welches Alpenvolk unterwarf Rom 25 v. Chr. im Aostatal, um den Zugang zum Grossen Sankt Bernhard zu sichern?","[""Die Salasser"", ""Die Seduner"", ""Die Lepontier"", ""Die Veragrer""]","Nach dem Sieg über die Salasser gründete Rom die Kolonie Augusta Praetoria, das heutige Aosta. Damit kontrollierte es den Südzugang zum Pass.",Mit dem Sieg über die Salasser sicherte Rom das Aostatal.,Grosser Sankt Bernhard,,ok
ch_geschichte,3,Welche zwei römischen Orte verband die Strasse über den Grossen Sankt Bernhard?,"[""Octodurus (Martigny) und Augusta Praetoria (Aosta)"", ""Curia (Chur) und Comum (Como)"", ""Genava (Genf) und Lugdunum (Lyon)"", ""Vindonissa und Augusta Raurica""]",Die Passstrasse führte vom Wallis bei Martigny hinüber ins Aostatal. Sie war die kürzeste Verbindung von Italien zum Genfersee und nach Gallien.,Über den Grossen Sankt Bernhard ging es von Martigny nach Aosta.,Grosser Sankt Bernhard,,ok
ch_geschichte,3,"Welchen Legaten schickte Caesar 57 v. Chr. ins Wallis, um den Weg über den Pass für Händler zu öffnen?","[""Servius Sulpicius Galba"", ""Titus Labienus"", ""Quintus Cicero"", ""Publius Crassus""]",Galba überwinterte mit einer Legion in Octodurus. Nach heftigen Angriffen der Walliser Stämme zog er sich jedoch zurück.,Caesar wollte mit Galba schon 57 v. Chr. den Pass sichern.,Grosser Sankt Bernhard,,ok
ch_geschichte,3,Welches Bauwerk unterquert seit 1964 den Grossen Sankt Bernhard?,"[""Ein Strassentunnel"", ""Ein Eisenbahntunnel"", ""Ein Wasserkraftstollen"", ""Eine Seilbahn""]",Der Grosse-Sankt-Bernhard-Tunnel wurde 1964 eröffnet. Er war der erste Strassentunnel durch die Alpen und ist ganzjährig befahrbar.,Seit 1964 führt ein Strassentunnel unter dem Grossen Sankt Bernhard hindurch.,Grosser Sankt Bernhard,,ok
ch_geschichte,3,Welche berühmte Hunderasse ist mit dem Hospiz auf dem Grossen Sankt Bernhard verbunden?,"[""Der Bernhardiner"", ""Der Berner Sennenhund"", ""Der Appenzeller"", ""Der Entlebucher""]","Die Chorherren des Hospizes hielten seit dem 17. Jahrhundert grosse Hunde, die bei der Suche nach Verirrten halfen. Daraus entstand der Bernhardiner.",Der Bernhardiner stammt vom Hospiz auf dem Grossen Sankt Bernhard.,Grosser Sankt Bernhard,,ok
ch_geschichte,3,Wer gründete um die Mitte des 11. Jahrhunderts das Hospiz auf dem Grossen Sankt Bernhard?,"[""Bernhard von Aosta (Bernhard von Menthon)"", ""Bernhard von Clairvaux"", ""Bischof Theodor von Octodurus"", ""König Sigismund""]",Bernhard von Aosta gründete das Hospiz für Reisende. Pass und Hospiz tragen bis heute seinen Namen.,Das Hospiz und der Pass sind nach Bernhard von Aosta benannt.,Grosser Sankt Bernhard,,ok
ch_geschichte,3,Welcher Feldherr überquerte im Mai 1800 mit einer Armee den Grossen Sankt Bernhard?,"[""Napoleon Bonaparte"", ""Alexander Suworow"", ""Hannibal"", ""Karl der Grosse""]",Napoleon führte rund 40 000 Soldaten über den Pass nach Italien. Kurz darauf siegte er in der Schlacht bei Marengo.,Napoleon zog 1800 mit seiner Armee über den Grossen Sankt Bernhard.,Grosser Sankt Bernhard,,ok
ch_geschichte,3,"Welcher heutige Landschaftsname geht auf die Sapaudia zurück, in der die Burgunder 443 angesiedelt wurden?","[""Savoyen"", ""Sundgau"", ""Saanenland"", ""Seeland""]",Aus dem spätantiken Namen Sapaudia entwickelte sich der Name Savoyen. Damals umfasste er das Gebiet rund um den Genfersee.,Der Name Savoyen stammt von der spätantiken Sapaudia.,Burgunden,,ok
ch_geschichte,3,Welche burgundische Prinzessin heiratete den Frankenkönig Chlodwig und förderte seine Taufe?,"[""Chlothilde"", ""Brunhilde"", ""Theodelinde"", ""Radegunde""]",Chlothilde war eine Nichte König Gundobads und katholisch. Sie gilt als treibende Kraft hinter Chlodwigs Übertritt zum Christentum.,Die Burgunderin Chlothilde bewog Chlodwig zur Taufe.,Burgunden,,ok
ch_geschichte,3,Welche Rolle spielte der spätere Burgunderkönig Gundobad 472/473 in Italien?,"[""Er war Heermeister und erhob Glycerius zum Kaiser"", ""Er war Papst in Rom"", ""Er war Statthalter von Britannien"", ""Er führte die Hunnen nach Italien""]","Gundobad war als Neffe Ricimers Heermeister des Weströmischen Reiches. 473 machte er Glycerius zum Kaiser, kehrte dann aber nach Burgund zurück.",Gundobad mischte als Heermeister in der weströmischen Politik mit.,Burgunden,,ok
ch_geschichte,3,"In welcher Schlacht besiegten die Burgunder 524 die Franken, wobei König Chlodomer fiel?","[""Schlacht bei Vézeronce"", ""Schlacht bei Zülpich"", ""Schlacht bei Vouillé"", ""Schlacht bei Poitiers""]",Bei Vézeronce in der Dauphiné siegten die Burgunder unter Godomar über die Franken. Der Sieg verzögerte das Ende ihres Reiches nur um zehn Jahre.,Bei Vézeronce errangen die Burgunder 524 ihren letzten grossen Sieg.,Burgunden,,ok
ch_geschichte,3,Welcher Burgunderkönig wurde 523 von den Franken gefangen genommen und 524 getötet?,"[""Sigismund"", ""Gundobad"", ""Gundahar"", ""Godomar""]","Die Söhne Chlodwigs griffen Burgund an, nahmen Sigismund gefangen und liessen ihn mit seiner Familie töten. Er wurde später als Heiliger verehrt.",König Sigismund starb 524 als Gefangener der Franken.,Burgunden,,ok
ch_geschichte,3,Welche Rechtssammlung galt im Burgunderreich für die romanische Bevölkerung?,"[""Lex Romana Burgundionum"", ""Lex Salica"", ""Codex Theodosianus allein"", ""Sachsenspiegel""]","Im Burgunderreich galt persönliches Recht: Burgunder lebten nach eigenem Recht, Romanen nach der Lex Romana Burgundionum, einer Auswahl römischen Rechts.",Für die Romanen im Burgunderreich galt die Lex Romana Burgundionum.,Burgunden,,ok
ch_geschichte,3,Welche Niederlage gegen die Hunnen im Jahr 436 ging in die Nibelungensage ein?,"[""Die Vernichtung des Burgunderreichs am Rhein um Worms"", ""Die Schlacht auf den Katalaunischen Feldern"", ""Die Schlacht bei Adrianopel"", ""Die Belagerung von Aquileia""]",Hunnische Hilfstruppen Roms zerschlugen 436 das Burgunderreich am Mittelrhein. König Gundahar entspricht dem Gunther des Nibelungenlieds.,Der Untergang der Burgunder am Rhein lebt im Nibelungenlied weiter.,Burgunden,,ok
ch_geschichte,3,Wie wird der Name «Alamannen» häufig gedeutet?,"[""Alle Männer, also ein Verband vieler Gruppen"", ""Männer vom Berg"", ""Die Waldleute"", ""Die Leute am See""]",Der Name wird meist als «alle Männer» oder «Menschen insgesamt» erklärt. Er bezeichnet einen Zusammenschluss verschiedener germanischer Gruppen.,Der Name Alamannen bedeutet wohl «alle Männer».,Alamannen,,ok
ch_geschichte,3,Welcher römische Caesar besiegte die Alamannen 357 n. Chr. in der Schlacht bei Argentoratum (Strassburg)?,"[""Julian"", ""Konstantin der Grosse"", ""Valentinian I."", ""Theodosius""]",Der spätere Kaiser Julian schlug ein grosses alamannisches Heer bei Strassburg. Ammianus Marcellinus beschreibt die Schlacht ausführlich.,Julian besiegte die Alamannen 357 bei Strassburg.,Alamannen,,ok
ch_geschichte,3,Welcher alamannische König führte 357 bei Strassburg das Heer gegen die Römer an?,"[""Chnodomar"", ""Gundobad"", ""Arminius"", ""Alarich""]",Chnodomar war einer der mächtigsten alamannischen Könige. Nach der Niederlage geriet er in römische Gefangenschaft.,Chnodomar unterlag 357 bei Strassburg und wurde gefangen.,Alamannen,,ok
ch_geschichte,3,Welches Gesetzbuch der Alamannen entstand im frühen 8. Jahrhundert?,"[""Lex Alamannorum"", ""Lex Burgundionum"", ""Lex Salica"", ""Sachsenspiegel""]",Die Lex Alamannorum wurde unter Herzog Lantfrid aufgezeichnet. Sie regelte unter anderem Bussen und kirchliche Rechte.,Das Recht der Alamannen wurde in der Lex Alamannorum festgehalten.,Alamannen,,ok
ch_geschichte,3,Welcher Ostgotenkönig nahm nach den fränkischen Siegen um 500 Teile der Alamannen unter seinen Schutz?,"[""Theoderich der Grosse"", ""Alarich I."", ""Totila"", ""Odoaker""]","Theoderich bat Chlodwig um Schonung der Besiegten und siedelte Alamannen in seinem Machtbereich an, etwa in Rätien. Erst 536/537 kamen sie ganz unter fränkische Herrschaft.",Theoderich der Grosse schützte einen Teil der Alamannen vor den Franken.,Alamannen,,ok
ch_geschichte,3,Welches Ereignis von 746 beendete das selbständige alamannische Herzogtum?,"[""Das Blutgericht zu Cannstatt"", ""Die Schlacht bei Tours"", ""Der Vertrag von Verdun"", ""Die Kaiserkrönung Karls des Grossen""]",Der fränkische Hausmeier Karlmann liess 746 in Cannstatt zahlreiche alamannische Adlige hinrichten. Danach wurde Alamannien direkt von fränkischen Grafen verwaltet.,Mit dem Blutgericht zu Cannstatt endete 746 die alamannische Eigenständigkeit.,Alamannen,,ok
ch_geschichte,3,"Welcher römische Kaiser schlug um 259/260 n. Chr. ein alamannisches Heer, das bis nach Italien vorgedrungen war, bei Mailand?","[""Gallienus"", ""Augustus"", ""Hadrian"", ""Konstantin der Grosse""]",Während der Reichskrise stiessen Alamannen über die Alpen bis Oberitalien vor. Gallienus besiegte sie bei Mediolanum (Mailand).,Gallienus stoppte die Alamannen um 260 bei Mailand.,Alamannen,,ok
ch_geschichte,3,Welchen besonderen Rang hat die Abtei Saint-Maurice unter den Klöstern Europas?,"[""Sie gilt als ältestes ohne Unterbruch bestehendes Kloster des Abendlands"", ""Sie ist das grösste Kloster der Alpen"", ""Sie war das erste Zisterzienserkloster"", ""Sie ist das höchstgelegene Kloster Europas""]",Seit ihrer Gründung im frühen 6. Jahrhundert lebt in Saint-Maurice ohne Unterbruch eine geistliche Gemeinschaft. 2015 feierte die Abtei 1500 Jahre.,Saint-Maurice gilt als ältestes durchgehend bestehendes Kloster des Abendlands.,Abtei Saint-Maurice,,ok
ch_geschichte,3,Welcher Bischof von Lyon schrieb im 5. Jahrhundert die Leidensgeschichte der Märtyrer von Agaunum auf?,"[""Eucherius"", ""Irenäus"", ""Gregor von Tours"", ""Avitus""]",Eucherius von Lyon verfasste um 430 bis 450 die «Passio Acaunensium martyrum». Sie ist die älteste Quelle zur Legende.,Eucherius von Lyon schrieb die Legende der Märtyrer von Agaunum auf.,Abtei Saint-Maurice,,ok
ch_geschichte,3,Welche Schule führen die Chorherren der Abtei Saint-Maurice?,"[""Ein Gymnasium (Collège de l'Abbaye)"", ""Eine Hotelfachschule"", ""Eine Universität für Theologie"", ""Eine Bergführerschule""]",Die Abtei betreibt seit langem ein Kollegium mit Gymnasium. Es ist eine der bekanntesten Mittelschulen des Wallis.,Die Chorherren von Saint-Maurice führen ein Gymnasium.,Abtei Saint-Maurice,,ok
ch_geschichte,3,Welche kirchenrechtliche Sonderstellung hat die Abtei Saint-Maurice?,"[""Sie ist eine Territorialabtei mit bischofsähnlicher Leitung"", ""Sie gehört direkt zum Bistum Chur"", ""Sie ist ein Priorat von Cluny"", ""Sie untersteht dem Bischof von Lausanne""]",Als Territorialabtei bildet Saint-Maurice ein eigenes kirchliches Gebiet. Der Abt leitet es ähnlich wie ein Bischof sein Bistum.,Der Abt von Saint-Maurice leitet eine eigene Territorialabtei.,Abtei Saint-Maurice,,ok
ch_geschichte,3,Welcher Walliser Bischof liess im späten 4. Jahrhundert die erste Kirche über den Gebeinen der Märtyrer von Agaunum errichten?,"[""Theodor von Octodurus"", ""Marius von Avenches"", ""Asinio von Chur"", ""Bubulcus von Windisch""]",Bischof Theodor (Theodul) liess die Reliquien auffinden und eine Kirche errichten. Er gilt als erster bekannter Bischof des Wallis.,Bischof Theodor baute die erste Märtyrerkirche in Agaunum.,Abtei Saint-Maurice,,ok
ch_geschichte,3,Wodurch ist die Abtei Saint-Maurice heute in der Fachwelt besonders bekannt?,"[""Durch ihren mittelalterlichen Kirchenschatz"", ""Durch ihre Weinberge am Genfersee"", ""Durch ihre Käserei"", ""Durch ihr Observatorium""]",Der Schatz enthält bedeutende Goldschmiedearbeiten wie den Teuderich-Reliquienschrein und eine Sardonyxvase. Er gehört zu den reichsten Kirchenschätzen Europas.,Der Kirchenschatz von Saint-Maurice zählt zu den wertvollsten Europas.,Abtei Saint-Maurice,,ok
ch_geschichte,3,Welche Ordensgemeinschaft betreut die Abtei Saint-Maurice seit dem 12. Jahrhundert?,"[""Augustiner-Chorherren"", ""Benediktiner"", ""Zisterzienser"", ""Jesuiten""]",Seit 1128 leben in Saint-Maurice Augustiner-Chorherren.,In Saint-Maurice wirken seit 1128 Augustiner-Chorherren.,Abtei Saint-Maurice,,ok
ch_geschichte,3,Aus welchem Land stammte der Wandermönch und Klostergründer Kolumban?,"[""Irland"", ""Schottland"", ""England"", ""Bretagne""]",Kolumban kam aus dem irischen Kloster Bangor. Er verkörpert die irische Mission auf dem Festland.,Kolumban war ein irischer Wandermönch.,Kolumban von Luxeuil,,ok
ch_geschichte,3,"Welches berühmte Kloster gründete Kolumban in den Vogesen, bevor er an den Bodensee zog?","[""Luxeuil"", ""Cluny"", ""Reichenau"", ""Einsiedeln""]","Kolumban gründete um 590 im Frankenreich Annegray, Luxeuil und Fontaine. Wegen eines Konflikts mit dem Königshof musste er um 610 weichen.",Luxeuil in den Vogesen war Kolumbans wichtigste Klostergründung.,Kolumban von Luxeuil,,ok
ch_geschichte,3,"Wo gründete Kolumban 612/614 sein letztes Kloster, in dem er 615 starb?","[""Bobbio in Norditalien"", ""Disentis in Graubünden"", ""Pfäfers im St. Galler Oberland"", ""Säckingen am Hochrhein""]",Nach dem Aufenthalt in Bregenz zog Kolumban über die Alpen zu den Langobarden und gründete Bobbio. Dort starb er 615.,Kolumban starb 615 in seinem Kloster Bobbio.,Kolumban von Luxeuil,,ok
ch_geschichte,3,Warum trennte sich Gallus 612 von Kolumban und blieb am Bodensee?,"[""Er war krank und konnte nicht weiterreisen"", ""Er wurde Bischof von Konstanz"", ""Er wurde vom König verbannt"", ""Er wollte nach Irland zurück""]","Laut Gallusvita war Gallus fiebrig und blieb zurück, als Kolumban nach Italien weiterzog. Er zog sich als Einsiedler in den Arboner Forst zurück.",Wegen einer Krankheit blieb Gallus am Bodensee zurück.,Gallus,,ok
ch_geschichte,3,Welcher Gelehrte der Reichenau verfasste im 9. Jahrhundert eine bekannte Lebensbeschreibung des Gallus?,"[""Walahfrid Strabo"", ""Notker Balbulus"", ""Einhard"", ""Alkuin""]",Walahfrid Strabo überarbeitete um 833 die ältere Gallusvita. Seine Fassung prägte das Bild des Heiligen.,Walahfrid Strabo schrieb eine berühmte Vita des heiligen Gallus.,Gallus,,ok
ch_geschichte,3,Wen soll Gallus laut Legende von Besessenheit geheilt haben?,"[""Fridiburga, die Tochter Herzog Gunzos"", ""Wiborada, die Inklusin"", ""Adelheid, die spätere Kaiserin"", ""Chlothilde, die Frankenkönigin""]","Laut Vita befreite Gallus Fridiburga, die Tochter des alamannischen Herzogs Gunzo. Der Herzog unterstützte ihn danach mit Land.",Die Heilung Fridiburgas brachte Gallus die Gunst des Herzogs.,Gallus,,ok
ch_geschichte,3,Welches Amt soll Gallus laut seiner Lebensbeschreibung abgelehnt haben?,"[""Das Bischofsamt in Konstanz"", ""Das Amt des Herzogs von Alamannien"", ""Die Papstwürde"", ""Das Kanzleramt am Frankenhof""]",Gallus schlug laut Vita die Wahl zum Bischof von Konstanz aus und empfahl stattdessen seinen Schüler Johannes.,"Gallus blieb lieber Einsiedler, statt Bischof von Konstanz zu werden.",Gallus,,ok
ch_geschichte,3,Welcher St. Galler Mönch mit dem Beinamen «der Stammler» wurde durch seine Sequenzen berühmt?,"[""Notker Balbulus"", ""Ekkehard IV."", ""Ratpert"", ""Tuotilo""]",Notker (um 840 bis 912) dichtete Sequenzen für die Messe und schrieb die «Gesta Karoli Magni». Er gehört zu den bedeutendsten Gelehrten St. Gallens.,Notker der Stammler machte St. Gallen mit seinen Sequenzen berühmt.,Fürstabtei St. Gallen,,ok
ch_geschichte,3,Welche Inklusin wurde 926 beim Ungarneinfall in St. Gallen getötet und später als erste Frau vom Papst heiliggesprochen?,"[""Wiborada"", ""Hildegard"", ""Adelheid"", ""Verena""]","Wiborada hatte vor dem Ungarneinfall gewarnt, sodass Mönche und Bücher in Sicherheit gebracht werden konnten. 1047 wurde sie heiliggesprochen.",Wiborada warnte St. Gallen vor den Ungarn und starb als Märtyrerin.,Fürstabtei St. Gallen,,ok
ch_geschichte,3,Welche bedeutende Handschrift des Nibelungenlieds bewahrt die Stiftsbibliothek St. Gallen auf?,"[""Die Handschrift B"", ""Die Handschrift A"", ""Die Handschrift C"", ""Das Original des Dichters""]",Der Codex Sangallensis 857 enthält die Handschrift B des Nibelungenlieds aus dem 13. Jahrhundert. Sie gilt als besonders zuverlässige Fassung.,Die Handschrift B des Nibelungenlieds liegt in St. Gallen.,Fürstabtei St. Gallen,,ok
ch_geschichte,3,Seit welchem Jahrhundert trugen die Äbte von St. Gallen den Rang von Reichsfürsten?,"[""Seit dem 13. Jahrhundert"", ""Seit dem 8. Jahrhundert"", ""Seit dem 16. Jahrhundert"", ""Seit dem 18. Jahrhundert""]",Abt Ulrich von Sax wurde 1206/1207 in den Reichsfürstenstand erhoben. Seither spricht man von der Fürstabtei St. Gallen.,Seit dem frühen 13. Jahrhundert waren die Äbte von St. Gallen Reichsfürsten.,Fürstabtei St. Gallen,,ok
ch_geschichte,3,Wie viele Beschriftungen (Tituli) erklären die Gebäude auf dem St. Galler Klosterplan etwa?,"[""Rund 330"", ""Rund 30"", ""Rund 3000"", ""Rund 1200""]","Auf dem Plan stehen 333 Tituli, die Zweck und Ausstattung der Gebäude erläutern. Sie machen den Plan zu einer wichtigen Quelle für das Klosterleben.",Über 300 Beschriftungen erklären die Gebäude auf dem Klosterplan.,St. Galler Klosterplan,,ok
ch_geschichte,3,Welche Bauform auf dem St. Galler Klosterplan war nördlich der Alpen damals selten und lässt an ein südliches Vorbild denken?,"[""Freistehende Türme"", ""Spitzbogenfenster"", ""Gewölbte Kreuzgänge aus Stein"", ""Kuppeldächer""]",Neben der Kirche zeigt der Plan zwei freistehende Rundtürme. Solche Türme waren eher in Italien verbreitet.,Die freistehenden Türme des Klosterplans erinnern an italienische Vorbilder.,St. Galler Klosterplan,,ok
ch_geschichte,3,Welche berühmte Romanabtei des 20. Jahrhunderts ähnelt stark dem St. Galler Klosterplan?,"[""Die Abtei in «Der Name der Rose»"", ""Hogwarts in «Harry Potter»"", ""Das Kloster in «Der Hobbit»"", ""Die Abtei in «Faust»""]",Die Benediktinerabtei in Umberto Ecos Roman «Der Name der Rose» (1980) entspricht im Prinzip dem karolingischen Klosterplan.,Umberto Ecos Romanabtei ist dem St. Galler Klosterplan nachempfunden.,St. Galler Klosterplan,,ok
ch_geschichte,3,Wie lange soll der Nachbau des Klosterplans im Campus Galli nach Planung ungefähr dauern?,"[""Rund 40 Jahre"", ""Rund 4 Jahre"", ""Rund 150 Jahre"", ""Rund 10 Monate""]",Seit 2013 bauen Handwerker bei Messkirch nur mit mittelalterlichen Werkzeugen. Die geschätzte Bauzeit beträgt etwa 40 Jahre.,Der Campus Galli ist ein Bauprojekt über mehrere Jahrzehnte.,St. Galler Klosterplan,,ok
ch_geschichte,3,Wann ist mit Asinio erstmals ein Bischof von Chur bezeugt?,"[""451/452"", ""um 300"", ""um 610"", ""888""]",Asinio wird im Zusammenhang mit der Synode von Mailand 451/452 erstmals urkundlich erwähnt. Das Bistum dürfte schon im 4. Jahrhundert entstanden sein.,Mit Bischof Asinio ist das Bistum Chur seit 451 bezeugt.,Bistum Chur,,ok
ch_geschichte,3,Zu welcher Kirchenprovinz gehörte Chur bis zur Teilung des Frankenreichs 843?,"[""Mailand"", ""Mainz"", ""Besançon"", ""Salzburg""]",Chur war zunächst Suffraganbistum von Mailand und blickte damit nach Süden. Nach 843 kam es zur Kirchenprovinz Mainz.,Bis 843 gehörte das Bistum Chur zur Kirchenprovinz Mailand.,Bistum Chur,,ok
ch_geschichte,3,Welchen kirchenrechtlichen Status hat das Bistum Chur seit 1803?,"[""Es ist exemt und untersteht direkt dem Papst"", ""Es ist ein Suffraganbistum von Mainz"", ""Es gehört zur Erzdiözese Mailand"", ""Es ist ein Erzbistum mit eigenen Suffraganen""]",Seit 1803 ist Chur keiner Kirchenprovinz zugeordnet. Wie die anderen Schweizer Bistümer untersteht es direkt dem Heiligen Stuhl.,Das Bistum Chur untersteht seit 1803 direkt dem Papst.,Bistum Chur,,ok
ch_geschichte,3,Welche einheimische Familie vereinte im 7. und 8. Jahrhundert in Rätien weltliche Macht und Bischofsamt?,"[""Die Victoriden"", ""Die Zähringer"", ""Die Welfen"", ""Die Lenzburger""]",Die Victoriden stellten Präsides und Bischöfe in Chur. Ihr Machtzentrum war die Bischofsstadt Chur.,Die Victoriden herrschten in Rätien zugleich weltlich und geistlich.,Bistum Chur,,ok
ch_geschichte,3,Welche Reform Karls des Grossen um 806 schwächte die Macht der Churer Bischöfe?,"[""Die Trennung von Bistum und Grafschaft"", ""Die Verlegung des Bistums nach Konstanz"", ""Die Einführung des Zehnten für Bauern"", ""Die Teilung Rätiens unter zwei Bischöfe""]",Mit der sogenannten Divisio wurde die weltliche Verwaltung einem fränkischen Grafen übertragen. Der Bischof verlor dabei viel Besitz.,Karl der Grosse trennte in Rätien die Grafschaft vom Bistum.,Bistum Chur,,ok
ch_geschichte,3,Welcher Heilige gilt als Patron des Bistums Chur und der Legende nach als erster Glaubensbote Rätiens?,"[""Luzius"", ""Sigisbert"", ""Gallus"", ""Fridolin""]",Der heilige Luzius soll das Christentum nach Rätien gebracht haben. Die Legende machte ihn sogar zu einem britischen König.,Der heilige Luzius ist der Schutzpatron des Bistums Chur.,Bistum Chur,,ok
ch_geschichte,3,Welches Kloster erhielt 765 durch das Testament des Churer Bischofs Tello grossen Besitz?,"[""Disentis"", ""Pfäfers"", ""Müstair"", ""Einsiedeln""]","Bischof Tello, der letzte Victoride, vermachte dem Kloster Disentis umfangreiche Güter. Das Testament ist eine wichtige Quelle für das frühmittelalterliche Rätien.",Das Tello-Testament von 765 begünstigte das Kloster Disentis.,Bistum Chur,,ok
ch_geschichte,3,Wo liess sich Rudolf I. im Jahr 888 zum König von Hochburgund ausrufen?,"[""In Saint-Maurice"", ""In Payerne"", ""In Genf"", ""In Lausanne""]",Nach dem Zerfall des Karolingerreichs proklamierte sich Rudolf I. 888 in der Abtei Saint-Maurice zum König.,Das Königreich Hochburgund begann 888 in Saint-Maurice.,Hochburgund,,ok
ch_geschichte,3,Welche Niederlage erlitt König Rudolf II. von Hochburgund im Jahr 919?,"[""Bei Winterthur gegen Herzog Burchard II. von Schwaben"", ""Bei Bibracte gegen die Franken"", ""Bei Zülpich gegen die Alamannen"", ""Auf dem Lechfeld gegen die Ungarn""]",Die Niederlage bei Winterthur stoppte die Ausdehnung Hochburgunds nach Osten.,Bei Winterthur wurde 919 die Ostgrenze Hochburgunds gesetzt.,Hochburgund,,ok
ch_geschichte,3,Um welches Jahr vereinigte Rudolf II. Hochburgund mit Niederburgund?,"[""Um 930"", ""Um 800"", ""Um 1033"", ""Um 1191""]","Hugo von der Provence verzichtete auf Niederburgund, wofür Rudolf II. auf seine Ansprüche in Italien verzichtete. So entstand ein vereinigtes Königreich Burgund.",Um 930 wurden Hoch- und Niederburgund vereinigt.,Hochburgund,,ok
ch_geschichte,3,Aus welchem Adelsgeschlecht stammten die Könige von Hochburgund?,"[""Welfen"", ""Karolinger"", ""Ottonen"", ""Zähringer""]",Rudolf I. gehörte zum älteren Haus der Welfen. Seine Nachkommen regierten Burgund bis 1032.,Die Könige von Hochburgund waren Welfen.,Hochburgund,,ok
ch_geschichte,3,"Mit wem war Adelheid von Burgund verheiratet, bevor sie Otto I. heiratete?","[""Mit Lothar von Italien"", ""Mit Konrad II."", ""Mit Berengar II."", ""Mit Ludwig dem Kind""]",Adelheid heiratete zuerst König Lothar von Italien. Nach seinem Tod 950 hielt Berengar II. sie gefangen.,Adelheid war zuerst Königin von Italien an der Seite Lothars.,Hochburgund,,ok
ch_geschichte,3,Welcher König regierte Hochburgund von 937 bis 993 unter dem Schutz Ottos I.?,"[""Konrad der Friedfertige"", ""Rudolf III."", ""Lothar II."", ""Karl der Kahle""]",Konrad wuchs am sächsischen Hof auf und wurde von Otto I. geschützt. Seine lange Regierungszeit gilt als friedlich.,Konrad der Friedfertige regierte Burgund 56 Jahre lang.,Hochburgund,,ok
ch_geschichte,3,Wo wurde Konrad II. am 2. Februar 1033 zum König von Burgund gekrönt?,"[""Im Kloster Payerne (Peterlingen)"", ""In Aachen"", ""In Saint-Maurice"", ""In Basel""]",Nach dem Tod Rudolfs III. liess sich Konrad II. in der Abtei Payerne krönen. Damit kam Burgund an das Heilige Römische Reich.,Konrad II. wurde 1033 in Payerne König von Burgund.,Hochburgund,,ok
ch_geschichte,3,Welche Stadtburg liess Herzog Berchtold V. von Zähringen um 1190 am östlichen Ende der Berner Aareschlaufe errichten?,"[""Nydegg"", ""Bubenberg"", ""Grasburg"", ""Habsburg""]","Die Burg Nydegg sicherte den Aareübergang der neuen Stadt. Die Berner schleiften sie um 1268/70, heute steht an ihrer Stelle die Nydeggkirche.",Die Burg Nydegg bewachte den Aareübergang im frühen Bern.,Zähringer,,ok
ch_geschichte,3,Welches Geschlecht erbte nach dem Aussterben der Zähringer einen grossen Teil ihres Besitzes in der Schweiz?,"[""Die Kyburger"", ""Die Habsburger"", ""Die Savoyer"", ""Die Lenzburger""]","Die Kyburger waren mit den Zähringern verschwägert und erhielten unter anderem Burgdorf, Thun und Freiburg im Üechtland.",Das Zähringererbe in der Schweiz ging grösstenteils an die Kyburger.,Zähringer,,ok
ch_geschichte,3,"Welches Berner Stadtrecht ist auf 1218 datiert, wurde aber wohl erst später verfasst?","[""Die Goldene Handfeste"", ""Der Pfaffenbrief"", ""Das Stanser Verkommnis"", ""Der Bundesbrief""]","Die Goldene Handfeste nennt Kaiser Friedrich II. als Aussteller. Die Forschung hält sie für eine spätere Berner Fälschung, die Freiheiten der Stadt sichern sollte.",Die Goldene Handfeste sicherte Bern seine Freiheiten als Reichsstadt.,Zähringer,,ok
ch_geschichte,3,Welche Stadt am Hochrhein im heutigen Aargau gehörte zu den Zähringerstädten?,"[""Rheinfelden"", ""Kaiserstuhl"", ""Zurzach"", ""Laufenburg""]",Die Zähringer erbten um 1090 die Güter der Grafen von Rheinfelden und bauten den Ort zur Stadt aus.,Rheinfelden am Hochrhein ist eine Zähringerstadt.,Zähringer,,ok
ch_geschichte,3,"Welche Stadt im Schwarzwald gründeten die Zähringer 1120, die zum Vorbild späterer Gründungen wurde?","[""Freiburg im Breisgau"", ""Konstanz"", ""Basel"", ""Offenburg""]",Konrad und Berchtold III. von Zähringen gründeten 1120 Freiburg im Breisgau als Marktstadt. Ihr Stadtrecht beeinflusste andere Zähringerstädte.,Freiburg im Breisgau war die erste grosse Zähringerstadt.,Zähringer,,ok
ch_geschichte,3,Welches Merkmal ist für den Grundriss der Zähringerstädte typisch?,"[""Eine breite Hauptgasse als Marktplatz"", ""Ein runder Ring um eine Burg"", ""Ein Schachbrett nach römischem Lagerplan"", ""Eine Stadt ohne Mauer""]","In Bern oder Freiburg bildet eine breite Gasse die Marktachse, an der die Häuser auf regelmässigen Hofstätten stehen.",Zähringerstädte haben oft eine breite Marktgasse als Achse.,Zähringer,,ok
ch_geschichte,3,Nach welcher Burg nennt sich das Geschlecht der Zähringer?,"[""Nach der Burg Zähringen bei Freiburg im Breisgau"", ""Nach der Burg Zähringen bei Bern"", ""Nach einer Burg am Zürichsee"", ""Nach einer Burg im Elsass bei Strassburg""]",Die Stammburg Zähringen liegt nördlich von Freiburg im Breisgau. Nach ihr benannten sich die Herzöge seit dem späten 11. Jahrhundert.,Die Zähringer tragen den Namen ihrer Burg bei Freiburg im Breisgau.,Zähringer,,ok
ch_geschichte,3,In welcher Stadt wurde der Urner Freiheitsbrief vom 26. Mai 1231 ausgestellt?,"[""Hagenau"", ""Konstanz"", ""Basel"", ""Strassburg""]","König Heinrich (VII.) hielt sich in der elsässischen Pfalzstadt Hagenau auf, als er die Urkunde ausstellte. Hagenau war ein wichtiger Sitz der Staufer.",Der Urner Freiheitsbrief wurde 1231 in Hagenau ausgestellt.,Freiheitsbriefe der Waldstätte,,ok
ch_geschichte,3,Welche Rechtsstellung erhielt Uri durch den Freiheitsbrief von 1231?,"[""Reichsunmittelbarkeit"", ""Volle Souveränität"", ""Stellung als Reichsstadt"", ""Rang eines Herzogtums""]","Uri unterstand nun direkt dem König, ohne Landesherrn dazwischen. Vom Reich unabhängig wurde es damit nicht.","Reichsunmittelbar heisst, dass ein Gebiet direkt dem König untersteht.",Freiheitsbriefe der Waldstätte,,ok
ch_geschichte,3,Womit begründete der Freiheitsbrief von 1240 die besondere Stellung der Schwyzer?,"[""Sie hatten sich freiwillig unter das Reich gestellt"", ""Sie hatten dem Kaiser Geld geliehen"", ""Sie hatten eine Reichsburg erbaut"", ""Sie hatten den Papst gefangen genommen""]","Der Kaiser lobte, dass sich die Schwyzer aus freiem Willen unter den Schutz des Reiches begeben hatten. Dafür nahm er sie in seinen besonderen Schutz.",Die Schwyzer stellten sich 1240 freiwillig unter den Schutz des Reiches.,Freiheitsbriefe der Waldstätte,,ok
ch_geschichte,3,Warum war die Reichsfreiheit von Schwyz nach 1240 rechtlich unsicher?,"[""Habsburg anerkannte den Brief nicht"", ""Der Brief war nur befristet"", ""Uri focht den Brief an"", ""Schwyz verlor die Urkunde""]",Die Habsburger beanspruchten weiterhin Herrschaftsrechte in Schwyz. Sie akzeptierten den Brief deshalb nicht.,Die Habsburger erkannten den Schwyzer Freiheitsbrief nicht an.,Freiheitsbriefe der Waldstätte,,ok
ch_geschichte,3,Wen setzte König Heinrich VII. 1309 als Reichsvogt über die Waldstätte ein?,"[""Werner von Homberg"", ""Rudolf von Habsburg"", ""Werner Stauffacher"", ""Johann von Attinghausen""]",Graf Werner von Homberg verwaltete als Reichsvogt die Rechte des Königs in den Waldstätten. Damit standen diese direkt unter einem königlichen Beamten und nicht unter Habsburg.,Werner von Homberg war 1309 Reichsvogt der Waldstätte.,Freiheitsbriefe der Waldstätte,,ok
ch_geschichte,3,"Welcher König bestätigte den Waldstätten 1316, kurz nach der Schlacht am Morgarten, ihre Freiheiten?","[""Ludwig der Bayer"", ""Friedrich der Schöne"", ""Albrecht I."", ""Karl IV.""]",Im Thronstreit stand Ludwig gegen den Habsburger Friedrich den Schönen. Die Waldstätte unterstützten Ludwig und erhielten dafür 1316 die Bestätigung ihrer Rechte.,Ludwig der Bayer bestätigte 1316 die Freiheiten der Waldstätte.,Freiheitsbriefe der Waldstätte,,ok
ch_geschichte,3,Welches strategische Interesse stand hinter den Freiheitsbriefen der Staufer für die Waldstätte?,"[""Kontrolle des Gotthardwegs"", ""Zugang zu Salzvorkommen"", ""Sicherung von Silberminen"", ""Schutz der Rheinschifffahrt""]",Seit der Öffnung des Wegs durch die Reussschlucht führte eine kurze Route nach Italien über die Alpen. Kein Landesherr sollte ihren Nordzugang beherrschen.,Die Staufer wollten den Nordzugang zum Gotthard unter Reichskontrolle halten.,Freiheitsbriefe der Waldstätte,,ok
ch_geschichte,3,Welchem Kloster gehörte das Urserental am Nordfuss des Gotthards im Mittelalter?,"[""Disentis"", ""Einsiedeln"", ""Engelberg"", ""Pfäfers""]",Ursern stand lange unter der Herrschaft dieses Benediktinerklosters in der Surselva. Der Weg über den Oberalppass verband beide Täler.,Das Urserental unterstand im Mittelalter dem Kloster Disentis.,Gotthardpass,,ok
ch_geschichte,3,Mit welchem Ort schloss das Urserental 1410 ein Landrecht?,"[""Uri"", ""Schwyz"", ""Luzern"", ""Obwalden""]",Durch das Landrecht von 1410 band sich Ursern eng an seinen nördlichen Nachbarn. Damit kontrollierte dieser die ganze Nordrampe des Passes.,Ursern verband sich 1410 durch ein Landrecht mit Uri.,Gotthardpass,,ok
ch_geschichte,3,"Wie hiessen die Lagerhäuser an der Gotthardroute, in denen Waren umgeladen und weitergegeben wurden?","[""Susten"", ""Zehntscheunen"", ""Kornhäuser"", ""Zeughäuser""]","In den Susten lagerten Säumer die Waren, bis die nächste Säumergenossenschaft sie übernahm. Dafür wurden Gebühren erhoben.",Susten waren Lagerhäuser für den Warenverkehr über die Alpenpässe.,Gotthardpass,,ok
ch_geschichte,3,Wer weihte 1230 die Kapelle auf der Passhöhe des Gotthards?,"[""Der Erzbischof von Mailand"", ""Der Bischof von Konstanz"", ""Der Abt von Einsiedeln"", ""Der Bischof von Chur""]",Erzbischof Enrico da Settala aus Mailand weihte die Kapelle dem heiligen Godehard. Die Passhöhe gehörte kirchlich zum Süden.,Die Gotthardkapelle wurde 1230 vom Erzbischof von Mailand geweiht.,Gotthardpass,,ok
ch_geschichte,3,Welcher norddeutsche Abt verfasste die älteste bekannte Beschreibung einer Reise über den Gotthard?,"[""Albert von Stade"", ""Otto von Freising"", ""Adam von Bremen"", ""Thietmar von Merseburg""]","Albert von Stade beschrieb in den 1230er-Jahren den Weg nach Rom über diesen neuen Pass. Sein Bericht zeigt, dass die Route schon kurz nach ihrer Öffnung genutzt wurde.",Albert von Stade beschrieb als Erster eine Reise über den Gotthard.,Gotthardpass,,ok
ch_geschichte,3,Welches Bauwerk ersetzte ab 1708 die Twärrenbrücke und gilt als erster Verkehrstunnel der Schweiz?,"[""Urnerloch"", ""Galerie von Gondo"", ""Gotthard-Scheiteltunnel"", ""Kirchbergtunnel""]",Der ursprünglich 64 Meter lange Durchgang wurde 1707 und 1708 durch den Fels gesprengt. Danach musste man die Felswand nicht mehr auf einem hängenden Steg umgehen.,Das Urnerloch von 1708 gilt als erster Verkehrstunnel der Schweiz.,Schöllenen,,ok
ch_geschichte,3,Welcher Festungsbaumeister baute 1707 und 1708 den Tunnel in der Schöllenen?,"[""Pietro Morettini"", ""Louis Favre"", ""Hans Konrad Escher"", ""Giovanni Fontana""]",Der Tessiner Baumeister war ein Schüler des französischen Festungsbauers Vauban. Der Bau wurde deutlich teurer als geplant.,Pietro Morettini baute den ersten Tunnel durch die Schöllenen.,Schöllenen,,ok
ch_geschichte,3,Wer machte die Schöllenen um 1200 vermutlich mit einem Saumweg passierbar?,"[""Walser aus dem Urserental"", ""Römische Legionäre"", ""Mönche aus Einsiedeln"", ""Händler aus Mailand""]","Man nimmt an, dass Walser Siedler aus dem Urserental den Weg mit Brücken über die Reuss anlegten. Sicher belegt ist das nicht, das genaue Baudatum ist umstritten.",Vermutlich machten Walser die Schöllenen um 1200 passierbar.,Schöllenen,,ok
ch_geschichte,3,Was geschah 1888 mit der steinernen Teufelsbrücke von 1595?,"[""Sie stürzte ein"", ""Sie wurde gesprengt"", ""Sie wurde ins Museum versetzt"", ""Sie wurde verbreitert""]","Nachdem 1830 eine neue Brücke daneben eröffnet worden war, wurde die alte nicht mehr unterhalten. Am 2. August 1888 brach sie zusammen.",Die alte Teufelsbrücke stürzte 1888 ein.,Schöllenen,,ok
ch_geschichte,3,Wann wurde die heutige dritte Teufelsbrücke für den Autoverkehr eröffnet?,"[""1958"", ""1882"", ""1918"", ""1980""]",Neben der Brücke aus dem 19. Jahrhundert entstand eine breitere Strassenbrücke. Die ältere dient heute Fussgängern und Velofahrern.,Die dritte Teufelsbrücke für Autos wurde 1958 eröffnet.,Schöllenen,,ok
ch_geschichte,3,Wer gilt als Verfasser des Weissen Buches von Sarnen?,"[""Landschreiber Hans Schriber"", ""Chronist Diebold Schilling"", ""Stadtschreiber Konrad Justinger"", ""Landammann Ital Reding""]",Der Obwaldner Landschreiber legte das Buch an. Es enthält Abschriften von Bündnissen und eine Chronik zur Befreiung.,Hans Schriber schrieb das Weisse Buch von Sarnen.,Weisses Buch von Sarnen,,ok
ch_geschichte,3,Woher hat das Weisse Buch von Sarnen seinen Namen?,"[""Vom weissen Einband"", ""Vom weissen Papier"", ""Von einer weissen Fahne"", ""Von weissen Mönchen""]","Der Name bezieht sich auf den weissen Einband aus Schweinsleder, der aus dem 17. Jahrhundert stammt. Mit dem Inhalt hat er nichts zu tun.",Das Weisse Buch ist nach der Farbe seines Einbands benannt.,Weisses Buch von Sarnen,,ok
ch_geschichte,3,Wann ungefähr entstand das Weisse Buch von Sarnen?,"[""um 1470"", ""um 1390"", ""um 1530"", ""um 1300""]","Das Buch wurde zwischen 1470 und 1472 geschrieben, also rund 180 Jahre nach dem Bundesbrief. Es ist damit keine zeitgenössische Quelle.",Das Weisse Buch entstand erst um 1470.,Weisses Buch von Sarnen,,ok
ch_geschichte,3,Welcher Versammlungsort der Verschwörer wird im Weissen Buch von Sarnen zum ersten Mal erwähnt?,"[""Das Rütli"", ""Der Mythenstein"", ""Die Treib"", ""Der Bürgenstock""]","Die Chronik erzählt, dass sich Stauffacher, Fürst und der junge Melchtaler nachts dort trafen. Ältere Quellen kennen diesen Ort noch nicht.",Das Rütli taucht im Weissen Buch von Sarnen erstmals auf.,Weisses Buch von Sarnen,,ok
ch_geschichte,3,"Welcher Historiker zeigte 1835, dass sich die Vögte Gessler und Landenberg in Urkunden nicht nachweisen lassen?","[""Joseph Eutych Kopp"", ""Johannes von Müller"", ""Jacob Burckhardt"", ""Gerold Meyer von Knonau""]",Kopp verglich die Chronikberichte mit den erhaltenen Urkunden und fand keine Belege für diese Vögte. Damit begann die kritische Prüfung der Befreiungsgeschichte.,Joseph Eutych Kopp stellte die Befreiungssage 1835 kritisch in Frage.,Weisses Buch von Sarnen,,ok
ch_geschichte,3,Welcher Zürcher Staatsarchivar machte das Weisse Buch 1854 der Forschung bekannt?,"[""Gerold Meyer von Knonau"", ""Johann Jakob Bodmer"", ""Joseph Eutych Kopp"", ""Salomon Gessner""]",Er stiess im Archiv in Sarnen auf das Buch und veröffentlichte den Text 1857. In Sarnen selbst war es immer bekannt gewesen.,Gerold Meyer von Knonau machte das Weisse Buch 1854 bekannt.,Weisses Buch von Sarnen,,ok
ch_geschichte,3,Welche nordische Erzählung enthält ebenfalls einen Apfelschuss und gilt als mögliches Vorbild der Tellgeschichte?,"[""Die Tokosage"", ""Die Nibelungensage"", ""Die Beowulfsage"", ""Die Gudrunsage""]","Saxo Grammaticus erzählt um 1200 vom Schützen Toko, der einen Apfel vom Kopf seines Sohnes schiessen musste. Viele Forscher sehen darin ein Vorbild der Tellgeschichte.",Die Tokosage erzählt schon vor Tell von einem Apfelschuss.,Weisses Buch von Sarnen,,ok
ch_geschichte,3,Welches Unrecht tut der Vogt Landenberg laut Weissem Buch dem Bauern im Melchtal an?,"[""Er nimmt ihm die Ochsen weg"", ""Er brennt seinen Hof nieder"", ""Er verbannt seinen Sohn"", ""Er verlangt seine Tochter""]","Landenberg lässt dem Bauern das Ochsengespann wegnehmen. Die Geschichte erklärt, warum sich der junge Melchtaler den Verschwörern anschliesst.",Im Weissen Buch nimmt Landenberg dem Melchtaler Bauern die Ochsen weg.,Weisses Buch von Sarnen,,ok
ch_geschichte,3,Wie wird die Burg Sarnen laut Weissem Buch eingenommen?,"[""Durch eine List mit Geschenken"", ""Durch eine lange Belagerung"", ""Durch einen Tunnel unter der Mauer"", ""Durch Verrat des Vogts""]",Untertanen bringen dem Vogt Gaben und lassen dabei das Tor offen. Auf ein Hornsignal stürmen die Verbündeten hinein.,Laut Weissem Buch fiel die Burg Sarnen durch eine List.,Weisses Buch von Sarnen,,ok
ch_geschichte,3,Aus welchem Ort stammte der Chronist Aegidius Tschudi?,"[""Glarus"", ""Schwyz"", ""Zug"", ""Altdorf""]","Tschudi wurde 1505 dort geboren und stammte aus einer Familie von Landammännern. Er war Politiker, Landvogt und Geschichtsschreiber.",Aegidius Tschudi war ein Glarner Chronist.,Aegidius Tschudi,,ok
ch_geschichte,3,Wie heisst Tschudis Hauptwerk zur Schweizer Geschichte?,"[""Chronicon Helveticum"", ""Gesta Helvetiorum"", ""Annales Confoederatorum"", ""Historia Alpina""]",Das Werk behandelt die Zeit von 1001 bis 1470. Gedruckt wurde es erst 1734 bis 1736 in Basel.,Tschudis Hauptwerk ist das Chronicon Helveticum.,Aegidius Tschudi,,ok
ch_geschichte,3,Auf welches Jahr datierte Tschudi den Rütlischwur?,"[""1307"", ""1291"", ""1315"", ""1231""]",Tschudi setzte den Schwur auf den 8. November dieses Jahres an. Erst im 19. Jahrhundert setzte sich wegen des Bundesbriefs ein anderes Gründungsjahr durch.,Tschudi datierte den Rütlischwur auf das Jahr 1307.,Aegidius Tschudi,,ok
ch_geschichte,3,Welcher Dichter stützte sich für sein Drama «Wilhelm Tell» von 1804 stark auf Tschudis Chronik?,"[""Friedrich Schiller"", ""Johann Wolfgang von Goethe"", ""Gotthold Ephraim Lessing"", ""Heinrich von Kleist""]",Der Dichter übernahm aus der Chronik Figuren und Ablauf der Befreiung. So prägte Tschudi das Bild der Gründung bis heute.,Schillers «Wilhelm Tell» beruht vor allem auf Tschudis Chronik.,Aegidius Tschudi,,ok
ch_geschichte,3,Welches Amt übte Tschudi in einer Gemeinen Herrschaft aus?,"[""Landvogt von Baden"", ""Abt von Einsiedeln"", ""Bürgermeister von Zürich"", ""Schultheiss von Luzern""]",Tschudi war Landvogt in Sargans und zweimal in der Grafschaft Baden. Dort hatte er Zugang zu vielen alten Urkunden.,Tschudi diente als Landvogt in Sargans und Baden.,Aegidius Tschudi,,ok
ch_geschichte,3,Welcher konfessionellen Richtung schloss sich Tschudi in der zweiten Lebenshälfte entschieden an?,"[""Der katholischen Gegenreformation"", ""Der Zürcher Reformation"", ""Der Täuferbewegung"", ""Der Berner Reformation""]",Tschudi wurde in Glarus zum Wortführer der katholischen Seite. Der nach ihm benannte Tschudikrieg ab 1560 zeigt die Schärfe des Glaubensstreits.,Tschudi kämpfte in Glarus für die katholische Sache.,Aegidius Tschudi,,ok
ch_geschichte,3,Welches Werk Tschudis von 1538 enthielt eine der ersten genauen Karten der Schweiz?,"[""Alpisch Rhetia"", ""Gallia comata"", ""Kosmographie"", ""Eidgenössische Chronik""]","«Uralt warhafftig Alpisch Rhetia» war das einzige Buch, das zu Tschudis Lebzeiten gedruckt wurde. Die Karte zeigte die Schweiz genauer als frühere Darstellungen.",Tschudis «Alpisch Rhetia» von 1538 enthielt eine frühe genaue Schweizerkarte.,Aegidius Tschudi,,ok
ch_geschichte,3,Welches Werk Tschudis über die Frühgeschichte Helvetiens erschien erst 1758 im Druck?,"[""Gallia comata"", ""Alpisch Rhetia"", ""Helvetiorum Origo"", ""Chronica Glaronensis""]",Tschudi vollendete die Schrift in seinem Todesjahr 1572. Johann Jacob Gallati gab sie fast 200 Jahre später heraus.,Tschudis «Gallia comata» wurde erst 1758 gedruckt.,Aegidius Tschudi,,ok
ch_geschichte,3,Welche Besonderheit enthielt der Luzerner Bund von 1332 gegenüber Habsburg?,"[""Habsburgs Rechte wurden vorbehalten"", ""Habsburg wurde Bundesgenosse"", ""Habsburg trat Luzern ab"", ""Habsburg wurde der Krieg erklärt""]",Die herrschaftlichen Rechte des Stadtherrn wurden im Bund ausdrücklich vorbehalten. Praktisch schwächte das Bündnis seine Stellung in Luzern trotzdem.,Der Luzerner Bund behielt die Rechte Habsburgs formell vor.,Luzerner Bund,,ok
ch_geschichte,3,Welche Schlacht von 1386 löste Luzern endgültig von der habsburgischen Herrschaft?,"[""Schlacht bei Sempach"", ""Schlacht bei Näfels"", ""Schlacht am Morgarten"", ""Schlacht bei Laupen""]","Die Eidgenossen besiegten Herzog Leopold III. von Österreich, der im Kampf fiel. Danach konnte Luzern sein Gebiet stark ausdehnen.",Nach dem Sieg von 1386 löste sich Luzern von Habsburg.,Luzerner Bund,,ok
ch_geschichte,3,Welches Problem brachte der Bund von 1332 innerhalb der Stadt Luzern mit sich?,"[""Spannungen mit habsburgtreuen Kreisen"", ""Den Verlust des Marktrechts"", ""Die Absetzung durch den Kaiser"", ""Den Wegzug aller Zünfte""]",Ein Teil des Adels und der Bürger hielt weiter zur Herrschaft Österreich. Luzern blieb deshalb über Jahrzehnte zwischen zwei Lagern hin- und hergerissen.,Der Bund von 1332 spaltete Luzern in habsburgtreue und eidgenössisch gesinnte Kreise.,Luzerner Bund,,ok
ch_geschichte,3,Welche habsburgische Burg mit Zollstelle zerstörten die Luzerner 1385 und lösten so den Sempacherkrieg mit aus?,"[""Rothenburg"", ""Wolhusen"", ""Habsburg"", ""Lenzburg""]",Die Luzerner störten sich an den Zöllen der Habsburger nördlich der Stadt. Die Zerstörung der Burg war eine offene Kampfansage.,Mit der Zerstörung von Rothenburg forderten die Luzerner 1385 Habsburg heraus.,Luzerner Bund,,ok
ch_geschichte,3,Welcher Luzerner Schultheiss fiel 1386 im Kampf gegen Herzog Leopold III.?,"[""Petermann von Gundoldingen"", ""Rudolf Stüssi"", ""Adrian von Bubenberg"", ""Ital Reding""]",Gundoldingen führte die Luzerner an und starb in der Schlacht. Er war einer der wichtigsten Luzerner Politiker seiner Zeit.,Der Luzerner Schultheiss Petermann von Gundoldingen fiel 1386.,Luzerner Bund,,ok
ch_geschichte,3,Wann trat Zürich dem Bund mit den Waldstätten und Luzern bei?,"[""1351"", ""1332"", ""1353"", ""1370""]","Am 1. Mai dieses Jahres verband sich Zürich mit Uri, Schwyz, Unterwalden und Luzern. Anlass war der Konflikt der Stadt mit Habsburg.",Zürich trat dem Bund 1351 bei.,Zürcher Bund,,ok
ch_geschichte,3,Wie kam Rudolf Brun 1336 in Zürich an die Macht?,"[""Durch einen Umsturz im Rat"", ""Durch Ernennung des Kaisers"", ""Durch Erbe seines Vaters"", ""Durch einen Sieg über Habsburg""]","Am 7. Juni 1336 stürmte eine Menge unter Brun das Rathaus, worauf die Ratsherren flohen. Eine Volksversammlung übertrug ihm danach die Macht auf Lebenszeit.",Rudolf Brun gelangte 1336 durch einen Umsturz an die Macht.,Zürcher Bund,,ok
ch_geschichte,3,Wie hiess in Bruns Verfassung die Vereinigung von Adel und vornehmen Kaufleuten neben den Zünften?,"[""Constaffel"", ""Gesellschaft zur Meisen"", ""Schildner zum Schneggen"", ""Herrenstube""]","Die Constaffel stellte einen Teil der Ratsherren, die Zünfte den anderen. Sie bestand bis zum Ende der alten Ordnung.",Die Constaffel vertrat in Zürich Adel und Kaufleute.,Zürcher Bund,,ok
ch_geschichte,3,"Wie heisst die Urkunde, in der Zürichs Zunftverfassung von 1336 festgehalten wurde?","[""Geschworener Brief"", ""Richtebrief"", ""Zunftrodel"", ""Stadtbuch""]","Die Bürger mussten die Verfassung beschwören, daher der Name. Spätere Fassungen trugen dieselbe Bezeichnung.",Zürichs Zunftverfassung wurde im Geschworenen Brief festgehalten.,Zürcher Bund,,ok
ch_geschichte,3,Was geschah in der Zürcher Mordnacht von 1350?,"[""Verbannte Gegner versuchten einen Überfall"", ""Die Pest tötete viele Bürger"", ""Ein Brand zerstörte die Altstadt"", ""Habsburg erstürmte die Stadt""]","In der Nacht vom 23. auf den 24. Februar 1350 wollten verbannte Gegner Brun stürzen und ermorden. Er war gewarnt, und der Anschlag scheiterte.",In der Zürcher Mordnacht scheiterte ein Anschlag auf Rudolf Brun.,Zürcher Bund,,ok
ch_geschichte,3,Welcher Friede von 1355 bestätigte die Abmachungen zwischen Zürich und Habsburg nach dem Krieg um den Zürcher Bund?,"[""Regensburger Friede"", ""Thorberger Friede"", ""Friede von Ensisheim"", ""Friede von Basel""]","Der Friede bestätigte den Brandenburger Frieden von 1352. Zürich musste sich verpflichten, ihn auch gegenüber den Waldstätten durchzusetzen.",Der Regensburger Friede von 1355 beendete den Krieg um den Zürcher Bund.,Zürcher Bund,,ok
ch_geschichte,3,Wie verhielt sich Rudolf Brun gegen Ende seines Lebens gegenüber Habsburg?,"[""Er trat in habsburgische Dienste"", ""Er erklärte erneut Krieg"", ""Er floh ins Ausland"", ""Er wurde von Habsburg verbannt""]","1356 verbündete sich Zürich mit Österreich, und 1359 trat Brun gegen Geld in österreichische Dienste. Er starb 1360.",Rudolf Brun näherte sich am Ende seines Lebens Habsburg an.,Zürcher Bund,,ok
ch_geschichte,3,In welchen Fällen durften Geistliche laut Pfaffenbrief weiterhin vor ein kirchliches Gericht gehen?,"[""Bei Ehe- und geistlichen Sachen"", ""Bei Mord und Totschlag"", ""Bei Erbschaften von Adligen"", ""Bei Streit um Grundbesitz""]",Für diese Bereiche blieb die Kirche zuständig. In allen anderen Fällen galt das Gericht des Ortes.,Nur Ehe- und geistliche Sachen blieben laut Pfaffenbrief vor kirchlichen Gerichten.,Pfaffenbrief,,ok
ch_geschichte,3,Was verlangte der Pfaffenbrief von österreichischen Dienstleuten im Gebiet der Orte?,"[""Einen Eid auf die Eidgenossen"", ""Den Wegzug aus dem Gebiet"", ""Eine Steuer an Zürich"", ""Den Verzicht auf Waffen""]",Diese Leute mussten den Eidgenossen huldigen. Im Konfliktfall ging dieser Eid allen anderen Bindungen vor.,Österreichische Dienstleute mussten laut Pfaffenbrief den Eidgenossen schwören.,Pfaffenbrief,,ok
ch_geschichte,3,Welche Folge hatte der Überfall von 1370 für den Zürcher Propst Bruno Brun?,"[""Er wurde aus Zürich verbannt"", ""Er wurde Bischof"", ""Er wurde hingerichtet"", ""Er wurde Bürgermeister""]","Brun hatte einen Luzerner Amtsträger gefangen gesetzt und ein weltliches Gericht abgelehnt. Zürich verbannte ihn, worauf er Österreich um Hilfe bat.",Bruno Brun wurde nach seinem Überfall aus Zürich verbannt.,Pfaffenbrief,,ok
ch_geschichte,3,Welchen Wandel im Rechtsdenken zeigt der Pfaffenbrief laut Forschung?,"[""Vom Personen- zum Gebietsrecht"", ""Vom Gewohnheits- zum Römischen Recht"", ""Vom Stadt- zum Kaiserrecht"", ""Vom Kirchen- zum Familienrecht""]","Nicht mehr der Stand einer Person, sondern das Gebiet, in dem sie lebte, bestimmte das Gericht. Damit setzten die Orte ihre Herrschaft über ihr Territorium durch.",Mit dem Pfaffenbrief galt Recht stärker nach Gebiet als nach Person.,Pfaffenbrief,,ok
ch_geschichte,3,Wie bezeichneten die Orte ihr Bündnisgeflecht im Pfaffenbrief erstmals gemeinsam?,"[""«unser Eydgnoschaft»"", ""«Helvetia»"", ""«Schwiz und Land»"", ""«Bund ob dem See»""]",Mit dieser Formel sprachen die Orte erstmals von sich als territorialer Einheit. Das zeigt ein wachsendes Gemeinschaftsbewusstsein.,Im Pfaffenbrief nennen sich die Orte erstmals «unser Eydgnoschaft».,Pfaffenbrief,,ok
ch_geschichte,3,Welche Form privater Gewalt verbot der Pfaffenbrief?,"[""Die Fehde"", ""Den Zweikampf vor Gericht"", ""Den Söldnerdienst"", ""Die Blutrache unter Bauern""]",Streitigkeiten sollten vor Gericht statt mit privaten Kriegszügen ausgetragen werden. Das stärkte die Obrigkeit der Orte.,Der Pfaffenbrief verbot die Fehde.,Pfaffenbrief,,ok
ch_geschichte,3,Wer durfte laut Sempacherbrief die anderen Orte um Kriegshilfe bitten?,"[""Rat oder Landsgemeinde eines Ortes"", ""Jeder freie Bürger"", ""Nur der Kaiser"", ""Nur die Hauptleute im Feld""]",Hilfegesuche mussten begründet sein und von der Obrigkeit ausgehen. So sollten eigenmächtige Kriegszüge verhindert werden.,Nur die Obrigkeit eines Ortes durfte laut Sempacherbrief Hilfe anfordern.,Sempacherbrief,,ok
ch_geschichte,3,Was geschah in Zürich kurz vor dem Sempacherbrief 1393?,"[""Zürich schloss ein Sonderbündnis mit Österreich"", ""Das Grossmünster brannte nieder"", ""Zürich trat aus dem Bund aus"", ""Die Zünfte stürzten den Adel""]",Am 4. Juli 1393 verbündete sich Zürich allein mit Österreich. Nach dem Sturz des österreichfreundlichen Bürgermeisters Rudolf Schön wurde das Bündnis wieder aufgelöst.,Ein Zürcher Sonderbündnis mit Österreich ging dem Sempacherbrief voraus.,Sempacherbrief,,ok
ch_geschichte,3,"Welcher Friede mit Österreich wurde 1394, ein Jahr nach dem Sempacherbrief, geschlossen?","[""Zwanzigjähriger Friede"", ""Ewige Richtung"", ""Fünfzigjähriger Friede"", ""Thorberger Friede""]","Nachdem die Orte sich auf gemeinsame Regeln geeinigt hatten, war ein Friede aller Orte mit Österreich möglich. Zürich sollte dabei für das Wohlverhalten der inneren Orte bürgen.",1394 schlossen die Eidgenossen den Zwanzigjährigen Frieden mit Österreich.,Sempacherbrief,,ok
ch_geschichte,3,Welche Gruppe erhielt im Sempacherbrief ausdrücklich Sicherheit zugesichert?,"[""Kaufleute"", ""Pilger"", ""Bettler"", ""Kaiserliche Boten""]",Der Handel war für Städte wie Zürich und Luzern lebenswichtig. Deshalb sicherte der Brief Kaufleuten Schutz zu.,Der Sempacherbrief schützte die Kaufleute.,Sempacherbrief,,ok
ch_geschichte,3,"Was drohte laut Sempacherbrief Kriegern, die aus dem Kampf flohen?","[""Eine Bestrafung"", ""Die Erhebung in den Adelsstand"", ""Ein Anteil an der Beute"", ""Die Aufnahme ins Bürgerrecht""]",Deserteure gefährdeten das ganze Heer. Der Brief sah deshalb Strafen für Flucht und Ungehorsam vor.,Laut Sempacherbrief wurden Deserteure bestraft.,Sempacherbrief,,ok
ch_geschichte,3,Was galt laut Sempacherbrief unter den Kriegern verschiedener Orte in einem gemeinsamen Heer?,"[""Es herrschte Frieden untereinander"", ""Jeder Ort kämpfte für sich allein"", ""Der grösste Ort befahl allen"", ""Streit wurde im Zweikampf gelöst""]","Gewalt unter Eidgenossen war verboten, auch im Feldlager. So sollte das Heer zusammenhalten.",Im gemeinsamen Heer galt laut Sempacherbrief Frieden unter den Eidgenossen.,Sempacherbrief,,ok
ch_geschichte,3,Welches kirchliche Ereignis war Hintergrund der Eroberung des Aargaus?,"[""Das Konzil von Konstanz"", ""Das Konzil von Basel"", ""Das Konzil von Trient"", ""Das Konzil von Lyon""]","Die Versammlung sollte die Spaltung der Kirche mit mehreren Päpsten beenden. Ein Habsburger Herzog störte sie, indem er einem der Päpste half.",Die Eroberung des Aargaus hing mit dem Konzil von Konstanz zusammen.,Eroberung des Aargaus,,ok
ch_geschichte,3,Welchem Papst verhalf Herzog Friedrich IV. von Österreich 1415 zur Flucht aus Konstanz?,"[""Johannes XXIII."", ""Gregor XII."", ""Benedikt XIII."", ""Martin V.""]",Der Papst wollte sich dem Konzil entziehen und floh mit Hilfe des Herzogs. Das brachte König Sigismund gegen Friedrich auf.,Friedrich IV. half 1415 Papst Johannes XXIII. bei der Flucht.,Eroberung des Aargaus,,ok
ch_geschichte,3,Welchen Beinamen trug Herzog Friedrich IV. von Österreich?,"[""mit der leeren Tasche"", ""der Schöne"", ""der Streitbare"", ""der Lahme""]",Der Spottname spielt auf seine Geldnot nach dem Verlust vieler Gebiete an. Er regierte vor allem in Tirol.,Friedrich IV. von Österreich hiess «mit der leeren Tasche».,Eroberung des Aargaus,,ok
ch_geschichte,3,Welche Strafe verhängte König Sigismund 1415 über Herzog Friedrich IV.?,"[""Die Reichsacht"", ""Den Kirchenbann"", ""Die Verbannung nach Italien"", ""Die Absetzung durch den Papst""]","Sigismund erklärte Friedrich für geächtet und rief die Reichsstände auf, seine Gebiete zu besetzen. Die Eidgenossen folgten diesem Aufruf.",König Sigismund verhängte 1415 die Reichsacht über Friedrich IV.,Eroberung des Aargaus,,ok
ch_geschichte,3,Welcher Ort sicherte sich 1415 den grössten Teil des Aargaus?,"[""Bern"", ""Zürich"", ""Luzern"", ""Solothurn""]","Dieser Ort eroberte unter anderem Aarau, Zofingen, Lenzburg und Brugg. Der sogenannte Unteraargau blieb bis 1798 sein Untertanengebiet.",Bern gewann 1415 den grössten Teil des Aargaus.,Eroberung des Aargaus,,ok
ch_geschichte,3,Welches Gebiet westlich des Albis eroberte Zürich 1415 für sich allein?,"[""Das Freiamt Affoltern"", ""Das Fricktal"", ""Das Surbtal"", ""Das Amt Muri""]",Das Gebiet wurde später Teil der Zürcher Landvogtei Knonau. Daher heisst es heute Knonauer Amt.,Zürich eroberte 1415 das Freiamt Affoltern.,Eroberung des Aargaus,,ok
ch_geschichte,3,Welcher Ort beteiligte sich 1415 wegen eines Friedens mit Österreich zunächst nicht an der Eroberung?,"[""Uri"", ""Schwyz"", ""Glarus"", ""Zug""]",Dieser Ort berief sich auf den 1412 geschlossenen Frieden mit Österreich. Erst 1443 trat er in die Mitherrschaft über die Grafschaft Baden ein.,Uri hielt sich 1415 wegen seines Friedens mit Österreich zurück.,Eroberung des Aargaus,,ok
ch_geschichte,3,Welche habsburgische Festung über der Stadt Baden eroberten und zerstörten die Eidgenossen 1415?,"[""Burg Stein"", ""Schloss Lenzburg"", ""Burg Wildegg"", ""Schloss Hallwyl""]",Von dieser Burg aus verwalteten die Habsburger ihr Amt Baden. Nach der Eroberung wurde sie niedergebrannt.,Die Burg Stein in Baden fiel 1415 an die Eidgenossen.,Eroberung des Aargaus,,ok
ch_geschichte,3,"Wie hiess die jährliche Versammlung, an der die regierenden Orte die Rechnungen der Landvögte prüften?","[""Jahrrechnung"", ""Landsgemeinde"", ""Ratstag"", ""Zinsgericht""]",Die Landvögte legten dort Rechenschaft über Einnahmen und Ausgaben ab. Die Gesandten entschieden auch über Klagen aus den Vogteien.,An der Jahrrechnung mussten die Landvögte Rechenschaft ablegen.,Gemeine Herrschaft,,ok
ch_geschichte,3,Wie wurde die Grafschaft Sargans 1483 zur Gemeinen Herrschaft?,"[""Sieben Orte kauften sie"", ""Bern eroberte sie"", ""Der Kaiser schenkte sie"", ""Ein Graf vererbte sie""]",Die sieben Orte ohne Bern kauften die Grafschaft vom letzten Grafen von Werdenberg-Sargans. Bern erhielt erst 1712 einen Anteil.,Sargans wurde 1483 durch Kauf eine Gemeine Herrschaft.,Gemeine Herrschaft,,ok
ch_geschichte,3,Welche drei Orte regierten Bellinzona gemeinsam?,"[""Uri, Schwyz und Nidwalden"", ""Zürich, Bern und Luzern"", ""Glarus, Zug und Obwalden"", ""Luzern, Uri und Zug""]",Die drei Innerschweizer Orte beherrschten Bellinzona und die Riviera bis 1798. Die übrigen Orte hatten dort keinen Anteil.,"Bellinzona war eine Gemeine Herrschaft von Uri, Schwyz und Nidwalden.",Gemeine Herrschaft,,ok
ch_geschichte,3,"Wie viele Orte regierten die ennetbirgischen Vogteien Lugano, Locarno, Mendrisio und Maggiatal?","[""zwölf"", ""drei"", ""acht"", ""dreizehn""]","Alle Orte ausser Appenzell, das erst 1513 aufgenommen wurde, teilten sich diese Herrschaft. Die Landvögte wechselten regelmässig.",Zwölf Orte regierten die ennetbirgischen Vogteien.,Gemeine Herrschaft,,ok
ch_geschichte,3,Welche Orte regierten die Grafschaft Baden nach dem Zweiten Villmergerkrieg 1712 allein?,"[""Zürich, Bern und Glarus"", ""Luzern, Uri und Schwyz"", ""Zürich, Luzern und Zug"", ""Bern, Freiburg und Solothurn""]",Die siegreichen reformierten Orte verdrängten die katholischen aus der Herrschaft. Glarus blieb wegen seiner gemischten Konfession beteiligt.,"Ab 1712 regierten Zürich, Bern und Glarus die Grafschaft Baden.",Gemeine Herrschaft,,ok
ch_geschichte,3,"Welcher Konflikt führte 1490 dazu, dass das Rheintal Gemeine Herrschaft der Eidgenossen wurde?","[""Der St. Gallerkrieg"", ""Der Schwabenkrieg"", ""Der Alte Zürichkrieg"", ""Der Burgunderkrieg""]",Appenzell hatte sich am Klosterbruch von Rorschach beteiligt und unterlag den Schirmorten des Klosters. Es musste seine Rechte im Rheintal abtreten.,Seit dem St. Gallerkrieg von 1490 war das Rheintal eine Gemeine Herrschaft.,Gemeine Herrschaft,,ok
ch_geschichte,3,Woher stammt der Name «Tagsatzung»?,"[""Von «einen Tag setzen»"", ""Vom Tageslohn der Gesandten"", ""Vom Morgengebet zu Beginn"", ""Von der Dauer eines Tages""]","Man vereinbarte, also «setzte», einen Tag für eine gemeinsame Verhandlung. Daraus entstand die Bezeichnung.",Der Name Tagsatzung kommt von «einen Tag setzen».,Tagsatzung,,ok
ch_geschichte,3,Welche Stadt war von 1742 bis 1797 fester Tagungsort der Tagsatzung?,"[""Frauenfeld"", ""Aarau"", ""Zug"", ""Solothurn""]",Nach dem Zweiten Villmergerkrieg verlor der bisherige Hauptort an Bedeutung. Ab 1742 tagte man nur noch in dieser Thurgauer Stadt.,Im 18. Jahrhundert tagte die Tagsatzung in Frauenfeld.,Tagsatzung,,ok
ch_geschichte,3,"Wie nannte man den Ort, der die Tagsatzung leitete und den Schriftverkehr der Eidgenossenschaft führte?","[""Vorort"", ""Hauptort"", ""Bundesort"", ""Ratsort""]",Der Vorort lud zu den Versammlungen ein und hatte den Vorsitz. In der Alten Eidgenossenschaft war das meist Zürich.,Der Vorort leitete die Tagsatzung.,Tagsatzung,,ok
ch_geschichte,3,Welche Kammer des Bundesparlaments gilt als Nachfolgerin der Tagsatzung?,"[""Der Ständerat"", ""Der Nationalrat"", ""Der Bundesrat"", ""Das Bundesgericht""]",In dieser Kammer sind wie früher die Kantone vertreten. Im Unterschied zur Tagsatzung stimmen ihre Mitglieder aber ohne Weisungen.,Der Ständerat ist der Nachfolger der Tagsatzung.,Tagsatzung,,ok
ch_geschichte,3,Welches Gebiet am oberen Zürichsee fiel durch den Alten Zürichkrieg an Schwyz?,"[""Die Höfe"", ""Die March"", ""Das Gaster"", ""Die Herrschaft Wädenswil""]","Pfäffikon, Wollerau und Hurden kamen an Schwyz. Sie gehören bis heute zu diesem Kanton.",Die Höfe am Zürichsee kamen im Alten Zürichkrieg an Schwyz.,Alter Zürichkrieg,,ok
ch_geschichte,3,Welcher Friede beendete 1440 die erste Phase des Alten Zürichkriegs?,"[""Kilchberger Friede"", ""Friede von Einsiedeln"", ""Friede von Rapperswil"", ""Friede von Brugg""]",Zürich musste darin auf die Höfe und auf Rechte in Sargans verzichten. Der Konflikt brach aber bald wieder aus.,Der Kilchberger Friede von 1440 brachte nur eine kurze Pause.,Alter Zürichkrieg,,ok
ch_geschichte,3,In welcher Stadt schloss Zürich 1442 seinen Vertrag mit König Friedrich III.?,"[""Aachen"", ""Wien"", ""Innsbruck"", ""Frankfurt""]","Friedrich III. wurde im Juni 1442 in Aachen gekrönt, und dort schloss Zürich das Bündnis. Die anderen Eidgenossen sahen darin einen Bruch des Bundes.",Zürich schloss 1442 in Aachen ein Bündnis mit Friedrich III.,Alter Zürichkrieg,,ok
ch_geschichte,3,"Welche Grafschaft trat Zürich 1442 teilweise an Habsburg ab, um Unterstützung zu erhalten?","[""Grafschaft Kyburg"", ""Grafschaft Baden"", ""Grafschaft Toggenburg"", ""Grafschaft Sargans""]",Zürich gab die Gebiete nördlich der Glatt ab. Erst 1452 konnte es die Kyburg zurückkaufen.,Zürich opferte 1442 Teile der Grafschaft Kyburg für das Bündnis mit Habsburg.,Alter Zürichkrieg,,ok
ch_geschichte,3,Welche Gebiete kamen nach dem Alten Zürichkrieg als gemeinsame Herrschaft an Schwyz und Glarus?,"[""Uznach und Gaster"", ""March und Höfe"", ""Sargans und Werdenberg"", ""Toggenburg und Wil""]",Die beiden Orte hatten im Streit um das Toggenburger Erbe eng zusammengearbeitet. Sie regierten diese Gebiete danach gemeinsam.,Uznach und Gaster wurden Untertanengebiete von Schwyz und Glarus.,Alter Zürichkrieg,,ok
ch_geschichte,3,"Wo wurde der Bund 1450 erneuert, womit der Alte Zürichkrieg formell endete?","[""In Einsiedeln"", ""In Brunnen"", ""In Stans"", ""In Baden""]",Nach dem Schiedsspruch beschworen die Orte am 24. August 1450 den Bund neu. Zürich war damit wieder Teil der Eidgenossenschaft.,Der Alte Zürichkrieg endete 1450 mit der Bundeserneuerung in Einsiedeln.,Alter Zürichkrieg,,ok
ch_geschichte,3,Wie gross war das eidgenössische Heer bei St. Jakob an der Birs ungefähr?,"[""Rund 1500 Mann"", ""Rund 15'000 Mann"", ""Rund 500 Mann"", ""Rund 6000 Mann""]",Diese kleine Schar stand einem vielfach überlegenen Gegner von rund 20'000 Mann gegenüber. Nur wenige überlebten.,Rund 1500 Eidgenossen kämpften bei St. Jakob an der Birs.,Schlacht bei St. Jakob an der Birs,,ok
ch_geschichte,3,Wo leisteten die letzten Eidgenossen bei St. Jakob an der Birs Widerstand?,"[""Im Garten des Siechenhauses"", ""In der Basler Stadtkirche"", ""Auf einer Burg im Jura"", ""Im Kloster St. Alban""]",Die Eidgenossen zogen sich in das ummauerte Gelände beim Siechenhaus zurück. Dort wurden sie nach heftigem Kampf überwältigt.,Der letzte Kampf bei St. Jakob tobte im Garten des Siechenhauses.,Schlacht bei St. Jakob an der Birs,,ok
ch_geschichte,3,"Wie hiess der Rotwein, der bis ins 19. Jahrhundert beim Schlachtfeld von St. Jakob angebaut wurde?","[""Schweizerblut"", ""Heldentrunk"", ""Birswein"", ""Schlachtrebe""]",Der Name spielte auf das Blut der gefallenen Eidgenossen an. So blieb die Erinnerung an die Schlacht im Alltag lebendig.,Der Wein von St. Jakob hiess in Erinnerung an die Schlacht Schweizerblut.,Schlacht bei St. Jakob an der Birs,,ok
ch_geschichte,3,Welcher Ritter soll laut Legende die sterbenden Eidgenossen verhöhnt haben und von einem Stein getroffen worden sein?,"[""Burkhard Münch"", ""Hans von Hallwyl"", ""Thüring von Ramstein"", ""Peter von Hagenbach""]",Der Ritter soll als Unterhändler über das Schlachtfeld geritten sein. Ein verwundeter Eidgenosse warf ihm angeblich einen Stein ins offene Visier.,Laut Legende traf ein Stein den Ritter Burkhard Münch bei St. Jakob.,Schlacht bei St. Jakob an der Birs,,ok
ch_geschichte,3,Welcher Bildhauer schuf das St. Jakobsdenkmal in Basel?,"[""Ferdinand Schlöth"", ""Richard Kissling"", ""Vincenzo Vela"", ""Auguste Rodin""]",Das Denkmal erinnert an die gefallenen Eidgenossen der Schlacht von 1444. Schlöth war ein Basler Bildhauer des 19. Jahrhunderts.,Ferdinand Schlöth schuf das St. Jakobsdenkmal in Basel.,Schlacht bei St. Jakob an der Birs,,ok
ch_geschichte,3,Welcher französische Thronfolger führte 1444 das gegnerische Heer bei St. Jakob an der Birs an?,"[""Dauphin Ludwig, der spätere Ludwig XI."", ""Karl der Kühne"", ""Franz I."", ""Karl VIII.""]",König Karl VII. schickte seinen Sohn auf Bitten Friedrichs III. mit einem grossen Söldnerheer an den Oberrhein. Nach der Schlacht schloss der Dauphin rasch Frieden mit den Eidgenossen.,Der Dauphin Ludwig führte 1444 das Heer bei St. Jakob an.,Schlacht bei St. Jakob an der Birs,,ok
ch_geschichte,3,Wo errangen die Eidgenossen am 26. August 1444 vor dem Hauptkampf bei St. Jakob erste Erfolge?,"[""Bei Pratteln und Muttenz"", ""Bei Liestal und Sissach"", ""Bei Rheinfelden und Augst"", ""Bei Dornach und Arlesheim""]",Die Vorhut schlug zuerst einen Vorposten bei Pratteln und dann eine Abteilung bei Muttenz. Erst nach dem Übergang über die Birs traf sie auf das gegnerische Hauptheer.,"Bei Pratteln und Muttenz siegten die Eidgenossen 1444 noch, bevor sie bei St. Jakob untergingen.",Schlacht bei St. Jakob an der Birs,,ok
ch_geschichte,3,Was war der Saubannerzug von 1477?,"[""Ein eigenmächtiger Kriegszug aus den Länderorten"", ""Ein Feldzug Berns gegen Burgund"", ""Eine Wallfahrt nach Einsiedeln"", ""Ein Aufstand im Thurgau""]","Rund 2000 Männer zogen ohne Erlaubnis ihrer Obrigkeit gegen Genf, um Geld einzutreiben. Die Städte sahen darin eine Gefahr für die Ordnung.",Der Saubannerzug von 1477 verschärfte den Streit zwischen Städten und Ländern.,Stanser Verkommnis,,ok
ch_geschichte,3,Wie oft sollten die Bünde laut Stanser Verkommnis neu beschworen werden?,"[""Alle fünf Jahre"", ""Jedes Jahr"", ""Alle zehn Jahre"", ""Alle zwanzig Jahre""]",Bei der Beschwörung sollten die wichtigsten Vereinbarungen öffentlich verlesen werden. So blieben sie im Bewusstsein der Bevölkerung.,Laut Stanser Verkommnis wurden die Bünde alle fünf Jahre beschworen.,Stanser Verkommnis,,ok
ch_geschichte,3,Welche früheren Vereinbarungen wurden im Stanser Verkommnis ausdrücklich bestätigt?,"[""Pfaffenbrief und Sempacherbrief"", ""Bundesbrief und Bund von Brunnen"", ""Luzerner und Zürcher Bund"", ""Ewige Richtung und Erbeinung""]",Die beiden Briefe aus dem 14. Jahrhundert galten als gemeinsame Ordnung aller Orte. Zusammen mit dem Verkommnis sollten sie regelmässig verlesen werden.,Das Stanser Verkommnis bestätigte Pfaffenbrief und Sempacherbrief.,Stanser Verkommnis,,ok
ch_geschichte,3,"Was verbot das Stanser Verkommnis, um Unruhen zu verhindern?","[""Unerlaubte Versammlungen"", ""Den Söldnerdienst"", ""Das Tragen von Waffen"", ""Den Handel mit Burgund""]",Ohne Erlaubnis der Obrigkeit durften keine Versammlungen stattfinden. Auch das Aufwiegeln fremder Untertanen war untersagt.,Das Stanser Verkommnis verbot unerlaubte Versammlungen.,Stanser Verkommnis,,ok
ch_geschichte,3,Welche Verschwörung von 1478 im Entlebuch gehörte zu den Ursachen des Stanser Verkommnisses?,"[""Der Amstaldenhandel"", ""Der Waldmannhandel"", ""Der Saubannerzug"", ""Der Zwiebelnkrieg""]","Peter Amstalden plante mit Unterstützung aus Obwalden einen Überfall auf Luzern. Er wurde entdeckt und hingerichtet, was das Verhältnis zwischen Luzern und Obwalden belastete.",Der Amstaldenhandel von 1478 belastete das Verhältnis der Orte vor Stans.,Stanser Verkommnis,,ok
ch_geschichte,3,"Welcher Chronist überliefert, wie der Pfarrer von Stans 1481 nachts zum Einsiedler eilte?","[""Diebold Schilling der Jüngere"", ""Aegidius Tschudi"", ""Konrad Justinger"", ""Valerius Anshelm""]",Die Luzerner Bilderchronik dieses Chronisten erzählt die Szene ausführlich. Den Inhalt der Botschaft nennt sie nicht.,Diebold Schilling der Jüngere überliefert die nächtliche Botschaft von 1481.,Stanser Verkommnis,,ok
ch_geschichte,3,In welchem Krieg diente Niklaus von Flüe vor seinem Leben als Einsiedler als Soldat?,"[""Im Alten Zürichkrieg"", ""Im Schwabenkrieg"", ""In den Burgunderkriegen"", ""Im Sempacherkrieg""]",Niklaus zog in jungen Jahren mit den Obwaldnern in den Krieg gegen Zürich. Später wurde er Ratsherr und Richter.,Niklaus von Flüe kämpfte im Alten Zürichkrieg.,Niklaus von Flüe,,ok
ch_geschichte,3,Wo liegt Niklaus von Flüe begraben?,"[""In Sachseln"", ""In Sarnen"", ""In Einsiedeln"", ""In Stans""]",Seine Gebeine ruhen in der Pfarrkirche dieses Obwaldner Dorfes. Sie ist ein bedeutender Wallfahrtsort.,Bruder Klaus liegt in Sachseln begraben.,Niklaus von Flüe,,ok
ch_geschichte,3,An welchem Tag feiert die katholische Kirche in der Schweiz das Fest von Bruder Klaus?,"[""25. September"", ""21. März"", ""1. August"", ""6. Dezember""]","Sein Todestag, der 21. März, ist bereits dem heiligen Benedikt gewidmet. Deshalb wird er im Herbst gefeiert.",Das Fest von Bruder Klaus ist am 25. September.,Niklaus von Flüe,,ok
ch_geschichte,3,"Wie beginnt das bekannte Gebet, das Bruder Klaus zugeschrieben wird?","[""«Mein Herr und mein Gott»"", ""«Vater unser im Himmel»"", ""«Gegrüsset seist du, Maria»"", ""«Herr, gib uns Frieden»""]","Das Gebet bittet Gott, alles wegzunehmen, was von ihm trennt, und alles zu geben, was zu ihm führt. Es wird bis heute oft gebetet.",Das Gebet von Bruder Klaus beginnt mit «Mein Herr und mein Gott».,Niklaus von Flüe,,ok
ch_geschichte,3,In welchem Jahr wurde Niklaus von Flüe geboren?,"[""1417"", ""1386"", ""1444"", ""1467""]",Er kam in Flüeli ob Sachseln zur Welt und starb 1487 im Ranft. 2017 wurde sein 600. Geburtstag gefeiert.,Niklaus von Flüe wurde 1417 geboren.,Niklaus von Flüe,,ok
ch_geschichte,3,Welche Beschlüsse des Wormser Reichstags von 1495 lehnten die Eidgenossen ab und verschärften so den Konflikt mit dem Reich?,"[""Reichskammergericht und Gemeiner Pfennig"", ""Goldene Bulle und Landfriedensbann"", ""Reichsacht und Reichsheerfahrt"", ""Kurfürstenwahl und Reichskreise""]","Die Reichsreform von 1495 schuf ein oberstes Reichsgericht und eine allgemeine Reichssteuer. Die Eidgenossen weigerten sich, beides anzuerkennen, was die Spannungen mit Maximilian I. erhöhte.",Die Eidgenossen wollten sich weder dem Reichskammergericht noch dem Gemeinen Pfennig unterwerfen.,Schwabenkrieg,,ok
ch_geschichte,3,Welcher Streit in Rätien gilt als unmittelbarer Auslöser des Schwabenkriegs?,"[""Der Konflikt zwischen Gotteshausbund und Tirol um das Val Müstair"", ""Der Streit zwischen Uri und Mailand um die Leventina"", ""Die Fehde zwischen Zürich und Schwyz um das Toggenburg"", ""Der Zwist zwischen Bern und Savoyen um die Waadt""]","Habsburg-Tirol und der Gotteshausbund stritten um Rechte im Münstertal und im Vinschgau. Weil die Bündner kurz zuvor mit den Eidgenossen verbündet waren, weitete sich der Konflikt Anfang 1499 aus.",Der Schwabenkrieg begann mit einem Streit um das Münstertal in Graubünden.,Schwabenkrieg,,ok
ch_geschichte,3,Welcher Heerführer auf Reichsseite fiel im Juli 1499 in der Schlacht bei Dornach?,"[""Graf Heinrich von Fürstenberg"", ""Herzog Karl der Kühne"", ""Graf Rudolf von Habsburg"", ""Herzog Leopold von Österreich""]",Graf Heinrich von Fürstenberg führte das Reichsheer vor Dornach und wurde beim Überraschungsangriff der Eidgenossen getötet. Die Niederlage machte Maximilian I. friedensbereit.,In der Schlacht bei Dornach fiel der Reichsfeldherr Heinrich von Fürstenberg.,Schwabenkrieg,,ok
ch_geschichte,3,"Welcher Bündner Anführer wurde nach der Überlieferung in der Schlacht an der Calven zum Helden, weil er sterbend seine Leute anfeuerte?","[""Benedikt Fontana"", ""Jürg Jenatsch"", ""Hans Waldmann"", ""Arnold Winkelried""]",Benedikt Fontana soll an der Calven tödlich verwundet seine Mitstreiter weiter angetrieben haben. Er wurde in Graubünden zur Symbolfigur des Widerstands gegen Habsburg.,Benedikt Fontana gilt als Held der Bündner in der Calvenschlacht.,Schwabenkrieg,,ok
ch_geschichte,3,Welcher Fürst vermittelte 1499 über seinen Gesandten den Friedensschluss am Ende des Schwabenkriegs?,"[""Ludovico Sforza, Herzog von Mailand"", ""Ludwig XII., König von Frankreich"", ""Papst Alexander VI."", ""Herzog Philibert von Savoyen""]","Mailand hatte ein Interesse an Ruhe im Norden, weil Frankreich das Herzogtum bedrohte und Ludovico Sforza Schweizer Söldner brauchte. Sein Gesandter Galeazzo Visconti half beim Friedensschluss.",Den Frieden von 1499 vermittelte der Herzog von Mailand.,Schwabenkrieg,,ok
ch_geschichte,3,Welches Recht im Thurgau ging mit dem Friedensschluss von 1499 von der Stadt Konstanz an die Eidgenossen über?,"[""Das Landgericht"", ""Das Münzrecht"", ""Das Stapelrecht"", ""Das Bischofswahlrecht""]","Konstanz hatte bis 1499 das Landgericht im Thurgau ausgeübt. Mit dem Friedensschluss erhielten die Eidgenossen diese hohe Gerichtsbarkeit, Konstanz blieb ausserhalb der Eidgenossenschaft.",Seit 1499 übten die Eidgenossen das Landgericht im Thurgau aus.,Schwabenkrieg,,ok
ch_geschichte,3,In welcher Schlacht im April 1499 besiegten die Eidgenossen ein Reichsheer im heutigen Vorarlberg?,"[""Schlacht bei Frastanz"", ""Schlacht bei Sempach"", ""Schlacht bei Näfels"", ""Schlacht am Stoss""]",Bei Frastanz im Walgau umgingen die Eidgenossen die gegnerische Stellung und schlugen das Reichsheer. Es war einer von mehreren eidgenössischen Siegen im Schwabenkrieg.,Bei Frastanz siegten die Eidgenossen 1499 im Vorarlberg.,Schwabenkrieg,,ok
ch_geschichte,3,"Welches Bündnis süddeutscher Fürsten, Städte und Ritter stand im Schwabenkrieg auf der Seite König Maximilians?","[""Der Schwäbische Bund"", ""Der Rheinische Städtebund"", ""Der Schmalkaldische Bund"", ""Die Hanse""]",Der Schwäbische Bund war 1488 als Landfriedensbündnis gegründet worden und kämpfte 1499 gegen die Eidgenossen. Daher stammt auch der Name des Krieges aus Schweizer Sicht.,Im Schwabenkrieg kämpften die Eidgenossen gegen den Schwäbischen Bund und Habsburg.,Schwabenkrieg,,ok
ch_geschichte,3,Welches Ereignis von 1500 wird als «Verrat von Novara» bezeichnet?,"[""Schweizer Söldner liessen Ludovico Sforza in französische Gefangenschaft fallen"", ""Französische Truppen brachen einen Waffenstillstand mit Bern"", ""Venedig lieferte Novara kampflos an den Kaiser aus"", ""Der Papst entliess die Schweizer Truppen ohne Sold""]","Schweizer Söldner in Sforzas Dienst weigerten sich, gegen ihre Landsleute im französischen Heer zu kämpfen, und Ludovico Sforza wurde gefangen genommen. Der Urner Hans Turmann wurde später als Verräter hingerichtet.",Beim Verrat von Novara geriet Herzog Ludovico Sforza in die Hand der Franzosen.,Mailänderkriege,,ok
ch_geschichte,3,Wen setzten die Eidgenossen nach dem Pavierzug von 1512 als Herzog von Mailand ein?,"[""Massimiliano Sforza"", ""Francesco Sforza"", ""Gian Giacomo Trivulzio"", ""Galeazzo Maria Sforza""]","Nach der Vertreibung der Franzosen machten die Eidgenossen Massimiliano, den Sohn von Ludovico Sforza, zum Herzog. Mailand war damit faktisch ein eidgenössisches Schutzgebiet.",Massimiliano Sforza regierte Mailand von 1512 bis 1515 unter eidgenössischem Schutz.,Mailänderkriege,,ok
ch_geschichte,3,"Welche französische Stadt belagerten die Eidgenossen 1513 und erpressten dort einen Vertrag, den König Ludwig XII. nie anerkannte?","[""Dijon"", ""Lyon"", ""Grenoble"", ""Besançon""]",Nach dem Sieg bei Novara stiessen die Eidgenossen nach Burgund vor und belagerten Dijon. Der dort ausgehandelte Vertrag mit hohen Zahlungen wurde vom König nicht ratifiziert.,Der Vertrag von Dijon 1513 wurde vom französischen König nie bestätigt.,Mailänderkriege,,ok
ch_geschichte,3,"Wie heisst der Vertrag vom September 1515, mit dem Frankreich einen Teil der Eidgenossen kurz vor Marignano zum Abzug bewog?","[""Vertrag von Gallarate"", ""Vertrag von Arona"", ""Vertrag von Monza"", ""Vertrag von Lodi""]","Im Vertrag von Gallarate bot Frankreich Geld für den Verzicht auf Mailand. Mehrere Orte nahmen an und zogen ab, die übrigen kämpften bei Marignano weiter.",Der Vertrag von Gallarate spaltete das eidgenössische Heer vor Marignano.,Mailänderkriege,,ok
ch_geschichte,3,Welcher italienische Feldherr in französischen Diensten nannte Marignano eine «Schlacht der Riesen»?,"[""Gian Giacomo Trivulzio"", ""Prospero Colonna"", ""Andrea Doria"", ""Cesare Borgia""]","Der erfahrene Marschall Trivulzio soll gesagt haben, alle früheren Schlachten seien Kinderspiel gewesen, Marignano aber eine Schlacht der Riesen. Das Zitat zeigt die Härte des zweitägigen Kampfes.",Trivulzio nannte Marignano eine Schlacht der Riesen.,Mailänderkriege,,ok
ch_geschichte,3,In welcher Schlacht von 1522 erlitten Schweizer Söldner im französischen Dienst schwere Verluste durch spanische Arkebusiere hinter einem Graben?,"[""Schlacht bei Bicocca"", ""Schlacht bei Ravenna"", ""Schlacht bei Cerignola"", ""Schlacht bei Agnadello""]","Bei La Bicocca nördlich von Mailand griffen die Schweizer ungeduldig eine befestigte Stellung an. Das Feuer der Handfeuerwaffen zeigte, dass der Gewalthaufen gegen moderne Feuerkraft verwundbar war.",Die Schlacht bei Bicocca zeigte die Grenzen der Schweizer Gewalthaufen.,Mailänderkriege,,ok
ch_geschichte,3,"Was geschah mit König Franz I. in der Schlacht bei Pavia 1525, in der auch Schweizer Söldner für ihn kämpften?","[""Er wurde gefangen genommen"", ""Er fiel im Kampf"", ""Er floh nach Genf"", ""Er dankte sofort ab""]","Die kaiserlichen Truppen Karls V. besiegten das französische Heer, und Franz I. geriet in Gefangenschaft. Auch die Schweizer im französischen Heer erlitten hohe Verluste.",Bei Pavia geriet König Franz I. in kaiserliche Gefangenschaft.,Mailänderkriege,,ok
ch_geschichte,3,"Welches Tal südlich des Simplons hielten die Eidgenossen von 1512 bis 1515, verloren es aber nach Marignano wieder?","[""Das Eschental"", ""Das Aostatal"", ""Das Veltlin"", ""Das Bergell""]","Das Eschental, italienisch Val d'Ossola mit Domodossola, wurde 1512 besetzt. Nach der Niederlage von 1515 fiel es an Frankreich bzw. Mailand zurück.",Das Eschental mit Domodossola war nur kurz eidgenössisch.,Mailänderkriege,,ok
ch_geschichte,3,Wie hiess die dicht gestaffelte Kampfformation der eidgenössischen Fusstruppen mit langen Spiessen?,"[""Gewalthaufen"", ""Schildwall"", ""Phalanxreiter"", ""Tercio-Linie""]","Der Gewalthaufen war ein grosser Block aus Spiessträgern, in dessen Innern Hellebardiere kämpften. Er war im 15. Jahrhundert gegen Ritterheere sehr erfolgreich.",Der Gewalthaufen war die typische Schlachtordnung der Eidgenossen.,Reisläufer,,ok
ch_geschichte,3,Wie lang war ein Langspiess der eidgenössischen Fusstruppen um 1500 ungefähr?,"[""Etwa 5 Meter"", ""Etwa 2 Meter"", ""Etwa 9 Meter"", ""Etwa 1 Meter""]","Die Spiesse waren rund fünf Meter lang. So konnten die vorderen Reihen Reiter auf Abstand halten, während die hinteren Reihen nachdrängten.",Der Langspiess der Reisläufer war rund fünf Meter lang.,Reisläufer,,ok
ch_geschichte,3,"Wie nannte man Söldner, die in vorderster Reihe kämpften, etwa mit dem Zweihänder, und dafür doppelten Lohn erhielten?","[""Doppelsöldner"", ""Feldwaibel"", ""Trossknechte"", ""Fähnriche""]","Doppelsöldner übernahmen besonders gefährliche Aufgaben, zum Beispiel das Aufbrechen gegnerischer Spiessreihen. Deshalb bekamen sie den doppelten Sold.",Doppelsöldner erhielten für gefährliche Aufgaben doppelten Lohn.,Reisläufer,,ok
ch_geschichte,3,Welche süddeutschen Söldner wurden nach Schweizer Vorbild ausgebildet und galten als grösste Rivalen der Reisläufer?,"[""Die Landsknechte"", ""Die Kondottieri"", ""Die Janitscharen"", ""Die Musketiere""]","Maximilian I. förderte die Landsknechte, die Taktik und Bewaffnung der Eidgenossen übernahmen. Zwischen beiden Söldnergruppen herrschte erbitterte Feindschaft.",Die Landsknechte waren die grössten Konkurrenten der Schweizer Söldner.,Reisläufer,,ok
ch_geschichte,3,"Welches französische Sprichwort spielt darauf an, dass Schweizer Söldner nur gegen Bezahlung kämpften?","[""«Point d'argent, point de Suisses»"", ""«Chacun pour soi, Dieu pour tous»"", ""«L'union fait la force»"", ""«Qui paie ses dettes s'enrichit»""]","Der Spruch bedeutet «Kein Geld, keine Schweizer». Er wurde unter anderem durch Racines Komödie «Les Plaideurs» bekannt und spiegelt Erfahrungen mit Soldstreiks.","«Point d'argent, point de Suisses» heisst, dass es ohne Geld keine Schweizer Söldner gab.",Reisläufer,,ok
ch_geschichte,3,"Wie hiessen die Verträge, in denen ein Ort einer fremden Macht offiziell Truppen zu festen Bedingungen überliess?","[""Militärkapitulationen"", ""Burgrechtsverträge"", ""Landfriedensbriefe"", ""Schirmbriefe""]","In einer Militärkapitulation wurden Zahl der Soldaten, Sold, Gerichtsbarkeit und Einsatzbedingungen geregelt. So wurde der Solddienst ab dem 16. Jahrhundert staatlich organisiert.",Militärkapitulationen regelten den offiziellen Solddienst Schweizer Truppen.,Reisläufer,,ok
ch_geschichte,3,"Wie hiess die Leibgarde aus Schweizer Söldnern, die ab Ende des 15. Jahrhunderts am französischen Königshof diente?","[""Hundertschweizer"", ""Schwarze Schar"", ""Grüne Garde"", ""Goldene Kompanie""]","Die Hundertschweizer, französisch «Cent-Suisses», bewachten den König persönlich. Sie zeigen, wie eng der Solddienst mit dem französischen Hof verbunden war.",Die Hundertschweizer waren die Schweizer Leibgarde der französischen Könige.,Reisläufer,,ok
ch_geschichte,3,"In welchem Jahr verbot ein Bundesgesetz Schweizern allgemein den Eintritt in fremde Kriegsdienste, mit Ausnahme der päpstlichen Garde?","[""1859"", ""1798"", ""1815"", ""1914""]","Die Bundesverfassung von 1848 untersagte neue Militärkapitulationen. 1859 folgte das Verbot der Werbung und des Eintritts in fremde Truppen, ausgenommen blieb die Garde des Papstes.",Seit 1859 ist der fremde Kriegsdienst für Schweizer grundsätzlich verboten.,Reisläufer,,ok
ch_geschichte,3,Was unterscheidet eine Partikularpension von einer öffentlichen Pension in der Alten Eidgenossenschaft?,"[""Sie ging an einzelne Personen statt an den Ort"", ""Sie wurde nur in Naturalien bezahlt"", ""Sie wurde von den Untertanen erhoben"", ""Sie galt nur für Kriegsinvalide""]","Öffentliche Pensionen flossen in die Kassen der Orte, Partikularpensionen an einflussreiche Einzelne. Gerade die privaten Zahlungen galten als Bestechung und waren besonders umstritten.",Partikularpensionen waren Zahlungen fremder Mächte an einzelne Politiker.,Pensionenwesen,,ok
ch_geschichte,3,"Mit welchem Beschluss versuchte die Tagsatzung 1503, private Pensionen und unerlaubtes Reislaufen zu verbieten?","[""Mit dem Pensionenbrief"", ""Mit dem Stanser Verkommnis"", ""Mit dem Pfaffenbrief"", ""Mit dem Sempacherbrief""]",Der Pensionenbrief von 1503 verbot die Annahme privater Gelder fremder Herren. Er liess sich jedoch nicht durchsetzen und wurde wenige Jahre später wieder aufgehoben.,"Der Pensionenbrief von 1503 sollte private Pensionen verbieten, blieb aber wirkungslos.",Pensionenwesen,,ok
ch_geschichte,3,"Wie nannte der Volksmund Politiker, die sich von fremden Fürsten mit Geld bezahlen liessen?","[""Kronenfresser"", ""Batzenklauber"", ""Talerschlucker"", ""Guldenreiter""]","Die Krone war eine französische Goldmünze, in der viele Pensionen bezahlt wurden. Der Spottname «Kronenfresser» drückte den Ärger des Volkes über die bestechlichen Herren aus.",Bestechliche Pensionenherren wurden als Kronenfresser beschimpft.,Pensionenwesen,,ok
ch_geschichte,3,Wie heisst die Erhebung der Berner Landbevölkerung von 1513 gegen die Pensionenherren in der Stadt?,"[""Könizer Aufstand"", ""Bauernkrieg"", ""Saubannerzug"", ""Henzi-Verschwörung""]",Nach dem Dijonerzug zogen Bauern 1513 von Köniz nach Bern und verlangten die Bestrafung der Pensionenbezüger. Ähnliche Unruhen gab es auch in Luzern und Solothurn.,Im Könizer Aufstand protestierten Berner Bauern 1513 gegen Pensionenherren.,Pensionenwesen,,ok
ch_geschichte,3,Welcher Ort trat dem Soldbündnis von 1521 mit Frankreich als einziger nicht bei?,"[""Zürich"", ""Bern"", ""Luzern"", ""Basel""]",Unter dem Einfluss Zwinglis lehnte Zürich das französische Bündnis ab. 1522 verbot Zürich Pensionen und Reislaufen ganz.,Zürich blieb dem französischen Soldbündnis von 1521 fern.,Pensionenwesen,,ok
ch_geschichte,3,In welcher Schrift von 1522 warnte Zwingli die Schwyzer vor fremden Kriegsdiensten und Pensionen?,"[""«Göttliche Vermahnung an die Eidgenossen zu Schwyz»"", ""«Von der Freiheit eines Christenmenschen»"", ""«Institutio Christianae Religionis»"", ""«Lob der Torheit»""]","Zwingli warnte nach der Niederlage bei Bicocca die Schwyzer vor dem Söldnerwesen, das die Sitten verderbe. Die anderen Schriften stammen von Luther, Calvin und Erasmus.",Zwingli bekämpfte in der «Göttlichen Vermahnung» das Reislaufen.,Pensionenwesen,,ok
ch_geschichte,3,Warum stärkten die Pensionen langfristig die Macht der städtischen und ländlichen Führungsschichten?,"[""Weil sie Geld und Ämter in den Händen weniger Familien bündelten"", ""Weil sie direkt an alle Bürger verteilt wurden"", ""Weil sie nur an Klöster gingen"", ""Weil sie die Steuern der Untertanen ersetzten""]","Familien, die Pensionen bezogen und Söldnerregimenter führten, wurden reich und politisch einflussreich. Das förderte die Entstehung von Patriziat und Magistratenfamilien.",Das Pensionenwesen förderte den Aufstieg weniger reicher Familien.,Pensionenwesen,,ok
ch_geschichte,3,An welchem Datum wurde der Ewige Frieden zwischen Frankreich und den Eidgenossen geschlossen?,"[""29. November 1516"", ""14. September 1515"", ""1. August 1516"", ""22. September 1499""]",Rund ein Jahr nach Marignano wurde der Friede am 29. November 1516 unterzeichnet. Er regelte das Verhältnis zu Frankreich für fast drei Jahrhunderte.,Der Ewige Frieden wurde am 29. November 1516 geschlossen.,Ewiger Frieden,,ok
ch_geschichte,3,Welche Wahl liess Frankreich den Eidgenossen im Ewigen Frieden bezüglich der Gebiete um Lugano und Locarno?,"[""Sie zu behalten oder gegen Geld abzutreten"", ""Sie mit Savoyen zu teilen"", ""Sie dem Papst zu übergeben"", ""Sie als Herzogtum zu verwalten""]","Frankreich bot eine zusätzliche Geldsumme, falls die Eidgenossen auf die Vogteien südlich der Alpen verzichteten. Die Eidgenossen entschieden sich dafür, das Gebiet zu behalten.",Die Eidgenossen behielten 1516 lieber die Tessiner Vogteien als zusätzliches Geld.,Ewiger Frieden,,ok
ch_geschichte,3,Welche Gebiete durften die Drei Bünde nach dem Ewigen Frieden behalten?,"[""Veltlin, Chiavenna und Bormio"", ""Eschental, Domodossola und Arona"", ""Lugano, Mendrisio und Locarno"", ""Aosta, Ivrea und Biella""]","Die Bündner hatten diese Gebiete 1512 besetzt. Frankreich anerkannte ihren Besitz, der bis 1797 Untertanenland der Drei Bünde blieb.","Veltlin, Chiavenna und Bormio blieben nach 1516 bei den Drei Bünden.",Ewiger Frieden,,ok
ch_geschichte,3,In welcher französischen Handelsstadt erhielten eidgenössische Kaufleute dank des Ewigen Friedens wichtige Zollvorteile?,"[""Lyon"", ""Marseille"", ""Bordeaux"", ""Rouen""]","Lyon war eine bedeutende Messestadt für Tuch und Geldgeschäfte. Die Handelsprivilegien dort waren für Städte wie St. Gallen, Basel und Zürich sehr wertvoll.",Der Ewige Frieden brachte Schweizer Kaufleuten Vorteile in Lyon.,Ewiger Frieden,,ok
ch_geschichte,3,Welcher französische König beschwor 1663 in der Kathedrale Notre-Dame feierlich die Erneuerung des Bündnisses mit den Eidgenossen?,"[""Ludwig XIV."", ""Heinrich IV."", ""Franz I."", ""Ludwig XVI.""]",Eine grosse eidgenössische Gesandtschaft reiste 1663 nach Paris. Die Beschwörung durch Ludwig XIV. ist auf bekannten Bildteppichen und Gemälden festgehalten.,Ludwig XIV. erneuerte 1663 in Paris das Bündnis mit den Eidgenossen.,Ewiger Frieden,,ok
ch_geschichte,3,Welche aussenpolitische Folge hatte der Ewige Frieden langfristig für die Eidgenossenschaft?,"[""Eine enge Bindung an Frankreich als wichtigsten Partner"", ""Eine dauernde Allianz mit Habsburg gegen Frankreich"", ""Den Anschluss an das Herzogtum Mailand"", ""Die Unterordnung unter den Papst""]",Mit dem Frieden und den folgenden Soldbündnissen wurde Frankreich zum wichtigsten Partner und grössten Abnehmer von Schweizer Söldnern. Diese Bindung prägte die Aussenpolitik bis zum Ende des Ancien Régime.,Nach 1516 wurde Frankreich zum wichtigsten Partner der Eidgenossen.,Ewiger Frieden,,ok
ch_geschichte,3,Was sah der Ewige Frieden für künftige Streitigkeiten zwischen Frankreich und den Eidgenossen vor?,"[""Eine Schlichtung durch ein Schiedsgericht"", ""Einen Entscheid durch den Kaiser"", ""Einen Zweikampf von Vertretern"", ""Eine Volksabstimmung in Frankreich""]","Konflikte sollten nicht mehr mit Waffen, sondern durch Schiedsrichter beider Seiten beigelegt werden. Solche Schiedsverfahren waren in der Eidgenossenschaft seit langem üblich.",Der Ewige Frieden setzte bei Streit auf ein Schiedsgericht.,Ewiger Frieden,,ok
ch_geschichte,3,In welchem Jahr wurde Matthäus Schiner Bischof von Sitten?,"[""1499"", ""1475"", ""1516"", ""1536""]",Schiner wurde 1499 Bischof von Sitten und damit auch weltlicher Herr im Wallis. Von dort aus betrieb er eine papstfreundliche Grossmachtpolitik.,Matthäus Schiner wurde 1499 Bischof von Sitten.,Matthäus Schiner,,ok
ch_geschichte,3,Von welchem Papst wurde Matthäus Schiner 1511 zum Kardinal erhoben?,"[""Julius II."", ""Leo X."", ""Alexander VI."", ""Clemens VII.""]","Julius II. belohnte Schiner für seinen Einsatz, die Eidgenossen für die Heilige Liga gegen Frankreich zu gewinnen. Derselbe Papst gründete auch die Schweizergarde.",Papst Julius II. machte Schiner 1511 zum Kardinal.,Matthäus Schiner,,ok
ch_geschichte,3,"Welcher Walliser Politiker war zuerst Verbündeter, dann erbitterter Gegner von Kardinal Schiner und stand auf der Seite Frankreichs?","[""Georg Supersaxo"", ""Thomas Platter"", ""Kaspar Stockalper"", ""Walter Supersaxo""]","Georg Supersaxo half Schiner zunächst auf den Bischofsstuhl, wechselte dann ins französische Lager. Der Machtkampf der beiden spaltete das Wallis über Jahre.",Georg Supersaxo war der grosse Walliser Gegenspieler Schiners.,Matthäus Schiner,,ok
ch_geschichte,3,Welchem Bündnis gegen Frankreich führte Schiner 1512 die Eidgenossen zu?,"[""Der Heiligen Liga"", ""Der Liga von Cambrai"", ""Dem Schmalkaldischen Bund"", ""Dem Goldenen Bund""]","Die Heilige Liga unter Papst Julius II. wollte Frankreich aus Italien vertreiben. Schiner warb die Eidgenossen an, die dann den Pavierzug unternahmen.",Schiner brachte die Eidgenossen in die Heilige Liga gegen Frankreich.,Matthäus Schiner,,ok
ch_geschichte,3,Wessen Wahl zum römisch-deutschen König unterstützte Schiner 1519?,"[""Karl V."", ""Franz I."", ""Heinrich VIII."", ""Ferdinand I.""]",Schiner war ein entschiedener Gegner Frankreichs und setzte sich deshalb für den Habsburger Karl ein. Karl V. wurde 1519 gegen Franz I. gewählt.,Schiner unterstützte 1519 die Wahl des Habsburgers Karl V.,Matthäus Schiner,,ok
ch_geschichte,3,Wo und woran starb Matthäus Schiner 1522?,"[""In Rom an der Pest"", ""In Sitten an einer Schlachtwunde"", ""In Mailand im Kerker"", ""In Zürich an einem Fieber""]",Schiner hielt sich nach dem Tod von Papst Leo X. in Rom auf und starb dort 1522 an der Pest. Er war zeitweise sogar als möglicher Papst im Gespräch.,Kardinal Schiner starb 1522 in Rom an der Pest.,Matthäus Schiner,,ok
ch_geschichte,3,Aus welchem Walliser Zenden stammte Matthäus Schiner?,"[""Goms"", ""Siders"", ""Leuk"", ""Visp""]",Schiner kam um 1465 in Mühlebach bei Ernen im Goms zur Welt. Er stammte aus einfachen Verhältnissen und stieg über die Kirche auf.,Matthäus Schiner stammte aus dem Goms.,Matthäus Schiner,,ok
ch_geschichte,3,Welche weltliche Stellung besass der Bischof von Sitten zur Zeit Schiners neben seinem geistlichen Amt?,"[""Er war Graf und Präfekt des Wallis"", ""Er war Herzog von Savoyen"", ""Er war Reichsvikar in Italien"", ""Er war Landvogt im Tessin""]","Die Bischöfe von Sitten führten ihre weltliche Herrschaft auf die angebliche Schenkung Karls des Grossen, die «Carolina», zurück. Als Landesherren stritten sie jedoch ständig mit den Zenden um die Macht.",Der Bischof von Sitten war auch weltlicher Landesherr im Wallis.,Matthäus Schiner,,ok
ch_geschichte,3,Welche drei Verbündeten zählten zu den engeren Zugewandten Orten der Alten Eidgenossenschaft?,"[""Fürstabtei St. Gallen, Stadt St. Gallen und Biel"", ""Genf, Neuenburg und Wallis"", ""Mülhausen, Rottweil und Basel"", ""Drei Bünde, Wallis und Konstanz""]","Die engeren Zugewandten durften oft an der Tagsatzung teilnehmen, besonders wenn ihre Angelegenheiten behandelt wurden. Die übrigen verbündeten Gebiete standen der Eidgenossenschaft lockerer nahe.","Fürstabtei St. Gallen, Stadt St. Gallen und Biel waren die engeren Zugewandten.",Zugewandte Orte,,ok
ch_geschichte,3,Welche elsässische Reichsstadt war ab 1515 mit den Eidgenossen verbündet und schloss sich 1798 Frankreich an?,"[""Mülhausen"", ""Strassburg"", ""Colmar"", ""Schlettstadt""]",Mülhausen war als Insel inmitten habsburgischen und später französischen Gebiets auf die Eidgenossen angewiesen. 1798 vereinigte sich die Stadt unter wirtschaftlichem Druck mit Frankreich.,Mülhausen im Elsass war bis 1798 mit den Eidgenossen verbündet.,Zugewandte Orte,,ok
ch_geschichte,3,Welche süddeutsche Reichsstadt schloss 1519 einen ewigen Bund mit den Eidgenossen?,"[""Rottweil"", ""Ulm"", ""Esslingen"", ""Reutlingen""]",Rottweil war schon vorher mit den Eidgenossen verbunden und wurde 1519 ewiger Mitverbündeter. Wegen seiner Lage im Reich lockerte sich die Bindung im 17. Jahrhundert.,Rottweil war ein Zugewandter Ort weit nördlich der heutigen Schweiz.,Zugewandte Orte,,ok
ch_geschichte,3,Welches zugewandte Fürstentum kam 1707 an den König von Preussen?,"[""Neuenburg"", ""Valangin und Biel"", ""Fürstbistum Basel"", ""Fürstabtei St. Gallen""]",Nach dem Aussterben des Hauses Orléans-Longueville wählten die Stände von Neuenburg den König von Preussen zum Fürsten. Neuenburg blieb trotzdem mit den Eidgenossen verbündet.,Seit 1707 war der König von Preussen Fürst von Neuenburg.,Zugewandte Orte,,ok
ch_geschichte,3,"Mit welchen Orten schloss Genf 1526 ein Burgrecht, um sich gegen Savoyen abzusichern?","[""Mit Bern und Freiburg"", ""Mit Zürich und Basel"", ""Mit Luzern und Uri"", ""Mit Solothurn und Schwyz""]",Das Burgrecht von 1526 stärkte die Genfer Bürger gegen den Herzog von Savoyen und den Bischof. Damit wurde Genf ein Zugewandter Ort.,1526 verbündete sich Genf mit Bern und Freiburg.,Zugewandte Orte,,ok
ch_geschichte,3,Mit welchen Orten verbündete sich der Fürstbischof von Basel 1579?,"[""Mit den katholischen Orten"", ""Mit den reformierten Städten"", ""Mit allen dreizehn Orten"", ""Nur mit der Stadt Basel""]",Fürstbischof Jakob Christoph Blarer von Wartensee suchte Rückhalt für die katholische Reform. Sein Bündnis mit den katholischen Orten machte das Fürstbistum zu einem Zugewandten.,Das Fürstbistum Basel verbündete sich 1579 mit den katholischen Orten.,Zugewandte Orte,,ok
ch_geschichte,3,Welche beiden grösseren Bergrepubliken waren in der frühen Neuzeit als Zugewandte mit den Eidgenossen verbunden?,"[""Wallis und die Drei Bünde"", ""Tessin und Glarus"", ""Appenzell und Uri"", ""Savoyen und Tirol""]",Das Wallis und die Drei Bünde in Graubünden waren eigenständige Staatswesen mit Bündnissen zu einzelnen Orten. Vollwertige Kantone wurden sie erst 1815 beziehungsweise 1803.,Wallis und Graubünden waren lange nur Zugewandte der Eidgenossenschaft.,Zugewandte Orte,,ok
ch_geschichte,3,Welche Rechte hatten die Zugewandten Orte im Vergleich zu den dreizehn Orten in der Regel nicht?,"[""Sie hatten keinen Anteil an den Gemeinen Herrschaften"", ""Sie durften keine eigenen Gesetze erlassen"", ""Sie durften keine Truppen stellen"", ""Sie mussten Steuern an die Tagsatzung zahlen""]","Die Zugewandten waren selbständig, regierten aber die gemeinsamen Untertanengebiete wie den Thurgau oder die Tessiner Vogteien nicht mit. Auch an der Tagsatzung hatten sie meist nur eingeschränkte Mitsprache.",Zugewandte Orte regierten die Gemeinen Herrschaften nicht mit.,Zugewandte Orte,,ok
ch_geschichte,3,Welcher der Drei Bünde war am engsten mit dem Bistum Chur verbunden?,"[""Der Gotteshausbund"", ""Der Graue Bund"", ""Der Zehngerichtebund"", ""Der Obere Bund""]","Der Gotteshausbund entstand 1367 aus den Untertanen des Bischofs von Chur, des «Gotteshauses». Er wollte die Macht des Bischofs beschränken.",Der Gotteshausbund vereinte die Talschaften des Bistums Chur.,Drei Bünde,,ok
ch_geschichte,3,Unter welchem Baum wurde der Graue Bund 1424 der Überlieferung nach in Trun beschworen?,"[""Unter einem Ahorn"", ""Unter einer Linde"", ""Unter einer Eiche"", ""Unter einer Arve""]","Der Ahorn von Trun ist ein wichtiges Symbol Graubündens. Ein Stück des alten Stamms wird in Trun aufbewahrt, daneben wurde ein neuer Baum gepflanzt.",Der Graue Bund wurde der Sage nach unter dem Ahorn von Trun beschworen.,Drei Bünde,,ok
ch_geschichte,3,Nach dem Tod welches Adligen schlossen sich 1436 die Gerichtsgemeinden im Prättigau und um Davos zum Zehngerichtebund zusammen?,"[""Friedrich VII. von Toggenburg"", ""Rudolf von Habsburg"", ""Donat von Vaz"", ""Ulrich von Matsch""]",Mit dem Tod des letzten Toggenburgers 1436 drohte der Zerfall seiner Herrschaft. Die zehn Gerichte verbündeten sich darum zu gegenseitigem Schutz.,Der Zehngerichtebund entstand 1436 nach dem Tod des letzten Toggenburgers.,Drei Bünde,,ok
ch_geschichte,3,"Wie heisst die Urkunde von 1524, mit der sich die drei Bünde zu einem gemeinsamen Freistaat zusammenschlossen?","[""Bundesbrief der Drei Bünde"", ""Ilanzer Artikel"", ""Pfaffenbrief"", ""Stanser Verkommnis""]","Der Bundesbrief von 1524 vereinte Gotteshausbund, Grauen Bund und Zehngerichtebund dauerhaft. Er war die Grundlage des Freistaats der Drei Bünde.",Der Bundesbrief von 1524 begründete den Freistaat der Drei Bünde.,Drei Bünde,,ok
ch_geschichte,3,Was regelten die Ilanzer Artikel von 1524 und 1526 vor allem?,"[""Die Beschränkung der weltlichen Macht des Bischofs von Chur"", ""Die Aufteilung des Veltlins unter den Bünden"", ""Die Einführung des Rätoromanischen als Amtssprache"", ""Das Verbot von Solddiensten""]",Die Gemeinden schränkten mit den Ilanzer Artikeln die Rechte des Bischofs und der Klöster ein. Zugleich durften die Gemeinden ihren Glauben selbst wählen.,Die Ilanzer Artikel beschnitten die Macht des Bischofs von Chur.,Drei Bünde,,ok
ch_geschichte,3,Wie wird das Massaker an Reformierten im Veltlin von 1620 bezeichnet?,"[""Veltliner Mord"", ""Bartholomäusnacht"", ""Morgartenmord"", ""Churer Blutnacht""]",Im Juli 1620 töteten katholische Veltliner mit spanischer Unterstützung zahlreiche Reformierte. Das Ereignis war ein Höhepunkt der Bündner Wirren.,Der Veltliner Mord von 1620 verschärfte die Bündner Wirren.,Drei Bünde,,ok
ch_geschichte,3,Welcher Pfarrer und spätere Militärführer prägte die Bündner Wirren und wurde 1639 in Chur ermordet?,"[""Jürg Jenatsch"", ""Benedikt Fontana"", ""Ulrich Campell"", ""Johannes Comander""]","Jenatsch kämpfte zunächst auf reformierter Seite, wechselte später die Konfession und arbeitete mit Spanien zusammen, um das Veltlin zurückzugewinnen. Er wurde 1639 bei einem Fest in Chur erschlagen.",Jürg Jenatsch ist die bekannteste Figur der Bündner Wirren.,Drei Bünde,,ok
ch_geschichte,3,In welchen drei Orten tagte der Bundstag der Drei Bünde abwechselnd?,"[""Chur, Ilanz und Davos"", ""Chur, Thusis und Zernez"", ""Ilanz, Disentis und Poschiavo"", ""Davos, Maienfeld und Samedan""]","Jeder Bund hatte seinen Hauptort: Chur für den Gotteshausbund, Ilanz für den Grauen Bund und Davos für den Zehngerichtebund. Der Bundstag wechselte zwischen diesen Orten.","Der Bundstag der Drei Bünde tagte abwechselnd in Chur, Ilanz und Davos.",Drei Bünde,,ok
ch_geschichte,3,Welche sieben Zenden bildeten im Ancien Régime das herrschende Oberwallis?,"[""Goms, Brig, Visp, Raron, Leuk, Siders und Sitten"", ""Goms, Brig, Visp, Leuk, Siders, Sitten und Martigny"", ""Brig, Visp, Saas, Raron, Leuk, Siders und Conthey"", ""Goms, Visp, Zermatt, Leuk, Siders, Sitten und Monthey""]","Die sieben Zenden reichten vom Goms bis Sitten. Martigny, Monthey und Conthey gehörten zum Unterwallis, das ihnen untertan war.",Das alte Wallis bestand aus den sieben Zenden von Goms bis Sitten.,Zenden,,ok
ch_geschichte,3,Nach welcher Schlacht von 1475 eroberten die Oberwalliser das savoyische Unterwallis bis Saint-Maurice?,"[""Schlacht auf der Planta"", ""Schlacht bei Grandson"", ""Schlacht bei Murten"", ""Schlacht bei Giornico""]",Im Burgunderkrieg besiegten die Walliser mit Berner Hilfe die Savoyer auf der Planta bei Sitten. Danach wurde das Unterwallis bis Saint-Maurice Untertanengebiet der Zenden.,Nach der Schlacht auf der Planta 1475 beherrschten die Zenden das Unterwallis.,Zenden,,ok
ch_geschichte,3,"Wie hiess das Protestsymbol, mit dem Walliser Bauern in Aufständen gegen mächtige Herren mobilisierten?","[""Die Mazze"", ""Die Rute"", ""Der Bundschuh"", ""Die Fackel""]","Die Mazze war ein Holzknüppel mit geschnitztem Gesicht, in den Unterstützer einen Nagel schlugen. Sie wurde vor das Haus des Angeklagten gestellt und galt als Drohung.",Mit der Mazze riefen die Walliser zum Aufstand gegen Mächtige auf.,Zenden,,ok
ch_geschichte,3,"Wie hiess der oberste weltliche Amtsträger, den der Landrat der Zenden wählte?","[""Landeshauptmann"", ""Landammann"", ""Schultheiss"", ""Bürgermeister""]",Der Landeshauptmann leitete den Landrat und vertrat das Land neben dem Bischof. Mit der Zeit gewann er immer mehr Macht gegenüber dem Bischof.,Im alten Wallis stand der Landeshauptmann an der Spitze der Zenden.,Zenden,,ok
ch_geschichte,3,"Auf welche angebliche Schenkung stützten die Bischöfe von Sitten ihre Landesherrschaft, auf die sie 1634 unter Druck der Zenden verzichten mussten?","[""Die Carolina"", ""Die Konstantinische Schenkung"", ""Die Goldene Bulle"", ""Die Pippinische Schenkung""]","Die Carolina galt als Schenkung Karls des Grossen an die Bischöfe. Im 17. Jahrhundert erzwangen die Zenden den Verzicht darauf, womit das Wallis faktisch eine Republik der Zenden wurde.",Mit dem Verzicht auf die Carolina verloren die Bischöfe ihre weltliche Macht.,Zenden,,ok
ch_geschichte,3,Von welchem Wort leitet sich der Begriff «Zenden» vermutlich ab?,"[""Vom lateinischen Wort für zehn"", ""Vom Wort Zins"", ""Vom Wort Zelt"", ""Vom Wort Zehe""]","Man vermutet eine Herkunft von lateinisch «decem» oder «decenus», also zehn bzw. Zehntel. Französisch heissen die Zenden «dizains».",Der Name Zenden hängt vermutlich mit der Zahl zehn zusammen.,Zenden,,ok
ch_geschichte,3,Seit wann war das Unterwallis den Oberwalliser Zenden nicht mehr untertan?,"[""Seit 1798"", ""Seit 1536"", ""Seit 1648"", ""Seit 1848""]",Mit der Helvetischen Revolution wurde das Unterwallis 1798 befreit. Die Gleichstellung blieb aber bis ins 19. Jahrhundert ein Streitpunkt.,1798 endete die Herrschaft der Zenden über das Unterwallis.,Zenden,,ok
ch_geschichte,3,Welche Talschaft südlich des Gotthards beherrschte Uri seit dem 15. Jahrhundert allein?,"[""Die Leventina"", ""Das Bleniotal"", ""Das Maggiatal"", ""Das Misox""]",Uri sicherte sich die Leventina als Zugang zum Gotthardweg. Sie blieb bis 1798 ein Urner Untertanengebiet.,Die Leventina war ein Untertanengebiet von Uri.,Ennetbirgische Vogteien,,ok
ch_geschichte,3,In welcher Schlacht von 1478 besiegten Eidgenossen und Leventiner ein mailändisches Heer?,"[""Schlacht bei Giornico"", ""Schlacht bei Arbedo"", ""Schlacht bei Novara"", ""Schlacht bei Bicocca""]",Bei Giornico in der Leventina siegte eine kleine eidgenössische Truppe gegen das viel grössere Heer Mailands. Damit sicherte Uri seine Herrschaft südlich des Gotthards.,Der Sieg bei Giornico 1478 festigte die Herrschaft Uris in der Leventina.,Ennetbirgische Vogteien,,ok
ch_geschichte,3,Welche Gebiete wurden ab 1512 von zwölf Orten gemeinsam als ennetbirgische Vogteien verwaltet?,"[""Lugano, Locarno, Mendrisio und Maggiatal"", ""Bellinzona, Riviera und Blenio"", ""Leventina, Misox und Calanca"", ""Veltlin, Chiavenna und Bormio""]","Die Eidgenossen eroberten diese Gebiete 1512 im Zuge der Mailänderkriege. Bellinzona, Riviera und Blenio gehörten dagegen nur Uri, Schwyz und Nidwalden.","Lugano, Locarno, Mendrisio und Maggiatal waren Gemeine Herrschaften der zwölf Orte.",Ennetbirgische Vogteien,,ok
ch_geschichte,3,Welcher der dreizehn Orte hatte keinen Anteil an den zwölförtigen Vogteien im Tessin?,"[""Appenzell"", ""Glarus"", ""Zug"", ""Schaffhausen""]","Appenzell wurde erst 1513 vollwertiger Ort, nach der Eroberung der Gebiete. Deshalb erhielt es keinen Anteil an der Herrschaft südlich der Alpen.",Appenzell war an den Tessiner Vogteien nicht beteiligt.,Ennetbirgische Vogteien,,ok
ch_geschichte,3,Wie hiess die jährliche Prüfung der Verwaltung in den Tessiner Vogteien durch Gesandte der regierenden Orte?,"[""Syndikat"", ""Konklave"", ""Landsgemeinde"", ""Visitation""]","Die Syndikatoren reisten jedes Jahr in die Vogteien, prüften die Rechnungen der Landvögte und urteilten über Beschwerden. So kontrollierten die Orte ihre Untertanengebiete.",Beim Syndikat prüften Gesandte jährlich die Arbeit der Landvögte.,Ennetbirgische Vogteien,,ok
ch_geschichte,3,Wohin flohen 1555 die aus Locarno vertriebenen Reformierten grösstenteils?,"[""Nach Zürich"", ""Nach Genf"", ""Nach Basel"", ""Nach Chur""]",Die katholischen Orte setzten die Ausweisung der reformierten Locarneser durch. In Zürich wurden Familien wie Orelli und Muralt später bedeutend.,Viele vertriebene Reformierte aus Locarno fanden in Zürich eine neue Heimat.,Ennetbirgische Vogteien,,ok
ch_geschichte,3,Gegen welchen Herrscher erhob sich die Leventina 1755 erfolglos?,"[""Gegen Uri"", ""Gegen Mailand"", ""Gegen Schwyz"", ""Gegen Savoyen""]",Die Leventiner wehrten sich gegen Eingriffe in ihre Rechte. Uri schlug den Aufstand mit Hilfe anderer Orte nieder und liess die Anführer hinrichten.,Der Leventiner Aufstand von 1755 richtete sich gegen Uri.,Ennetbirgische Vogteien,,ok
ch_geschichte,3,Wie lange dauerte die Amtszeit eines Landvogts in den Tessiner Vogteien in der Regel?,"[""Zwei Jahre"", ""Sechs Monate"", ""Zehn Jahre"", ""Lebenslang""]","Die regierenden Orte stellten den Landvogt abwechselnd, meist für zwei Jahre. Viele Vögte nutzten die kurze Zeit, um ihre Ausgaben für das Amt wieder hereinzuholen.",Ein Tessiner Landvogt regierte meist nur zwei Jahre.,Ennetbirgische Vogteien,,ok
ch_geschichte,3,"Welcher Berner Feldherr führte 1536 den Feldzug, bei dem Bern die Waadt eroberte?","[""Hans Franz Nägeli"", ""Adrian von Bubenberg"", ""Niklaus von Diesbach"", ""Rudolf von Erlach""]",Hans Franz Nägeli führte das Berner Heer im Januar 1536 durch die Waadt bis Genf. Er wurde später Schultheiss von Bern.,Hans Franz Nägeli eroberte 1536 für Bern die Waadt.,Eroberung der Waadt,,ok
ch_geschichte,3,Welchem bedrängten Verbündeten wollte Bern 1536 offiziell zu Hilfe kommen?,"[""Genf"", ""Freiburg"", ""Neuenburg"", ""Biel""]","Genf wurde vom Herzog von Savoyen belagert und rief Bern zu Hilfe. Bern nutzte den Feldzug, um zugleich die savoyische Waadt zu besetzen.",Der Zug zur Befreiung Genfs führte zur Berner Eroberung der Waadt.,Eroberung der Waadt,,ok
ch_geschichte,3,"Welcher Ort sicherte sich 1536 ebenfalls savoyische Gebiete, etwa um Romont und Estavayer?","[""Freiburg"", ""Solothurn"", ""Luzern"", ""Zürich""]",Freiburg nutzte die Schwäche Savoyens und besetzte mehrere Herrschaften nahe seinem Gebiet. Deshalb gehören diese Orte heute zum Kanton Freiburg.,Auch Freiburg gewann 1536 Gebiete von Savoyen.,Eroberung der Waadt,,ok
ch_geschichte,3,Welches Ereignis im Oktober 1536 bereitete die Einführung der Reformation in der Waadt vor?,"[""Die Disputation von Lausanne"", ""Der Kappeler Landfriede"", ""Das Konzil von Trient"", ""Der Augsburger Religionsfriede""]","In Lausanne diskutierten Farel, Viret und Calvin mit katholischen Geistlichen. Danach führte Bern die Reformation in der Waadt per Edikt ein.",Nach der Disputation von Lausanne wurde die Waadt reformiert.,Eroberung der Waadt,,ok
ch_geschichte,3,Welche Burg am Genfersee eroberte Bern 1536 und befreite dabei den Gefangenen François Bonivard?,"[""Schloss Chillon"", ""Schloss Grandson"", ""Schloss Morges"", ""Schloss Nyon""]",Bonivard war als Gegner Savoyens jahrelang in Chillon eingekerkert. Lord Byron machte ihn später mit dem Gedicht «The Prisoner of Chillon» berühmt.,Bei der Eroberung von Chillon 1536 wurde François Bonivard befreit.,Eroberung der Waadt,,ok
ch_geschichte,3,Welche 1536 eroberten Gebiete gab Bern im Vertrag von Lausanne 1564 an Savoyen zurück?,"[""Gex und das Chablais südlich des Genfersees"", ""Lausanne und Vevey"", ""Yverdon und Grandson"", ""Nyon und Morges""]",Unter Druck Spaniens und des Herzogs von Savoyen gab Bern die Gebiete um Gex und Thonon zurück. Die Waadt selbst blieb bis 1798 bernisch.,"1564 behielt Bern die Waadt, gab aber Gex und das Chablais zurück.",Eroberung der Waadt,,ok
ch_geschichte,3,Welche Hochschule gründete Bern 1537 in Lausanne zur Ausbildung reformierter Pfarrer?,"[""Die Akademie von Lausanne"", ""Die Universität Basel"", ""Die Hohe Schule von Bern"", ""Das Collegium Carolinum""]",Die Akademie von Lausanne gilt als älteste reformierte Hochschule im französischen Sprachraum. Aus ihr ging später die Universität Lausanne hervor.,Die Akademie von Lausanne wurde 1537 für reformierte Pfarrer gegründet.,Eroberung der Waadt,,ok
ch_geschichte,3,Welcher Herzog von Savoyen befahl 1602 den nächtlichen Überfall auf Genf?,"[""Karl Emanuel I."", ""Emanuel Philibert"", ""Viktor Amadeus II."", ""Karl III.""]",Karl Emanuel I. wollte Genf als frühere savoyische Bischofsstadt zurückgewinnen. Der Überfall in der Nacht vom 11. auf den 12. Dezember 1602 scheiterte jedoch.,Karl Emanuel I. von Savoyen liess Genf 1602 angreifen.,Escalade,,ok
ch_geschichte,3,"Warum feiert Genf die Escalade um den 12. Dezember, obwohl der Angriff nach heutigem Kalender um den 21. Dezember stattfand?","[""Weil Genf damals den julianischen Kalender benutzte"", ""Weil das Fest wegen Weihnachten verschoben wurde"", ""Weil das Datum erst 1815 festgelegt wurde"", ""Weil der Angriff zwei Wochen dauerte""]","Das reformierte Genf verwendete noch den julianischen Kalender, nach dem der Angriff am 11. und 12. Dezember stattfand. Das Fest wird heute am Wochenende um den 12. Dezember gefeiert.",Das Datum der Escalade folgt dem alten julianischen Kalender.,Escalade,,ok
ch_geschichte,3,Welcher savoyische Offizier leitete den Angriff auf Genf vor Ort?,"[""Charles de Simiane d'Albigny"", ""Philippe de Brosses"", ""François de Sales"", ""Jean de Brosse""]",Der Seigneur d'Albigny war Gouverneur in savoyischen Diensten und plante den Leiterangriff. Der Herzog wartete in der Nähe auf die Nachricht vom Erfolg.,Charles de Simiane d'Albigny führte die Savoyer bei der Escalade.,Escalade,,ok
ch_geschichte,3,Welche Tat wird dem Lausanner Isaac Mercier bei der Escalade zugeschrieben?,"[""Er löste das Fallgitter am Stadttor"", ""Er läutete die Sturmglocke der Kathedrale"", ""Er schoss den savoyischen Anführer nieder"", ""Er schwamm über die Rhone zu Hilfe""]","Die Savoyer wollten die Porte Neuve von innen öffnen. Mercier liess das Fallgitter herunter und verhinderte so, dass das Hauptheer eindringen konnte.",Isaac Mercier sperrte mit dem Fallgitter das Stadttor für die Angreifer.,Escalade,,ok
ch_geschichte,3,"Welcher Reformator, Nachfolger Calvins, liess nach dem abgewehrten Angriff den Psalm 124 singen?","[""Theodor Beza"", ""Guillaume Farel"", ""Pierre Viret"", ""Heinrich Bullinger""]","Der hochbetagte Theodor Beza leitete den Dankgottesdienst. Psalm 124 beginnt sinngemäss mit dem Gedanken, dass Gott dem Volk beigestanden habe.",Nach der Escalade liess Theodor Beza zum Dank Psalm 124 singen.,Escalade,,ok
ch_geschichte,3,Wie wurde die als Mère Royaume bekannte Genferin mit bürgerlichem Namen genannt?,"[""Catherine Cheynel"", ""Marie Dentière"", ""Jeanne de Jussie"", ""Louise Labé""]",Catherine Cheynel war mit dem Zinngiesser Pierre Royaume verheiratet. Daher stammt der Name Mère Royaume.,Mère Royaume hiess eigentlich Catherine Cheynel.,Escalade,,ok
ch_geschichte,3,"Was geschah mit den savoyischen Soldaten, die bei der Escalade lebend gefangen wurden?","[""Sie wurden als Räuber gehängt"", ""Sie wurden gegen Lösegeld freigelassen"", ""Sie mussten als Söldner für Genf dienen"", ""Sie wurden nach Bern ausgeliefert""]","Da kein Krieg erklärt worden war, behandelte Genf die Angreifer nicht als Kriegsgefangene, sondern als Verbrecher. Sie wurden am nächsten Tag hingerichtet.",Gefangene Angreifer der Escalade wurden in Genf hingerichtet.,Escalade,,ok
ch_geschichte,3,Warum gilt die Escalade als wichtiges Ereignis für die Genfer Identität?,"[""Sie sicherte die Unabhängigkeit der reformierten Stadtrepublik"", ""Sie führte zum Beitritt Genfs als Kanton"", ""Sie beendete die Reformation in Genf"", ""Sie machte Genf zur Hauptstadt Savoyens""]",Mit der Abwehr des Angriffs blieb Genf unabhängig und reformiert. Ein Jahr später verzichtete Savoyen vertraglich auf seine Ansprüche.,Die Escalade steht für die behauptete Freiheit der Stadt Genf.,Escalade,,ok
ch_geschichte,3,"An welchem Tag trafen die ersten Schweizergardisten in Rom ein, was als Gründungsdatum gilt?","[""22. Januar 1506"", ""6. Mai 1527"", ""1. August 1291"", ""29. November 1516""]",Unter Hauptmann Kaspar von Silenen zogen rund 150 Schweizer in Rom ein. Papst Julius II. hatte sie als Leibwache angeworben.,Die Päpstliche Schweizergarde besteht seit dem 22. Januar 1506.,Päpstliche Schweizergarde,,ok
ch_geschichte,3,Welcher Gardekommandant aus Zürich fiel 1527 bei der Plünderung Roms?,"[""Kaspar Röist"", ""Kaspar von Silenen"", ""Jost von Meggen"", ""Ulrich Zwingli""]",Kaspar Röist war der Sohn des Zürcher Bürgermeisters Marx Röist. Er fiel zusammen mit dem grössten Teil der Garde beim Angriff der kaiserlichen Söldner.,Kommandant Kaspar Röist starb 1527 bei der Verteidigung des Papstes.,Päpstliche Schweizergarde,,ok
ch_geschichte,3,Wohin konnte Papst Clemens VII. 1527 dank des Opfers der Schweizergarde fliehen?,"[""In die Engelsburg"", ""In den Lateranpalast"", ""Nach Avignon"", ""Nach Castel Gandolfo""]","Während die meisten Gardisten fielen, brachten die übrigen den Papst über den erhöhten Gang des Passetto di Borgo in Sicherheit. Die Festung am Tiber hielt den Angreifern stand.",Clemens VII. rettete sich 1527 in die Engelsburg.,Päpstliche Schweizergarde,,ok
ch_geschichte,3,In welcher Sprache sprechen neue Gardisten bei der Vereidigung ihren Eid?,"[""In ihrer Muttersprache"", ""Immer auf Latein"", ""Immer auf Italienisch"", ""Immer auf Deutsch""]","Jeder Rekrut schwört in seiner Landessprache, also Deutsch, Französisch, Italienisch oder Rätoromanisch. Dabei hebt er die rechte Hand mit drei ausgestreckten Fingern.",Gardisten schwören ihren Eid in der eigenen Muttersprache.,Päpstliche Schweizergarde,,ok
ch_geschichte,3,"Welche Truppen löste Papst Paul VI. 1970 auf, sodass die Schweizergarde als einziges Korps übrig blieb?","[""Die Nobelgarde und die Palatingarde"", ""Die Carabinieri und die Bersaglieri"", ""Die Zuaven und die Hundertschweizer"", ""Die Kreuzritter und die Templer""]",Paul VI. schaffte 1970 die übrigen militärischen Einheiten des Heiligen Stuhls ab. Nur die Schweizergarde blieb als bewaffnete Garde bestehen.,Seit 1970 ist die Schweizergarde die einzige Garde des Papstes.,Päpstliche Schweizergarde,,ok
ch_geschichte,3,Auf wie viele Gardisten wurde der Sollbestand der Päpstlichen Schweizergarde 2018 erhöht?,"[""135"", ""110"", ""250"", ""500""]",Papst Franziskus genehmigte 2018 die Erhöhung von 110 auf 135 Mann. Grund war die gestiegene Arbeitslast.,Seit 2018 umfasst der Sollbestand der Garde 135 Mann.,Päpstliche Schweizergarde,,ok
ch_geschichte,3,"Wie heisst der Helm mit Federbusch, den Schweizergardisten zur Galauniform tragen?","[""Morion"", ""Pickelhaube"", ""Topfhelm"", ""Barbuta""]","Der Morion ist ein Helm mit hochgezogener Krempe und Kamm, wie er im 16. Jahrhundert verbreitet war. Bei feierlichen Anlässen trägt die Garde ihn mit farbigem Federbusch.",Zur Galauniform tragen Gardisten den Morion.,Päpstliche Schweizergarde,,ok
ch_geschichte,3,Aus welcher Luzerner Patrizierfamilie stammten besonders viele Kommandanten der Päpstlichen Schweizergarde?,"[""Pfyffer von Altishofen"", ""von Erlach"", ""Tschudi"", ""von Wattenwyl""]",Über Generationen stellte die Familie Pfyffer von Altishofen Kommandanten der Garde. Das katholische Luzern war eng mit dem Papsttum verbunden.,Viele Gardekommandanten stammten aus der Familie Pfyffer von Altishofen.,Päpstliche Schweizergarde,,ok
ch_geschichte,3,Welche Orte standen dem reformierten Zürich im Ersten Kappelerkrieg 1529 als Hauptgegner gegenüber?,"[""Die fünf inneren Orte"", ""Die Drei Bünde"", ""Bern und Freiburg"", ""Basel und Schaffhausen""]","Luzern, Uri, Schwyz, Unterwalden und Zug hielten am alten Glauben fest. Zürich hingegen hatte unter Zwingli die Reformation eingeführt.",Im Ersten Kappelerkrieg standen sich Zürich und die fünf inneren Orte gegenüber.,Kappelerkriege,,ok
ch_geschichte,3,Mit welchem wirtschaftlichen Druckmittel setzten die reformierten Städte 1531 die Innerschweiz unter Druck?,"[""Mit einer Proviantsperre"", ""Mit einem Zollverbot für Käse"", ""Mit einer Münzabwertung"", ""Mit einem Söldnerverbot""]",Zürich und Bern sperrten die Zufuhr von Getreide und Salz in die inneren Orte. Diese reagierten im Oktober 1531 mit einer Kriegserklärung.,Die Lebensmittelsperre von 1531 führte direkt zum Zweiten Kappelerkrieg.,Kappelerkriege,,ok
ch_geschichte,3,Welche Konfession wurde durch den Zweiten Kappeler Landfrieden in den Gemeinen Herrschaften begünstigt?,"[""Die katholische"", ""Die reformierte"", ""Die täuferische"", ""Die lutherische""]",Katholische Minderheiten wurden geschützt und Gemeinden durften zum alten Glauben zurückkehren. Reformierte Gemeinden erhielten keinen gleichwertigen Schutz.,Der Zweite Landfrieden stärkte die Katholiken in den Gemeinen Herrschaften.,Kappelerkriege,,ok
ch_geschichte,3,Welches Bündnis schlossen die fünf inneren Orte 1529 mit Österreich?,"[""Die Christliche Vereinigung"", ""Das Christliche Burgrecht"", ""Der Schwäbische Bund"", ""Die Ewige Richtung""]",Die katholischen Orte suchten Rückhalt beim habsburgischen Erzherzog Ferdinand. Das Bündnis war eine Antwort auf die Allianz der reformierten Städte.,Die Christliche Vereinigung verband 1529 die inneren Orte mit Österreich.,Kappelerkriege,,ok
ch_geschichte,3,"Wie hiess das Bündnis Zürichs mit reformierten Städten wie Konstanz, Bern und Basel?","[""Das Christliche Burgrecht"", ""Die Christliche Vereinigung"", ""Der Schmalkaldische Bund"", ""Der Goldene Bund""]",Zürich baute ab 1527 ein Netz von Burgrechtsverträgen mit reformierten Städten auf. Es richtete sich gegen Habsburg und die katholischen Orte.,Im Christlichen Burgrecht verbündeten sich die reformierten Städte.,Kappelerkriege,,ok
ch_geschichte,3,Welcher Glarner Landammann vermittelte 1529 zwischen Zürich und den katholischen Orten?,"[""Hans Aebli"", ""Ägidius Tschudi"", ""Hans Waldmann"", ""Rudolf Stüssi""]",Unter seiner Leitung vermittelten die neutralen Orte ab dem 7. Juni 1529 zwischen den Heeren. So konnte der Krieg ohne Blutvergiessen beendet werden.,Hans Aebli aus Glarus verhinderte 1529 eine Schlacht bei Kappel.,Kappelerkriege,,ok
ch_geschichte,3,Wie lange leitete Bullinger die Zürcher Kirche als Antistes?,"[""Rund 44 Jahre"", ""Rund 12 Jahre"", ""Rund 25 Jahre"", ""Rund 60 Jahre""]",Er war von Dezember 1531 bis zu seinem Tod im September 1575 im Amt. Diese lange Amtszeit festigte die Zürcher Reformation dauerhaft.,Bullinger prägte die Zürcher Kirche über vier Jahrzehnte.,Heinrich Bullinger,,ok
ch_geschichte,3,Um welches theologische Streitthema ging es im Consensus Tigurinus von 1549?,"[""Um das Abendmahl"", ""Um die Kindertaufe"", ""Um den Zölibat"", ""Um die Heiligenverehrung""]",Zürich und Genf verstanden das Abendmahl unterschiedlich und fanden eine gemeinsame Formel. Damit grenzten sie sich zugleich von der lutherischen Lehre ab.,Der Consensus Tigurinus klärte die Abendmahlsfrage zwischen Zürich und Genf.,Heinrich Bullinger,,ok
ch_geschichte,3,Wo unterrichtete der junge Bullinger ab 1523 als Lehrer?,"[""Im Kloster Kappel am Albis"", ""Im Kloster Einsiedeln"", ""An der Universität Basel"", ""Im Kloster St. Urban""]",Mit 19 Jahren wurde Bullinger Lehrer an der Klosterschule des Zisterzienserklosters Kappel. Dort förderte er die reformatorischen Ideen.,Bullinger begann seine Laufbahn als Lehrer im Kloster Kappel.,Heinrich Bullinger,,ok
ch_geschichte,3,Welches Bekenntnis verfasste Bullinger 1536 zusammen mit Oswald Myconius und Leo Jud?,"[""Das Erste Helvetische Bekenntnis"", ""Die Berner Thesen"", ""Das Augsburger Bekenntnis"", ""Die Zürcher Bibel""]","Das Bekenntnis fasste die Lehre der reformierten Schweizer Städte zusammen. Es war ein früher Versuch, die Schweizer Reformation geschlossen darzustellen.",Das Erste Helvetische Bekenntnis entstand 1536 in Basel.,Heinrich Bullinger,,ok
ch_geschichte,3,"Wie heisst Bullingers Sammlung von 50 lateinischen Lehrpredigten, die 1549 bis 1552 erschien?","[""Die Dekaden"", ""Die Loci communes"", ""Die Institutio"", ""Die Tischreden""]","Die Predigten sind in fünf Bücher zu je zehn Predigten gegliedert, daher der Name. Das Werk wurde in mehrere Sprachen übersetzt und besonders in England gelesen.",Bullingers Dekaden waren ein weit verbreitetes Lehrbuch der reformierten Lehre.,Heinrich Bullinger,,ok
ch_geschichte,3,Wie hiess die Ehefrau von Heinrich Bullinger?,"[""Anna Adlischwyler"", ""Anna Reinhart"", ""Idelette de Bure"", ""Katharina von Bora""]","Bullinger heiratete Anna Adlischwyler im Jahr 1529, sie starb Mitte der 1560er-Jahre an der Pest. Die anderen Frauen waren mit Zwingli, Calvin und Luther verheiratet.",Anna Adlischwyler war die Ehefrau Heinrich Bullingers.,Heinrich Bullinger,,ok
ch_geschichte,3,Welches Amt bekleidete Karl Borromäus ab 1564?,"[""Erzbischof von Mailand"", ""Bischof von Chur"", ""Abt von Einsiedeln"", ""Bischof von Konstanz""]",Borromäus war ab 1564 Erzbischof von Mailand und reformierte sein Bistum streng. Zu diesem gehörten auch Gebiete im heutigen Tessin.,Karl Borromäus wirkte als Erzbischof von Mailand.,Karl Borromäus,,ok
ch_geschichte,3,Welche Einrichtung gründete Borromäus 1579 in Mailand für Priester aus der Schweiz?,"[""Das Collegium Helveticum"", ""Das Collegium Germanicum"", ""Das Jesuitenkolleg Luzern"", ""Das Priesterseminar Chur""]",Im Collegium Helveticum sollten junge Schweizer zu gut ausgebildeten katholischen Priestern werden. Es war ein zentrales Werkzeug der katholischen Reform in der Eidgenossenschaft.,Das Collegium Helveticum bildete Schweizer Priester in Mailand aus.,Karl Borromäus,,ok
ch_geschichte,3,"An welchem Konzil, das die katholische Reform einleitete, wirkte Borromäus in der Schlussphase massgeblich mit?","[""Konzil von Trient"", ""Konzil von Konstanz"", ""Konzil von Basel"", ""Erstes Vatikanisches Konzil""]",Borromäus förderte 1562/63 die letzte Sitzungsperiode und leitete die Redaktion des Römischen Katechismus. Die Beschlüsse setzte er danach konsequent um.,Borromäus setzte die Beschlüsse des Konzils von Trient in die Praxis um.,Karl Borromäus,,ok
ch_geschichte,3,Welcher Papst war der Onkel von Karl Borromäus?,"[""Pius IV."", ""Paul III."", ""Gregor XIII."", ""Julius II.""]",Nach seiner Wahl Ende 1559 holte Pius IV. seinen Neffen nach Rom und ernannte ihn zum Kardinal. So stieg Borromäus sehr jung in höchste Kirchenämter auf.,Karl Borromäus verdankte seinen frühen Aufstieg seinem Onkel Pius IV.,Karl Borromäus,,ok
ch_geschichte,3,In welcher Bündner Talschaft liess Borromäus 1583 Menschen der Hexerei anklagen?,"[""Im Misox"", ""Im Prättigau"", ""Im Schanfigg"", ""Im Bergell""]","Von 108 Angeklagten wurden elf verbrannt, die übrigen kehrten unter Folter zur katholischen Kirche zurück. Die Prozesse zeigen die harte Seite der Gegenreformation.",Die Misoxer Hexenprozesse von 1583 sind ein dunkles Kapitel der Gegenreformation.,Karl Borromäus,,ok
ch_geschichte,3,Welcher von Borromäus geförderte Orden gründete 1581 in Altdorf sein erstes Kloster in der Deutschschweiz?,"[""Die Kapuziner"", ""Die Zisterzienser"", ""Die Benediktiner"", ""Die Prämonstratenser""]","Die volksnahen Kapuziner predigten in den katholischen Orten und stärkten den Glauben der einfachen Bevölkerung. Bald entstanden weitere Klöster, etwa in Luzern und Stans.",Die Kapuziner waren wichtige Träger der katholischen Reform in der Schweiz.,Karl Borromäus,,ok
ch_geschichte,3,In welchem Jahr wurde Karl Borromäus heiliggesprochen?,"[""1610"", ""1584"", ""1648"", ""1712""]","Papst Paul V. sprach ihn am 1. November 1610 heilig, rund 26 Jahre nach seinem Tod. Sein Gedenktag ist der 4. November.",Karl Borromäus wurde 1610 zum Heiligen erklärt.,Karl Borromäus,,ok
ch_geschichte,3,Was ist der «San Carlone» in Arona am Lago Maggiore?,"[""Eine riesige Kupferstatue des Heiligen"", ""Sein Geburtshaus mit Museum"", ""Eine Wallfahrtskirche mit seinem Grab"", ""Ein von ihm gegründetes Kolleg""]",Die rund 23 Meter hohe Statue entstand im 17. Jahrhundert in seiner Geburtsstadt Arona. Besucher können im Innern bis in den Kopf hinaufsteigen.,Der San Carlone in Arona erinnert an Karl Borromäus.,Karl Borromäus,,ok
ch_geschichte,3,Wofür setzte sich Borromäus während der Pest von 1576 bis 1578 in Mailand ein?,"[""Für die Pflege der Kranken"", ""Für die Flucht des Klerus aufs Land"", ""Für die Schliessung aller Spitäler"", ""Für den Bau einer Stadtmauer""]","Er blieb in der Stadt und kümmerte sich persönlich um Kranke und Arme. Dieser Einsatz schadete seiner Gesundheit, steigerte aber seine Verehrung.",Borromäus half während der Pest selbst den Kranken in Mailand.,Karl Borromäus,,ok
ch_geschichte,3,In welchem Jahr wurde der Goldene Bund der katholischen Orte geschlossen?,"[""1586"", ""1531"", ""1648"", ""1656""]",Der Bund wurde am 5. Oktober 1586 beschworen. Er fiel in die Zeit der katholischen Reform nach dem Konzil von Trient.,Der Goldene Bund entstand im Jahr 1586.,Goldener Bund,,ok
ch_geschichte,3,Wie viele katholische Orte schlossen den Goldenen Bund?,"[""Sieben"", ""Fünf"", ""Neun"", ""Dreizehn""]",Beteiligt waren die fünf Innerschweizer Orte sowie zwei westliche Stadtorte. Später traten auch Appenzell Innerrhoden und der katholische Teil von Glarus bei.,Am Goldenen Bund beteiligten sich ursprünglich sieben katholische Orte.,Goldener Bund,,ok
ch_geschichte,3,Welche Stadtorte gehörten zum Goldenen Bund?,"[""Luzern, Freiburg und Solothurn"", ""Zürich, Bern und Basel"", ""Luzern, Bern und Solothurn"", ""Freiburg, Basel und Schaffhausen""]","Neben den Länderorten waren drei katholisch gebliebene Städte dabei. Zürich, Bern, Basel und Schaffhausen waren reformiert.","Luzern, Freiburg und Solothurn waren die katholischen Stadtorte im Goldenen Bund.",Goldener Bund,,ok
ch_geschichte,3,Woher stammt der Name «Goldener Bund»?,"[""Von den goldenen Anfangsbuchstaben der Urkunde"", ""Von Goldzahlungen Spaniens"", ""Vom goldenen Siegel des Papstes"", ""Vom Gold der Söldnerpensionen""]",Die Initialen des Vertragstextes waren mit Gold verziert. Der Name hat also nichts mit Geldzahlungen zu tun.,Der Goldene Bund verdankt seinen Namen den vergoldeten Initialen.,Goldener Bund,,ok
ch_geschichte,3,"Welcher einflussreiche Luzerner Politiker, «Schweizerkönig» genannt, trieb den Goldenen Bund voran?","[""Ludwig Pfyffer"", ""Christoph Pfyffer"", ""Sebastian Peregrin Zwyer"", ""Franz Urs Balthasar""]",Ludwig Pfyffer von Altishofen war Schultheiss von Luzern und Söldnerführer in Frankreich. Er war die führende Figur der katholischen Orte seiner Zeit.,Ludwig Pfyffer war die treibende Kraft hinter dem Goldenen Bund.,Goldener Bund,,ok
ch_geschichte,3,Warum belastete der Goldene Bund den Zusammenhalt der Eidgenossenschaft?,"[""Er stellte die Glaubenstreue über die alten Bundespflichten"", ""Er verbot den Handel mit Zürich"", ""Er löste die Tagsatzung auf"", ""Er schuf eine eigene katholische Währung""]","Die Partner verpflichteten sich, einander zur Bewahrung des katholischen Glaubens beizustehen, notfalls auch gegen eidgenössische Mitstände. Damit vertiefte sich die konfessionelle Spaltung.",Der Goldene Bund machte die Konfession wichtiger als die alten Bünde.,Goldener Bund,,ok
ch_geschichte,3,Mit welcher Grossmacht verbündeten sich die katholischen Orte ausser Solothurn im Jahr 1587?,"[""Spanien"", ""England"", ""Schweden"", ""Venedig""]","Am 12. Mai 1587 schlossen sie eine Allianz mit Spanien, das damals das Herzogtum Mailand beherrschte. Spanien erhielt Durchmarschrechte, die Orte Getreide und Pensionen.",Die katholischen Orte suchten nach 1586 die Nähe zu Spanien.,Goldener Bund,,ok
ch_geschichte,3,Unter welchem anderen Namen ist der Goldene Bund ebenfalls bekannt?,"[""Borromäischer Bund"", ""Tridentinischer Bund"", ""Pfyfferscher Bund"", ""Luzerner Bund""]",Nach dem Beitritt weiterer katholischer Gebiete wurde ein Heiliger zum Patron des Bündnisses erklärt. Daher trägt es auch seinen Namen.,Der Goldene Bund heisst nach seinem Schutzpatron auch Borromäischer Bund.,Goldener Bund,,ok
ch_geschichte,3,Welcher Erlass Ludwigs XIV. löste 1685 die grosse Fluchtwelle der Hugenotten aus?,"[""Das Edikt von Fontainebleau"", ""Das Edikt von Nantes"", ""Das Edikt von Potsdam"", ""Das Edikt von Worms""]",Mit diesem Erlass verbot der König den reformierten Glauben in Frankreich. Zehntausende Hugenotten flohen trotz Ausreiseverbot ins Ausland.,Das Edikt von Fontainebleau trieb 1685 die Hugenotten ins Exil.,Hugenotten,,ok
ch_geschichte,3,Wie viele Hugenotten zogen schätzungsweise mindestens durch die Schweiz?,"[""Mindestens 150'000"", ""Etwa 5000"", ""Etwa 15'000"", ""Über 1 Million""]","Die meisten Flüchtlinge reisten weiter in deutsche Staaten, die Niederlande oder nach England.",Die Schweiz war ein wichtiges Durchgangsland für Hugenotten.,Hugenotten,,ok
ch_geschichte,3,Wie viele Hugenotten blieben ungefähr dauerhaft in der Schweiz?,"[""Rund 20'000"", ""Rund 2000"", ""Rund 80'000"", ""Rund 500'000""]",Viele Städte konnten nicht alle Flüchtlinge versorgen und unterstützten deren Weiterreise. Ein Teil liess sich jedoch dauerhaft nieder.,Nur ein Teil der Hugenotten liess sich auf Dauer in der Schweiz nieder.,Hugenotten,,ok
ch_geschichte,3,In welchen Bereichen gaben Hugenotten der Schweizer Wirtschaft wichtige Impulse?,"[""Textilien, Bankwesen und Handwerk"", ""Bergbau und Salzgewinnung"", ""Fischerei und Holzflösserei"", ""Weinbau und Alpwirtschaft""]","Viele Flüchtlinge waren gut ausgebildete Kaufleute, Handwerker und Unternehmer. Sie brachten Kapital, Fachwissen und Handelsbeziehungen mit.",Hugenotten belebten Gewerbe und Finanzwesen in der Schweiz.,Hugenotten,,ok
ch_geschichte,3,"Was gründeten Hugenotten in Städten wie Basel, Bern oder St. Gallen?","[""Französischsprachige reformierte Gemeinden"", ""Katholische Klöster"", ""Eigene Universitäten"", ""Lutherische Domkapitel""]",Die Flüchtlinge pflegten Gottesdienste in ihrer Muttersprache. Solche Églises françaises bestehen teilweise bis heute.,In vielen Schweizer Städten entstanden französische Kirchgemeinden der Hugenotten.,Hugenotten,,ok
ch_geschichte,3,"Wie viele Hugenotten nahm Zürich zwischen 1683 und 1688 auf, obwohl es nur rund 10'000 Einwohner hatte?","[""Rund 23'000"", ""Rund 2300"", ""Rund 230"", ""Rund 230'000""]",Die meisten Flüchtlinge blieben nur vorübergehend und zogen weiter. Trotzdem bedeutete ihre Versorgung eine grosse Aufgabe für die Stadt.,"Zürich nahm mehr Hugenotten auf, als es selbst Einwohner hatte.",Hugenotten,,ok
ch_geschichte,3,Welche Stadt zahlte Tausenden Hugenotten Reisegeld für die Weiterreise?,"[""Lausanne"", ""Luzern"", ""Freiburg"", ""Sitten""]",Die Stadt in der bernischen Waadt unterstützte Tausende Glaubensgenossen mit Reisegeld für den Weg nach Norden. Viele Flüchtlinge zogen weiter in deutsche Staaten.,Lausanne half vielen Hugenotten mit Geld bei der Weiterreise.,Hugenotten,,ok
ch_geschichte,3,In welchem Jahr erreichte der Strom der Hugenotten durch die Schweiz seinen Höhepunkt?,"[""1687"", ""1572"", ""1598"", ""1712""]",Zwei Jahre nach dem Verbot des reformierten Glaubens in Frankreich flohen besonders viele Menschen. Die Schweizer Städte waren damals stark überlastet.,Im Jahr 1687 zogen die meisten Hugenotten durch die Schweiz.,Hugenotten,,ok
ch_geschichte,3,In welchen beiden Zeiträumen kamen besonders viele Hugenotten in die Schweiz?,"[""1540 bis 1590 und 1680 bis 1690"", ""1500 bis 1520 und 1600 bis 1620"", ""1618 bis 1648 und 1700 bis 1714"", ""1520 bis 1530 und 1790 bis 1800""]",Die erste Welle fiel in die Zeit der französischen Religionskriege. Die zweite folgte auf die Verfolgungen unter Ludwig XIV.,Die Hugenotten kamen in zwei grossen Wellen in die Schweiz.,Hugenotten,,ok
ch_geschichte,3,Welches Gericht hatte mit Klagen gegen Basler Kaufleute den Anlass für Wettsteins Mission geliefert?,"[""Das Reichskammergericht"", ""Das Bundesgericht"", ""Das Konstanzer Bischofsgericht"", ""Das Pariser Parlement""]",Das Reichskammergericht in Speyer hatte Basler Bürger vorgeladen und ihre Güter beschlagnahmen lassen. Basel sah darin einen Eingriff in seine Rechtshoheit.,Klagen am Reichskammergericht brachten Wettstein nach Westfalen.,Johann Rudolf Wettstein,,ok
ch_geschichte,3,Welche Rolle spielte Wettstein in Basel nach dem Bauernkrieg von 1653?,"[""Er setzte die Hinrichtung von sieben Anführern durch"", ""Er führte die Basler Bauern an"", ""Er erwirkte eine Amnestie für alle"", ""Er floh vor den Aufständischen nach Frankreich""]",Die sieben Anführer aus der Basler Landschaft wurden öffentlich hingerichtet. Wettstein trug dafür massgeblich die Verantwortung.,Wettstein ging nach 1653 hart gegen die aufständischen Bauern vor.,Johann Rudolf Wettstein,,ok
ch_geschichte,3,Welches Amt übernahm Wettstein im Jahr 1635?,"[""Oberstzunftmeister"", ""Stadtschreiber"", ""Münsterpfarrer"", ""Rektor der Universität""]",Das Oberstzunftmeisteramt war in Basel das zweithöchste Amt nach dem Bürgermeister. 1620 war Wettstein bereits in den Kleinen Rat gewählt worden.,Wettstein stieg über das Amt des Oberstzunftmeisters an die Spitze Basels auf.,Johann Rudolf Wettstein,,ok
ch_geschichte,3,"In welchem Ort bei Basel steht das Wettsteinhaus, das heute ein Spielzeugmuseum beherbergt?","[""Riehen"", ""Liestal"", ""Muttenz"", ""Arlesheim""]","Wettstein hatte dort früher gewohnt. Seit 1972 befinden sich im Haus Spielzeugmuseum, Dorf- und Rebbaumuseum.",Das Wettsteinhaus in Riehen erinnert an den Basler Staatsmann.,Johann Rudolf Wettstein,,ok
ch_geschichte,3,An welchem Tag wurde der Westfälische Frieden unterzeichnet?,"[""Am 24. Oktober 1648"", ""Am 24. Oktober 1618"", ""Am 11. November 1648"", ""Am 1. Mai 1646""]",Wettstein war zu diesem Zeitpunkt bereits nach Hause zurückgekehrt. Sein Exemtionsartikel war aber Teil des Vertragswerks.,Der Westfälische Frieden wurde im Oktober 1648 unterzeichnet.,Johann Rudolf Wettstein,,ok
ch_geschichte,3,Welche Mächte stimmten dem Artikel über die Eidgenossenschaft im Westfälischen Frieden zu?,"[""Der Kaiser, Frankreich und Schweden"", ""Spanien, England und Venedig"", ""Der Papst, Savoyen und Polen"", ""Bayern, Sachsen und Dänemark""]",Nach langen Gesprächen erreichte Wettstein die Zustimmung der Vertreter des Kaisers und der beiden Siegermächte. Frankreich unterstützte das Anliegen besonders.,"Kaiser, Frankreich und Schweden anerkannten 1648 die Sonderstellung der Eidgenossen.",Johann Rudolf Wettstein,,ok
ch_geschichte,3,Welche Massnahme Berns im Dezember 1652 traf die Landbevölkerung besonders hart?,"[""Die Abwertung der Batzen um die Hälfte"", ""Ein Verbot aller Landsgemeinden"", ""Die Verdoppelung des Zehnten"", ""Ein Ausfuhrverbot für Vieh""]",Die Kupferbatzen verloren die Hälfte ihres Werts und konnten nur drei Tage lang umgetauscht werden. Viele Bauern verloren so etwa die Hälfte ihrer Ersparnisse.,Die Münzabwertung von 1652 war ein Auslöser des Bauernkriegs.,Schweizer Bauernkrieg von 1653,,ok
ch_geschichte,3,Welcher Berner Feldherr besiegte im Juni 1653 die Bauern bei Herzogenbuchsee?,"[""Sigmund von Erlach"", ""Konrad Werdmüller"", ""Christoph Pfyffer"", ""Niklaus Dachselhofer""]",Er griff mit rund 6000 Mann und Kanonen die zurückweichenden Bauern an. Herzogenbuchsee ging dabei in Flammen auf.,Sigmund von Erlach schlug die Bauern bei Herzogenbuchsee.,Schweizer Bauernkrieg von 1653,,ok
ch_geschichte,3,Welche längerfristige Folge wird dem Bauernkrieg von 1653 zugeschrieben?,"[""Die Obrigkeiten hielten sich mit Steuererhöhungen zurück"", ""Die Bauern erhielten politische Gleichberechtigung"", ""Die Untertanengebiete wurden aufgehoben"", ""Die Tagsatzung wurde abgeschafft""]","Die Städte siegten zwar militärisch, waren aber auf ihre Untertanen angewiesen. Historiker sehen im Aufstand einen Grund, warum sich in der Schweiz kein Absolutismus wie in Frankreich durchsetzte.",Der Bauernkrieg bremste den Ausbau obrigkeitlicher Macht.,Schweizer Bauernkrieg von 1653,,ok
ch_geschichte,3,Welcher Zürcher General führte 1653 das Heer der Tagsatzung gegen die Bauern?,"[""Konrad Werdmüller"", ""Sigmund von Erlach"", ""Hans Waldmann"", ""Jörg Jenatsch""]","Er marschierte mit rund 8000 Mann, Reiterei und Kanonen nach Westen. Rasch besetzte er den Reussübergang bei Mellingen.",Konrad Werdmüller führte 1653 die Zürcher Truppen gegen die Bauern.,Schweizer Bauernkrieg von 1653,,ok
ch_geschichte,3,Welcher Friede vom 28. Mai 1653 vor den Toren Berns wurde später von der Obrigkeit für ungültig erklärt?,"[""Der Murifeldfrieden"", ""Der Mellinger Frieden"", ""Der Dritte Landfrieden"", ""Der Friede von Baden""]","Bern versprach darin Steuererleichterungen, wenn die Bauern ihren Bund auflösten. Nach dem militärischen Sieg erklärte die Stadt den Vertrag für nichtig.",Den Murifeldfrieden brach Bern nach dem Sieg über die Bauern.,Schweizer Bauernkrieg von 1653,,ok
ch_geschichte,3,Auf welche Figur der eidgenössischen Gründungsgeschichte beriefen sich die Bauern besonders?,"[""Wilhelm Tell"", ""Arnold Winkelried"", ""Niklaus von Flüe"", ""Karl der Grosse""]",Die Bauern sahen sich in der Tradition des Widerstands gegen ungerechte Vögte. Ihr Bundesbrief war den alten Bünden nachempfunden.,Die Bauern von 1653 sahen sich als Nachfolger Wilhelm Tells.,Schweizer Bauernkrieg von 1653,,ok
ch_geschichte,3,Untertanen welcher Stadtorte schlossen im April 1653 in Sumiswald vor allem ein Bündnis?,"[""Luzern, Bern und Basel"", ""Zürich, Freiburg und Zug"", ""Luzern, Uri und Schwyz"", ""Schaffhausen, Zürich und St. Gallen""]",Am 23. April 1653 verbanden sich Bauern aus mehreren Stadtorten über Orts- und Konfessionsgrenzen hinweg. Solothurner Untertanen waren nur am Rand beteiligt.,In Sumiswald verbündeten sich Bauern aus mehreren Stadtorten.,Schweizer Bauernkrieg von 1653,,ok
ch_geschichte,3,Welche Stadt belagerten die Zürcher im Ersten Villmergerkrieg erfolglos?,"[""Rapperswil"", ""Baden"", ""Zug"", ""Bremgarten""]",Die Zürcher Truppen konnten die Stadt am oberen Zürichsee nicht einnehmen. Auch dieser Misserfolg trug zur reformierten Niederlage bei.,Die Belagerung von Rapperswil 1656 scheiterte.,Villmergerkriege,,ok
ch_geschichte,3,Welche Gebiete verloren die katholischen Orte 1712 an die Sieger?,"[""Die Grafschaft Baden und die unteren Freien Ämter"", ""Die Leventina und das Bleniotal"", ""Das Urserental"", ""Die Talschaft Engelberg""]","Die Herrschaft über diese strategisch wichtigen Gebiete im Aargau ging an Zürich, Bern und Glarus. Damit verloren die Innerschweizer ihre Landbrücke zwischen den katholischen Orten.",Nach 1712 beherrschten die reformierten Orte die Grafschaft Baden.,Villmergerkriege,,ok
ch_geschichte,3,Welche Bedeutung hatte der Ausgang des Zweiten Villmergerkriegs?,"[""Er beendete die politische Vorherrschaft der katholischen Orte"", ""Er führte zur Gründung des Bundesstaats"", ""Er machte die Schweiz offiziell neutral"", ""Er brachte die Rekatholisierung Berns""]",Seit 1531 hatten die katholischen Orte in der Tagsatzung und den Gemeinen Herrschaften dominiert. Nach 1712 übernahmen Zürich und vor allem Bern die Führung.,Seit 1712 gaben die reformierten Orte in der Eidgenossenschaft den Ton an.,Villmergerkriege,,ok
ch_geschichte,3,Welcher Luzerner führte die katholischen Truppen 1656 zum Sieg bei Villmergen?,"[""Christoph Pfyffer"", ""Ludwig Pfyffer"", ""Sebastian Peregrin Zwyer"", ""Hans Rudolf Werdmüller""]",Die Luzerner überraschten das bernische Heer im Januar 1656. Die Niederlage war für Bern ein schwerer Schlag.,Christoph Pfyffer siegte 1656 bei Villmergen für die katholischen Orte.,Villmergerkriege,,ok
ch_geschichte,3,Woran scheiterte 1655 das Bundesprojekt zur Erneuerung der eidgenössischen Bünde?,"[""Am Widerstand der katholischen Orte"", ""Am Veto des Kaisers"", ""Am Einspruch Frankreichs"", ""Am Widerstand der Bauern""]",Die Reformierten wollten die vielen Bünde in einem gemeinsamen Vertrag zusammenfassen. Die katholischen Orte fürchteten um ihre Vorrangstellung.,Das Scheitern des Bundesprojekts verschärfte 1655 den Konfessionskonflikt.,Villmergerkriege,,ok
ch_geschichte,3,Welcher Friedensschluss bestätigte 1656 die Ordnung von 1531?,"[""Der Dritte Landfrieden"", ""Der Vierte Landfrieden"", ""Der Erste Landfrieden"", ""Der Ewige Frieden""]",Er wurde am 7. März 1656 geschlossen und stellte den Zustand vor dem Krieg wieder her. Damit blieb die katholische Vorherrschaft gesichert.,Der Dritte Landfrieden von 1656 bestätigte die alte Ordnung.,Villmergerkriege,,ok
ch_geschichte,3,Warum griffen Frankreich und Habsburg 1712 nicht in den eidgenössischen Konflikt ein?,"[""Sie waren im Spanischen Erbfolgekrieg gebunden"", ""Sie hatten die Eidgenossenschaft als neutral anerkannt"", ""Sie unterstützten beide die reformierten Orte"", ""Sie hatten ihre Söldner abgezogen""]",Beide Mächte führten seit 1701 gegeneinander Krieg um das spanische Erbe. Bern und Zürich nutzten diese günstige Lage aus.,Der Spanische Erbfolgekrieg band 1712 die Grossmächte.,Villmergerkriege,,ok
ch_geschichte,3,Welche Stadtorte gelten als typische Patrizierorte des Ancien Régime?,"[""Bern, Luzern, Freiburg und Solothurn"", ""Zürich, Basel und Schaffhausen"", ""Uri, Schwyz und Unterwalden"", ""Glarus, Zug und Appenzell""]",In diesen Städten regierte ein kleiner Kreis alteingesessener Familien. Die Zünfte hatten dort kaum politischen Einfluss.,"In Bern, Luzern, Freiburg und Solothurn herrschte das Patriziat.",Patriziat,,ok
ch_geschichte,3,"Wie nennt man Stadtorte, in denen die Handwerkerzünfte die Regierung bestimmten?","[""Zunftorte"", ""Länderorte"", ""Zugewandte Orte"", ""Gemeine Herrschaften""]",In diesen Städten wurden die Räte über die Zünfte gewählt. Auch dort bildete sich jedoch mit der Zeit eine Oberschicht weniger Familien.,In Zunftorten bestimmten die Zünfte die Zusammensetzung der Räte.,Patriziat,,ok
ch_geschichte,3,Was bedeutete «regimentsfähig» im Ancien Régime?,"[""Berechtigt, Regierungsämter zu übernehmen"", ""Verpflichtet, im Regiment zu dienen"", ""Befreit von allen Steuern"", ""Mitglied einer Zunft""]",Nur Angehörige bestimmter Burgerfamilien durften in die Räte gewählt werden. Andere Einwohner blieben von der Macht ausgeschlossen.,Nur regimentsfähige Familien durften die Stadt regieren.,Patriziat,,ok
ch_geschichte,3,Wie wurden die regierenden Patrizier in den Stadtorten oft genannt?,"[""Gnädige Herren"", ""Edle Junker"", ""Erlauchte Väter"", ""Hohe Freiherren""]",Die Bezeichnung drückte die obrigkeitliche Stellung der Räte gegenüber Untertanen aus. Sie war in der ganzen Alten Eidgenossenschaft verbreitet.,Die Obrigkeit des Ancien Régime nannte man die Gnädigen Herren.,Patriziat,,ok
ch_geschichte,3,Was war der «Äussere Stand» in Bern?,"[""Eine Vereinigung junger Patrizier, die das Regieren übte"", ""Das Untertanengebiet ausserhalb der Stadt"", ""Die Vertretung der Bauern im Rat"", ""Die Versammlung der reformierten Pfarrer""]",Junge Patriziersöhne bildeten eine Art Schattenregierung mit eigenen Ämtern. So bereiteten sie sich auf ihre späteren Aufgaben im Staat vor.,Im Äusseren Stand übten junge Berner Patrizier das Regieren.,Patriziat,,ok
ch_geschichte,3,Wodurch schrumpfte im 17. und 18. Jahrhundert der Kreis der regierenden Familien?,"[""Durch die Schliessung des Burgerrechts"", ""Durch die Einführung der Volkswahl"", ""Durch die Abschaffung der Zünfte"", ""Durch die Aufhebung der Landvogteien""]","Neue Familien wurden kaum mehr als regimentsfähige Burger aufgenommen. Ausgestorbene Geschlechter wurden nicht ersetzt, die Macht konzentrierte sich weiter.",Das geschlossene Burgerrecht machte das Patriziat zu einer kleinen Elite.,Patriziat,,ok
ch_geschichte,3,Was war neben Staatsämtern eine wichtige Einnahmequelle vieler Patrizierfamilien?,"[""Der Solddienst in fremden Heeren"", ""Der Fernhandel mit Indien"", ""Der Bergbau im Jura"", ""Die Hochseefischerei""]","Patrizier stellten als Offiziere Regimenter für Frankreich, Spanien oder die Niederlande. Dazu kamen Pensionen fremder Mächte.",Der Solddienst brachte vielen Patrizierfamilien Geld und Ansehen.,Patriziat,,ok
ch_geschichte,3,Wie nannte man den Grossen Rat in Bern nach seiner Mitgliederzahl auch?,"[""Rat der Zweihundert"", ""Rat der Hundert"", ""Rat der Sechzig"", ""Rat der Fünfhundert""]",Der Grosse Rat war das oberste Organ der Republik Bern. Seine Mitglieder stammten ausschliesslich aus regimentsfähigen Burgerfamilien.,Der Berner Grosse Rat hiess auch Rat der Zweihundert.,Patriziat,,ok
ch_geschichte,3,Wer verwaltete im Namen der Stadt Bern die ländlichen Untertanengebiete?,"[""Landvögte"", ""Zunftmeister"", ""Landammänner"", ""Dekane""]","Die Landvögte waren Patrizier, die für einige Jahre ein Amt auf dem Land übernahmen. Die Landvogteien brachten ihnen oft beträchtliche Einkünfte.",Berner Patrizier regierten die Landschaft als Landvögte.,Patriziat,,ok
ch_geschichte,3,Welcher Titel bezeichnete das Oberhaupt der Regierung in Bern und Luzern?,"[""Schultheiss"", ""Bürgermeister"", ""Landammann"", ""Doge""]","In den Patrizierstädten stand ein Schultheiss an der Spitze, in Zürich und Basel dagegen ein Bürgermeister. Landammänner führten die Länderorte.",Bern und Luzern wurden von einem Schultheissen geführt.,Patriziat,,ok
ch_geschichte,3,Mit wie vielen Soldaten ungefähr zog Davel 1723 los?,"[""500 bis 600"", ""50 bis 60"", ""5000 bis 6000"", ""Rund 20'000""]","Die Milizsoldaten waren eigentlich für eine Inspektion zusammengerufen worden. Sie wussten zunächst nicht, was ihr Kommandant vorhatte.",Davel führte nur einige hundert Milizsoldaten an.,Jean Daniel Abraham Davel,,ok
ch_geschichte,3,Wie begründete Davel seine Tat in den Verhören?,"[""Gott habe ihm den Auftrag gegeben"", ""Frankreich habe ihn bezahlt"", ""Er habe aus Rache gehandelt"", ""Genf habe ihn angestiftet""]",Auch unter Folter nannte er keine Mitverschworenen und beharrte auf einer göttlichen Sendung. Das machte ihn später zur Symbolfigur.,Davel sah sich als Werkzeug einer göttlichen Mission.,Jean Daniel Abraham Davel,,ok
ch_geschichte,3,Wo wurde Davel am 24. April 1723 hingerichtet?,"[""In Vidy bei Lausanne"", ""Auf dem Münsterplatz in Bern"", ""In Morges"", ""Im Schloss Chillon""]",Er wurde auf dem Richtplatz enthauptet. Ein Denkmal von 1899 erinnert dort an seinen Tod.,Davel starb 1723 auf dem Richtplatz von Vidy.,Jean Daniel Abraham Davel,,ok
ch_geschichte,3,Welchen zivilen Beruf übte Davel in Cully aus?,"[""Notar"", ""Pfarrer"", ""Arzt"", ""Bäcker""]",Nach dem Studium in Lausanne arbeitete er als Notar im Lavaux und später als Vermesser. Daneben machte er eine militärische Laufbahn.,Davel war von Beruf Notar.,Jean Daniel Abraham Davel,,ok
ch_geschichte,3,"Welchen militärischen Rang erhielt Davel nach 1712, unter dem er bis heute bekannt ist?","[""Major"", ""Hauptmann"", ""Oberst"", ""General""]",Nach Diensten in fremden Heeren wurde er für seine Verdienste im Toggenburgerkrieg befördert. 1717 übernahm er das Kommando der Milizen im Lavaux.,Die Waadtländer erinnern sich an ihn als Major Davel.,Jean Daniel Abraham Davel,,ok
ch_geschichte,3,In welchem Waadtländer Dorf wurde Davel 1670 geboren?,"[""Morrens"", ""Cully"", ""Vevey"", ""Nyon""]",Er kam als Sohn eines Pfarrers in Morrens nördlich von Lausanne zur Welt. Später studierte er in Lausanne.,Davel stammte aus Morrens.,Jean Daniel Abraham Davel,,ok
ch_geschichte,3,"Welcher Maler schuf 1846 im Auftrag der Waadtländer Regierung ein Davel-Gemälde, das 1980 zerstört wurde?","[""Charles Gleyre"", ""Ferdinand Hodler"", ""Albert Anker"", ""Félix Vallotton""]","Das Bild hing im Palais de Rumine in Lausanne. Es wurde im August 1980 durch Vandalismus zerstört, die Täterschaft blieb unbekannt.",Charles Gleyre malte Davel als Waadtländer Helden.,Jean Daniel Abraham Davel,,ok
ch_geschichte,3,Unter welchen berühmten Feldherren diente Davel in fremden Diensten?,"[""Prinz Eugen und Marlborough"", ""Napoleon und Ney"", ""Wallenstein und Tilly"", ""Gustav Adolf und Turenne""]",Ab 1692 kämpfte er für Prinz Eugen von Savoyen und später für den Herzog von Marlborough. Diese Erfahrung prägte seine militärische Laufbahn.,Davel sammelte Kriegserfahrung unter Prinz Eugen und Marlborough.,Jean Daniel Abraham Davel,,ok
ch_geschichte,3,Gegen wen richtete sich die Henzi-Verschwörung von 1749 in Bern?,"[""Gegen die Herrschaft der Patrizierfamilien"", ""Gegen die französische Besatzung"", ""Gegen die katholische Kirche"", ""Gegen die Landvögte im Aargau""]","Unzufriedene Burger, Handwerker und Offiziere wollten die Macht der wenigen regierenden Geschlechter brechen. Die Verschwörung wurde auch «Burgerlärm» genannt.",Die Henzi-Verschwörung wandte sich gegen das Berner Patriziat.,Henzi-Verschwörung,,ok
ch_geschichte,3,Wer verriet die Verschwörung Anfang Juli 1749?,"[""Ein Theologiestudent"", ""Ein Landvogt"", ""Henzis Ehefrau"", ""Ein französischer Gesandter""]",Friedrich Ulrich informierte am Abend des 2. Juli einen Ratsherrn. Am nächsten Tag wusste der Geheime Rat Bescheid und griff durch.,Ein Theologiestudent liess die Henzi-Verschwörung auffliegen.,Henzi-Verschwörung,,ok
ch_geschichte,3,Wie endeten Samuel Henzi und zwei Mitverschworene am 17. Juli 1749?,"[""Sie wurden enthauptet"", ""Sie wurden verbannt"", ""Sie wurden begnadigt"", ""Sie flohen nach Frankreich""]","Henzi, Samuel Niklaus Wernier und Emanuel Fueter wurden vor dem Oberen Tor hingerichtet. Andere Beteiligte erhielten Hausarrest oder wurden verbannt.",Die Anführer der Henzi-Verschwörung wurden hingerichtet.,Henzi-Verschwörung,,ok
ch_geschichte,3,Welcher deutsche Dichter schrieb ein Dramenfragment über Samuel Henzi?,"[""Gotthold Ephraim Lessing"", ""Friedrich Schiller"", ""Johann Wolfgang von Goethe"", ""Christoph Martin Wieland""]",Das Fragment «Samuel Henzi» entstand 1749 und erschien 1753. Es gilt als frühes bürgerliches Drama über einen aktuellen politischen Fall.,Lessing verarbeitete den Fall Henzi in einem Drama.,Henzi-Verschwörung,,ok
ch_geschichte,3,Was forderte Henzis Reformschrift unter anderem?,"[""Den Zugang aller Bürger zu den Ämtern"", ""Den Anschluss Berns an Frankreich"", ""Die Rückkehr zum katholischen Glauben"", ""Die Abschaffung der Miliz""]","Das Memorial verlangte auch eine Zunftverfassung, Volkswahl der Beamten und eine öffentliche Staatsrechnung. Es zielte auf mehr Mitsprache der Burgerschaft.",Henzi forderte offene Ämter für alle Burger.,Henzi-Verschwörung,,ok
ch_geschichte,3,Warum war Henzi schon 1744 bestraft und verbannt worden?,"[""Er hatte den Wahlmodus des Grossen Rats kritisiert"", ""Er hatte Steuern hinterzogen"", ""Er hatte einen Landvogt angegriffen"", ""Er hatte Bücher aus Paris geschmuggelt""]",Bürger hatten in Denkschriften die Wahlen in den Grossen Rat bemängelt. Die Regierung reagierte mit Bussen und Verbannungen.,Henzi geriet schon 1744 wegen politischer Kritik mit der Obrigkeit in Konflikt.,Henzi-Verschwörung,,ok
ch_geschichte,3,Wo trafen sich die Verschworenen von 1749 heimlich?,"[""In einer Färberei im Sulgenbach"", ""Im Berner Münster"", ""Im Rathaus"", ""In einem Gasthof in Thun""]","Die Treffen fanden in der Indiennefärberei von Johann Friedrich Küpfer statt. Dort kamen Handwerker, Kaufleute und Offiziere zusammen.",Die Henzi-Verschwörer trafen sich im Sulgenbach.,Henzi-Verschwörung,,ok
ch_geschichte,3,Bei wem arbeitete Anna Göldi als Magd?,"[""Beim Arzt Johann Jakob Tschudi"", ""Beim Landvogt von Sargans"", ""Beim Abt von St. Gallen"", ""Bei einem Zürcher Seidenhändler""]","Tschudi war Arzt, Ratsherr und Richter in Glarus. Vermutlich wollte er mit der Anklage eine Affäre vertuschen.",Anna Göldi diente im Haus des Glarner Arztes Tschudi.,Anna Göldi,,ok
ch_geschichte,3,"Wie wurde Anna Göldi im Urteil bezeichnet, um das Wort «Hexe» zu vermeiden?","[""Als Vergifterin"", ""Als Diebin"", ""Als Ketzerin"", ""Als Landstreicherin""]",Im Zeitalter der Aufklärung wollte das Gericht nicht offen von Hexerei sprechen. In der Sache ging es aber um Zauberei mit Teufelskräften.,Das Urteil gegen Anna Göldi vermied bewusst das Wort Hexe.,Anna Göldi,,ok
ch_geschichte,3,Wer bezeichnete das Urteil gegen Anna Göldi 1783 als «Justizmord»?,"[""August Ludwig von Schlözer"", ""Voltaire"", ""Johann Kaspar Lavater"", ""Albrecht von Haller""]",Der Göttinger Historiker und Publizist machte den Fall in Deutschland bekannt. Die Geheimakten waren zuvor vom Gerichtsschreiber an einen Journalisten weitergegeben worden.,Schlözer prangerte den Fall Göldi als Justizmord an.,Anna Göldi,,ok
ch_geschichte,3,Welche Schweizer Autorin veröffentlichte 1982 den Roman «Anna Göldin. Letzte Hexe»?,"[""Eveline Hasler"", ""Johanna Spyri"", ""Erica Pedretti"", ""Gertrud Leutenegger""]",Der Roman machte den Fall einem breiten Publikum bekannt.,Eveline Haslers Roman machte Anna Göldi berühmt.,Anna Göldi,,ok
ch_geschichte,3,In welchem heute st. gallischen Ort wurde Anna Göldi 1734 geboren?,"[""Sennwald"", ""Wattwil"", ""Rorschach"", ""Wil""]",Sie stammte aus Sennwald im Rheintal und arbeitete später als Dienstmagd in verschiedenen Haushalten. 1780 kam sie in ihre letzte Stelle.,Anna Göldi stammte aus Sennwald im Rheintal.,Anna Göldi,,ok
ch_geschichte,3,Wo befindet sich seit 2017 das Anna-Göldi-Museum?,"[""Im Hänggiturm in Ennenda"", ""Im Freulerpalast in Näfels"", ""Im Schloss Werdenberg"", ""Im Schloss Sargans""]",Ein erstes Museum in Mollis war 2014 geschlossen worden. Das neue Museum im Hänggiturm wurde am 20. August 2017 eröffnet.,Das Anna-Göldi-Museum steht heute im Hänggiturm in Ennenda.,Anna Göldi,,ok
ch_geschichte,3,Welches Gremium fällte am 6. Juni 1782 das Todesurteil gegen Anna Göldi?,"[""Der Evangelische Rat von Glarus"", ""Die Eidgenössische Tagsatzung"", ""Der Zürcher Rat"", ""Das Bischöfliche Gericht in Chur""]",Im konfessionell geteilten Glarus urteilte der reformierte Rat über die Magd. Ihr Geständnis war unter Folter erzwungen worden.,Der Evangelische Rat von Glarus verurteilte Anna Göldi zum Tod.,Anna Göldi,,ok
ch_geschichte,3,Welche Schweizer Regisseurin verfilmte 1991 den Fall Anna Göldi?,"[""Gertrud Pinkus"", ""Ursula Meier"", ""Bettina Oberli"", ""Petra Volpe""]",Der Film trägt den Titel «Anna Göldin. Letzte Hexe». Die Hauptrolle spielte Cornelia Kempers.,Gertrud Pinkus brachte das Schicksal von Anna Göldi ins Kino.,Anna Göldi,,ok
ch_geschichte,3,In welchem Jahr wurde die Helvetische Gesellschaft gegründet?,"[""1761"", ""1712"", ""1798"", ""1815""]",Aufgeklärte Männer aus verschiedenen Orten trafen sich erstmals zu einem freundschaftlichen Austausch. Ein Jahr später gab sich die Gesellschaft Namen und Programm.,Die Helvetische Gesellschaft entstand 1761 im Geist der Aufklärung.,Helvetische Gesellschaft,,ok
ch_geschichte,3,In welchem Kurort fanden die ersten Treffen der Helvetischen Gesellschaft statt?,"[""In Schinznach-Bad"", ""In Aarau"", ""In Einsiedeln"", ""In Zofingen""]","Der Badeort im Aargau lag günstig zwischen Zürich, Basel, Bern und Luzern. So konnten Mitglieder aus verschiedenen Orten leicht anreisen.",Die Helvetische Gesellschaft traf sich zuerst in Schinznach-Bad.,Helvetische Gesellschaft,,ok
ch_geschichte,3,Welches Hauptziel verfolgte die Helvetische Gesellschaft?,"[""Den Zusammenhalt über Orts- und Konfessionsgrenzen zu stärken"", ""Die Habsburger Herrschaft wiederherzustellen"", ""Den Katholizismus zu verbreiten"", ""Den Solddienst auszubauen""]","Reformierte und Katholiken sollten sich als gemeinsame Eidgenossen verstehen. Toleranz, Bildung und Gemeinwohl standen im Vordergrund.",Die Helvetische Gesellschaft förderte ein gemeinsames Schweizer Bewusstsein.,Helvetische Gesellschaft,,ok
ch_geschichte,3,Welcher Basler Ratsschreiber und Aufklärer gehörte zu den Gründern?,"[""Isaak Iselin"", ""Leonhard Euler"", ""Jacob Burckhardt"", ""Daniel Bernoulli""]",Er hatte bereits 1758 eine patriotische Schrift eines Luzerner Freundes herausgegeben. Iselin war einer der führenden Köpfe der Schweizer Aufklärung.,Isaak Iselin war ein Gründer der Helvetischen Gesellschaft.,Helvetische Gesellschaft,,ok
ch_geschichte,3,Welche Schrift des Luzerners Franz Urs Balthasar gab 1758 einen Anstoss zur Gründung?,"[""«Patriotische Träume eines Eidgenossen»"", ""«Der Schweizerbund»"", ""«Wilhelm Tell»"", ""«Die Alpen»""]",Balthasar entwarf darin Ideen für eine Erneuerung der Eidgenossenschaft. Die Schrift fand unter aufgeklärten Patrioten grossen Anklang.,Balthasars patriotische Träume inspirierten die Helvetische Gesellschaft.,Helvetische Gesellschaft,,ok
ch_geschichte,3,Welcher berühmte Pädagoge war Mitglied der Helvetischen Gesellschaft?,"[""Johann Heinrich Pestalozzi"", ""Jean-Jacques Rousseau"", ""Friedrich Fröbel"", ""Maria Montessori""]",Zu den Mitgliedern zählten auch Philipp Albert Stapfer und Albrecht Rengger. Viele von ihnen prägten später die Helvetische Republik.,Auch Pestalozzi gehörte zur Helvetischen Gesellschaft.,Helvetische Gesellschaft,,ok
ch_geschichte,3,Welche Vereinigung führt seit 1914 die Ideale der Helvetischen Gesellschaft weiter?,"[""Die Neue Helvetische Gesellschaft"", ""Die Schweizerische Gemeinnützige Gesellschaft"", ""Der Schweizerische Zofingerverein"", ""Die Stiftung Pro Helvetia""]",Kurz vor dem Ersten Weltkrieg wollte sie den Zusammenhalt zwischen Deutsch- und Westschweiz stärken.,Die Neue Helvetische Gesellschaft setzt das Erbe von 1761 fort.,Helvetische Gesellschaft,,ok
ch_geschichte,3,In welchem Jahr löste sich die alte Helvetische Gesellschaft auf?,"[""1858"", ""1798"", ""1803"", ""1830""]",Mit dem Bundesstaat von 1848 sahen viele Mitglieder ihre Ziele als erreicht an. Die Gesellschaft hatte sich zuvor der liberalen Bewegung angeschlossen.,Die Helvetische Gesellschaft bestand bis 1858.,Helvetische Gesellschaft,,ok
ch_geschichte,3,In welchem Zeitraum ruhten die Versammlungen der Helvetischen Gesellschaft?,"[""Von 1798 bis 1807"", ""Von 1761 bis 1770"", ""Von 1815 bis 1830"", ""Von 1848 bis 1858""]",Während der französischen Besetzung und der Helvetischen Republik fanden keine Treffen statt. Danach nahm die Gesellschaft ihre Tätigkeit wieder auf.,In der Franzosenzeit ruhte die Helvetische Gesellschaft.,Helvetische Gesellschaft,,ok
ch_geschichte,3,Welcher Wirtschaftszweig war um 1910 mit rund 18 Prozent der Ausfuhren der grösste Exportzweig der Schweiz?,"[""Die Stickerei"", ""Die Uhrenindustrie"", ""Die Käseproduktion"", ""Der Maschinenbau""]",Die vor allem in der Ostschweiz hergestellten Stickereien gingen zu rund 95 Prozent ins Ausland. Kurz vor dem Ersten Weltkrieg erreichte die Branche ihren Höhepunkt.,Um 1910 war die Stickerei der wichtigste Exportzweig der Schweiz.,St. Galler Stickerei,,ok
ch_geschichte,3,Welche Firma nahm 1879 die erste Schifflistickmaschine in der Stadt St. Gallen in Betrieb?,"[""Die Gebrüder Iklé"", ""Die Firma Benninger"", ""Die Firma Saurer"", ""Die Gebrüder Rittmeyer""]","Die Maschine war bereits 1863 erfunden worden, setzte sich aber erst allmählich durch. Mit ihrem Einsatz in der Stadt begann die Hochblüte der St. Galler Fabrikstickerei.",Die Gebrüder Iklé brachten 1879 die Schifflistickmaschine in die Stadt St. Gallen.,St. Galler Stickerei,,ok
ch_geschichte,3,Nach welchem technischen Prinzip arbeitet die Schifflistickmaschine?,"[""Wie eine Nähmaschine mit Ober- und Unterfaden"", ""Wie ein Webstuhl mit Kette und Schuss"", ""Wie eine Strickmaschine mit Zungennadeln"", ""Wie eine Handstickerei mit doppelspitzer Nadel""]","Die Nadel führt den Oberfaden durch den Stoff, auf der Rückseite verschlingt ihn ein Schiffchen mit dem Unterfaden. Das zeitraubende Durchziehen langer Fäden fällt dadurch weg.",Die Schifflistickmaschine verschlingt Ober- und Unterfaden wie eine Nähmaschine.,St. Galler Stickerei,,ok
ch_geschichte,3,Wer erwarb 1829 die ersten Handstickmaschinen für St. Gallen?,"[""Franz Mange"", ""Isaak Gröbli"", ""Peter Bion"", ""Anton Saurer""]",Die Handstickmaschine war 1828 von Josua Heilmann in Mülhausen erfunden worden. Franz Mange kaufte 1829 zwei Exemplare und brachte die Technik nach St. Gallen.,Franz Mange brachte 1829 die Handstickmaschine nach St. Gallen.,St. Galler Stickerei,,ok
ch_geschichte,3,Welcher Anteil der weltweiten Stickereiproduktion stammte um 1910 etwa aus St. Gallen und Umgebung?,"[""Rund die Hälfte"", ""Rund ein Zehntel"", ""Rund ein Viertel"", ""Rund neun Zehntel""]",Die Ostschweiz war um 1910 das führende Stickereizentrum der Welt. Rund 50 Prozent der Weltproduktion kamen aus der Region St. Gallen.,Um 1910 kam etwa die Hälfte aller Stickereien der Welt aus der Ostschweiz.,St. Galler Stickerei,,ok
ch_geschichte,3,Welche Art von Krise traf die Ostschweizer Stickerei im Jahr 1885?,"[""Eine Überproduktionskrise"", ""Eine Rohstoffkrise wegen Baumwollmangels"", ""Eine Bankenkrise wegen Kreditausfällen"", ""Eine Seuchenkrise unter den Arbeitern""]","Es wurde mehr produziert, als der Markt aufnehmen konnte. Die Aufträge gingen stark zurück, die Löhne sanken, und erst gegen 1898 setzte die Erholung ein.",1885 geriet die Stickerei wegen Überproduktion in eine Krise.,St. Galler Stickerei,,ok
ch_geschichte,3,Wodurch wurde beim Schifflistickautomaten von 1898 das Stickmuster gesteuert?,"[""Durch Lochkarten"", ""Durch einen handgeführten Pantografen"", ""Durch Dampfdruckventile"", ""Durch elektrische Relais""]",Beim älteren Verfahren fuhr ein Sticker das Muster mit einem Pantografen von Hand nach. Der Automat las das Muster ab einem Lochkartenband und ersetzte so diese Handarbeit.,Der Stickautomat von 1898 wurde mit Lochkarten gesteuert.,St. Galler Stickerei,,ok
ch_geschichte,3,Welche Massnahme Johannes Calvins förderte ab 1541 in Genf die Uhrmacherei?,"[""Das Verbot von Schmuck und Prunkgegenständen"", ""Die Gründung einer staatlichen Uhrenfabrik"", ""Ein Einfuhrverbot für französische Uhren"", ""Steuerfreiheit für alle Handwerker""]",Calvin verbot im Sinne der Reformation das Tragen von Schmuck. Viele Goldschmiede und Juweliere wichen deshalb auf die Herstellung von Uhren aus.,Calvins Schmuckverbot lenkte Genfer Goldschmiede zur Uhrmacherei.,Uhrenindustrie,,ok
ch_geschichte,3,Was wurde 1601 in Genf als erste Einrichtung ihrer Art in der Schweiz gegründet?,"[""Eine Uhrmacherzunft"", ""Eine Uhrmacherschule"", ""Eine Uhrenbörse"", ""Ein Uhrenmuseum""]","Die Genfer Uhrmacher schlossen sich 1601 zu einer eigenen Zunft zusammen. Sie regelte Ausbildung, Qualität und Zugang zum Beruf.",1601 entstand in Genf die erste Uhrmacherzunft der Schweiz.,Uhrenindustrie,,ok
ch_geschichte,3,Was bezeichnet in der jurassischen Uhrenindustrie das «Établissage»?,"[""Arbeitsteilige Fertigung in getrennten Werkstätten"", ""Die Ausbildung in einer Uhrmacherschule"", ""Die vollautomatische Fabrikproduktion"", ""Den Export von Uhren über Genf""]","Einzelne Teile wie Räder, Federn oder Gehäuse entstanden in vielen kleinen Werkstätten, oft in Bauernhäusern. Ein Unternehmer, der Établisseur, liess die Teile zur fertigen Uhr zusammensetzen und verkaufte sie.",Beim Établissage entstand eine Uhr arbeitsteilig in vielen Werkstätten.,Uhrenindustrie,,ok
ch_geschichte,3,Wer gilt laut einer Legende aus den 1830er Jahren als Begründer der Uhrmacherei im Neuenburger Jura?,"[""Daniel JeanRichard"", ""Abraham-Louis Breguet"", ""Louis Moinet"", ""Jacques David""]",Der Goldschmied aus La Sagne richtete um 1700 eine der ersten echten Uhrmacherwerkstätten im Neuenburger Jura ein. Historiker halten seine Rolle als alleiniger Gründer heute für übertrieben.,Daniel JeanRichard gilt als legendärer Gründervater der Jura-Uhrmacherei.,Uhrenindustrie,,ok
ch_geschichte,3,Warum passte die Uhrmacherei im 18. Jahrhundert besonders gut zu den Bauernfamilien im Jura?,"[""Sie war ein Nebenerwerb für die langen Winter"", ""Sie brauchte grosse Mengen Wasserkraft"", ""Sie verarbeitete Holz aus den Jurawäldern"", ""Sie war nur im Sommer auf der Alp möglich""]","Die kargen Böden und langen Winter liessen viel Zeit, die Bauern brauchten zusätzliches Einkommen. Uhrenteile benötigten wenig Rohstoff, hatten aber einen hohen Wert.",Im Jura war die Uhrmacherei ein wichtiger Winterverdienst der Bauern.,Uhrenindustrie,,ok
ch_geschichte,3,Welche zwei Städte wurden 2009 als «Stadtlandschaft Uhrenindustrie» ins UNESCO-Welterbe aufgenommen?,"[""La Chaux-de-Fonds und Le Locle"", ""Biel und Grenchen"", ""Saint-Imier und Tramelan"", ""Genf und Neuenburg""]",Die beiden Neuenburger Jurastädte wurden nach Bränden schachbrettartig für die Bedürfnisse der Uhrmacher neu angelegt. Die Strassen und Häuser sind auf Licht für die Werkbänke ausgerichtet.,La Chaux-de-Fonds und Le Locle sind als Uhrmacherstädte UNESCO-Welterbe.,Uhrenindustrie,,ok
ch_geschichte,3,Was erkannten Schweizer Uhrmacher an der Weltausstellung 1876 in Philadelphia als Bedrohung?,"[""Die amerikanische Serienfertigung mit austauschbaren Teilen"", ""Die englischen Präzisionsuhren für die Marine"", ""Die billigen Kuckucksuhren aus dem Schwarzwald"", ""Die neuen japanischen Quarzuhren""]",Amerikanische Fabriken stellten Uhren maschinell in grossen Stückzahlen her. Berichte von der Ausstellung lösten in der Schweiz eine Modernisierung und den Übergang zur Fabrikproduktion aus.,Die amerikanische Konkurrenz von 1876 zwang die Schweizer Uhrenindustrie zur Mechanisierung.,Uhrenindustrie,,ok
ch_geschichte,3,"Aus welcher Stadt kamen die Glaubensflüchtlinge, die 1555 die Seidenverarbeitung in Zürich neu belebten?","[""Locarno"", ""Lyon"", ""Mailand"", ""Como""]","Die reformierten Familien mussten ihre Heimatstadt verlassen, weil diese katholisch blieb. Familien wie Orelli und Muralt brachten Kapital und Kenntnisse im Seidengewerbe mit.",Reformierte Flüchtlinge aus Locarno förderten ab 1555 die Zürcher Seidenindustrie.,Zürcher Seidenindustrie,,ok
ch_geschichte,3,An welchem Fluss liess Heinrich Escher um 1730 die erste wasserbetriebene Seidenzwirnerei Zürichs bauen?,"[""An der Sihl"", ""An der Limmat"", ""An der Glatt"", ""An der Töss""]",Heinrich Escher holte Handwerker aus Bologna und lancierte den Bologneser Krepp. Für das Zwirnen der Seidenfäden nutzte er die Wasserkraft der Sihl.,Die erste wasserbetriebene Zürcher Seidenzwirnerei stand an der Sihl.,Zürcher Seidenindustrie,,ok
ch_geschichte,3,Welches Gewerbe brachten Hugenotten nach 1685 nach Zürich?,"[""Die Strumpfwirkerei"", ""Die Uhrmacherei"", ""Den Buchdruck"", ""Die Glasbläserei""]",Nach der Aufhebung des Edikts von Nantes flohen viele französische Protestanten. In Zürich führten sie die Herstellung gewirkter Strümpfe ein.,Hugenotten führten in Zürich die Strumpfwirkerei ein.,Zürcher Seidenindustrie,,ok
ch_geschichte,3,Welche Rolle spielte Zürich im 18. Jahrhundert im europäischen Rohseidenhandel?,"[""Verteilzentrum für Rohseide aus Italien und Spanien"", ""Wichtigster Seidenraupenzüchter Europas"", ""Absatzmarkt für chinesische Fertigstoffe"", ""Zollstation für französische Seidenbänder""]","Zürcher Kaufleute importierten Rohseide und liessen sie zu Garn verarbeiten. Die Garne gingen unter anderem nach Basel, Frankreich, Deutschland und England.",Zürich war im 18. Jahrhundert ein Drehkreuz für italienische und spanische Rohseide.,Zürcher Seidenindustrie,,ok
ch_geschichte,3,Woher bezog die Zürcher Seidenindustrie nach der Seidenraupenseuche um 1850 zunehmend ihre Rohseide?,"[""Aus Japan und China"", ""Aus Indien und Persien"", ""Aus Ägypten und Syrien"", ""Aus Mexiko und Brasilien""]","Eine Krankheit der Seidenraupen liess ab etwa 1850 die Produktion in Frankreich und Italien einbrechen. Zürcher Händler wichen nach Ostasien aus, Japan und China wurden die wichtigsten Lieferanten.",Nach der Raupenseuche kam die Rohseide für Zürich vor allem aus Ostasien.,Zürcher Seidenindustrie,,ok
ch_geschichte,3,Warum wurde die Seidenweberei deutlich später mechanisiert als die Baumwollspinnerei?,"[""Der feine Seidenfaden riss in frühen Maschinen leicht"", ""Seide durfte gesetzlich nur von Hand verarbeitet werden"", ""Für Seide fehlte in Zürich die Wasserkraft"", ""Die Seidenweber besassen alle Maschinenpatente""]",Der empfindliche Seidenfaden stellte hohe Anforderungen an die Technik. Deshalb blieb die Handweberei in Heimarbeit bis weit ins 19. Jahrhundert wichtig.,Seide liess sich wegen ihres empfindlichen Fadens erst spät maschinell weben.,Zürcher Seidenindustrie,,ok
ch_geschichte,3,Welche Bedeutung hatte die Seidenindustrie im 19. Jahrhundert für den Kanton Zürich?,"[""Sie war einer seiner wichtigsten Industriezweige"", ""Sie war ein kleiner Nischenzweig"", ""Sie war verboten und nur Schmuggel"", ""Sie betraf nur die Stadt Zürich""]","Zuerst webten Bauernfamilien zu Hause, später entstanden viele Fabriken am Zürichsee und im Umland. Um 1900 stellte die Schweiz, vor allem der Raum Zürich, rund 47 Millionen Meter Seidenstoff im Jahr her.",Im 19. Jahrhundert gehörte die Seide zu den wichtigsten Industrien Zürichs.,Zürcher Seidenindustrie,,ok
ch_geschichte,3,Wer lieferte im Verlagssystem den Heimarbeitern den Rohstoff und kaufte ihnen die fertige Ware ab?,"[""Der Verleger"", ""Der Zunftmeister"", ""Der Landvogt"", ""Der Fabrikinspektor""]","Der Verleger war ein Kaufmann, der Rohstoff vorschoss und die Produkte vermarktete. Die Heimarbeiter blieben dadurch von ihm und seinen Preisen abhängig.",Im Verlagssystem organisierte der Verleger Rohstoff und Absatz.,Heimarbeit,,ok
ch_geschichte,3,Welche Tätigkeit war im 18. Jahrhundert die wichtigste Heimarbeit im Zürcher Oberland?,"[""Das Spinnen von Baumwolle"", ""Das Schnitzen von Holzfiguren"", ""Das Flechten von Strohhüten"", ""Das Schleifen von Edelsteinen""]",In vielen Bauernstuben wurde Baumwolle am Spinnrad zu Garn verarbeitet. Damit verdienten auch Frauen und Kinder einen Zusatzlohn.,Im 18. Jahrhundert spannen viele Familien im Zürcher Oberland Baumwolle von Hand.,Heimarbeit,,ok
ch_geschichte,3,Was brachte um 1800 die Handspinnerei im Zürcher Oberland in eine schwere Krise?,"[""Billiges Maschinengarn aus England"", ""Ein Verbot der Baumwolleinfuhr"", ""Eine Seuche unter den Schafen"", ""Die Abschaffung des Verlagssystems""]",Englische Spinnmaschinen produzierten Garn viel günstiger und gleichmässiger. Die Handspinner konnten preislich nicht mehr mithalten.,Englisches Maschinengarn verdrängte um 1800 die Handspinnerei.,Heimarbeit,,ok
ch_geschichte,3,Auf welche Tätigkeit wichen viele Heimarbeiter im Zürcher Oberland nach dem Niedergang der Handspinnerei aus?,"[""Auf die Handweberei"", ""Auf die Uhrmacherei"", ""Auf den Bergbau"", ""Auf die Seefischerei""]",Mit dem billigen Maschinengarn konnten die Familien zu Hause Stoffe weben. Erst die mechanischen Webstühle machten auch diese Arbeit unrentabel.,Nach der Handspinnerei wurde die Handweberei zur wichtigsten Heimarbeit.,Heimarbeit,,ok
ch_geschichte,3,Warum entstanden die ersten Textilfabriken im Zürcher Oberland entlang von Bächen wie dem Aabach?,"[""Wegen der Wasserkraft"", ""Wegen der Steinkohlevorkommen"", ""Wegen der Schifffahrt"", ""Wegen der Eisenerzlager""]","Die Schweiz besass kaum Kohle, Wasserräder und später Turbinen trieben die Maschinen an. Am Aabach reihten sich deshalb zahlreiche Spinnereien aneinander.",Die Fabriken im Zürcher Oberland nutzten die Wasserkraft der Bäche.,Heimarbeit,,ok
ch_geschichte,3,Wie nennt die Forschung die Phase der ländlichen Heimindustrie vor der Fabrikindustrialisierung?,"[""Protoindustrialisierung"", ""Deindustrialisierung"", ""Tertiarisierung"", ""Merkantilisierung""]",In dieser Phase produzierten ländliche Haushalte in grossem Umfang für überregionale Märkte. Sie gilt als Vorstufe der eigentlichen Industrialisierung.,Die ländliche Heimindustrie wird als Protoindustrialisierung bezeichnet.,Heimarbeit,,ok
ch_geschichte,3,Welche Bevölkerungsgruppe war im Zürcher Oberland besonders auf Heimarbeit angewiesen?,"[""Landarme Kleinbauern und Tauner"", ""Wohlhabende Grossbauern"", ""Städtische Zunftmeister"", ""Adlige Grundherren""]","Wer zu wenig Land besass, konnte von der Landwirtschaft allein nicht leben. Die Textilheimarbeit ermöglichte diesen Familien ein Auskommen und förderte das Bevölkerungswachstum.",Vor allem Kleinbauern ohne genug Land lebten von der Heimarbeit.,Heimarbeit,,ok
ch_geschichte,3,Welcher Vulkanausbruch gilt als Hauptursache für das Hungerjahr 1816?,"[""Tambora"", ""Krakatau"", ""Vesuv"", ""Laki""]",Der Vulkan auf der indonesischen Insel Sumbawa brach im April 1815 gewaltig aus. Die Asche in der Atmosphäre kühlte das Klima weltweit ab.,Der Ausbruch des Tambora 1815 verursachte das Hungerjahr 1816.,Jahr ohne Sommer,,ok
ch_geschichte,3,Unter welchem Namen ist das Jahr 1816 in die Klimageschichte eingegangen?,"[""Jahr ohne Sommer"", ""Jahr der Dürre"", ""Grosser Winter"", ""Kleine Eiszeit""]",Kälte und Dauerregen liessen die Ernten verderben. In der Schweiz schneite es in jedem Monat mindestens einmal bis auf 800 Meter.,1816 wird das Jahr ohne Sommer genannt.,Jahr ohne Sommer,,ok
ch_geschichte,3,Um wie viel stieg die Sterblichkeit in der Schweiz in den Hungerjahren 1816 und 1817 nach Berechnungen des Historikers John D. Post?,"[""Um mehr als 20 Prozent"", ""Um etwa 2 Prozent"", ""Um rund 200 Prozent"", ""Um das Zehnfache""]","Unterernährung schwächte die Menschen, Krankheiten breiteten sich aus. Eine ähnlich starke Zunahme stellte Post auch für die Toskana fest.",In den Hungerjahren 1816 und 1817 stieg die Sterblichkeit in der Schweiz um über 20 Prozent.,Jahr ohne Sommer,,ok
ch_geschichte,3,Um welchen Faktor lag der Getreidepreis nördlich der Alpen im Juni 1817 etwa über dem Niveau von 1815?,"[""Etwa das Zweieinhalb- bis Dreifache"", ""Etwa das Eineinhalbfache"", ""Etwa das Zehnfache"", ""Etwa das Zwanzigfache""]",Die Missernte trieb die Preise stark in die Höhe. An abgelegenen Orten erreichte der Preis sogar das Vierfache.,1817 kostete Getreide etwa zweieinhalb- bis dreimal so viel wie 1815.,Jahr ohne Sommer,,ok
ch_geschichte,3,Warum trafen die Hungerjahre 1816 und 1817 die Textilheimarbeiter der Ostschweiz besonders hart?,"[""Sie mussten Nahrung kaufen, während ihr Verdienst sank"", ""Sie durften keine Vorräte anlegen"", ""Sie wurden zum Militärdienst eingezogen"", ""Sie verloren ihr Land durch Überschwemmungen""]",Heimarbeiter produzierten kaum eigene Lebensmittel und waren auf den Markt angewiesen. Gleichzeitig drückte die englische Konkurrenz auf Absatz und Löhne.,"Heimarbeiter litten besonders, weil sie teures Brot mit sinkenden Löhnen kaufen mussten.",Jahr ohne Sommer,,ok
ch_geschichte,3,Welcher Herrscher spendete wegen des Elends in der Ostschweiz 100 000 Rubel und liess Getreide liefern?,"[""Zar Alexander I."", ""König Friedrich Wilhelm III."", ""Kaiser Franz I."", ""König Ludwig XVIII.""]",Der russische Zar zeigte sich nach dem Wiener Kongress der Schweiz verbunden. Seine Hilfe linderte die Not in den Ostschweizer Kantonen.,Zar Alexander I. unterstützte die hungernde Ostschweiz.,Jahr ohne Sommer,,ok
ch_geschichte,3,Welche Bevölkerungsbewegung löste die Hungerkrise von 1816 und 1817 in der Schweiz aus?,"[""Eine Auswanderungswelle nach Amerika und Russland"", ""Eine Zuwanderung aus Süddeutschland"", ""Eine Flucht vom Land in die Alpentäler"", ""Eine Rückkehr der Söldner aus Frankreich""]",Viele verarmte Familien sahen in der Heimat keine Zukunft mehr. Sie suchten jenseits des Atlantiks oder im Osten Europas neues Land.,Die Hungerkrise von 1816 und 1817 führte zu einer grossen Auswanderungswelle.,Jahr ohne Sommer,,ok
ch_geschichte,3,An welchem Datum wurde die mechanische Weberei in Oberuster in Brand gesteckt?,"[""22. November 1832"", ""1. August 1832"", ""14. Juli 1830"", ""6. Dezember 1835""]",Die Brandstiftung geschah am Jahrestag einer politischen Volksversammlung in Uster. Die Fabrik wurde dabei zerstört.,Der Brand von Uster ereignete sich am 22. November 1832.,Usterbrand,,ok
ch_geschichte,3,"Welchem Ereignis von 1830 galt die Gedenkfeier, an deren Tag der Usterbrand stattfand?","[""Dem Ustertag"", ""Dem Stäfner Handel"", ""Dem Bockenkrieg"", ""Dem Züriputsch""]",Am Ustertag hatten sich 1830 Tausende versammelt und eine liberale Verfassung gefordert. Auf diese Versammlung geht die Regeneration im Kanton Zürich zurück.,Der Usterbrand fand am Jahrestag des Ustertags statt.,Usterbrand,,ok
ch_geschichte,3,Wem gehörte die 1832 in Oberuster angezündete Spinnerei und Weberei?,"[""Der Firma Corrodi & Pfister"", ""Der Familie Escher vom Glas"", ""Der Firma Rieter & Co."", ""Der Stadt Zürich""]",Die Firma hatte in Oberuster mechanische Webstühle aufgestellt. Damit war sie ein Symbol für die Bedrohung der Handweberei.,In Uster brannte 1832 die Fabrik von Corrodi & Pfister.,Usterbrand,,ok
ch_geschichte,3,Welche Menschen standen hinter dem Usterbrand?,"[""Heimweber und Kleinfabrikanten"", ""Fabrikbesitzer aus der Stadt"", ""Soldaten der Kantonsregierung"", ""Ausländische Agitatoren""]",Die sogenannten Tüchler und Heimarbeiter fürchteten um ihre Existenz. Sie sahen in den Webmaschinen die Ursache für sinkende Löhne.,Heimweber zündeten 1832 aus Existenzangst die Fabrik in Uster an.,Usterbrand,,ok
ch_geschichte,3,"Was hatten die Heimarbeiter im Uster-Memorial gefordert, bevor sie zur Gewalt griffen?","[""Ein Verbot der Webmaschinen"", ""Die Einführung der Zehnstundentage"", ""Das Frauenstimmrecht"", ""Den Bau einer Eisenbahn""]",Der neue liberale Grosse Rat lehnte diese Forderung ab. Aus Enttäuschung griffen die Heimweber zur Zerstörung.,Im Uster-Memorial verlangten die Heimweber ein Verbot der Webmaschinen.,Usterbrand,,ok
ch_geschichte,3,Wie wurden die Hauptschuldigen des Usterbrands 1833 bestraft?,"[""Mit langjährigen Kettenstrafen"", ""Mit einer geringen Geldbusse"", ""Mit der Verbannung nach Übersee"", ""Mit einem Freispruch""]",Insgesamt wurden 75 Personen verhaftet. Das Gericht verhängte gegen die Anführer harte Zuchthausstrafen in Ketten.,Die Hauptschuldigen des Usterbrands erhielten langjährige Kettenstrafen.,Usterbrand,,ok
ch_geschichte,3,"Wie nennt man die gewaltsame Zerstörung von Maschinen aus Angst um Arbeitsplätze, wie sie in Uster geschah?","[""Maschinenstürmerei"", ""Bilderstürmerei"", ""Streikbewegung"", ""Generalstreik""]","Auch in England zerstörten Arbeiter Webstühle, um ihre Arbeit zu schützen. Der Usterbrand ist das bekannteste Schweizer Beispiel dafür.",Der Usterbrand ist das bekannteste Beispiel für Maschinenstürmerei in der Schweiz.,Usterbrand,,ok
ch_geschichte,3,In welchem Jahrzehnt des 19. Jahrhunderts wanderten am meisten Schweizer nach Übersee aus?,"[""1881 bis 1890"", ""1841 bis 1850"", ""1861 bis 1870"", ""1891 bis 1900""]",In diesem Jahrzehnt verliessen über 90 000 Menschen die Schweiz in Richtung Übersee. Agrarkrise und billige Schiffspassagen förderten die Auswanderung.,Die Überseeauswanderung erreichte in den 1880er Jahren ihren Höhepunkt.,Schweizer Auswanderung,,ok
ch_geschichte,3,Welches Ziel wählten gegen Ende des 19. Jahrhunderts fast 90 Prozent der Schweizer Überseeauswanderer?,"[""Nordamerika"", ""Südamerika"", ""Australien"", ""Südafrika""]",Die USA lockten mit Land und Arbeit. Südamerika und andere Kontinente spielten zahlenmässig eine kleinere Rolle.,Die meisten Schweizer Überseeauswanderer zogen nach Nordamerika.,Schweizer Auswanderung,,ok
ch_geschichte,3,In welchem Land gründeten Auswanderer aus dem Kanton Freiburg 1819 die Siedlung Nova Friburgo?,"[""Brasilien"", ""Argentinien"", ""Uruguay"", ""Chile""]",Nach den Hungerjahren suchten viele Familien eine neue Existenz. Die Siedlung im Bergland bei Rio de Janeiro trägt bis heute den Namen ihrer Heimat.,Freiburger Auswanderer gründeten 1819 Nova Friburgo in Brasilien.,Schweizer Auswanderung,,ok
ch_geschichte,3,In welchem US-Bundesstaat gründeten Glarner Auswanderer 1845 die Siedlung New Glarus?,"[""Wisconsin"", ""Ohio"", ""Kalifornien"", ""Texas""]",Die Glarner Regierung unterstützte die Auswanderung armer Familien. New Glarus pflegt bis heute Schweizer Traditionen.,New Glarus liegt im US-Bundesstaat Wisconsin.,Schweizer Auswanderung,,ok
ch_geschichte,3,Warum bezahlten manche Schweizer Gemeinden im 19. Jahrhundert armen Bürgern die Überfahrt nach Amerika?,"[""Um künftige Armenunterstützung zu sparen"", ""Um neue Handelsposten zu gründen"", ""Um Soldaten für die USA zu stellen"", ""Um Missionare auszubilden""]",Die Heimatgemeinde musste für ihre armen Bürger sorgen. Oft war die Überfahrt an den Verzicht auf das Bürgerrecht geknüpft.,"Gemeinden finanzierten Auswanderung oft, um Armenlasten loszuwerden.",Schweizer Auswanderung,,ok
ch_geschichte,3,Was regelte das Bundesgesetz von 1880 im Zusammenhang mit der Auswanderung?,"[""Die Aufsicht über Auswanderungsagenturen"", ""Ein Auswanderungsverbot für Männer"", ""Die Rückkehrprämie für Auswanderer"", ""Das Stimmrecht der Auslandschweizer""]",Agenturen hatten Auswanderer oft getäuscht und ausgenützt. Gestützt auf die Verfassung von 1874 stellte der Bund sie unter seine Kontrolle.,Seit 1880 überwachte der Bund die Auswanderungsagenturen.,Schweizer Auswanderung,,ok
ch_geschichte,3,In welchem europäischen Land lebten um 1900 die meisten Auslandschweizer?,"[""Frankreich"", ""Deutschland"", ""Italien"", ""Grossbritannien""]","Von rund 170 000 Schweizern in Europa lebten etwa 87 000 im Nachbarland im Westen. Viele arbeiteten dort in Handel, Gastronomie und Industrie.",Um 1900 lebten die meisten Auslandschweizer Europas in Frankreich.,Schweizer Auswanderung,,ok
ch_geschichte,3,In welchem Jahr gründete Alfred Escher die Schweizerische Kreditanstalt?,"[""1856"", ""1848"", ""1871"", ""1882""]",Die Bank entstand in Zürich nach dem Vorbild französischer Investitionsbanken. Sie wuchs zu einer der grössten Banken der Schweiz heran.,Die Schweizerische Kreditanstalt wurde 1856 gegründet.,Alfred Escher,,ok
ch_geschichte,3,Welchen Hauptzweck verfolgte Alfred Escher mit der Gründung der Schweizerischen Kreditanstalt?,"[""Kapital für den Eisenbahnbau zu beschaffen"", ""Den Bauern günstige Hypotheken zu geben"", ""Eine nationale Notenbank zu schaffen"", ""Die Armenpflege der Stadt zu finanzieren""]",Der Bahnbau verschlang enorme Summen. Escher wollte die Abhängigkeit von ausländischen Geldgebern verringern.,Escher gründete die Kreditanstalt vor allem zur Finanzierung der Eisenbahnen.,Alfred Escher,,ok
ch_geschichte,3,Welchen Spitznamen erhielt Alfred Escher wegen seiner enormen Macht in Politik und Wirtschaft?,"[""König Alfred"", ""Eiserner Kanzler"", ""Zürcher Löwe"", ""Vater der Nation""]","Escher vereinte zahlreiche Ämter in Parlament, Regierung, Bahnen und Banken. Kritiker sprachen vom «System Escher».",Alfred Escher wurde wegen seiner Machtfülle «König Alfred» genannt.,Alfred Escher,,ok
ch_geschichte,3,Womit war Alfred Eschers Vater Heinrich Escher reich geworden?,"[""Mit Handel und Landspekulation in Nordamerika"", ""Mit Seidenfabriken am Zürichsee"", ""Mit einer Privatbank in Genf"", ""Mit Solddiensten in Frankreich""]",Heinrich Escher hatte einen Teil seines Lebens in Amerika verbracht. Das Familienvermögen ermöglichte Alfred eine sorgfältige Ausbildung und Unabhängigkeit.,Alfred Eschers Vater wurde in Nordamerika durch Handel und Landgeschäfte reich.,Alfred Escher,,ok
ch_geschichte,3,Warum trat Alfred Escher 1878 als Direktionspräsident der Gotthardbahn zurück?,"[""Wegen Kritik an den Kostenüberschreitungen"", ""Wegen seiner Wahl in den Bundesrat"", ""Wegen eines Streits mit Italien"", ""Wegen des Konkurses der Kreditanstalt""]","Die Baukosten stiegen weit über den Voranschlag, und es brauchte Nachfinanzierungen. Die Kritik richtete sich zunehmend gegen Escher persönlich.",Escher musste 1878 wegen der Kostenkrise beim Gotthardbau zurücktreten.,Alfred Escher,,ok
ch_geschichte,3,Wie lange gehörte Alfred Escher dem Nationalrat an?,"[""34 Jahre"", ""8 Jahre"", ""16 Jahre"", ""50 Jahre""]",Escher sass von der Gründung des Bundesstaats 1848 bis zu seinem Tod 1882 im Nationalrat. Mehrmals präsidierte er die Kammer.,Alfred Escher war 34 Jahre lang Nationalrat.,Alfred Escher,,ok
ch_geschichte,3,"Welche Bank übernahm 2023 die Credit Suisse, die aus der Schweizerischen Kreditanstalt hervorgegangen war?","[""Die UBS"", ""Die Zürcher Kantonalbank"", ""Die Raiffeisen"", ""Die Postfinance""]",Die Credit Suisse geriet 2023 in eine schwere Vertrauenskrise. Mit Unterstützung des Bundes wurde sie von der grössten Schweizer Bank übernommen.,Die Nachfolgerin von Eschers Kreditanstalt gehört seit 2023 zur UBS.,Alfred Escher,,ok
ch_geschichte,3,Aus welchem Zusammenschluss entstand 1853 die Schweizerische Nordostbahn?,"[""Aus der Nordbahn und der Zürich-Bodensee-Bahn"", ""Aus der Centralbahn und der Westbahn"", ""Aus der Gotthardbahn und der Nationalbahn"", ""Aus der Jurabahn und der Simplonbahn""]",Die Fusion wurde von Alfred Escher vorangetrieben. Die neue Gesellschaft wurde zur grössten Privatbahn der Ostschweiz.,Die Nordostbahn entstand 1853 aus Nordbahn und Zürich-Bodensee-Bahn.,Schweizerische Nordostbahn,,ok
ch_geschichte,3,Welche Strecke befuhr die 1847 eröffnete Spanisch-Brötli-Bahn?,"[""Zürich bis Baden"", ""Basel bis Liestal"", ""Bern bis Thun"", ""Genf bis Lausanne""]","Sie war die erste Eisenbahn, die ganz auf Schweizer Gebiet verlief. Ihren Namen verdankt sie einem Badener Gebäck, das damit frisch nach Zürich gelangte.",Die Spanisch-Brötli-Bahn fuhr 1847 von Zürich nach Baden.,Schweizerische Nordostbahn,,ok
ch_geschichte,3,Wem überliess das Eisenbahngesetz von 1852 den Bau der Schweizer Eisenbahnen?,"[""Privaten Gesellschaften mit kantonaler Konzession"", ""Ausschliesslich dem Bund"", ""Der Schweizer Armee"", ""Ausländischen Staatsbahnen""]",Befürworter wie Alfred Escher setzten sich gegen den Staatsbau durch. Die Folge war ein Wettlauf vieler Privatbahnen.,Ab 1852 bauten in der Schweiz private Gesellschaften die Eisenbahnen.,Schweizerische Nordostbahn,,ok
ch_geschichte,3,Wann ging die Nordostbahn in den Besitz der Schweizerischen Bundesbahnen über?,"[""Am 1. Januar 1902"", ""Am 1. Juli 1853"", ""Am 1. Juni 1882"", ""Am 1. Januar 1920""]",Das Volk hatte 1898 dem Rückkauf der grossen Privatbahnen zugestimmt. Das Netz der Gesellschaft umfasste bei der Übernahme 853 Kilometer.,Die Nordostbahn wurde 1902 von den SBB übernommen.,Schweizerische Nordostbahn,,ok
ch_geschichte,3,Welche direkte Verbindung schuf die 1875 eröffnete Bözbergbahn von Brugg nach Pratteln?,"[""Zürich und Basel"", ""Bern und Luzern"", ""Zürich und Schaffhausen"", ""Basel und Olten""]",Die Strecke wurde von Nordostbahn und Centralbahn gemeinsam betrieben. Sie ersparte den Umweg über andere Linien.,Die Bözbergbahn verbindet seit 1875 Zürich direkt mit Basel.,Schweizerische Nordostbahn,,ok
ch_geschichte,3,"Was geschah mit der Schweizerischen Nationalbahn, die der Nordostbahn Konkurrenz machen wollte?","[""Sie ging Konkurs und wurde billig übernommen"", ""Sie wurde zur grössten Bahn der Schweiz"", ""Sie fusionierte mit der Gotthardbahn"", ""Sie wurde sofort vom Bund verstaatlicht""]",Die von Winterthur aus geförderte «Volksbahn» geriet in Finanznot. Die Nordostbahn kaufte das Netz 1880 für einen Bruchteil der Baukosten.,Die Nationalbahn scheiterte und fiel 1880 an die Nordostbahn.,Schweizerische Nordostbahn,,ok
ch_geschichte,3,Welche Linie erreichte 1844 als erste Eisenbahn Schweizer Boden?,"[""Strassburg bis Basel"", ""Mailand bis Chiasso"", ""Lyon bis Genf"", ""München bis Lindau""]",Die Strecke aus dem Elsass endete bei einem Bahnhof in der Stadt Basel. Sie verlief aber fast ganz auf französischem Gebiet.,1844 erreichte die Linie aus Strassburg als erste Bahn die Schweiz.,Schweizerische Nordostbahn,,ok
ch_geschichte,3,Welchen Normalarbeitstag legte das Eidgenössische Fabrikgesetz von 1877 fest?,"[""11 Stunden"", ""8 Stunden"", ""10 Stunden"", ""13 Stunden""]",Das Gesetz orientierte sich an fortschrittlichen kantonalen Regelungen. Für viele Arbeiter bedeutete das eine deutliche Verkürzung.,Das Fabrikgesetz von 1877 führte den Elfstundentag ein.,Eidgenössisches Fabrikgesetz,,ok
ch_geschichte,3,Welche Regelung war im Fabrikgesetz von 1877 gegenüber den kantonalen Fabrikgesetzen die eigentliche Neuerung?,"[""Die Haftpflicht der Arbeitgeber"", ""Die Begrenzung der Arbeitszeit"", ""Der Schutz der Kinder"", ""Die Regeln zur Nachtarbeit""]",Arbeitgeber hafteten neu für Körperverletzungen ihrer Arbeiter. Die meisten anderen Bestimmungen kannten einzelne Kantone schon.,Neu am Fabrikgesetz von 1877 war die Haftpflicht der Arbeitgeber.,Eidgenössisches Fabrikgesetz,,ok
ch_geschichte,3,Mit welchem Ergebnis nahm das Stimmvolk am 21. Oktober 1877 das Fabrikgesetz an?,"[""Knapp mit rund 51 Prozent"", ""Deutlich mit rund 75 Prozent"", ""Sehr knapp mit 50,1 Prozent"", ""Klar mit rund 64 Prozent""]","Das Gesetz wurde mit 51,5 Prozent Ja angenommen. Auffällig war, dass auch Industrieregionen teils Nein stimmten.",Das Fabrikgesetz wurde 1877 nur knapp angenommen.,Eidgenössisches Fabrikgesetz,,ok
ch_geschichte,3,Welche Voraussetzung ermöglichte dem Bund erst den Erlass eines Fabrikgesetzes?,"[""Die Totalrevision der Bundesverfassung 1874"", ""Die Gründung des Bundesstaats 1848"", ""Der Beitritt zur Internationalen Arbeitsorganisation"", ""Ein Staatsvertrag mit Frankreich""]",Vorher konnten nur die Kantone Fabrikarbeit regeln. Die revidierte Verfassung gab dem Bund diese Kompetenz.,Erst die Verfassung von 1874 erlaubte ein eidgenössisches Fabrikgesetz.,Eidgenössisches Fabrikgesetz,,ok
ch_geschichte,3,Welcher Arzt gehörte zu den ersten drei eidgenössischen Fabrikinspektoren?,"[""Fridolin Schuler"", ""Henri Dunant"", ""Auguste Forel"", ""Paul Niehans""]","Die Fabrikinspektoren kontrollierten, ob die Betriebe das Gesetz einhielten. Schuler setzte sich auch für Hygiene und Gesundheit der Arbeiter ein.",Fridolin Schuler war einer der ersten eidgenössischen Fabrikinspektoren.,Eidgenössisches Fabrikgesetz,,ok
ch_geschichte,3,Welche Kantone stimmten dem Fabrikgesetz 1877 mit je über 80 Prozent Ja am deutlichsten zu?,"[""Obwalden und Nidwalden"", ""Zürich und Glarus"", ""Basel-Stadt und Genf"", ""Bern und Solothurn""]",Überraschenderweise sagten die ländlichen Innerschweizer Kantone klar Ja. Wallis und Freiburg lehnten dagegen ab.,Ob- und Nidwalden nahmen das Fabrikgesetz 1877 am deutlichsten an.,Eidgenössisches Fabrikgesetz,,ok
ch_geschichte,3,Welchen Schutz sah das Fabrikgesetz von 1877 für Arbeiterinnen rund um die Geburt vor?,"[""Ein Arbeitsverbot von 8 Wochen ohne Lohnfortzahlung"", ""Einen bezahlten Mutterschaftsurlaub von 14 Wochen"", ""Eine Geburtsprämie des Bundes"", ""Keinen besonderen Schutz""]","Die Frauen durften in dieser Zeit nicht in der Fabrik arbeiten. Da kein Lohn bezahlt wurde, bedeutete der Schutz für viele Familien Einkommensausfall.",Das Fabrikgesetz von 1877 verbot Wöchnerinnen acht Wochen lang die Fabrikarbeit.,Eidgenössisches Fabrikgesetz,,ok
ch_geschichte,3,Welcher Kanton begrenzte 1864 per Landsgemeinde die Arbeitszeit aller Fabrikarbeiter auf 12 Stunden?,"[""Glarus"", ""Zürich"", ""Appenzell Ausserrhoden"", ""Uri""]",Das Gesetz galt auch für erwachsene Männer und verbot die Nachtarbeit. Es gehörte zu den fortschrittlichsten Arbeiterschutzgesetzen seiner Zeit.,Glarus beschränkte 1864 als Pionier die Fabrikarbeitszeit auf 12 Stunden.,Eidgenössisches Fabrikgesetz,,ok
ch_geschichte,3,In welcher Region entstand 1819 eine der ersten mechanisierten Schokoladefabriken der Schweiz?,"[""Bei Vevey am Genfersee"", ""In Bern"", ""Im Tessin"", ""In Basel""]",François-Louis Cailler gründete die Fabrik in Corsier bei Vevey. Die Genferseeregion wurde zu einem Zentrum der Schokoladeherstellung.,Eine der ersten Schweizer Schokoladefabriken entstand 1819 bei Vevey.,Schweizer Schokolade,,ok
ch_geschichte,3,Wer entwickelte 1875 in Vevey eine industriell herstellbare Milchschokolade?,"[""Daniel Peter"", ""Rodolphe Lindt"", ""Philippe Suchard"", ""Jean Tobler""]","Er kombinierte Kakao und Zucker mit Kondensmilch. Das Hauptproblem war, das Wasser der Milch so zu entfernen, dass die Schokolade nicht verdirbt.",Daniel Peter machte 1875 die Milchschokolade industriell herstellbar.,Schweizer Schokolade,,ok
ch_geschichte,3,Welcher befreundete Unternehmer half Daniel Peter mit seinem Milchpulver bei den Versuchen zur Milchschokolade?,"[""Henri Nestlé"", ""Julius Maggi"", ""Alfred Escher"", ""Henri Dunant""]",Der Gründer einer Firma für Kindernahrung in Vevey stellte Milchprodukte her. Seine Erfahrung half bei der Verbindung von Milch und Schokolade.,Henri Nestlé unterstützte Daniel Peter mit seinem Milchpulver.,Schweizer Schokolade,,ok
ch_geschichte,3,Welche Zürcher Confiseurfamilie nahm 1845 die Herstellung von Schokolade auf?,"[""Die Familie Sprüngli"", ""Die Familie Tobler"", ""Die Familie Kohler"", ""Die Familie Klaus""]",Die Familie führte in Zürich eine Confiserie und begann mit der Fabrikation fester Schokolade. Später entstand daraus ein bekanntes Schokoladenunternehmen.,Die Familie Sprüngli stellte ab 1845 in Zürich Schokolade her.,Schweizer Schokolade,,ok
ch_geschichte,3,Wo gründete Philippe Suchard 1826 seine Schokoladefabrik?,"[""In Serrières bei Neuenburg"", ""In Le Locle"", ""In Lausanne"", ""In Freiburg""]",Suchard nutzte die Wasserkraft für seine Maschinen. Die Firma wurde später durch eine bekannte Milchschokoladenmarke weltberühmt.,Philippe Suchard gründete 1826 seine Fabrik in Serrières bei Neuenburg.,Schweizer Schokolade,,ok
ch_geschichte,3,Welcher Standortvorteil der Schweiz begünstigte die Milchschokolade besonders?,"[""Reichlich Milch aus der Milchwirtschaft"", ""Eigene Kakaoplantagen im Tessin"", ""Billiger Zucker aus Schweizer Zuckerrohr"", ""Ein Meerhafen für Kakaoimporte""]",Die Schweizer Landwirtschaft spezialisierte sich im 19. Jahrhundert stark auf Milch. Kakao und Zucker mussten dagegen importiert werden.,Die starke Milchwirtschaft war ein Vorteil für die Schweizer Milchschokolade.,Schweizer Schokolade,,ok
ch_geschichte,3,In welche Unternehmerfamilie heiratete Daniel Peter 1863 ein?,"[""In die Familie Cailler"", ""In die Familie Suchard"", ""In die Familie Sprüngli"", ""In die Familie Kohler""]",Peter heiratete die älteste Tochter eines Schokoladefabrikanten. So kam der gelernte Kerzenmacher zur Schokolade.,Daniel Peter war der Schwiegersohn von François-Louis Cailler.,Schweizer Schokolade,,ok
ch_geschichte,3,An welchem Tag wurde das Matterhorn erstmals bestiegen?,"[""14. Juli 1865"", ""1. August 1863"", ""17. Juli 1866"", ""21. Mai 1871""]",Eine Seilschaft von sieben Bergsteigern erreichte den Gipfel. Das Datum markiert das Ende des «Goldenen Zeitalters» des Alpinismus.,Das Matterhorn wurde am 14. Juli 1865 erstmals bestiegen.,Matterhorn,,ok
ch_geschichte,3,Welcher Engländer leitete die Erstbesteigung des Matterhorns?,"[""Edward Whymper"", ""Charles Hudson"", ""Alfred Wills"", ""John Tyndall""]",Der Grafiker und Bergsteiger hatte es zuvor mehrmals vergeblich versucht. Kurz vor dem Gipfel lösten er und sein Führer sich vom Seil und eilten als Erste hinauf.,Edward Whymper stand 1865 als Erster auf dem Matterhorn.,Matterhorn,,ok
ch_geschichte,3,Wie viele der sieben Teilnehmer der Erstbesteigung kamen beim Abstieg ums Leben?,"[""Vier"", ""Zwei"", ""Drei"", ""Fünf""]","Beim Abstieg stürzten Croz, Hadow, Hudson und Douglas über die Nordwand ab. Das Seil zu den übrigen drei riss.",Bei der Matterhorn-Erstbesteigung starben vier von sieben Bergsteigern.,Matterhorn,,ok
ch_geschichte,3,Über welchen Grat stieg die Seilschaft 1865 von Zermatt aus zum Gipfel?,"[""Über den Hörnligrat"", ""Über den Liongrat"", ""Über den Zmuttgrat"", ""Über den Furggengrat""]",Der Grat ist heute die Normalroute von Schweizer Seite. Er beginnt bei der Hörnlihütte auf 3260 Metern.,Die Erstbesteiger nahmen den Hörnligrat.,Matterhorn,,ok
ch_geschichte,3,Wer erreichte drei Tage nach der Erstbesteigung den Gipfel von italienischer Seite?,"[""Jean-Antoine Carrel"", ""Michel Croz"", ""Peter Taugwalder"", ""Horace-Bénédict de Saussure""]",Der Bergführer aus Valtournenche stieg über den Liongrat auf. Er hatte jahrelang mit Whymper um den ersten Gipfelsieg gewetteifert.,Jean-Antoine Carrel bestieg das Matterhorn 1865 von Italien aus.,Matterhorn,,ok
ch_geschichte,3,Wo wurde 1863 der Schweizer Alpen-Club gegründet?,"[""In Olten"", ""In Zermatt"", ""In Bern"", ""In Interlaken""]",Der Verein entstand nach dem Vorbild des englischen Alpine Club. Er baute Hütten und förderte die Erforschung der Alpen.,Der Schweizer Alpen-Club wurde 1863 in Olten gegründet.,Matterhorn,,ok
ch_geschichte,3,Welche Bahn wurde 1871 als erste Bergbahn mit Zahnradantrieb in Europa eröffnet?,"[""Die Rigibahn"", ""Die Pilatusbahn"", ""Die Gornergratbahn"", ""Die Jungfraubahn""]",Die Strecke führte ab Vitznau den Berg hinauf. Sie machte die Aussicht für Touristen ohne Fussmarsch erreichbar.,Die Rigibahn war 1871 die erste Zahnradbahn Europas.,Matterhorn,,ok
ch_geschichte,3,Welcher Ort gilt dank einer Wette des Hoteliers Johannes Badrutt von 1864 als Wiege des Wintertourismus?,"[""St. Moritz"", ""Davos"", ""Zermatt"", ""Grindelwald""]","Badrutt lud englische Sommergäste ein, im Winter wiederzukommen, und versprach ihnen Sonne. Die Gäste blieben bis Ostern.",In St. Moritz begann 1864 der Wintertourismus.,Matterhorn,,ok
ch_geschichte,3,Unter welchem Namen nahm die heutige ETH Zürich 1855 den Betrieb auf?,"[""Eidgenössische polytechnische Schule"", ""Universität Zürich"", ""Technikum Winterthur"", ""Eidgenössische Akademie""]",Die Hochschule wurde meist Polytechnikum oder kurz «Poly» genannt. Sie war die erste Hochschule des Bundes.,Die ETH begann 1855 als Eidgenössische polytechnische Schule.,ETH Zürich,,ok
ch_geschichte,3,Seit welchem Jahr trägt das Polytechnikum den Namen Eidgenössische Technische Hochschule?,"[""Seit 1911"", ""Seit 1855"", ""Seit 1898"", ""Seit 1945""]",Mit der Umbenennung betonte der Bund den Rang als Hochschule. Sie war zu dieser Zeit längst ein international angesehenes Zentrum der Technik.,Die ETH trägt ihren heutigen Namen seit 1911.,ETH Zürich,,ok
ch_geschichte,3,Welcher Architekt entwarf das 1864 vollendete Hauptgebäude der ETH?,"[""Gottfried Semper"", ""Le Corbusier"", ""Karl Moser"", ""Hans Wilhelm Auer""]",Er gewann den Architekturwettbewerb und lehrte selbst am Polytechnikum. Im Gebäude war anfangs auch die Universität Zürich untergebracht.,Gottfried Semper entwarf das ETH-Hauptgebäude.,ETH Zürich,,ok
ch_geschichte,3,Welche Hochschule diente dem Eidgenössischen Polytechnikum als Vorbild?,"[""Die École polytechnique in Paris"", ""Die Universität Oxford"", ""Die Universität Bologna"", ""Die Bergakademie Freiberg""]",Das Gesetz vom 7. Februar 1854 orientierte sich an der französischen Ingenieurschule. Ziel war eine praxisnahe technische Ausbildung.,Die ETH wurde nach dem Vorbild der Pariser École polytechnique gegründet.,ETH Zürich,,ok
ch_geschichte,3,Warum beschränkte sich die erste Hochschule des Bundes auf technische Fächer?,"[""Katholische Kantone wehrten sich gegen eine Volluniversität"", ""Es fehlte an Professoren für Geisteswissenschaften"", ""Die Bundesverfassung verbot jede Universität"", ""Zürich wollte keine Theologie unterrichten""]",Die katholischen ländlichen Kantone fürchteten eine reformierte und städtische Dominanz der höheren Bildung. Als Kompromiss entstand nur eine technische Schule.,"Weil eine Bundesuniversität scheiterte, entstand 1855 eine technische Hochschule.",ETH Zürich,,ok
ch_geschichte,3,Seit welchem Jahr darf die ETH Doktortitel verleihen?,"[""Seit 1908"", ""Seit 1855"", ""Seit 1880"", ""Seit 1920""]",Lange durfte das Polytechnikum nur Diplome vergeben. Das Promotionsrecht stärkte die Forschung an der Hochschule.,Die ETH erhielt 1908 das Promotionsrecht.,ETH Zürich,,ok
ch_geschichte,3,Welcher spätere Nobelpreisträger studierte von 1896 bis 1900 am Polytechnikum in Zürich?,"[""Albert Einstein"", ""Wilhelm Conrad Röntgen"", ""Max Planck"", ""Niels Bohr""]",Er studierte an der Abteilung für Fachlehrer in Mathematik und Physik. Von 1912 bis 1914 war er dort auch Professor.,Albert Einstein studierte am Zürcher Polytechnikum.,ETH Zürich,,ok
ch_geschichte,3,Mit welchen Produkten begann im 19. Jahrhundert die chemische Industrie in Basel?,"[""Mit synthetischen Farbstoffen"", ""Mit Kunstdünger"", ""Mit Sprengstoffen"", ""Mit Kunststoffen""]",Die Basler Firmen stellten zuerst Teerfarben aus Steinkohleteer her. Erst später kamen Arzneimittel hinzu.,Die Basler Chemie begann mit der Herstellung von Farbstoffen.,Basler Chemie,,ok
ch_geschichte,3,Welchen Farbstoff stellte Alexander Clavel ab 1859 in seiner Basler Seidenfärberei her?,"[""Fuchsin"", ""Indigo"", ""Alizarin"", ""Krapprot""]",Der rote Teerfarbstoff war neu und sehr gefragt. Aus Clavels Betrieb ging später ein grosses Chemieunternehmen hervor.,Alexander Clavel produzierte ab 1859 Fuchsin in Basel.,Basler Chemie,,ok
ch_geschichte,3,Welche einheimische Industrie war ein wichtiger Abnehmer der ersten Basler Farbstoffe?,"[""Die Seidenbandweberei"", ""Die Uhrenindustrie"", ""Die Papierherstellung"", ""Die Glasindustrie""]","Basel war seit Jahrhunderten ein Zentrum für gewebte Seidenbänder. Färbereien brauchten laufend neue, leuchtende Farben.",Die Basler Seidenbandindustrie brauchte Farbstoffe aus der Chemie.,Basler Chemie,,ok
ch_geschichte,3,Welcher rechtliche Umstand erleichterte den Aufstieg der Basler Farbenfabriken im 19. Jahrhundert?,"[""Fehlender Patentschutz für chemische Verfahren"", ""Steuerfreiheit für Chemiefirmen"", ""Ein Einfuhrverbot für deutsche Farben"", ""Staatliche Subventionen des Bundes""]","In der Schweiz durften Verfahren nachgeahmt werden, die anderswo geschützt waren. Chemische Verfahren wurden erst Anfang des 20. Jahrhunderts patentierbar.",Fehlender Patentschutz half der jungen Basler Chemie.,Basler Chemie,,ok
ch_geschichte,3,Welche Vorteile bot der Rhein den Basler Chemiefirmen?,"[""Wasser für die Produktion und Abfluss für Abwässer"", ""Billige Kohle aus Uferminen"", ""Rohstoffe aus dem Flussgrund"", ""Schutz vor Konkurrenz aus Frankreich""]",Die chemische Produktion brauchte grosse Mengen Wasser. Abwässer wurden damals oft ungeklärt in den Fluss geleitet.,Der Rhein lieferte Wasser und nahm die Abwässer der Basler Chemie auf.,Basler Chemie,,ok
ch_geschichte,3,Wofür stand der Firmenname Ciba ursprünglich?,"[""Gesellschaft für Chemische Industrie in Basel"", ""Chemische Industrie Basel Aktiengesellschaft"", ""Compagnie internationale de Bâle"", ""Chemie- und Baumwollindustrie Basel""]",Die Firma Bindschedler & Busch wurde 1884 in eine Aktiengesellschaft mit diesem Namen umgewandelt. Die Abkürzung setzt sich aus den Anfangsbuchstaben zusammen.,Ciba steht für Gesellschaft für Chemische Industrie in Basel.,Basler Chemie,,ok
ch_geschichte,3,Mit welchem Produkt stieg die Basler Firma Sandoz 1895 in die Herstellung von Arzneimitteln ein?,"[""Mit dem Fiebermittel Antipyrin"", ""Mit dem Schmerzmittel Aspirin"", ""Mit dem Antibiotikum Penicillin"", ""Mit dem Impfstoff gegen Pocken""]",Die 1886 von Alfred Kern und Edouard Sandoz gegründete Firma stellte zuerst Farbstoffe her. Mit dem fiebersenkenden Mittel begann der Weg in die Pharmazie.,Sandoz begann 1895 mit Antipyrin die Arzneimittelproduktion.,Basler Chemie,,ok
ch_geschichte,3,Welche besondere Doppelstellung hatte Neuenburg zwischen 1815 und 1848?,"[""Kanton der Eidgenossenschaft und zugleich preussisches Fürstentum"", ""Französisches Departement und zugleich Schweizer Kanton"", ""Zugewandter Ort und zugleich österreichisches Lehen"", ""Freie Reichsstadt und zugleich savoyische Provinz""]","Seit dem Wiener Kongress war Neuenburg ein Schweizer Kanton, gehörte aber weiterhin dem König von Preussen als Fürstentum. Diese Doppelrolle war die Wurzel des späteren Konflikts.",Neuenburg war bis 1848 Schweizer Kanton und preussisches Fürstentum zugleich.,Neuenburgerhandel,,ok
ch_geschichte,3,An welchem Tag riefen die Neuenburger Republikaner die Republik aus?,"[""1. März 1848"", ""12. September 1848"", ""3. September 1856"", ""26. Mai 1857""]",Die radikaldemokratischen Montagnards stürzten die royalistische Regierung und riefen am 1. März 1848 die Republik aus. Der preussische König hielt seine Ansprüche aber aufrecht.,Neuenburg wurde am 1. März 1848 eine Republik.,Neuenburgerhandel,,ok
ch_geschichte,3,Was geschah in der Nacht vom 2. auf den 3. September 1856 in Neuenburg?,"[""Royalisten besetzten das Schloss Neuenburg"", ""Preussische Truppen überschritten den Rhein"", ""Eidgenössische Truppen lösten den Grossen Rat auf"", ""Republikaner stürzten die preussische Verwaltung""]","Anhänger des preussischen Königs stürmten in einem Putsch das Schloss, den Sitz der Regierung. Den Plan hatte Graf Frédéric de Pourtalès-Steiger entworfen; Republikaner eroberten das Schloss rasch zurück.",Im September 1856 scheiterte ein royalistischer Putsch in Neuenburg.,Neuenburgerhandel,,ok
ch_geschichte,3,Wie viele Royalisten wurden nach dem gescheiterten Putsch von 1856 etwa gefangen genommen?,"[""Rund 500"", ""Rund 50"", ""Rund 5000"", ""Rund 20 000""]",Nach der Rückeroberung des Schlosses wurden etwa 500 Royalisten festgenommen. Ihre Freilassung wurde zum Kern des Streits mit Preussen.,Rund 500 gefangene Royalisten lösten den Streit mit Preussen aus.,Neuenburgerhandel,,ok
ch_geschichte,3,Wen wählte die Bundesversammlung am 27. Dezember 1856 wegen der Kriegsgefahr mit Preussen zum Oberbefehlshaber?,"[""Guillaume-Henri Dufour"", ""Hans Herzog"", ""Ulrich Ochsenbein"", ""Johann Ulrich von Salis-Soglio""]","Nachdem Preussen die diplomatischen Beziehungen abgebrochen hatte, wählte das Parlament den erfahrenen Dufour zum General. Die Schweiz mobilisierte Truppen an der Rheingrenze.",Im Neuenburgerhandel wurde Dufour erneut zum General gewählt.,Neuenburgerhandel,,ok
ch_geschichte,3,Welcher Schweizer Diplomat verhandelte 1857 an der Pariser Konferenz für den Bundesrat über Neuenburg?,"[""Johann Konrad Kern"", ""Alfred Escher"", ""Jonas Furrer"", ""Emil Welti""]",Der Thurgauer Johann Konrad Kern war Gesandter in Paris und vertrat die Schweiz an der Konferenz der Grossmächte. Napoleon III. hatte zuvor zwischen der Schweiz und Preussen vermittelt.,Johann Konrad Kern vertrat die Schweiz 1857 in Paris.,Neuenburgerhandel,,ok
ch_geschichte,3,Welches Ergebnis brachte der Vertrag vom 26. Mai 1857 für Neuenburg?,"[""Der preussische König verzichtete auf seine Rechte an Neuenburg"", ""Neuenburg wurde zwischen Preussen und der Schweiz aufgeteilt"", ""Preussen durfte eine Garnison im Schloss behalten"", ""Neuenburg wurde ein neutrales Fürstentum unter Frankreichs Schutz""]","Friedrich Wilhelm IV. gab im Pariser Vertrag seine Ansprüche auf. Er führte den Titel eines Fürsten von Neuenburg bis zu seinem Tod 1861 weiter, was die Schweiz aber nicht anerkannte.",Seit 1857 ist Neuenburg ganz von Preussen gelöst.,Neuenburgerhandel,,ok
ch_geschichte,3,Welches Recht besass die Schweiz seit dem Wiener Kongress in Nordsavoyen?,"[""Chablais und Faucigny im Kriegsfall militärisch zu besetzen"", ""In Chablais und Faucigny eigene Zölle zu erheben"", ""Die Gemeinden von Chablais und Faucigny zu verwalten"", ""Die Bischöfe von Annecy und Genf zu ernennen""]",Zum Schutz ihrer Neutralität durfte die Schweiz die neutralisierten Provinzen Chablais und Faucigny bei Krieg besetzen. Das Gebiet gehörte damals zum Königreich Sardinien-Piemont.,Nordsavoyen war seit 1815 in die Schweizer Neutralität einbezogen.,Savoyerhandel,,ok
ch_geschichte,3,In welchem Vertrag trat Sardinien-Piemont 1860 Savoyen und Nizza an Frankreich ab?,"[""Vertrag von Turin"", ""Vertrag von Zürich"", ""Vertrag von Villafranca"", ""Vertrag von Plombières""]",Am 24. März 1860 trat König Viktor Emanuel II. im Vertrag von Turin Savoyen und Nizza ab. Das war die Gegenleistung für Frankreichs Hilfe im Krieg gegen Österreich.,Im Vertrag von Turin kam Savoyen 1860 zu Frankreich.,Savoyerhandel,,ok
ch_geschichte,3,Welcher Bundesrat forderte 1860 eine militärische Besetzung Nordsavoyens?,"[""Jakob Stämpfli"", ""Constant Fornerod"", ""Wilhelm Matthias Naeff"", ""Josef Martin Knüsel""]",Der Berner Radikale Stämpfli misstraute den französischen Zusagen und warb für einen Einmarsch. Er setzte sich damit aber nicht durch.,Stämpfli wollte Nordsavoyen 1860 militärisch sichern.,Savoyerhandel,,ok
ch_geschichte,3,Mit welcher Begründung verweigerte die Bundesversammlung 1860 die Vollmacht zum Einmarsch in Savoyen?,"[""Die diplomatischen Mittel seien noch nicht ausgeschöpft"", ""Die Armee sei noch durch den Neuenburgerhandel gebunden"", ""Die Kantone hätten den Einmarsch bereits abgelehnt"", ""Grossbritannien habe der Schweiz mit Krieg gedroht""]",Das Parlament folgte dem Antrag von Alfred Escher und Jakob Dubs. Diese wollten zuerst weiter verhandeln statt einen Krieg mit Frankreich zu riskieren.,Das Parlament setzte 1860 auf Diplomatie statt auf Gewalt.,Savoyerhandel,,ok
ch_geschichte,3,Was unternahmen rund 150 Freischärler aus Genf und Savoyen Ende März 1860?,"[""Sie kaperten ein Dampfschiff und landeten am Savoyer Ufer"", ""Sie besetzten das Bundeshaus in Bern"", ""Sie sprengten die Rhonebrücke bei Genf"", ""Sie stürmten das Rathaus von Annecy""]",Die Freischärler wollten Nordsavoyen eigenmächtig für die Schweiz sichern. Reguläre Schweizer Truppen brachten sie rasch zurück.,Ein Freischarenzug nach Savoyen scheiterte 1860 kläglich.,Savoyerhandel,,ok
ch_geschichte,3,Welche Formel wählten die Männer in Nordsavoyen bei der Volksabstimmung im April 1860 mehrheitlich?,"[""«oui et zone»"", ""«non et Suisse»"", ""«oui sans zone»"", ""«non et Sardaigne»""]",Den Nordsavoyern wurde eine Freihandelszone mit der Schweiz versprochen. Sie stimmten deshalb deutlich für den Anschluss an Frankreich samt Zone.,Die Nordsavoyer stimmten 1860 für Frankreich mit Freizone.,Savoyerhandel,,ok
ch_geschichte,3,Welcher Bundesrat wurde im Herbst 1860 nach dem Savoyerhandel nur knapp wiedergewählt?,"[""Friedrich Frey-Herosé"", ""Jakob Dubs"", ""Stefano Franscini"", ""Henri Druey""]",Frey-Herosé war 1860 Bundespräsident und wurde für den Misserfolg mitverantwortlich gemacht. Er schaffte die Wiederwahl nur knapp.,Der Savoyerhandel schadete dem Bundespräsidenten Frey-Herosé.,Savoyerhandel,,ok
ch_geschichte,3,Welches Gericht befasste sich bis 1932 mit dem Streit um die Savoyer Freizonen?,"[""Der Ständige Internationale Gerichtshof in Den Haag"", ""Der Europäische Gerichtshof in Luxemburg"", ""Das Schweizerische Bundesgericht in Lausanne"", ""Ein Schiedsgericht des Völkerbunds in Genf""]","Nachdem Frankreich die Freizone 1919 aufheben wollte, landete der Streit vor dem Ständigen Internationalen Gerichtshof. Die Savoyerfrage blieb so über 70 Jahre offen.",Die Savoyer Zonenfrage beschäftigte noch 1932 ein Weltgericht.,Savoyerhandel,,ok
ch_geschichte,3,Welches Währungssystem bevorzugte vor 1850 der Grossteil der Deutschschweiz?,"[""Süddeutscher Gulden"", ""Französischer Franken"", ""Holländischer Gulden"", ""Spanischer Peso""]",Die Ostschweiz handelte stark mit Süddeutschland und wollte deshalb den Gulden. Die Romandie und Basel setzten sich mit dem französischen Modell durch.,Bei der Währungswahl 1850 unterlag der süddeutsche Gulden.,Schweizer Franken,,ok
ch_geschichte,3,Warum konnte der Bund 1850 eine einheitliche Währung einführen?,"[""Die Bundesverfassung von 1848 übertrug ihm das Münzwesen"", ""Die Kantone hatten einstimmig darum gebeten"", ""Frankreich hatte eine Währungsunion verlangt"", ""Die Tagsatzung hatte es schon 1815 beschlossen""]","Vor 1848 prägten die Kantone eigene Münzen, was zu einem Wirrwarr führte. Mit dem Bundesstaat ging das Münzregal an den Bund.",Seit 1848 ist das Münzwesen Sache des Bundes.,Schweizer Franken,,ok
ch_geschichte,3,Wie war der Franken nach dem Münzgesetz von 1850 unterteilt?,"[""Dezimal in 100 Rappen"", ""In 10 Batzen zu je 4 Kreuzer"", ""In 16 Batzen zu je 5 Rappen"", ""In 20 Schilling zu je 12 Pfennig""]",Das neue System war dezimal: 1 Franken entspricht 100 Rappen. Das erleichterte das Rechnen gegenüber den alten Batzen- und Kreuzersystemen stark.,Der Franken wurde 1850 dezimal in 100 Rappen geteilt.,Schweizer Franken,,ok
ch_geschichte,3,Welcher Bildhauer und Medailleur signierte die ersten Frankenmünzen von 1850 und 1851?,"[""Antoine Bovy"", ""Albert Anker"", ""Vincenzo Vela"", ""Richard Kissling""]",Der Genfer Antoine Bovy schuf die Münzbilder der ersten Münzen des Bundesstaats. Seine Signatur «A. BOVY» steht auf den Prägungen von 1850 und 1851.,Antoine Bovy gestaltete die ersten Münzen des Bundesstaats.,Schweizer Franken,,ok
ch_geschichte,3,Welchem Währungsbund gehörte die Schweiz von 1865 bis 1927 an?,"[""Lateinische Münzunion"", ""Skandinavische Münzunion"", ""Deutscher Zollverein"", ""Wiener Münzverein""]","Mit Frankreich, Belgien und Italien bildete die Schweiz 1865 die Lateinische Münzunion. Die Silber- und Goldmünzen der Mitglieder waren gegenseitig gültig.",Die Schweiz war Gründungsmitglied der Lateinischen Münzunion.,Schweizer Franken,,ok
ch_geschichte,3,Wer gab im jungen Bundesstaat bis 1907 die Banknoten aus?,"[""Kantonal- und Geschäftsbanken"", ""Die Eidgenössische Staatskasse"", ""Die Eidgenössische Münzstätte"", ""Die Eidgenössische Postverwaltung""]","Lange gaben zahlreiche Banken eigene Noten heraus, was unübersichtlich war. Erst eine zentrale Notenbank erhielt danach das alleinige Recht dazu.",Vor der Nationalbank druckten viele Banken eigene Noten.,Schweizer Franken,,ok
ch_geschichte,3,Gegen welches Machtsystem richtete sich die Demokratische Bewegung im Kanton Zürich?,"[""Gegen das «System Escher»"", ""Gegen das «System Metternich»"", ""Gegen das «System Stämpfli»"", ""Gegen das «System Napoleon»""]",Kritisiert wurde die Machtkonzentration bei Alfred Escher und den mit ihm verbundenen Industriellen und Bankiers. Die Bewegung wollte stattdessen mehr direkte Mitsprache des Volkes.,Die Zürcher Demokraten bekämpften das System Escher.,Demokratische Bewegung,,ok
ch_geschichte,3,In welcher Stadt nahm die Demokratische Bewegung im Kanton Zürich 1867 ihren Anfang?,"[""Winterthur"", ""Uster"", ""Wädenswil"", ""Horgen""]",Winterthur war das Zentrum der Opposition gegen die liberale Elite der Stadt Zürich. Von dort ging die Forderung nach einer neuen Kantonsverfassung aus.,Winterthur war das Zentrum der Zürcher Demokraten.,Demokratische Bewegung,,ok
ch_geschichte,3,Welche Zeitung war ein wichtiges Sprachrohr der Zürcher Demokraten?,"[""Der Landbote"", ""Neue Zürcher Zeitung"", ""Der Bund"", ""Basler Nachrichten""]","Der Landbote verbreitete die demokratischen Forderungen, ebenso etwa der Bülacher Volksfreund. Die NZZ stand dagegen dem liberalen Lager nahe.",Der Landbote verbreitete die Ideen der Demokraten.,Demokratische Bewegung,,ok
ch_geschichte,3,Welche politische Neuerung brachte die Zürcher Kantonsverfassung von 1869?,"[""Das obligatorische Gesetzesreferendum"", ""Das Frauenstimmrecht"", ""Die Proporzwahl des Kantonsrats"", ""Die Landsgemeinde""]",Nach 1869 mussten im Kanton Zürich alle Gesetze dem Volk vorgelegt werden. Zudem wurde der Regierungsrat neu direkt vom Volk gewählt.,Zürich führte 1869 das obligatorische Gesetzesreferendum ein.,Demokratische Bewegung,,ok
ch_geschichte,3,Welche Bevölkerungsgruppe trug die Demokratische Bewegung vor allem?,"[""Das ländliche und kleinstädtische Bürgertum"", ""Das städtische Patriziat"", ""Die Grossindustriellen und Bankiers"", ""Der katholische Klerus""]","Handwerker, Bauern, kleine Fabrikanten und Arbeiter bildeten die Basis. Die Führung kam oft aus Lehrern, Pfarrern, Ärzten und Redaktoren auf dem Land.",Die Demokratische Bewegung war eine Bewegung der Landschaft.,Demokratische Bewegung,,ok
ch_geschichte,3,Welche wirtschaftspolitische Forderung erhob die Demokratische Bewegung?,"[""Die Gründung von Kantonalbanken"", ""Die Einführung von Binnenzöllen"", ""Die Privatisierung der Volksschule"", ""Die Abschaffung der Gewerbefreiheit""]","Kantonalbanken sollten Bauern und Gewerbe günstige Kredite bieten. Weitere Forderungen waren Steuerprogression, unentgeltliche Schulen und Fabrikgesetze.",Die Demokraten forderten Kantonalbanken für Bauern und Gewerbe.,Demokratische Bewegung,,ok
ch_geschichte,3,In welchem Kanton setzte sich die Demokratische Bewegung neben Zürich und dem Thurgau früh erfolgreich durch?,"[""Basel-Landschaft"", ""Freiburg"", ""Wallis"", ""Schwyz""]",In Basel-Landschaft erkämpfte die Revisionsbewegung um Christoph Rolle in den 1860er Jahren weitgehende Volksrechte. Die katholisch-konservativen Kantone blieben dagegen davon unberührt.,Basel-Landschaft war ein Pionier der direkten Demokratie.,Demokratische Bewegung,,ok
ch_geschichte,3,Wie viele Unterschriften waren 1874 für ein fakultatives Referendum auf Bundesebene nötig?,"[""30 000"", ""50 000"", ""100 000"", ""8000""]",Die Bundesverfassung von 1874 legte 30 000 Unterschriften von Stimmberechtigten fest. Damit konnte das Volk über Bundesgesetze abstimmen.,Ab 1874 genügten 30 000 Unterschriften für ein Referendum.,Fakultatives Referendum,,ok
ch_geschichte,3,Wer konnte ab 1874 neben den Stimmbürgern ein Referendum verlangen?,"[""Acht Kantone"", ""Drei Kantone"", ""Der Bundesrat"", ""Das Bundesgericht""]","Das Kantonsreferendum gibt acht Kantonen gemeinsam das Recht, eine Volksabstimmung zu erzwingen. Es kam allerdings sehr selten zustande.",Auch acht Kantone können gemeinsam ein Referendum verlangen.,Fakultatives Referendum,,ok
ch_geschichte,3,Wofür galt das fakultative Referendum nach der Bundesverfassung von 1874?,"[""Für Bundesgesetze und allgemeinverbindliche Bundesbeschlüsse"", ""Für Änderungen der Bundesverfassung"", ""Für die Wahl der Bundesräte"", ""Für die Kantonsverfassungen""]","Verfassungsänderungen unterstanden schon seit 1848 dem obligatorischen Referendum. Neu konnte das Volk 1874 auch Gesetze verlangen, über die es abstimmen wollte.",Das fakultative Referendum macht Bundesgesetze anfechtbar.,Fakultatives Referendum,,ok
ch_geschichte,3,Was unterscheidet das fakultative vom obligatorischen Referendum?,"[""Es findet nur statt, wenn es mit Unterschriften verlangt wird"", ""Es braucht für die Annahme zusätzlich das Ständemehr"", ""Es gilt ausschliesslich für Verfassungsänderungen"", ""Es kann nur vom Bundesrat ausgelöst werden""]",Beim obligatorischen Referendum kommt es immer zur Abstimmung. Beim fakultativen braucht es eine Sammlung von Unterschriften oder einen Kantonsbeschluss.,Ein fakultatives Referendum muss man aktiv ergreifen.,Fakultatives Referendum,,ok
ch_geschichte,3,In welchem Jahr wurde die Unterschriftenzahl für das fakultative Referendum auf 50 000 erhöht?,"[""1977"", ""1919"", ""1948"", ""1999""]",Die Erhöhung wurde 1977 beschlossen. Gleichzeitig wurde die Sammelfrist auf 100 Tage festgelegt.,Seit 1977 braucht ein Referendum 50 000 Unterschriften.,Fakultatives Referendum,,ok
ch_geschichte,3,Welcher Grund führte unter anderem zur Erhöhung der Unterschriftenzahl beim Referendum?,"[""Das Frauenstimmrecht hatte die Stimmbürgerschaft stark vergrössert"", ""Die Zahl der Kantone hatte sich verdoppelt"", ""Das Stimmrechtsalter war auf 16 Jahre gesenkt worden"", ""Die Ausländer hatten das Stimmrecht erhalten""]",Mit dem Frauenstimmrecht von 1971 und dem Bevölkerungswachstum gab es viel mehr Stimmberechtigte. Die alte Zahl war deshalb relativ leicht zu erreichen.,Mehr Stimmberechtigte führten zu höheren Unterschriftenhürden.,Fakultatives Referendum,,ok
ch_geschichte,3,"Welcher umstrittene Vertrag gab den Anstoss, 1921 das Referendum für Staatsverträge einzuführen?","[""Der Gotthardvertrag"", ""Der Simplonvertrag"", ""Der Vertrag von Versailles"", ""Der Völkerbundspakt""]","Der Gotthardvertrag von 1909 mit Deutschland und Italien löste grossen Protest aus, konnte aber nicht vors Volk gebracht werden. Darum wurde 1921 das Staatsvertragsreferendum eingeführt.",Der Gotthardvertrag führte zum Staatsvertragsreferendum.,Fakultatives Referendum,,ok
ch_geschichte,3,Welche Form der Volksinitiative war schon seit 1848 auf Bundesebene möglich?,"[""Die Initiative auf Totalrevision der Verfassung"", ""Die Initiative auf Teilrevision der Verfassung"", ""Die Gesetzesinitiative"", ""Die Initiative zu Staatsverträgen""]","Die Bundesverfassung von 1848 erlaubte 50 000 Stimmberechtigten, eine Gesamtrevision zu verlangen. Diese Form wurde aber kaum genutzt.",Eine Totalrevision konnte das Volk schon 1848 verlangen.,Volksinitiative,,ok
ch_geschichte,3,Wie viele Unterschriften verlangte die Teilrevisionsinitiative bei ihrer Einführung?,"[""50 000"", ""30 000"", ""100 000"", ""20 000""]",Die Zahl wurde von der Totalrevisionsinitiative übernommen. Später wurde sie wegen der gewachsenen Stimmbürgerschaft erhöht.,Bei ihrer Einführung brauchte eine Initiative 50 000 Unterschriften.,Volksinitiative,,ok
ch_geschichte,3,Welche Volksinitiative wurde 1893 als erste von Volk und Ständen angenommen?,"[""Das Schächtverbot"", ""Das Absinthverbot"", ""Die Proporzwahl des Nationalrats"", ""Das Recht auf Arbeit""]","Die Initiative für ein Verbot des Schlachtens ohne vorherige Betäubung wurde am 20. August 1893 angenommen. Sie wurde mit Tierschutz begründet, richtete sich aber auch gegen die jüdische Minderheit.",Die erste angenommene Volksinitiative war das Schächtverbot.,Volksinitiative,,ok
ch_geschichte,3,Welche Art von Initiative fehlt auf Bundesebene bis heute?,"[""Die Gesetzesinitiative"", ""Die Teilrevisionsinitiative als ausgearbeiteter Entwurf"", ""Die Initiative als allgemeine Anregung"", ""Die Totalrevisionsinitiative""]","Auf Bundesebene kann das Volk nur Verfassungsänderungen vorschlagen, keine Gesetze. Mehrere Versuche zur Einführung einer Gesetzesinitiative scheiterten.",Auf Bundesebene gibt es keine Gesetzesinitiative.,Volksinitiative,,ok
ch_geschichte,3,Welche Hürde gilt heute für eine eidgenössische Volksinitiative (Stand 2025)?,"[""100 000 Unterschriften in 18 Monaten"", ""50 000 Unterschriften in 100 Tagen"", ""100 000 Unterschriften in 12 Monaten"", ""50 000 Unterschriften in 18 Monaten""]",Seit 1977 braucht eine Initiative 100 000 gültige Unterschriften. Die Sammelfrist beträgt 18 Monate ab Veröffentlichung im Bundesblatt.,Eine Initiative braucht heute 100 000 Unterschriften in 18 Monaten.,Volksinitiative,,ok
ch_geschichte,3,Welches Dogma des Ersten Vatikanischen Konzils von 1870 verschärfte den Kulturkampf in der Schweiz?,"[""Die Unfehlbarkeit des Papstes"", ""Die Unbefleckte Empfängnis Marias"", ""Die leibliche Aufnahme Marias in den Himmel"", ""Die Lehre von der Transsubstantiation""]",Das Unfehlbarkeitsdogma erklärte Lehrentscheide des Papstes für irrtumsfrei. Liberale Katholiken und der Staat sahen darin einen Angriff auf ihre Selbstständigkeit.,Das Unfehlbarkeitsdogma von 1870 löste heftigen Widerstand aus.,Kulturkampf,,ok
ch_geschichte,3,Welche Kirche entstand in der Schweiz aus dem Protest gegen das Unfehlbarkeitsdogma?,"[""Die Christkatholische Kirche"", ""Die Evangelisch-methodistische Kirche"", ""Die Neuapostolische Kirche"", ""Die Evangelische Brüdergemeine""]","Katholiken, die das Dogma ablehnten, schlossen sich zu einer eigenen Kirche zusammen. Ihre Kirchenverfassung wurde 1876 an einer Nationalsynode in Olten beschlossen.",Die Christkatholische Kirche entstand im Kulturkampf.,Kulturkampf,,ok
ch_geschichte,3,Wer wurde 1876 erster Bischof der Christkatholischen Kirche der Schweiz?,"[""Eduard Herzog"", ""Eugène Lachat"", ""Friedrich Fiala"", ""Augustin Egger""]",Die Nationalsynode in Olten wählte Eduard Herzog zum Bischof. Er leitete die Kirche über vierzig Jahre lang.,Eduard Herzog war der erste christkatholische Bischof der Schweiz.,Kulturkampf,,ok
ch_geschichte,3,"Welcher Geistliche wurde 1873 ausgewiesen, nachdem Rom ihn zum Apostolischen Vikar von Genf ernannt hatte?","[""Gaspard Mermillod"", ""Eduard Herzog"", ""Pater Theodosius Florentini"", ""Josef Zemp""]",Der Bundesrat sah in der Ernennung eine unzulässige Abtrennung Genfs vom Bistum Lausanne ohne staatliche Zustimmung. Mermillod musste das Land verlassen und wurde erst 1883 Bischof von Lausanne.,Mermillods Ausweisung war ein Höhepunkt des Kulturkampfs.,Kulturkampf,,ok
ch_geschichte,3,Was tat der Bundesrat am 12. Dezember 1873 im Streit mit der katholischen Kirche?,"[""Er brach die Beziehungen zum Heiligen Stuhl ab"", ""Er verbot alle katholischen Gottesdienste"", ""Er löste das Bistum Chur auf"", ""Er verstaatlichte alle Kirchengüter""]",Der Bundesrat wies den päpstlichen Nuntius aus. Erst 1920 wurde wieder eine Nuntiatur in der Schweiz eingerichtet.,Ende 1873 brach die Schweiz mit dem Vatikan.,Kulturkampf,,ok
ch_geschichte,3,Welche Massnahme ergriff die Berner Regierung im Januar 1874 im katholischen Jura?,"[""Sie wies 97 romtreue Geistliche aus"", ""Sie schloss alle Schulen im Jura"", ""Sie verbot die französische Sprache"", ""Sie entzog den Jurassiern das Stimmrecht""]","Die Priester hatten sich geweigert, die staatlichen Kirchengesetze anzuerkennen. Auf Druck des Bundes musste Bern die Ausweisung 1875 zurücknehmen.",Im Jura traf der Kulturkampf die Priester besonders hart.,Kulturkampf,,ok
ch_geschichte,3,Welcher Ausnahmeartikel aus dem Kulturkampf wurde als letzter erst 2001 aufgehoben?,"[""Der Bistumsartikel"", ""Das Jesuitenverbot"", ""Das Klosterverbot"", ""Das Verbot katholischer Privatschulen""]",Der Bistumsartikel verlangte für neue Bistümer die Zustimmung des Bundes. Jesuiten- und Klosterverbot waren bereits 1973 gefallen.,Der Bistumsartikel fiel 2001 als letzter Kulturkampfartikel.,Kulturkampf,,ok
ch_geschichte,3,Welches Ereignis im Dezember 1891 gilt als Zeichen der Versöhnung nach dem Kulturkampf?,"[""Die Wahl Josef Zemps als erster Katholisch-Konservativer in den Bundesrat"", ""Die Rückkehr des päpstlichen Nuntius nach Bern"", ""Die Aufhebung des Jesuitenverbots"", ""Die Gründung der Universität Freiburg durch den Bund""]",Mit dem Luzerner Josef Zemp wurde erstmals ein Vertreter der katholischen Verlierer des Sonderbundskriegs in die Landesregierung gewählt. Das band die Katholisch-Konservativen in den Bundesstaat ein.,Mit Josef Zemp kamen die Katholisch-Konservativen 1891 in den Bundesrat.,Kulturkampf,,ok
ch_geschichte,3,Welcher Schweizer General war erster Präsident des Genfer Komitees?,"[""Guillaume-Henri Dufour"", ""Hans Herzog"", ""Ulrich Wille"", ""Henri Guisan""]",Der angesehene Dufour gab dem Komitee mit seinem Ruf Gewicht. Er leitete es bis 1864.,Der erste Präsident des Komitees war ein Schweizer General.,Internationales Komitee vom Roten Kreuz,,ok
ch_geschichte,3,Welcher Genfer Jurist leitete das IKRK von 1864 bis 1910?,"[""Gustave Moynier"", ""Louis Appia"", ""Théodore Maunoir"", ""Gustave Ador""]",Moynier prägte die Organisation fast ein halbes Jahrhundert lang.,Gustave Moynier leitete das IKRK fast fünfzig Jahre lang.,Internationales Komitee vom Roten Kreuz,,ok
ch_geschichte,3,Seit welchem Jahr trägt das Komitee den Namen Internationales Komitee vom Roten Kreuz?,"[""1876"", ""1863"", ""1901"", ""1919""]",Den heutigen Namen gab sich das Komitee 1876. Vorher hiess es Internationales Komitee zur Unterstützung der Verwundeten.,Seit 1876 heisst es Internationales Komitee vom Roten Kreuz.,Internationales Komitee vom Roten Kreuz,,ok
ch_geschichte,3,Welche Ehrung erhielt Henry Dunant im Jahr 1901?,"[""Den ersten Friedensnobelpreis"", ""Die Ehrenbürgerschaft von Paris"", ""Die Wahl in den Bundesrat"", ""Den ersten Medizinnobelpreis""]",Dunant teilte sich den ersten Friedensnobelpreis mit dem Franzosen Frédéric Passy. Zu dieser Zeit lebte er verarmt und fast vergessen.,Dunant erhielt 1901 den ersten Friedensnobelpreis.,Internationales Komitee vom Roten Kreuz,,ok
ch_geschichte,3,An welchem Tag wurde die erste Genfer Konvention unterzeichnet?,"[""22. August 1864"", ""17. Februar 1863"", ""9. Oktober 1874"", ""14. September 1872""]",Am 22. August 1864 unterzeichneten die Delegierten in Genf die Konvention über die Verwundeten im Felddienst. Sie war der Beginn des modernen humanitären Völkerrechts.,Die erste Genfer Konvention stammt vom 22. August 1864.,Genfer Konvention,,ok
ch_geschichte,3,Wie viele Staaten unterzeichneten 1864 die erste Genfer Konvention?,"[""12"", ""4"", ""22"", ""48""]","Zu den Unterzeichnern gehörten unter anderem die Schweiz, Frankreich, Preussen, Italien und Spanien. Später traten viele weitere Staaten bei.",Zwölf Staaten unterzeichneten 1864 die erste Genfer Konvention.,Genfer Konvention,,ok
ch_geschichte,3,Wer berief die diplomatische Konferenz von 1864 offiziell ein?,"[""Der Schweizerische Bundesrat"", ""Kaiser Napoleon III."", ""Papst Pius IX."", ""Königin Victoria""]",Auf Wunsch des Genfer Komitees lud der Bundesrat die Staaten nach Genf ein. Seither spielt die Schweiz eine besondere Rolle für das humanitäre Völkerrecht.,Der Bundesrat lud 1864 zur Genfer Konferenz ein.,Genfer Konvention,,ok
ch_geschichte,3,Was war der Kerngedanke der ersten Genfer Konvention?,"[""Verwundete, Lazarette und Sanitätspersonal gelten als neutral"", ""Kriegsgefangene müssen sofort freigelassen werden"", ""Der Einsatz von Giftgas ist verboten"", ""Zivilisten dürfen nicht evakuiert werden""]","Wer Verwundete pflegt, darf nicht angegriffen werden, und Verwundete beider Seiten werden versorgt. Das Abkommen hatte nur zehn Artikel.",Die Genfer Konvention schützt Verwundete und ihre Helfer.,Genfer Konvention,,ok
ch_geschichte,3,Wie wird das Schutzzeichen rotes Kreuz auf weissem Grund gemeinhin erklärt?,"[""Als Umkehrung der Farben der Schweizer Fahne"", ""Als Wappen der Stadt Genf"", ""Als Zeichen des Johanniterordens"", ""Als Flagge des Königreichs Sardinien""]","Das Zeichen gilt als Ehrung der Schweiz, wo die Konvention entstand. Es ist kein religiöses Symbol, sondern ein neutrales Schutzzeichen.",Das Rote Kreuz kehrt die Farben der Schweizer Fahne um.,Genfer Konvention,,ok
ch_geschichte,3,Welches Schutzzeichen verwendete das Osmanische Reich ab 1876 anstelle des roten Kreuzes?,"[""Den roten Halbmond"", ""Den roten Löwen mit Sonne"", ""Den roten Kristall"", ""Den roten Stern""]",Im Russisch-Osmanischen Krieg führte das Osmanische Reich den roten Halbmond ein. Er ist heute neben dem Kreuz als Schutzzeichen anerkannt.,Der rote Halbmond entstand als Alternative zum roten Kreuz.,Genfer Konvention,,ok
ch_geschichte,3,Wie viele Genfer Abkommen wurden 1949 nach dem Zweiten Weltkrieg verabschiedet?,"[""Vier"", ""Zwei"", ""Sechs"", ""Zehn""]","Die vier Abkommen schützen Verwundete an Land, Schiffbrüchige, Kriegsgefangene und Zivilpersonen. Sie bauen auf der Konvention von 1864 auf.",Seit 1949 gibt es vier Genfer Abkommen.,Genfer Konvention,,ok
ch_geschichte,3,"Wie hiess die französische Armee offiziell, die 1871 in der Schweiz interniert wurde?","[""Armée de l'Est"", ""Armée du Rhin"", ""Armée du Nord"", ""Armée des Alpes""]","Die Ostarmee wurde nach ihrem ersten Befehlshaber, General Charles Denis Bourbaki, benannt. Sie war im Deutsch-Französischen Krieg bei Pontarlier eingekesselt worden.",Die Bourbaki-Armee war die französische Ostarmee.,Bourbaki-Armee,,ok
ch_geschichte,3,Welcher Schweizer General unterzeichnete am 1. Februar 1871 den Vertrag von Les Verrières?,"[""Hans Herzog"", ""Guillaume-Henri Dufour"", ""Ulrich Wille"", ""Theophil Sprecher von Bernegg""]",Herzog vereinbarte mit dem französischen General Justin Clinchant die Bedingungen des Übertritts. Die Franzosen mussten Waffen und Ausrüstung abgeben.,General Herzog regelte 1871 den Übertritt der Bourbaki-Armee.,Bourbaki-Armee,,ok
ch_geschichte,3,Wie viele französische Soldaten traten im Februar 1871 etwa in die Schweiz über?,"[""Rund 87 000"", ""Rund 8700"", ""Rund 30 000"", ""Rund 250 000""]",Zwischen dem 1. und 3. Februar 1871 kamen etwa 87 000 Mann und 12 000 Pferde über die Grenze. Für die junge Schweiz war das eine enorme Aufgabe.,Die Schweiz nahm 1871 rund 87 000 französische Soldaten auf.,Bourbaki-Armee,,ok
ch_geschichte,3,Welcher Kanton nahm keine Internierten der Bourbaki-Armee auf?,"[""Tessin"", ""Graubünden"", ""Wallis"", ""Uri""]","Die Soldaten wurden auf rund 190 Orte in allen anderen Kantonen verteilt. Den verschneiten Gotthard wollte man ihnen nicht zumuten, da es noch keinen Tunnel gab.",Nur das Tessin blieb ohne Bourbaki-Internierte.,Bourbaki-Armee,,ok
ch_geschichte,3,Wie lange dauerte die Internierung der Bourbaki-Armee?,"[""Rund sechs Wochen"", ""Rund sechs Tage"", ""Rund sechs Monate"", ""Rund zwei Jahre""]",Nach dem Waffenstillstand kehrten die Soldaten zwischen dem 13. und 22. März 1871 nach Frankreich zurück. Viele waren zuvor gepflegt und neu eingekleidet worden.,Die Bourbaki-Soldaten blieben nur wenige Wochen in der Schweiz.,Bourbaki-Armee,,ok
ch_geschichte,3,Wie viel bezahlte Frankreich der Schweiz für die Internierung?,"[""Rund 12 Millionen Franken"", ""Rund 1,2 Millionen Franken"", ""Rund 120 Millionen Franken"", ""Nichts, die Schweiz trug alle Kosten""]","Frankreich erstattete 12,1 Millionen Franken. Die Hilfe der Bevölkerung und des Roten Kreuzes war darin nicht eingerechnet.",Frankreich erstattete der Schweiz die Internierungskosten.,Bourbaki-Armee,,ok
ch_geschichte,3,In welcher Stadt ist das Bourbaki-Panorama ausgestellt?,"[""Luzern"", ""Genf"", ""Neuenburg"", ""Bern""]","Das riesige Rundbild malte der Genfer Édouard Castres, der die Armee als Helfer begleitet hatte. Es zeigt den Grenzübertritt bei Les Verrières.",Das Bourbaki-Panorama steht in Luzern.,Bourbaki-Armee,,ok
ch_geschichte,3,Welche Staaten stritten vor dem Genfer Schiedsgericht von 1872?,"[""Die USA und Grossbritannien"", ""Frankreich und Preussen"", ""Spanien und die USA"", ""Grossbritannien und Russland""]","Die USA verlangten Schadenersatz für Schäden durch Kriegsschiffe der Südstaaten, die in Grossbritannien gebaut worden waren. Beide Staaten einigten sich auf ein Schiedsgericht.",In Genf stritten 1872 die USA und Grossbritannien.,Alabama-Schiedsgericht,,ok
ch_geschichte,3,"Was war die «Alabama», nach der das Schiedsgericht benannt ist?","[""Ein Kaperkreuzer der amerikanischen Südstaaten"", ""Ein britisches Passagierschiff"", ""Ein Panzerschiff der US-Nordstaaten"", ""Ein Handelsschiff der Hudson's Bay Company""]",Die CSS Alabama brachte im Amerikanischen Bürgerkrieg über sechzig Schiffe der Nordstaaten auf. Sie wurde 1864 vor Cherbourg versenkt.,Die Alabama war ein Kaperschiff der Konföderierten.,Alabama-Schiedsgericht,,ok
ch_geschichte,3,In welchem britischen Ort wurde die «Alabama» gebaut?,"[""Birkenhead"", ""Glasgow"", ""Portsmouth"", ""Belfast""]",Die Werft John Laird Sons and Company in Birkenhead bei Liverpool baute das Schiff. Grossbritannien hatte damit seine Neutralitätspflicht verletzt.,Die Alabama lief in Birkenhead vom Stapel.,Alabama-Schiedsgericht,,ok
ch_geschichte,3,Welcher Schweizer war Mitglied des Alabama-Schiedsgerichts?,"[""Jakob Stämpfli"", ""Emil Welti"", ""Johann Konrad Kern"", ""Gustave Moynier""]","Neben Stämpfli sassen Vertreter der USA, Grossbritanniens, Italiens und Brasiliens im Gericht. Präsident war der Italiener Federico Sclopis.",Ein Schweizer Altbundesrat sass im Alabama-Schiedsgericht.,Alabama-Schiedsgericht,,ok
ch_geschichte,3,Welche Entschädigung musste Grossbritannien den USA zahlen?,"[""15,5 Millionen Dollar"", ""1,5 Millionen Dollar"", ""155 Millionen Dollar"", ""Keine, die Klage wurde abgewiesen""]",Das Gericht gab im September 1872 den USA recht. Grossbritannien zahlte die Summe 1873 in Gold.,"Grossbritannien zahlte nach dem Urteil 15,5 Millionen Dollar.",Alabama-Schiedsgericht,,ok
ch_geschichte,3,Wo genau tagte das Alabama-Schiedsgericht?,"[""Im Rathaus von Genf"", ""Im Bundeshaus in Bern"", ""Im Palais des Nations in Genf"", ""Im Schloss Chillon""]",Der Saal im Genfer Rathaus heisst seither «Salle de l'Alabama». Dort war 1864 auch die erste Genfer Konvention unterzeichnet worden.,Der Alabama-Saal liegt im Genfer Rathaus.,Alabama-Schiedsgericht,,ok
ch_geschichte,3,Warum gilt das Alabama-Schiedsgericht als wichtiges Ereignis der Völkerrechtsgeschichte?,"[""Zwei Grossmächte lösten einen schweren Streit friedlich vor einem Schiedsgericht"", ""Es gründete den ersten ständigen Weltgerichtshof"", ""Es schaffte die Kaperei auf allen Meeren ab"", ""Es verurteilte erstmals einen Staatschef persönlich""]","Statt Krieg zu führen, akzeptierten die USA und Grossbritannien ein neutrales Urteil. Das stärkte die Schiedsgerichtsbarkeit und Genfs Ruf als Ort der Diplomatie.","Das Alabama-Urteil zeigte, dass Schiedsgerichte Kriege verhindern können.",Alabama-Schiedsgericht,,ok
ch_geschichte,3,In welchem Jahr wurde in Bern der Weltpostverein gegründet?,"[""1874"", ""1865"", ""1848"", ""1891""]",Der Vertrag wurde im Rathaus zum Äusseren Stand in Bern unterzeichnet. Er trat am 1. Juli 1875 in Kraft.,Der Weltpostverein wurde 1874 in Bern gegründet.,Weltpostverein,,ok
ch_geschichte,3,Wer schlug die Gründung des Weltpostvereins vor?,"[""Heinrich von Stephan"", ""Rowland Hill"", ""Otto von Bismarck"", ""Eugen Borel""]",Der deutsche Generalpostdirektor Heinrich von Stephan regte eine internationale Postunion an. Er gilt als geistiger Vater des Vereins.,Heinrich von Stephan ist der Vater des Weltpostvereins.,Weltpostverein,,ok
ch_geschichte,3,Unter welchem Namen wurde der Weltpostverein ursprünglich gegründet?,"[""Allgemeiner Postverein"", ""Internationaler Telegraphenverein"", ""Europäische Postunion"", ""Mitteleuropäischer Postbund""]",Erst am zweiten Kongress 1878 in Paris erhielt der Verein den Namen Weltpostverein. Damals traten viele weitere Staaten bei.,Der Weltpostverein hiess zuerst Allgemeiner Postverein.,Weltpostverein,,ok
ch_geschichte,3,Wie viele Staaten gründeten den Weltpostverein?,"[""22"", ""12"", ""48"", ""192""]","22 Staaten unterzeichneten den Vertrag in Bern, die meisten aus Europa sowie die USA und Ägypten. 20 davon ratifizierten ihn.",22 Staaten gründeten den Weltpostverein.,Weltpostverein,,ok
ch_geschichte,3,Welches Grundprinzip schuf der Weltpostvertrag?,"[""Ein einheitliches Postgebiet mit gleichen Gebühren für Auslandsbriefe"", ""Eine gemeinsame Briefmarke für alle Mitgliedstaaten"", ""Eine gemeinsame Postverwaltung mit Sitz in Paris"", ""Die Abschaffung aller Portogebühren""]",Vorher brauchte es für Auslandsbriefe viele zweiseitige Verträge mit unterschiedlichen Tarifen. Neu galten einheitliche Regeln für den Austausch von Post zwischen allen Mitgliedern.,Der Weltpostverein schuf ein einheitliches Postgebiet.,Weltpostverein,,ok
ch_geschichte,3,Seit wann ist der Weltpostverein eine Sonderorganisation der Vereinten Nationen?,"[""Seit 1947"", ""Seit 1919"", ""Seit 1874"", ""Seit 2002""]",Der Weltpostverein wurde 1947 eine UNO-Sonderorganisation. Sein Sitz blieb in Bern.,Der Weltpostverein ist seit 1947 eine UNO-Sonderorganisation.,Weltpostverein,,ok
ch_geschichte,3,Wie viele Mitgliedstaaten zählt der Weltpostverein (Stand 2025)?,"[""192"", ""120"", ""54"", ""22""]",Seit 2011 hat der Weltpostverein 192 Mitglieder. Damit gehört er zu den grössten internationalen Organisationen.,Fast alle Staaten der Welt gehören dem Weltpostverein an.,Weltpostverein,,ok
ch_geschichte,3,Wann und wo wurde der Grütliverein gegründet?,"[""1838 in Genf"", ""1848 in Bern"", ""1863 in Zürich"", ""1888 in Basel""]",Deutschschweizer Handwerker gründeten den Verein am 20. Mai 1838 in Genf. Bald entstanden Sektionen in vielen Städten.,Der Grütliverein entstand 1838 in Genf.,Grütliverein,,ok
ch_geschichte,3,Welcher Mitbegründer prägte mit einer Schrift von 1846 das Selbstverständnis des Grütlivereins?,"[""Albert Galeer"", ""Wilhelm Weitling"", ""Karl Bürkli"", ""Johann Jakob Treichler""]",Albert Galeer hatte die Gründung des Vereins 1838 in Genf angeregt. Mit seiner Schrift von 1846 gab er dem Verein sein Selbstverständnis als Bildungs- und Bürgerverein.,Albert Galeer prägte das Selbstverständnis des Grütlivereins.,Grütliverein,,ok
ch_geschichte,3,Wie lautete der Wahlspruch des Grütlivereins?,"[""«Durch Bildung zur Freiheit»"", ""«Proletarier aller Länder, vereinigt euch!»"", ""«Einer für alle, alle für einen»"", ""«Freiheit, Gleichheit, Brüderlichkeit»""]",Durch Weiterbildung sollten Gesellen zu selbstständigen Meistern und mündigen Bürgern werden. Später wurde der Verein auch politisch aktiv.,Der Grütliverein setzte auf Bildung als Weg zur Freiheit.,Grütliverein,,ok
ch_geschichte,3,Wen sprach der Grütliverein vor allem an?,"[""Handwerksgesellen und Arbeiter"", ""Bankiers und Fabrikanten"", ""Bauern aus den Bergkantonen"", ""Studenten und Professoren""]","Mitglieder waren vor allem wandernde Handwerksgesellen und später Arbeiter. Der Verein verband Bildung, Geselligkeit und Vaterlandsliebe.",Der Grütliverein war ein Verein für Gesellen und Arbeiter.,Grütliverein,,ok
ch_geschichte,3,Wie hiess das Vereinsorgan des Grütlivereins ab 1851?,"[""Der Grütlianer"", ""Die Tagwacht"", ""Das Volksrecht"", ""Der Landbote""]",Die Zeitung erschien ab 1851 und von 1906 bis 1923 sogar täglich. Sie trug zeitweise den Untertitel «Sozialdemokratisches Tagblatt».,Der Grütlianer war die Zeitung des Grütlivereins.,Grütliverein,,ok
ch_geschichte,3,Was geschah 1901 in der sogenannten «Solothurner Hochzeit»?,"[""Der Grütliverein schloss sich mit der SP zusammen"", ""Der Grütliverein spaltete sich in zwei Parteien"", ""Der Grütliverein fusionierte mit dem Freisinn"", ""Der Grütliverein gründete den Gewerkschaftsbund""]","Der Grütliverein und die Sozialdemokratische Partei vereinigten sich, der Verein blieb aber organisatorisch selbstständig. Die Verbindung hielt nicht dauerhaft.",1901 verbanden sich Grütliverein und SP in Solothurn.,Grütliverein,,ok
ch_geschichte,3,Warum trat der Grütliverein 1916 wieder aus der SP aus?,"[""Er wehrte sich gegen die vollständige Eingliederung in die SP und ihren Linkskurs"", ""Er wollte sich mit der Katholisch-Konservativen Partei vereinigen"", ""Er war vom Bundesrat verboten worden"", ""Er hatte keine Mitglieder mehr""]",Der patriotisch geprägte Grütliverein wollte seine Selbstständigkeit behalten und stellte sich gegen den radikaleren Kurs der SP im Ersten Weltkrieg. Danach verlor er stark an Mitgliedern und löste sich 1925 auf.,Der Grütliverein trennte sich im Ersten Weltkrieg von der SP.,Grütliverein,,ok
ch_geschichte,3,An welchem Tag wurde die Sozialdemokratische Partei der Schweiz gegründet?,"[""21. Oktober 1888"", ""1. Mai 1890"", ""20. Mai 1838"", ""12. November 1918""]",Ein Schweizerischer Arbeitertag beschloss am 21. Oktober 1888 die Gründung der Partei. Frühere sozialdemokratische Parteien hatten nur kurz bestanden.,Die SP Schweiz wurde am 21. Oktober 1888 gegründet.,Sozialdemokratische Partei der Schweiz,,ok
ch_geschichte,3,Welcher Berner verfasste das erste Parteiprogramm der SP von 1888?,"[""Albert Steck"", ""Herman Greulich"", ""Robert Grimm"", ""Otto Lang""]",Albert Stecks Programm setzte auf eine demokratische Lösung der sozialen Frage. Er war von 1890 bis 1891 auch Parteipräsident.,Albert Steck schrieb das erste Programm der SP.,Sozialdemokratische Partei der Schweiz,,ok
ch_geschichte,3,Wer war der erste Präsident der SP Schweiz?,"[""Alexander Reichel"", ""Albert Steck"", ""Fritz Studer"", ""Ernst Nobs""]",Der Berner Alexander Reichel führte die Partei 1888 bis 1889. Danach übernahm der Programmautor die Führung.,Alexander Reichel war erster Präsident der SP Schweiz.,Sozialdemokratische Partei der Schweiz,,ok
ch_geschichte,3,Welche Haltung vertrat das Parteiprogramm der SP von 1888?,"[""Es lehnte Revolution ab und setzte auf demokratische Reformen"", ""Es forderte den bewaffneten Umsturz"", ""Es verlangte den Austritt der Schweiz aus Europa"", ""Es forderte die Wiedereinführung der Zünfte""]",Das Programm wollte die soziale Frage mit den Mitteln der direkten Demokratie lösen. Erst 1904 gab sich die Partei ein marxistisches Programm.,Die junge SP setzte auf Reformen statt auf Revolution.,Sozialdemokratische Partei der Schweiz,,ok
ch_geschichte,3,Wer wurde 1890 als erster Sozialdemokrat in den Nationalrat gewählt?,"[""Jakob Vogelsanger"", ""Herman Greulich"", ""Robert Grimm"", ""Charles Naine""]",Der Zürcher Jakob Vogelsanger zog zwei Jahre nach der Parteigründung in den Nationalrat ein. Die SP blieb aber lange eine kleine Fraktion.,Jakob Vogelsanger war der erste SP-Nationalrat.,Sozialdemokratische Partei der Schweiz,,ok
ch_geschichte,3,Welches Wahlsystem hinderte die SP vor 1919 an grösseren Erfolgen im Nationalrat?,"[""Das Majorzwahlrecht"", ""Das Proporzwahlrecht"", ""Das Zensuswahlrecht"", ""Das Losverfahren""]","Im Majorz gewinnt die Mehrheit in einem Wahlkreis alle Sitze, was Minderheiten benachteiligt. Erst mit dem Proporz ab 1919 wuchs die SP-Fraktion stark.",Der Majorz benachteiligte die SP bis 1919.,Sozialdemokratische Partei der Schweiz,,ok
ch_geschichte,3,"Welche Organisation der Arbeiterbewegung wurde 1880, also vor der SP, gegründet?","[""Der Schweizerische Gewerkschaftsbund"", ""Der Schweizerische Bauernverband"", ""Der Schweizerische Arbeitgeberverband"", ""Die Schweizerische Volkspartei""]",Der Gewerkschaftsbund vereinte die Gewerkschaften auf nationaler Ebene. Er arbeitete später eng mit der SP zusammen.,Der Schweizerische Gewerkschaftsbund ist älter als die SP.,Sozialdemokratische Partei der Schweiz,,ok
ch_geschichte,3,Welches Edelmetall bildete die Grundlage des Frankens von 1850?,"[""Silber"", ""Gold"", ""Kupfer"", ""Platin""]",Der neue Franken war wie sein französisches Vorbild ein Silberfranken mit festgelegtem Feingehalt. Gold spielte erst mit der späteren Münzunion eine grössere Rolle.,Der Franken von 1850 beruhte auf Silber.,Schweizer Franken,,ok
ch_geschichte,3,Welche Totalrevisionsinitiative kam 1934 zustande und wurde 1935 abgelehnt?,"[""Die Initiative von Fronten und Jungkonservativen"", ""Die Kriseninitiative der Gewerkschaften"", ""Die Initiative für den Austritt aus dem Völkerbund"", ""Die Initiative für die Proporzwahl""]","Seit 1891 kam nur eine einzige Totalrevisionsinitiative zustande, getragen von der Nationalen Front, den Jungkonservativen und weiteren Gruppen. Das Volk lehnte sie am 8. September 1935 mit rund 72 Prozent Nein ab.",Die einzige Totalrevisionsinitiative seit 1891 scheiterte 1935.,Volksinitiative,,ok
ch_geschichte,3,"Welche Initiativform wurde 2003 eingeführt und 2009 wieder abgeschafft, ohne je genutzt zu werden?","[""Die allgemeine Volksinitiative"", ""Die Gesetzesinitiative"", ""Die Totalrevisionsinitiative"", ""Die Teilrevisionsinitiative""]",Mit der allgemeinen Volksinitiative hätte das Volk eine Änderung auf Verfassungs- oder Gesetzesstufe anregen können. Das Verfahren galt als zu kompliziert und wurde 2009 wieder gestrichen.,Die allgemeine Volksinitiative existierte nur von 2003 bis 2009.,Volksinitiative,,ok
ch_geschichte,3,Aus welcher Genfer Vereinigung ging 1863 das Fünferkomitee hervor?,"[""Aus der Genfer Gemeinnützigen Gesellschaft"", ""Aus der Genfer Akademie"", ""Aus der Evangelischen Allianz"", ""Aus dem Genfer Ärzteverein""]","Die Gemeinnützige Gesellschaft setzte eine Kommission ein, um Dunants Vorschläge zu prüfen. Daraus entstand das spätere Internationale Komitee.",Das IKRK entstand aus einer Kommission der Genfer Gemeinnützigen Gesellschaft.,Internationales Komitee vom Roten Kreuz,,ok
ch_geschichte,3,Warum musste Henry Dunant 1867 das Genfer Komitee verlassen?,"[""Er war mit seinen Geschäften in Algerien in Konkurs geraten"", ""Er wurde vom Bundesrat des Landes verwiesen"", ""Er wollte in Paris eine Konkurrenzorganisation gründen"", ""Er war wegen einer Krankheit arbeitsunfähig""]","Dunants Geschäfte in Algerien scheiterten, und er wurde in einen Bankrott verwickelt. In Genf galt er danach als untragbar und lebte lange verarmt.",Ein Konkurs zwang Dunant 1867 zum Austritt aus dem Komitee.,Internationales Komitee vom Roten Kreuz,,ok
ch_geschichte,3,In welchem Jahr wurde das Schweizerische Rote Kreuz gegründet?,"[""1866"", ""1863"", ""1871"", ""1901""]",Nach dem Vorbild des Genfer Komitees entstand 1866 in Bern eine nationale Rotkreuzgesellschaft. Sie half schon 1871 bei der Betreuung internierter Soldaten.,Das Schweizerische Rote Kreuz wurde 1866 gegründet.,Internationales Komitee vom Roten Kreuz,,ok
ch_geschichte,3,Welches Ereignis im August 1914 empörte besonders die Westschweiz und vertiefte den Graben zwischen den Landesteilen?,"[""Der deutsche Einmarsch ins neutrale Belgien"", ""Die Ermordung des österreichischen Thronfolgers"", ""Der Kriegseintritt Italiens auf Seiten der Entente"", ""Die Seeblockade Grossbritanniens gegen Deutschland""]",Deutschland verletzte 1914 die Neutralität Belgiens. Viele Romands sahen darin ein Warnsignal für die neutrale Schweiz und fühlten sich in ihrer Sympathie für Frankreich bestätigt.,Der Überfall auf das neutrale Belgien schockierte 1914 vor allem die Westschweiz.,Schweiz im Ersten Weltkrieg,,ok
ch_geschichte,3,"Wie hiess die Rede, mit der Carl Spitteler im Dezember 1914 in Zürich zur Einigkeit der Landesteile aufrief?","[""Unser Schweizer Standpunkt"", ""Die Schweiz und der Krieg"", ""Ein Wort an die Romands"", ""Neutralität und Gewissen""]",Spitteler hielt die Rede am 14. Dezember 1914 vor der Neuen Helvetischen Gesellschaft. Er mahnte die Deutschschweizer zur Zurückhaltung gegenüber Deutschland und betonte die Zusammengehörigkeit aller Schweizer.,Carl Spitteler warb 1914 mit «Unser Schweizer Standpunkt» für den Zusammenhalt der Schweiz.,Schweiz im Ersten Weltkrieg,,ok
ch_geschichte,3,"Welches Gremium wählte Ulrich Wille im August 1914 zum General, obwohl viele Romands ihm misstrauten?","[""Die Vereinigte Bundesversammlung"", ""Der Bundesrat allein"", ""Das Schweizer Stimmvolk"", ""Die Konferenz der Kantonsregierungen""]","Den General wählt in der Schweiz die Vereinigte Bundesversammlung, also National- und Ständerat gemeinsam. Am 3. August 1914 fiel die Wahl auf Ulrich Wille, der vom Bundesrat vorgeschlagen worden war.",Die Vereinigte Bundesversammlung wählte 1914 Ulrich Wille zum General.,Schweiz im Ersten Weltkrieg,,ok
ch_geschichte,3,Was geschah bei der sogenannten Fahnenaffäre im Januar 1916 in Lausanne?,"[""Die Fahne des deutschen Konsulats wurde heruntergerissen"", ""Eine Schweizer Fahne wurde vor dem Bundeshaus verbrannt"", ""Deutsche Soldaten hissten eine Fahne auf Schweizer Boden"", ""Die Armee verbot alle ausländischen Fahnen im Kanton""]","Am Geburtstag des deutschen Kaisers wurde in Lausanne die Fahne am deutschen Konsulat heruntergerissen. Der Vorfall zeigte, wie gross die Spannungen zwischen der Romandie und der deutschfreundlichen Haltung in Teilen der Deutschschweiz waren.",Die Lausanner Fahnenaffäre von 1916 zeigte die Wut der Romandie auf Deutschland.,Schweiz im Ersten Weltkrieg,,ok
ch_geschichte,3,Warum misstraute man in der Westschweiz General Ulrich Wille im Ersten Weltkrieg besonders?,"[""Er war deutschfreundlich und mit einer Bismarck verheiratet"", ""Er hatte zuvor in der französischen Armee gedient"", ""Er stammte aus dem Tessin und sprach kaum Französisch"", ""Er hatte sich öffentlich für einen Sonderfrieden mit Russland eingesetzt""]","Wille bewunderte das preussische Militärwesen und war mit Clara von Bismarck verheiratet. Das nährte in der Romandie den Verdacht, die Armeeführung stehe Deutschland zu nahe.",General Wille galt wegen seiner deutschen Nähe in der Westschweiz als verdächtig.,Schweiz im Ersten Weltkrieg,,ok
ch_geschichte,3,"Welche Vereinigung wurde 1914 gegründet, um den Zusammenhalt zwischen den Sprachregionen der Schweiz zu stärken?","[""Neue Helvetische Gesellschaft"", ""Schweizerischer Vaterländischer Verband"", ""Pro Helvetia"", ""Schweizerischer Heimatschutz""]",Die Neue Helvetische Gesellschaft entstand 1914 als patriotische Vereinigung über die Sprachgrenzen hinweg. Vor ihrer Zürcher Gruppe hielt Carl Spitteler seine berühmte Rede.,Die Neue Helvetische Gesellschaft wollte ab 1914 die Sprachregionen der Schweiz verbinden.,Schweiz im Ersten Weltkrieg,,ok
ch_geschichte,3,Welche zwei Offiziere standen im Mittelpunkt der Oberstenaffäre von 1916?,"[""Karl Egli und Moritz von Wattenwyl"", ""Ulrich Wille und Theophil Sprecher"", ""Emil Sonderegger und Fritz Gertsch"", ""Henri Guisan und Jakob Labhart""]",Die Obersten Karl Egli und Friedrich Moritz von Wattenwyl arbeiteten im Generalstab. Sie gaben vertrauliche Informationen an die Mittelmächte weiter.,Die Obersten Egli und von Wattenwyl lösten 1916 die Oberstenaffäre aus.,Oberstenaffäre,,ok
ch_geschichte,3,Was gaben die beiden Obersten in der Oberstenaffäre weiter?,"[""Die geheimen Tagesbulletins des Generalstabs"", ""Die Pläne der Festung Gotthard"", ""Die Kriegskasse der Armee"", ""Die Listen der Schweizer Spione in Frankreich""]",Sie lieferten die täglichen Lageberichte des Generalstabs und entschlüsselte Telegramme weiter. Damit verletzten sie die Neutralität zugunsten einer Kriegspartei.,Geheime Tagesbulletins des Generalstabs gelangten durch die Obersten zu den Mittelmächten.,Oberstenaffäre,,ok
ch_geschichte,3,An wen gaben die Obersten Egli und von Wattenwyl ihre Informationen weiter?,"[""An die Militärattachés Deutschlands und Österreich-Ungarns"", ""An die Gesandten Frankreichs und Grossbritanniens"", ""An die russische Botschaft in Bern"", ""An italienische Offiziere im Tessin""]",Die Informationen gingen an die Militärattachés der Mittelmächte Deutschland und Österreich-Ungarn. Das empörte die frankreichfreundliche Westschweiz besonders.,Die Mittelmächte erhielten durch die Oberstenaffäre Schweizer Generalstabsberichte.,Oberstenaffäre,,ok
ch_geschichte,3,Wer brachte die Oberstenaffäre durch seine Arbeit als Kryptograph ins Rollen?,"[""André Langie"", ""Édouard Secretan"", ""Camille Decoppet"", ""Romain Rolland""]","Der Kryptograph André Langie knackte 1915 einen russischen Geheimcode und bemerkte, dass Depeschen auf Schweizer Generalstabsberichte Bezug nahmen. Er vermutete Landesverrat und informierte den Waadtländer Nationalrat Édouard Secretan.",Der Kryptograph André Langie deckte die Spur zur Oberstenaffäre auf.,Oberstenaffäre,,ok
ch_geschichte,3,Wie endete der Prozess vor dem Divisionsgericht in Zürich im Februar 1916 für die beiden Obersten?,"[""Sie wurden strafrechtlich freigesprochen"", ""Sie wurden zum Tod verurteilt"", ""Sie erhielten lange Zuchthausstrafen"", ""Das Verfahren wurde nie eröffnet""]",Das Divisionsgericht sprach die beiden Offiziere strafrechtlich nicht schuldig. Der Fall ging zur disziplinarischen Beurteilung an die Militärbehörde zurück.,Das Militärgericht sprach die Obersten 1916 vom Vorwurf des Landesverrats frei.,Oberstenaffäre,,ok
ch_geschichte,3,Welche Strafe verhängte General Wille nach dem Urteil gegen jeden der beiden Obersten?,"[""20 Tage Arrest"", ""Ein Jahr Gefängnis"", ""Eine hohe Geldbusse"", ""Die Degradierung zum Soldaten""]",Wille bestrafte die beiden Offiziere disziplinarisch mit je zwanzig Tagen Arrest. Der Bundesrat enthob sie zudem ihrer Funktionen.,Die Obersten kamen 1916 mit je zwanzig Tagen Arrest davon.,Oberstenaffäre,,ok
ch_geschichte,3,Warum verschärfte die Oberstenaffäre den Graben zwischen Deutsch- und Westschweiz?,"[""Die Romandie sah im milden Urteil die deutschfreundliche Armeeführung bestätigt"", ""Die Deutschschweiz verlangte die Todesstrafe für die Obersten"", ""Die Täter stammten beide aus der Westschweiz"", ""Frankreich drohte der Schweiz deswegen mit Krieg""]","Westschweizer Zeitungen kritisierten das milde Urteil scharf, während es in der Deutschschweiz eher beschönigt wurde. Es entstand eine Vertrauenskrise gegenüber Armee und Regierung.",Das milde Urteil der Oberstenaffäre schürte in der Romandie das Misstrauen gegen die Armeeführung.,Oberstenaffäre,,ok
ch_geschichte,3,Welche internationale Bewegung von Kriegsgegnern hatte Robert Grimm 1915 mit einer Konferenz im Kanton Bern begründet?,"[""Zimmerwalder Bewegung"", ""Kienthaler Liga"", ""Berner Internationale"", ""Basler Friedensbund""]","Robert Grimm organisierte im September 1915 die Konferenz von Zimmerwald, an der sozialistische Kriegsgegner aus verschiedenen Ländern teilnahmen. Daraus entstand die Zimmerwalder Bewegung.",Robert Grimm organisierte 1915 die Konferenz der Kriegsgegner in Zimmerwald.,Grimm-Hoffmann-Affäre,,ok
ch_geschichte,3,Welches Departement leitete Bundesrat Arthur Hoffmann zur Zeit der Grimm-Hoffmann-Affäre?,"[""Das Politische Departement"", ""Das Militärdepartement"", ""Das Finanzdepartement"", ""Das Justiz- und Polizeidepartement""]",Arthur Hoffmann war als Vorsteher des Politischen Departements für die Aussenpolitik zuständig. Deshalb wog sein Telegramm an Grimm besonders schwer.,Arthur Hoffmann war 1917 als Vorsteher des Politischen Departements Aussenminister der Schweiz.,Grimm-Hoffmann-Affäre,,ok
ch_geschichte,3,Was wollten Grimm und Hoffmann 1917 mit ihrer Aktion erreichen?,"[""Einen Sonderfrieden zwischen Deutschland und Russland"", ""Den Kriegseintritt der USA"", ""Einen Waffenstillstand zwischen Frankreich und Deutschland"", ""Die Aufnahme der Schweiz in die Entente""]","Hoffmann teilte Grimm in Petrograd per Telegramm mit, Deutschland werde im Osten nicht angreifen, solange ein Separatfrieden möglich sei. Ein solcher Frieden hätte vor allem Deutschland genützt.",Grimm und Hoffmann wollten 1917 einen Separatfrieden zwischen Deutschland und Russland fördern.,Grimm-Hoffmann-Affäre,,ok
ch_geschichte,3,"In welcher Stadt hielt sich Robert Grimm 1917 auf, als die Affäre aufflog?","[""Petrograd"", ""Berlin"", ""Stockholm"", ""Wien""]","Grimm reiste nach der Februarrevolution 1917 nach Petrograd, dem heutigen Sankt Petersburg. Nach der Veröffentlichung des Telegramms musste er Russland verlassen.",Robert Grimm war 1917 in Petrograd und musste nach der Affäre Russland verlassen.,Grimm-Hoffmann-Affäre,,ok
ch_geschichte,3,Wie wurde das geheime Telegramm von Bundesrat Hoffmann an Robert Grimm 1917 öffentlich bekannt?,"[""Eine schwedische Zeitung veröffentlichte es"", ""Grimm las es im Nationalrat vor"", ""Die NZZ druckte es auf der Titelseite"", ""Ein deutscher Diplomat verkaufte es der Presse""]",Das chiffrierte Telegramm wurde abgefangen und von der schwedischen Zeitung «Socialdemokraten» publiziert. So erfuhren die Alliierten von den Friedensfühlern.,Eine schwedische Zeitung machte 1917 das Telegramm von Bundesrat Hoffmann bekannt.,Grimm-Hoffmann-Affäre,,ok
ch_geschichte,3,Wer wurde im Juni 1917 als Nachfolger von Arthur Hoffmann in den Bundesrat gewählt?,"[""Gustave Ador"", ""Giuseppe Motta"", ""Camille Decoppet"", ""Felix Calonder""]",Die Bundesversammlung wählte den Genfer Liberalen Gustave Ador. Die Wahl eines Westschweizers und Freundes der Entente sollte die Romandie und die Alliierten beruhigen.,Mit Gustave Ador zog 1917 ein Genfer Entente-Freund in den Bundesrat ein.,Grimm-Hoffmann-Affäre,,ok
ch_geschichte,3,"Welche Organisation präsidierte Gustave Ador, als er 1917 in den Bundesrat gewählt wurde?","[""Das Internationale Komitee vom Roten Kreuz"", ""Den Völkerbund"", ""Die Internationale Arbeitsorganisation"", ""Das Olympische Komitee""]","Gustave Ador war von 1910 bis 1928 Präsident des IKRK. Seine Wahl in den Bundesrat stärkte das Bild einer humanitären, unparteiischen Schweiz.","Gustave Ador war Präsident des IKRK, als er 1917 Bundesrat wurde.",Grimm-Hoffmann-Affäre,,ok
ch_geschichte,3,Mit welchem Stimmenanteil nahm das Volk am 13. Oktober 1918 die Proporzinitiative an?,"[""Rund zwei Drittel Ja"", ""Knapp über 50 Prozent Ja"", ""Rund 90 Prozent Ja"", ""Etwa 55 Prozent Ja""]","Die Initiative erhielt rund 300'000 Ja gegen 149'000 Nein, also etwa 66,8 Prozent Ja. Auch das Ständemehr wurde deutlich erreicht.",Die Proporzinitiative wurde 1918 mit rund zwei Dritteln Ja angenommen.,Proporzwahl des Nationalrats,,ok
ch_geschichte,3,Der wievielte Anlauf war die erfolgreiche Proporzinitiative von 1918?,"[""Der dritte"", ""Der erste"", ""Der zweite"", ""Der fünfte""]",Proporzinitiativen waren 1900 und 1910 gescheitert. Erst der dritte Anlauf 1918 brachte den Durchbruch.,Erst im dritten Anlauf setzte sich 1918 der Proporz für den Nationalrat durch.,Proporzwahl des Nationalrats,,ok
ch_geschichte,3,"Warum scheiterte die Proporzinitiative von 1910, obwohl sie das Ständemehr erreichte?","[""Sie verfehlte knapp das Volksmehr"", ""Der Bundesrat erklärte sie für ungültig"", ""Das Parlament verweigerte die Umsetzung"", ""Zu wenige Kantone stimmten zu""]","1910 stimmten zwar die meisten Kantone zu, doch insgesamt gab es rund 265'000 Nein gegen 240'000 Ja. Für eine Verfassungsänderung braucht es Volks- und Ständemehr.",Die Proporzinitiative von 1910 scheiterte am fehlenden Volksmehr.,Proporzwahl des Nationalrats,,ok
ch_geschichte,3,Welche Forderung zum Wahlsystem stellte das Oltener Aktionskomitee im Landesstreik vom November 1918 an erste Stelle?,"[""Sofortige Neuwahl des Nationalrats im Proporz"", ""Abschaffung des Ständerats"", ""Wahl des Bundesrats durch das Volk"", ""Einführung des Frauenstimmrechts nur in den Kantonen""]",Im Ultimatum vom 11. November 1918 stand die sofortige Neuwahl des Nationalrats nach dem neuen Proporzverfahren als wichtigste von neun Forderungen. Die ordentliche Wahl wäre erst 1920 fällig gewesen.,Der Landesstreik forderte 1918 zuerst die sofortige Proporzwahl des Nationalrats.,Proporzwahl des Nationalrats,,ok
ch_geschichte,3,Wie sank die Sitzzahl der Freisinnigen im Nationalrat durch die erste Proporzwahl 1919 ungefähr?,"[""Von rund 100 auf rund 60 Sitze"", ""Von rund 60 auf rund 40 Sitze"", ""Von rund 150 auf rund 120 Sitze"", ""Von rund 80 auf rund 75 Sitze""]","Die Freisinnigen verloren 43 Sitze und fielen auf rund 60 Mandate. Damit verloren sie die absolute Mehrheit, die sie seit 1848 im Nationalrat gehabt hatten.",Die Freisinnigen verloren 1919 fast vierzig Nationalratssitze.,Proporzwahl des Nationalrats,,ok
ch_geschichte,3,Welche katholisch-konservative Persönlichkeit zog im Dezember 1919 als zweiter Vertreter seiner Partei in den Bundesrat ein?,"[""Jean-Marie Musy"", ""Giuseppe Motta"", ""Philipp Etter"", ""Rudolf Minger""]",Nach den Verlusten der Freisinnigen erhielten die Katholisch-Konservativen einen zweiten Bundesratssitz. Der Freiburger Jean-Marie Musy wurde neben Giuseppe Motta gewählt.,Mit Jean-Marie Musy erhielten die Katholisch-Konservativen 1919 einen zweiten Bundesrat.,Proporzwahl des Nationalrats,,ok
ch_geschichte,3,"Wann erhielt die Sozialdemokratische Partei, die 1919 stark von der Proporzwahl profitiert hatte, ihren ersten Bundesrat?","[""1943"", ""1919"", ""1929"", ""1959""]","Obwohl die SP schon 1919 rund 41 Sitze hatte, blieb sie lange ohne Vertretung in der Regierung. Erst 1943 wurde Ernst Nobs als erster Sozialdemokrat in den Bundesrat gewählt.",Ernst Nobs wurde 1943 der erste sozialdemokratische Bundesrat.,Proporzwahl des Nationalrats,,ok
ch_geschichte,3,Mit welchem Volksmehr stimmte die Schweiz am 16. Mai 1920 dem Beitritt zum Völkerbund zu?,"[""Rund 56 Prozent Ja"", ""Rund 75 Prozent Ja"", ""Rund 51 Prozent Ja"", ""Rund 66 Prozent Ja""]","Der Beitritt wurde mit 56,3 Prozent Ja angenommen. Die Stimmbeteiligung lag bei über 77 Prozent.",Die Schweiz trat 1920 mit rund 56 Prozent Ja dem Völkerbund bei.,Völkerbund,,ok
ch_geschichte,3,Wie knapp fiel das Ständemehr bei der Völkerbundsabstimmung von 1920 aus?,"[""11½ zu 10½ Stände"", ""19 zu 3 Stände"", ""15 zu 7 Stände"", ""22 zu 0 Stände""]","Nur ein halber Stand mehr ergab die Mehrheit. Hätte ein einziger Halbkanton anders gestimmt, wäre der Beitritt am Ständemehr gescheitert.",Das Ständemehr für den Völkerbundsbeitritt kam 1920 mit 11½ zu 10½ Ständen äusserst knapp zustande.,Völkerbund,,ok
ch_geschichte,3,Welcher Kanton stimmte 1920 mit über 90 Prozent Ja am deutlichsten für den Beitritt zum Völkerbund?,"[""Waadt"", ""Uri"", ""Zürich"", ""Schwyz""]","Die Waadt sagte mit 93,2 Prozent Ja. Die lateinischen Kantone stimmten alle deutlich zu, während etwa Uri und Schwyz mit über drei Vierteln ablehnten.",Die Waadt stimmte 1920 mit über 93 Prozent für den Völkerbund.,Völkerbund,,ok
ch_geschichte,3,In welchem Dokument von 1920 anerkannte der Völkerbundsrat die Neutralität der Schweiz als Sonderfall?,"[""Londoner Erklärung"", ""Genfer Konvention"", ""Pariser Protokoll"", ""Locarno-Vertrag""]","Die Londoner Erklärung vom Februar 1920 befreite die Schweiz von militärischen Sanktionen, verpflichtete sie aber zu wirtschaftlichen Sanktionen. Man spricht von differenzieller Neutralität.",Die Londoner Erklärung von 1920 erlaubte der Schweiz die differenzielle Neutralität.,Völkerbund,,ok
ch_geschichte,3,"In welchem Gebäude am Genfersee hatte der Völkerbund seinen ersten Sitz, bevor das Palais des Nations fertig war?","[""Palais Wilson"", ""Palais Eynard"", ""Hôtel de Ville"", ""Palais Rumine""]","Der Völkerbund bezog 1920 das ehemalige Hotel National, das zu Ehren von Woodrow Wilson Palais Wilson heisst. Heute nutzt es das UNO-Hochkommissariat für Menschenrechte.",Der Völkerbund begann seine Arbeit in Genf im Palais Wilson.,Völkerbund,,ok
ch_geschichte,3,Wie stimmte die Schweiz 1934 über die Aufnahme der Sowjetunion in den Völkerbund ab?,"[""Sie stimmte dagegen"", ""Sie stimmte dafür"", ""Sie war nicht stimmberechtigt"", ""Sie beantragte die Aufnahme selbst""]","Bundesrat Giuseppe Motta lehnte die Aufnahme der kommunistischen Sowjetunion in einer scharfen Rede ab. Die Schweiz gehörte zu den wenigen Staaten, die mit Nein stimmten.",Die Schweiz lehnte 1934 unter Motta die Aufnahme der Sowjetunion in den Völkerbund ab.,Völkerbund,,ok
ch_geschichte,3,"Gegen welchen Staat verhängte der Völkerbund 1935 Sanktionen, an denen sich die Schweiz nur teilweise beteiligte?","[""Italien"", ""Japan"", ""Deutschland"", ""Spanien""]","Italien hatte Abessinien angegriffen. Die Schweiz trug die Wirtschaftssanktionen nur eingeschränkt mit, was ihre spätere Rückkehr zur integralen Neutralität vorbereitete.",Beim Abessinienkrieg 1935 machte die Schweiz die Sanktionen gegen Italien nur zum Teil mit.,Völkerbund,,ok
ch_geschichte,3,Welches Ereignis löste 1933 den sogenannten Frontenfrühling in der Schweiz aus?,"[""Hitlers Ernennung zum Reichskanzler"", ""Mussolinis Marsch auf Rom"", ""Der Börsenkrach in New York"", ""Der Anschluss Österreichs""]",Nach der Machtübernahme Hitlers im Januar 1933 erlebten rechtsextreme Fronten in der Schweiz einen kurzen Aufschwung. Man nennt diese Phase Frontenfrühling.,Hitlers Machtübernahme 1933 löste in der Schweiz den Frontenfrühling aus.,Frontenbewegung,,ok
ch_geschichte,3,Wie hiess die einflussreichste Gruppierung des Frontenfrühlings?,"[""Nationale Front"", ""Neue Helvetische Gesellschaft"", ""Ligue vaudoise"", ""Schweizerischer Vaterländischer Verband""]",Die Nationale Front entstand 1933 aus dem Zusammenschluss mit der Neuen Front. Sie gab die Zeitung «Die Front» heraus.,Die Nationale Front war die wichtigste Frontengruppe der 1930er-Jahre.,Frontenbewegung,,ok
ch_geschichte,3,Wie viele der 125 Sitze im Zürcher Gemeinderat gewann die Nationale Front 1933?,"[""10"", ""2"", ""25"", ""45""]",Die Nationale Front errang 1933 10 von 125 Sitzen im Zürcher Stadtparlament. Das war einer ihrer grössten Wahlerfolge.,Die Nationale Front holte 1933 zehn Sitze im Zürcher Gemeinderat.,Frontenbewegung,,ok
ch_geschichte,3,Welcher Frontist wurde 1935 für die Nationale Front im Kanton Zürich in den Nationalrat gewählt?,"[""Robert Tobler"", ""Gottlieb Duttweiler"", ""Ernst Nobs"", ""Rudolf Minger""]",Robert Tobler holte 1935 den Zürcher Sitz der Nationalen Front. Einen zweiten Frontensitz gewann die Union nationale in Genf.,Robert Tobler vertrat die Nationale Front ab 1935 im Nationalrat.,Frontenbewegung,,ok
ch_geschichte,3,Wie viele Sitze erreichten die Fronten bei den Nationalratswahlen 1935 insgesamt?,"[""2"", ""0"", ""12"", ""25""]",Die Frontenbewegung gewann bei 187 Sitzen nur zwei Mandate und ging in vier weiteren Kantonen leer aus. Politisch blieben die Fronten damit am Rand.,Die Fronten blieben 1935 mit zwei Nationalratssitzen eine kleine Minderheit.,Frontenbewegung,,ok
ch_geschichte,3,"Welches Ziel verfolgte die Fonjallaz-Initiative, die 1937 vom Volk abgelehnt wurde?","[""Ein Verbot der Freimaurerei"", ""Ein Verbot der Sozialdemokratischen Partei"", ""Die Wiedereinführung der Todesstrafe"", ""Eine Einschränkung des Frauenstimmrechts in Gemeinden""]",Die von Arthur Fonjallaz und frontistischen Kreisen getragene Initiative wollte Freimaurerlogen und ähnliche Vereinigungen verbieten. Volk und Stände lehnten sie im November 1937 deutlich ab.,Die frontistische Initiative gegen die Freimaurer scheiterte 1937 klar.,Frontenbewegung,,ok
ch_geschichte,3,Welche frontistische Sammelbewegung löste der Bundesrat im November 1940 auf?,"[""Nationale Bewegung der Schweiz"", ""Gotthardbund"", ""Schweizerischer Vaterländischer Verband"", ""Neue Helvetische Gesellschaft""]",Die Nationale Bewegung der Schweiz (NBS) entstand 1940 aus einem Zusammenschluss frontistischer Gruppen und wurde von Deutschland aus gesteuert. Der Bundesrat löste sie im November 1940 auf.,Der Bundesrat verbot 1940 die frontistische Nationale Bewegung der Schweiz.,Frontenbewegung,,ok
ch_geschichte,3,In welchem Dokument legte der Bundesrat im Dezember 1938 das Programm der Geistigen Landesverteidigung dar?,"[""In der Kulturbotschaft"", ""Im Rütlirapport"", ""In der Londoner Erklärung"", ""Im Vollmachtenbeschluss""]","Die Kulturbotschaft vom 9. Dezember 1938 unter Bundesrat Philipp Etter beschrieb, wie die Schweiz ihre kulturelle Eigenart pflegen und verteidigen sollte. Sie führte auch zur Gründung von Pro Helvetia.",Die Kulturbotschaft von 1938 war das Grundprogramm der Geistigen Landesverteidigung.,Geistige Landesverteidigung,,ok
ch_geschichte,3,Welche Organisation der Armee informierte ab 1939 Truppe und Bevölkerung im Sinne der Geistigen Landesverteidigung?,"[""Heer und Haus"", ""Pro Helvetia"", ""Neue Helvetische Gesellschaft"", ""Schweizerische Depeschenagentur""]","Die Sektion Heer und Haus hielt Vorträge und verbreitete Informationen, um den Widerstandswillen zu stärken. Sie war Teil des Armeestabs.",Heer und Haus stärkte im Zweiten Weltkrieg den Widerstandswillen von Truppe und Volk.,Geistige Landesverteidigung,,ok
ch_geschichte,3,Welches Medium startete 1940 als Mittel der Geistigen Landesverteidigung und lief vor den Spielfilmen in den Kinos?,"[""Die Schweizer Filmwochenschau"", ""Das Schweizer Fernsehen"", ""Der Landessender Beromünster"", ""Die Tagesschau""]",Die Schweizer Filmwochenschau zeigte ab 1940 Schweizer Nachrichten im Kino. Sie sollte ein Gegengewicht zu den ausländischen Wochenschauen bilden.,Die Schweizer Filmwochenschau zeigte ab 1940 im Kino Schweizer Nachrichten.,Geistige Landesverteidigung,,ok
ch_geschichte,3,"Welcher Schweizer Spielfilm von 1941 erzählt von einer Wirtstochter, die im Ersten Weltkrieg die Soldaten im Jura umsorgt?","[""Gilberte de Courgenay"", ""Füsilier Wipf"", ""Landammann Stauffacher"", ""Wachtmeister Studer""]",«Gilberte de Courgenay» von Franz Schnyder griff eine bekannte Figur aus der Grenzbesetzung 1914 bis 1918 auf. Der Film stärkte das Gemeinschaftsgefühl im Sinn der Geistigen Landesverteidigung.,Der Film «Gilberte de Courgenay» von 1941 feierte den Zusammenhalt aus der Zeit der Grenzbesetzung.,Geistige Landesverteidigung,,ok
ch_geschichte,3,Welcher Verein zur Pflege der Mundart entstand 1938 im Zug der Geistigen Landesverteidigung?,"[""Bund Schwyzertütsch"", ""Schweizerischer Heimatschutz"", ""Schweizerischer Schriftstellerverband"", ""Pro Juventute""]",Die Mundart sollte die Deutschschweiz sprachlich vom nationalsozialistischen Deutschland abgrenzen. Der Bund Schwyzertütsch förderte deshalb den Gebrauch des Dialekts.,Der Bund Schwyzertütsch förderte ab 1938 die Mundart als Zeichen der Eigenständigkeit.,Geistige Landesverteidigung,,ok
ch_geschichte,3,Welche Werte stellte die Geistige Landesverteidigung als typisch schweizerisch heraus?,"[""Föderalismus, Mehrsprachigkeit und Demokratie"", ""Zentralismus, eine Landessprache und Führerprinzip"", ""Industrie, Exportstärke und Freihandel"", ""Monarchie, Adel und Staatskirche""]","Die Schweiz wurde als Willensnation dargestellt, die verschiedene Sprachen und Kulturen demokratisch verbindet. Damit grenzte sie sich vom völkischen Denken der Diktaturen ab.",Die Geistige Landesverteidigung betonte die Schweiz als demokratische und mehrsprachige Willensnation.,Geistige Landesverteidigung,,ok
ch_geschichte,3,Was kritisieren Historiker heute an der Geistigen Landesverteidigung?,"[""Sie förderte ein konservatives, abgeschottetes Selbstbild"", ""Sie unterstützte offen den Nationalsozialismus"", ""Sie schaffte die Mehrsprachigkeit ab"", ""Sie wurde von den Sozialdemokraten ganz abgelehnt""]","Neben dem Schutz vor den Diktaturen förderte sie ein rückwärtsgewandtes, bäuerlich-alpines Bild der Schweiz. Diese Abwehrhaltung wirkte bis in den Kalten Krieg nach.",Die Geistige Landesverteidigung hinterliess auch ein konservatives und abgeschottetes Selbstbild.,Geistige Landesverteidigung,,ok
ch_geschichte,3,Wer entwarf den berühmten Landi-Stuhl aus Aluminium?,"[""Hans Coray"", ""Max Bill"", ""Le Corbusier"", ""Armin Meili""]",Hans Coray entwarf den Stuhl aus gehärtetem Aluminium für die Landesausstellung 1939. Er gilt heute als Designklassiker.,"Hans Coray schuf für die Landi 1939 den Aluminiumstuhl, der noch heute bekannt ist.",Schweizerische Landesausstellung 1939,,ok
ch_geschichte,3,Welchen Rekord stellte die Schwebebahn über den Zürichsee an der Landi 1939 auf?,"[""Sie hatte mit 900 m die längste Spannweite der Welt"", ""Sie war die erste elektrische Bahn der Schweiz"", ""Sie fuhr schneller als jede Eisenbahn"", ""Sie hatte die höchsten Türme Europas aus Holz""]",Die Schwebebahn verband die Landiwiese mit dem Zürichhorn über eine Spannweite von 900 Metern. Ihre beiden Türme waren 75 Meter hoch.,Die Landi-Schwebebahn überspannte 1939 mit 900 Metern den Zürichsee als längste der Welt.,Schweizerische Landesausstellung 1939,,ok
ch_geschichte,3,Unter welchem Motto stand die Höhenstrasse der Landi 1939?,"[""Heimat und Volk"", ""Arbeit und Fortschritt"", ""Freiheit und Frieden"", ""Berge und Seen""]",Die 700 Meter lange Höhenstrasse sollte die Schweiz als Gemeinschaft darstellen. Über ihr hingen die Fahnen der Gemeinden und Kantone.,Die Höhenstrasse der Landi stand unter dem Motto «Heimat und Volk».,Schweizerische Landesausstellung 1939,,ok
ch_geschichte,3,Wo lag das Gelände der Landi 1939 in Zürich?,"[""Auf beiden Ufern des Zürichsees"", ""Auf dem Uetliberg"", ""Rund um den Hauptbahnhof"", ""Auf dem Flugplatz Dübendorf""]",Die Ausstellung belegte die Landiwiese in Wollishofen am linken Ufer und das Zürichhorn am rechten Ufer. Eine Schwebebahn und Schiffe verbanden die beiden Teile.,Die Landi 1939 lag auf beiden Seiten des Zürichsees.,Schweizerische Landesausstellung 1939,,ok
ch_geschichte,3,Welcher Bundespräsident hielt im Mai 1939 die Eröffnungsrede der Landi?,"[""Philipp Etter"", ""Giuseppe Motta"", ""Marcel Pilet-Golaz"", ""Rudolf Minger""]",Philipp Etter war 1939 Bundespräsident und zugleich der wichtigste Förderer der Geistigen Landesverteidigung. Zur Eröffnungsfeier kamen rund 49'500 Personen.,Bundespräsident Philipp Etter eröffnete 1939 die Landesausstellung in Zürich.,Schweizerische Landesausstellung 1939,,ok
ch_geschichte,3,Wie schloss die Landi 1939 finanziell ab?,"[""Mit einem Reingewinn von rund 6 Millionen Franken"", ""Mit einem Defizit von rund 6 Millionen Franken"", ""Genau ausgeglichen ohne Gewinn"", ""Mit einem Verlust, den die Stadt Zürich deckte""]","Die Eintrittsgelder übertrafen das Budget von 5,5 Millionen deutlich. Mit dem Reingewinn von 6,4 Millionen Franken konnten die Subventionen zurückbezahlt werden.",Die Landi 1939 schloss mit einem Gewinn von über sechs Millionen Franken ab.,Schweizerische Landesausstellung 1939,,ok
ch_geschichte,3,"Welche Statue von Hermann Haller, ursprünglich für die Landi geschaffen, steht heute in Bronze auf der Landiwiese?","[""Mädchen mit erhobenen Armen"", ""Wehrbereitschaft"", ""Schreitender Löwe"", ""Knabe mit Pferd""]",Hallers Figur wurde 1968 von der Stadt Zürich in Bronze gegossen und auf der Landiwiese aufgestellt. Die Statue «Wehrbereitschaft» stammt dagegen von Hans Brandenberger.,Hermann Hallers «Mädchen mit erhobenen Armen» erinnert auf der Landiwiese an die Landi 1939.,Schweizerische Landesausstellung 1939,,ok
ch_geschichte,3,An welchem Tag wurde das Friedensabkommen in der Metall- und Maschinenindustrie unterzeichnet?,"[""19. Juli 1937"", ""1. August 1937"", ""12. November 1918"", ""1. Mai 1936""]",Das Abkommen wurde am 19. Juli 1937 für die Maschinen- und Metallindustrie abgeschlossen. Es gilt als Grundstein des Arbeitsfriedens in der Schweiz.,Das Friedensabkommen wurde am 19. Juli 1937 unterzeichnet.,Friedensabkommen,,ok
ch_geschichte,3,Welcher Gewerkschaftsführer ergriff die Initiative zum Friedensabkommen von 1937?,"[""Konrad Ilg"", ""Robert Grimm"", ""Ernst Nobs"", ""Herman Greulich""]","Konrad Ilg, Präsident des Schweizerischen Metall- und Uhrenarbeiterverbands, setzte das Abkommen auch gegen Widerstand in der eigenen Gewerkschaft durch.",Konrad Ilg war der Gewerkschafter hinter dem Friedensabkommen von 1937.,Friedensabkommen,,ok
ch_geschichte,3,Wer unterzeichnete das Friedensabkommen 1937 für die Arbeitgeber der Maschinen- und Metallindustrie?,"[""Ernst Dübi"", ""Gottlieb Duttweiler"", ""Alfred Escher"", ""Walter Boveri""]",Ernst Dübi war Präsident des Arbeitgeberverbands Schweizerischer Maschinen- und Metallindustrieller. Zusammen mit Konrad Ilg gilt er als Vater des Abkommens.,Ernst Dübi vertrat 1937 die Arbeitgeber beim Friedensabkommen.,Friedensabkommen,,ok
ch_geschichte,3,Wozu verpflichteten sich die Vertragsparteien im Friedensabkommen von 1937?,"[""Zu einer absoluten Friedenspflicht"", ""Zu einer jährlichen Lohnerhöhung von 10 Prozent"", ""Zur Einführung der 40-Stunden-Woche"", ""Zu einem Verbot aller Gewerkschaften""]",Beide Seiten verzichteten auf Kampfmassnahmen wie Streik und Aussperrung. Konflikte sollten nach Treu und Glauben durch Verhandlungen gelöst werden.,Im Friedensabkommen verzichteten Arbeitgeber und Gewerkschaften auf Streik und Aussperrung.,Friedensabkommen,,ok
ch_geschichte,3,"Wie sollten Streitigkeiten nach dem Friedensabkommen von 1937 gelöst werden, wenn Verhandlungen scheiterten?","[""Durch ein mehrstufiges Schiedsverfahren"", ""Durch einen Volksentscheid"", ""Durch das Bundesgericht in Lausanne"", ""Durch einen Entscheid der Armee""]","Das Abkommen sah ein Verfahren in mehreren Stufen vor, bis hin zu einem Schiedsgericht. So konnten Konflikte ohne Arbeitskampf beigelegt werden.",Das Friedensabkommen löste Konflikte mit einem mehrstufigen Schiedsverfahren.,Friedensabkommen,,ok
ch_geschichte,3,"Welcher Begriff beschreibt die Zusammenarbeit von Arbeitgebern und Gewerkschaften, die mit dem Friedensabkommen begann?","[""Sozialpartnerschaft"", ""Klassenkampf"", ""Planwirtschaft"", ""Ständestaat""]",Das Friedensabkommen ersetzte Arbeitskampf durch Verhandlungen. Diese Sozialpartnerschaft prägt die Schweizer Arbeitswelt bis heute und erklärt die seltenen Streiks.,Das Friedensabkommen von 1937 legte den Grundstein der Schweizer Sozialpartnerschaft.,Friedensabkommen,,ok
ch_geschichte,3,Was wurde 1974 aus dem Friedensabkommen der Metall- und Maschinenindustrie?,"[""Ein vollständiger Gesamtarbeitsvertrag"", ""Ein Bundesgesetz"", ""Ein Artikel der Bundesverfassung"", ""Ein internationales Abkommen der IAO""]",Das ursprünglich kurze Abkommen wurde mehrfach erneuert und 1974 zu einem umfassenden Gesamtarbeitsvertrag ausgebaut.,Aus dem Friedensabkommen wurde 1974 ein vollständiger Gesamtarbeitsvertrag.,Friedensabkommen,,ok
ch_geschichte,3,"Welche Funktion hatte Friedrich Traugott Wahlen, als er 1940 seinen Anbauplan vorstellte?","[""Chef der Sektion für landwirtschaftliche Produktion"", ""Vorsteher des Militärdepartements"", ""Präsident des Bauernverbands"", ""Direktor der Nationalbank""]",Wahlen leitete im Eidgenössischen Kriegsernährungsamt die Sektion für landwirtschaftliche Produktion und Hauswirtschaft. In dieser Rolle plante er die Ausweitung des Ackerbaus.,Wahlen plante die Anbauschlacht als Sektionschef im Kriegsernährungsamt.,Anbauschlacht,,ok
ch_geschichte,3,Wie gross sollte die Anbaufläche nach dem Plan Wahlen am Ende werden?,"[""500'000 Hektaren"", ""100'000 Hektaren"", ""1 Million Hektaren"", ""250'000 Hektaren""]",Ausgehend von rund 180'000 Hektaren sollte die Anbaufläche auf 500'000 Hektaren steigen. Dieses Endziel wurde bis Kriegsende nicht erreicht.,Der Plan Wahlen strebte 500'000 Hektaren Ackerland an.,Anbauschlacht,,ok
ch_geschichte,3,Auf welche Fläche wuchs das bepflanzte Ackerland bis 1945 tatsächlich?,"[""Rund 350'000 Hektaren"", ""Rund 500'000 Hektaren"", ""Rund 200'000 Hektaren"", ""Rund 700'000 Hektaren""]",Die Fläche stieg von 183'000 Hektaren (1940) auf 352'000 Hektaren (1945). Das Endziel des Plans wurde damit klar verfehlt.,Bis 1945 wuchs das Ackerland auf rund 350'000 Hektaren.,Anbauschlacht,,ok
ch_geschichte,3,Seit wann wurde der Plan Wahlen im Stillen vorbereitet?,"[""Seit 1937"", ""Seit 1918"", ""Seit 1943"", ""Seit 1945""]",Wahlen arbeitete schon ab 1937 an Plänen für eine bessere Selbstversorgung. Öffentlich stellte er den Plan erst nach Kriegsbeginn vor.,Der Plan Wahlen wurde bereits ab 1937 vorbereitet.,Anbauschlacht,,ok
ch_geschichte,3,Wie gewann man während der Anbauschlacht zusätzliches Ackerland?,"[""Durch Rodungen und Meliorationen"", ""Durch Landkäufe im Ausland"", ""Durch Aufschüttungen in Seen"", ""Durch das Abholzen aller Obstbäume""]","Wälder wurden gerodet, Sümpfe entwässert und Brachen sowie Parks umgebrochen. Auch Industriebetriebe mussten Land anbauen.",Rodungen und Meliorationen schufen in der Anbauschlacht neues Ackerland.,Anbauschlacht,,ok
ch_geschichte,3,"Welcher Film nach einer Erzählung von Meinrad Inglin zeigt einen Bauern, der sich gegen die Vorschriften der Kriegswirtschaft wehrt?","[""Der schwarze Tanner"", ""Uli der Knecht"", ""Die Käserei in der Vehfreude"", ""Heidi""]","«Der schwarze Tanner» erzählt von einem Bergbauern, der sich der Anbaupflicht widersetzt. Er zeigt, dass nicht alle die staatlichen Vorschriften gern befolgten.",«Der schwarze Tanner» zeigt den Widerstand eines Bauern gegen die Anbaupflicht.,Anbauschlacht,,ok
ch_geschichte,3,Welches Zwischenziel für die Anbaufläche sah der Plan Wahlen ursprünglich für das Kriegsende vor?,"[""300'000 Hektaren"", ""150'000 Hektaren"", ""450'000 Hektaren"", ""600'000 Hektaren""]",Der Plan sah eine schrittweise Ausweitung vor und rechnete für das Kriegsende mit 300'000 Hektaren. Das Endziel lag deutlich höher.,Das Zwischenziel des Plans Wahlen lag bei 300'000 Hektaren.,Anbauschlacht,,ok
ch_geschichte,3,In welchem Jahr vereinbarten die Schweiz und Deutschland die Kennzeichnung der Pässe deutscher Juden mit einem «J»?,"[""1938"", ""1933"", ""1942"", ""1935""]","Die Vereinbarung wurde im September 1938 getroffen, kurz nach der Fluchtwelle aus Österreich. Ab Oktober 1938 wurden die Pässe entsprechend gestempelt.",Der J-Stempel wurde 1938 zwischen Deutschland und der Schweiz vereinbart.,J-Stempel,,ok
ch_geschichte,3,Welcher Schweizer Chefbeamte war massgeblich an der Einführung des J-Stempels beteiligt?,"[""Heinrich Rothmund"", ""Paul Grüninger"", ""Walter Stucki"", ""Philipp Etter""]",Heinrich Rothmund leitete die Polizeiabteilung des Justiz- und Polizeidepartements und damit die Fremdenpolizei. Er wollte die Einreise jüdischer Flüchtlinge begrenzen.,Heinrich Rothmund prägte als Chef der Fremdenpolizei die harte Flüchtlingspolitik.,J-Stempel,,ok
ch_geschichte,3,Welches Ereignis im März 1938 löste eine Fluchtwelle von Juden in die Schweiz aus?,"[""Der Anschluss Österreichs"", ""Die Reichspogromnacht"", ""Der Beginn des Zweiten Weltkriegs"", ""Die Nürnberger Gesetze""]",Nach dem Anschluss Österreichs an das Deutsche Reich flohen viele österreichische Juden. Die Schweiz führte daraufhin eine Visumspflicht für Inhaber österreichischer Pässe ein.,Der Anschluss Österreichs 1938 trieb viele Juden zur Flucht in die Schweiz.,J-Stempel,,ok
ch_geschichte,3,"Womit drohte die Schweiz Deutschland 1938, bevor der J-Stempel vereinbart wurde?","[""Mit einer Visumspflicht für alle deutschen Staatsangehörigen"", ""Mit dem Abbruch der diplomatischen Beziehungen"", ""Mit einem Handelsembargo"", ""Mit der Schliessung des Gotthards""]","Eine allgemeine Visumspflicht hätte auch nichtjüdische Deutsche betroffen, was Deutschland vermeiden wollte. Mit dem J-Stempel konnte die Schweiz gezielt jüdische Einreisende erkennen.",Die drohende Visumspflicht für alle Deutschen führte 1938 zum J-Stempel.,J-Stempel,,ok
ch_geschichte,3,Was brauchten Inhaber eines deutschen Passes mit J-Stempel ab Herbst 1938 für die Einreise in die Schweiz?,"[""Ein Schweizer Visum"", ""Eine Bürgschaft des Wohnkantons"", ""Einen Nachweis über Grundbesitz"", ""Eine Bewilligung des IKRK""]","Der J-Stempel erlaubte es den Grenzbehörden, jüdische Reisende sofort zu erkennen. Für sie galt eine Visumspflicht, während andere Deutsche weiterhin ohne Visum einreisen konnten.","Wer ein J im Pass hatte, durfte ab 1938 nur mit Visum in die Schweiz einreisen.",J-Stempel,,ok
ch_geschichte,3,"Was musste die Schweiz laut Washingtoner Abkommen mit den Vermögen von Deutschen in Deutschland tun, die in der Schweiz lagen?","[""Sie erfassen und liquidieren"", ""Sie sofort nach Deutschland überweisen"", ""Sie für 50 Jahre sperren"", ""Sie der Nationalbank schenken""]",Die seit Februar 1945 gesperrten deutschen Vermögen sollten registriert und verkauft werden. Der Erlös war je zur Hälfte für die Schweiz und für den Wiederaufbau Europas bestimmt.,Das Washingtoner Abkommen verlangte die Liquidation deutscher Vermögen in der Schweiz.,Raubgold,,ok
ch_geschichte,3,Welche Zeitschrift machte 1954 die Schweizer Mitverantwortung am J-Stempel öffentlich bekannt?,"[""Der Schweizerische Beobachter"", ""Die Weltwoche"", ""Der Nebelspalter"", ""Die Schweizer Illustrierte""]",Der Beobachter veröffentlichte 1954 Dokumente zur Entstehung des J-Stempels. Daraufhin gab der Bundesrat eine Untersuchung in Auftrag.,Der Beobachter enthüllte 1954 die Rolle der Schweiz beim J-Stempel.,J-Stempel,,ok
ch_geschichte,3,Wie viele Rückweisungen von Flüchtlingen an der Grenze hat die Bergier-Kommission für den Zweiten Weltkrieg dokumentiert?,"[""Über 20'000"", ""Rund 500"", ""Rund 2000"", ""Über 1 Million""]","Die Kommission fand Belege für über 20'000 Rückweisungen, darunter viele Juden. Die tatsächliche Zahl dürfte höher gewesen sein.",Die Schweiz wies im Zweiten Weltkrieg über 20'000 Flüchtlinge an der Grenze zurück.,J-Stempel,,ok
ch_geschichte,3,"Mit welchem Trick half Paul Grüninger jüdischen Flüchtlingen, obwohl die Grenze 1938 gesperrt war?","[""Er datierte ihre Einreisedaten zurück"", ""Er stellte ihnen Schweizer Pässe aus"", ""Er versteckte sie in Militärlagern"", ""Er schmuggelte sie per Schiff nach Italien""]",Grüninger trug Einreisedaten vor der Grenzsperre vom August 1938 ein. So galten die Flüchtlinge als legal eingereist und durften bleiben.,Paul Grüninger rettete Flüchtlinge mit rückdatierten Einreisedaten.,Paul Grüninger,,ok
ch_geschichte,3,"Bei welchem Ort im St. Galler Rheintal kamen viele Flüchtlinge 1938 über die Grenze, denen Grüninger half?","[""Diepoldsau"", ""Rorschach"", ""Wil"", ""Rapperswil""]",Viele Juden aus Österreich überquerten bei Diepoldsau den Alten Rhein. Dort entstand auch ein Flüchtlingslager.,Bei Diepoldsau kamen 1938 viele jüdische Flüchtlinge in die Schweiz.,Paul Grüninger,,ok
ch_geschichte,3,Wofür wurde Paul Grüninger 1940 verurteilt?,"[""Amtspflichtverletzung und Urkundenfälschung"", ""Landesverrat und Spionage"", ""Schmuggel und Steuerbetrug"", ""Diebstahl von Staatsgeldern""]",Das Bezirksgericht St. Gallen verurteilte ihn zu einer Busse. Er verlor Stelle und Pensionsanspruch und lebte danach in ärmlichen Verhältnissen.,Grüninger wurde 1940 wegen Amtspflichtverletzung und Urkundenfälschung verurteilt.,Paul Grüninger,,ok
ch_geschichte,3,Wer rehabilitierte Paul Grüninger 1993 politisch?,"[""Die St. Galler Kantonsregierung"", ""Der Bundesrat"", ""Die UNO"", ""Der Nationalrat""]",Die Regierung des Kantons St. Gallen rehabilitierte Grüninger 1993. Die gerichtliche Rehabilitierung folgte später.,Die St. Galler Regierung rehabilitierte Paul Grüninger 1993 politisch.,Paul Grüninger,,ok
ch_geschichte,3,Welcher Historiker machte mit dem Buch «Grüningers Fall» die Geschichte des Polizeikommandanten 1993 bekannt?,"[""Stefan Keller"", ""Jean-François Bergier"", ""Edgar Bonjour"", ""Jakob Tanner""]",Der Journalist und Historiker Stefan Keller recherchierte den Fall gründlich. Sein Buch trug viel zur Rehabilitierung Grüningers bei.,Stefan Keller machte Grüningers Geschichte mit seinem Buch bekannt.,Paul Grüninger,,ok
ch_geschichte,3,Wie heisst der Spielfilm von 2014 über Paul Grüninger?,"[""Akte Grüninger"", ""Das Boot ist voll"", ""Die letzte Chance"", ""Grüningers Grenze""]",«Akte Grüninger» von Alain Gsponer erzählt die Ereignisse von 1938 und 1939. Der Film machte die Geschichte einem breiten Publikum bekannt.,Der Film «Akte Grüninger» erzählt die Rettungsaktion des St. Galler Polizeikommandanten.,Paul Grüninger,,ok
ch_geschichte,3,Mit welchem Fussballclub wurde Paul Grüninger in jungen Jahren Schweizer Meister?,"[""SC Brühl St. Gallen"", ""FC St. Gallen"", ""Grasshopper Club Zürich"", ""FC Basel""]","Grüninger spielte als junger Mann beim SC Brühl, der 1915 Schweizer Meister wurde. Das heutige Stadion des Clubs trägt seinen Namen.",Paul Grüninger wurde mit dem SC Brühl 1915 Schweizer Meister.,Paul Grüninger,,ok
ch_geschichte,3,Warum konnte Carl Lutz in Budapest Juden unter Schweizer Schutz stellen?,"[""Die Schweiz vertrat als Schutzmacht fremde Staaten in Ungarn"", ""Ungarn war mit der Schweiz verbündet"", ""Die Juden besassen Schweizer Bürgerrechte"", ""Das IKRK hatte ihn zum Konsul ernannt""]","Lutz leitete die Abteilung für fremde Interessen, weil die Schweiz unter anderem die USA und Grossbritannien in Ungarn vertrat. Diese Stellung nutzte er für seine Rettungsaktion.","Carl Lutz nutzte die Rolle der Schweiz als Schutzmacht, um Juden zu retten.",Carl Lutz,,ok
ch_geschichte,3,In welchem Jahr trat Carl Lutz seinen Posten als Vizekonsul in Budapest an?,"[""1942"", ""1935"", ""1938"", ""1945""]","Lutz kam Anfang 1942 nach Budapest. Seine grossen Rettungsaktionen fanden 1944 statt, nachdem Deutschland Ungarn besetzt hatte.",Carl Lutz begann 1942 seine Arbeit in Budapest.,Carl Lutz,,ok
ch_geschichte,3,"Wie dehnte Carl Lutz die Erlaubnis aus, 8000 Juden die Ausreise nach Palästina zu ermöglichen?","[""Er deutete die 8000 als Familien statt als Einzelpersonen"", ""Er fälschte die Unterschrift des Bundesrats"", ""Er bestach die deutsche Botschaft"", ""Er verkaufte die Zertifikate weiter""]",Lutz legte die Zahl 8000 als Familien aus und nummerierte Schutzbriefe mehrfach. So konnte er viel mehr Menschen schützen als vorgesehen.,"Carl Lutz vervielfachte die Zahl der Geschützten, indem er 8000 Familien statt Personen zählte.",Carl Lutz,,ok
ch_geschichte,3,Welche Ehrung verlieh Yad Vashem Carl Lutz 1964?,"[""Gerechter unter den Völkern"", ""Friedensnobelpreis"", ""Ehrenbürger von Jerusalem"", ""Orden des Heiligen Grabes""]","Als erster Schweizer wurde Carl Lutz als Gerechter unter den Völkern geehrt. Diese Auszeichnung erhalten Nichtjuden, die Juden unter Lebensgefahr retteten.",Carl Lutz wurde 1964 als erster Schweizer Gerechter unter den Völkern.,Carl Lutz,,ok
ch_geschichte,3,Wer half Carl Lutz in Budapest aktiv bei der Rettung verfolgter Juden?,"[""Seine Frau Gertrud Lutz-Fankhauser"", ""Seine Schwester Anna Lutz"", ""General Henri Guisan"", ""Bundesrat Marcel Pilet-Golaz""]",Gertrud Lutz-Fankhauser kümmerte sich um Schutzhäuser und Verfolgte. Später engagierte sie sich bei UNICEF.,Gertrud Lutz-Fankhauser war in Budapest eine wichtige Helferin ihres Mannes.,Carl Lutz,,ok
ch_geschichte,3,In welchem Land lebte und arbeitete Carl Lutz von 1913 bis 1934?,"[""In den USA"", ""In Frankreich"", ""In Argentinien"", ""In Grossbritannien""]","Lutz wanderte jung in die USA aus, studierte dort und arbeitete später an der Schweizer Gesandtschaft in Washington. Danach begann seine Laufbahn als Konsularbeamter im Ausland.",Carl Lutz verbrachte über zwanzig Jahre in den USA.,Carl Lutz,,ok
ch_geschichte,3,Mit wem verhandelte Carl Lutz in Budapest über die Ausreisezertifikate nach Palästina?,"[""Mit Moshe Krausz vom Palästina-Amt"", ""Mit Theodor Herzl"", ""Mit Chaim Weizmann in London"", ""Mit David Ben-Gurion in Jaffa""]",Moshe Krausz leitete in Budapest das Palästina-Amt der Jewish Agency. Gemeinsam mit Lutz organisierte er die Schutzbriefe.,Moshe Krausz war in Budapest ein wichtiger Partner von Carl Lutz.,Carl Lutz,,ok
ch_geschichte,3,Wie viel zahlte die Schweiz im Washingtoner Abkommen von 1946 den Alliierten?,"[""250 Millionen Franken"", ""25 Millionen Franken"", ""2,5 Milliarden Franken"", ""1 Milliarde Franken""]","Die Schweiz leistete 250 Millionen Franken an den Wiederaufbau Europas, ohne eine Rechtspflicht anzuerkennen. Im Gegenzug verzichteten die Alliierten auf weitere Ansprüche wegen der Goldkäufe.",Im Washingtoner Abkommen von 1946 zahlte die Schweiz 250 Millionen Franken.,Raubgold,,ok
ch_geschichte,3,Wer leitete 1946 die Schweizer Delegation bei den Verhandlungen zum Washingtoner Abkommen?,"[""Walter Stucki"", ""Giuseppe Motta"", ""Heinrich Rothmund"", ""Ernst Weber""]","Der Diplomat Walter Stucki verhandelte in Washington mit den USA, Grossbritannien und Frankreich. Das Abkommen wurde am 25. Mai 1946 unterzeichnet.",Walter Stucki führte 1946 die Schweizer Verhandlungen in Washington.,Raubgold,,ok
ch_geschichte,3,Warum war die Deutsche Reichsbank im Zweiten Weltkrieg so stark an Schweizer Franken interessiert?,"[""Der Franken war frei konvertierbar und weltweit akzeptiert"", ""Der Franken war durch Silber gedeckt"", ""Deutschland musste der Schweiz Kriegsschulden zahlen"", ""Nur mit Franken konnte man Schweizer Waffen kaufen""]",Mit Franken konnte Deutschland in neutralen Ländern wie Portugal oder Spanien wichtige Rohstoffe kaufen. Gold wurde deshalb in der Schweiz gegen Devisen getauscht.,Der frei konvertierbare Franken machte die Schweiz zur Drehscheibe für deutsches Gold.,Schweizerische Nationalbank,,ok
ch_geschichte,3,"Was geschah mit dem belgischen Gold, das die Reichsbank erbeutet hatte?","[""Es wurde umgeschmolzen und auf Vorkriegsjahre zurückdatiert"", ""Es wurde Belgien noch im Krieg zurückgegeben"", ""Es wurde im Rhein versenkt"", ""Es wurde zu Münzen für die Wehrmacht geprägt""]",Die Reichsbank schmolz das belgische Notenbankgold um und versah es mit gefälschten Jahrgängen wie 1938. So sollte die Herkunft verschleiert werden.,Die Reichsbank tarnte geraubtes belgisches Gold durch Umschmelzen und Rückdatieren.,Raubgold,,ok
ch_geschichte,3,Was versteht man unter dem sogenannten Melmer-Gold?,"[""Gold, das die SS den Opfern der Konzentrationslager raubte"", ""Gold aus deutschen Bergwerken"", ""Gold aus der Kriegskasse Österreichs"", ""Gold, das Schweizer Banken an Deutschland verliehen""]","Benannt ist es nach dem SS-Offizier Bruno Melmer, der Raubgut aus Konzentrations- und Vernichtungslagern an die Reichsbank lieferte. Dazu gehörten Schmuck und Zahngold der Opfer.",Melmer-Gold stammte aus dem Raub an den Opfern der Konzentrationslager.,Raubgold,,ok
ch_geschichte,3,Welches Argument brachte die Schweizerische Nationalbank nach dem Krieg zur Rechtfertigung ihrer Goldkäufe vor?,"[""Sie habe das Gold in gutem Glauben erworben"", ""Sie habe nur Gold aus Belgien gekauft"", ""Sie habe vom Bundesrat keine Erlaubnis gebraucht"", ""Sie habe das Gold sofort zurückgegeben""]","Die Nationalbank berief sich auf den gutgläubigen Erwerb und auf die Neutralität. Die Bergier-Kommission hielt fest, dass die Verantwortlichen früh von der Herkunft des Raubgolds wissen konnten.",Die Nationalbank rechtfertigte ihre Goldkäufe mit angeblicher Gutgläubigkeit.,Schweizerische Nationalbank,,ok
ch_geschichte,3,Welcher Anteil der Goldlieferungen der Reichsbank ins Ausland lief laut Bergier-Kommission über die Schweiz?,"[""Rund drei Viertel"", ""Rund ein Zehntel"", ""Etwa die Hälfte"", ""Fast alles, nämlich 99 Prozent""]",Laut der Kommission wurden rund 77 Prozent der Goldtransaktionen der Reichsbank mit dem Ausland über die Schweiz abgewickelt. Die Nationalbank spielte dabei die Hauptrolle.,Rund drei Viertel des deutschen Goldexports liefen über die Schweiz.,Schweizerische Nationalbank,,ok
ch_geschichte,3,Welcher Fonds wurde 1997 unter anderem mit Geld der Nationalbank für bedürftige Holocaust-Überlebende geschaffen?,"[""Der Spezialfonds zugunsten bedürftiger Opfer von Holocaust und Shoah"", ""Der Solidaritätsfonds der AHV"", ""Der Wiederaufbaufonds Europa"", ""Der Fonds Pro Helvetia""]","Der Spezialfonds entstand 1997, als die Rolle der Schweiz im Zweiten Weltkrieg international stark kritisiert wurde. Banken, Wirtschaft und Nationalbank zahlten ein.",Der Spezialfonds von 1997 unterstützte bedürftige Überlebende des Holocaust.,Schweizerische Nationalbank,,ok
ch_geschichte,3,"In welchem Jahr wurde die parteipolitische Zusammensetzung des Bundesrats eingeführt, die als «Zauberformel» bekannt ist?","[""1959"", ""1947"", ""1971"", ""1984""]","Bei den Bundesratswahlen im Dezember 1959 erhielt die SP zwei Sitze, womit die Verteilung 2:2:2:1 entstand. Sie hielt bis 2003.",Die Zauberformel entstand bei den Bundesratswahlen von 1959.,Zauberformel,,ok
ch_geschichte,3,"Welche Sitzverteilung (FDP, CVP, SP, SVP beziehungsweise BGB) beschreibt die Zauberformel?","[""2:2:2:1"", ""3:2:1:1"", ""2:2:1:2"", ""3:1:2:1""]","FDP, Katholisch-Konservative (später CVP) und SP stellten je zwei Bundesräte, die BGB (später SVP) einen. So waren die vier grössten Parteien gemäss ihrer Stärke vertreten.","Die Zauberformel verteilte die sieben Sitze im Verhältnis zwei, zwei, zwei und eins.",Zauberformel,,ok
ch_geschichte,3,Welche beiden Sozialdemokraten wurden 1959 in den Bundesrat gewählt?,"[""Hans-Peter Tschudi und Willy Spühler"", ""Otto Stich und Willi Ritschard"", ""Max Weber und Ernst Nobs"", ""Pierre Graber und Hans Schaffner""]",Mit Tschudi aus Basel-Stadt und Spühler aus Zürich zog die SP 1959 doppelt in die Landesregierung ein. Tschudi prägte später als Innenminister den Ausbau der AHV.,Tschudi und Spühler waren die ersten SP-Bundesräte der Zauberformel.,Zauberformel,,ok
ch_geschichte,3,Welches politische Prinzip verkörpert die Zauberformel im schweizerischen Regierungssystem?,"[""Konkordanz"", ""Konkurrenzdemokratie"", ""Mehrheitsregierung"", ""Gewaltentrennung""]","Konkordanz bedeutet, dass die wichtigsten Parteien gemeinsam die Regierung bilden, statt dass eine Mehrheit gegen eine Opposition regiert. Die Zauberformel setzte dieses Prinzip arithmetisch um.","Die Zauberformel steht für die Konkordanz, bei der alle grossen Parteien mitregieren.",Zauberformel,,ok
ch_geschichte,3,Durch welches Ereignis endete im Jahr 2003 die klassische Zauberformel?,"[""Wahl von Christoph Blocher anstelle von Ruth Metzler"", ""Rücktritt der SP aus dem Bundesrat"", ""Wahl der ersten Grünen in den Bundesrat"", ""Abspaltung der BDP von der SVP""]","Im Dezember 2003 wählte die Bundesversammlung Christoph Blocher (SVP) und wählte die CVP-Bundesrätin Ruth Metzler ab. Die SVP hatte nun zwei, die CVP nur noch einen Sitz.",Mit der Wahl Blochers 2003 erhielt die SVP einen zweiten Bundesratssitz auf Kosten der CVP.,Zauberformel,,ok
ch_geschichte,3,Welcher Generalsekretär der Konservativ-Christlichsozialen Volkspartei gilt als wichtigster Drahtzieher hinter der Einführung der Zauberformel?,"[""Martin Rosenberg"", ""Philipp Etter"", ""Ludwig von Moos"", ""Hans Schaffner""]",Martin Rosenberg war von 1941 bis 1968 Generalsekretär der Partei und spielte bei den Bundesratswahlen 1959 eine entscheidende Rolle im Hintergrund. Er arbeitete dabei eng mit Bundesrat Philipp Etter zusammen.,Martin Rosenberg gilt als Architekt der Zauberformel.,Zauberformel,,ok
ch_geschichte,3,"Welcher offizielle SP-Kandidat unterlag 1959 bei der Bundesratswahl, obwohl seine Partei ihn nominiert hatte?","[""Walther Bringolf"", ""Robert Grimm"", ""Hans Oprecht"", ""Ernst Nobs""]","Die SP schlug den Schaffhauser Stadtpräsidenten Walther Bringolf vor, die Bundesversammlung wählte aber Hans-Peter Tschudi. Bringolf galt wegen seiner kommunistischen Vergangenheit bei den Bürgerlichen als nicht wählbar.",Walther Bringolf scheiterte 1959 trotz offizieller SP-Nomination.,Zauberformel,,ok
ch_geschichte,3,Rund wie viele Fichen (Karteikarten) legte der Staatsschutz in der Schweiz zwischen 1900 und 1990 an?,"[""Etwa 900 000"", ""Etwa 90 000"", ""Etwa 9000"", ""Etwa 9 Millionen""]",Die Bundespolizei und kantonale Stellen sammelten rund 900 000 Fichen über Personen und Organisationen. Die Aufdeckung 1989 löste eine Staatskrise aus.,Der Staatsschutz hatte rund 900 000 Fichen angelegt.,Fichenskandal,,ok
ch_geschichte,3,Welches Gremium deckte 1989 die systematische Überwachung durch den Staatsschutz auf?,"[""Eine Parlamentarische Untersuchungskommission"", ""Das Bundesgericht"", ""Die Geschäftsprüfungskommission des Ständerats"", ""Eine Kommission der UNO""]",Eine PUK untersuchte die Vorgänge im Eidgenössischen Justiz- und Polizeidepartement und legte im November 1989 ihren Bericht vor. Dabei stiess sie auf die riesige Kartei der Bundespolizei.,Eine Parlamentarische Untersuchungskommission brachte den Fichenskandal ans Licht.,Fichenskandal,,ok
ch_geschichte,3,Welche Bundesstelle führte die zentrale Kartei mit den Fichen?,"[""Die Bundespolizei der Bundesanwaltschaft"", ""Das Bundesamt für Statistik"", ""Die Eidgenössische Steuerverwaltung"", ""Das Bundesamt für Sozialversicherungen""]",Die politische Polizei war bei der Bundesanwaltschaft angesiedelt und sammelte Informationen über verdächtigte Personen. Kantonale Polizeistellen lieferten ihr viele Meldungen.,Die Bundespolizei führte die Fichen-Kartei des Bundes.,Fichenskandal,,ok
ch_geschichte,3,Wen hatte der Staatsschutz vor allem überwacht?,"[""Linke, Gewerkschafter und Ausländer"", ""Vor allem Bankdirektoren"", ""Ausschliesslich Spione fremder Staaten"", ""Nur verurteilte Straftäter""]","Im Klima des Kalten Kriegs galten Linke, Friedensbewegte, Gewerkschafter und viele Ausländer als verdächtig. Oft wurden harmlose Tätigkeiten wie Demonstrationsbesuche notiert.",Im Kalten Krieg überwachte der Staatsschutz vor allem politisch linke Menschen.,Fichenskandal,,ok
ch_geschichte,3,Wie viele Menschen demonstrierten am 3. März 1990 in Bern gegen den «Schnüffelstaat»?,"[""Rund 30 000"", ""Rund 3000"", ""Rund 300 000"", ""Rund 300""]",Etwa 30 000 Personen protestierten auf dem Bundesplatz gegen die Überwachung. Die Demonstration war eine der grössten jener Zeit.,Rund 30 000 Menschen protestierten 1990 in Bern gegen den Schnüffelstaat.,Fichenskandal,,ok
ch_geschichte,3,Was konnten Bürgerinnen und Bürger nach dem Fichenskandal beantragen?,"[""Einsicht in die eigene Fiche"", ""Eine Entschädigung von 10 000 Franken"", ""Die Auflösung der Bundespolizei per Unterschrift"", ""Eine Stelle beim Staatsschutz""]","Hunderttausende verlangten Einsicht in ihre Fiche. Sie erhielten Kopien, in denen die Namen Dritter geschwärzt waren.",Nach dem Skandal durfte man die eigene Fiche einsehen.,Fichenskandal,,ok
ch_geschichte,3,Welche geheime Organisation wurde 1990 im Zuge der Untersuchungen nach dem Fichenskandal enthüllt?,"[""Die Widerstandsorganisation P-26"", ""Die Gruppe «Hydra»"", ""Die Organisation «Alpenwacht»"", ""Die Bewegung «Rote Fahne»""]","Eine zweite PUK, die das Militärdepartement untersuchte, stiess auf die geheime Kaderorganisation P-26. Sie sollte im Fall einer Besetzung Widerstand leisten.",Die PUK zum Militärdepartement deckte 1990 die Geheimorganisation P-26 auf.,Fichenskandal,,ok
ch_geschichte,3,Wie schnitt die Überfremdungsinitiative der Nationalen Aktion im Jahr 1974 ab?,"[""Abgelehnt mit rund 66 Prozent Nein"", ""Angenommen mit rund 52 Prozent Ja"", ""Abgelehnt mit rund 51 Prozent Nein"", ""Zurückgezogen vor der Abstimmung""]",Die Initiative von 1974 verlangte noch stärkere Einschnitte als jene von 1970. Sie wurde deutlich mit rund zwei Dritteln Nein verworfen.,Die zweite Überfremdungsinitiative scheiterte 1974 deutlich.,Schwarzenbach-Initiative,,ok
ch_geschichte,3,Auf welchen Anteil wollte die Schwarzenbach-Initiative die ausländische Bevölkerung in jedem Kanton begrenzen?,"[""10 Prozent"", ""5 Prozent"", ""20 Prozent"", ""30 Prozent""]",Die Initiative verlangte eine Obergrenze von 10 Prozent pro Kanton. Für Genf war eine Ausnahme von 25 Prozent vorgesehen.,Die Schwarzenbach-Initiative wollte den Ausländeranteil auf 10 Prozent senken.,Schwarzenbach-Initiative,,ok
ch_geschichte,3,Für welchen Kanton sah die Schwarzenbach-Initiative eine Ausnahme vor?,"[""Genf"", ""Zürich"", ""Tessin"", ""Basel-Stadt""]",Wegen der internationalen Organisationen sollte in Genf ein höherer Ausländeranteil von 25 Prozent erlaubt bleiben. Alle anderen Kantone hätten die 10-Prozent-Grenze einhalten müssen.,Genf hätte als einziger Kanton mehr Ausländer behalten dürfen.,Schwarzenbach-Initiative,,ok
ch_geschichte,3,Welcher Bewegung gehörte James Schwarzenbach 1970 als Nationalrat an?,"[""Nationale Aktion gegen Überfremdung von Volk und Heimat"", ""Landesring der Unabhängigen"", ""Republikanische Volkspartei der Schweiz"", ""Freisinnig-Demokratische Partei""]",Schwarzenbach war 1967 für die Nationale Aktion in den Nationalrat gewählt worden. Die Bewegung kämpfte gegen die sogenannte Überfremdung.,James Schwarzenbach sass für die Nationale Aktion im Nationalrat.,Schwarzenbach-Initiative,,ok
ch_geschichte,3,Welche Partei gründete James Schwarzenbach 1971 nach seinem Bruch mit der Nationalen Aktion?,"[""Die Republikanische Bewegung"", ""Die Autopartei"", ""Den Landesring der Unabhängigen"", ""Die Schweizer Demokraten""]",Nach Streitigkeiten verliess Schwarzenbach die Nationale Aktion und gründete die Republikanische Bewegung. Sie gewann 1971 mehrere Nationalratssitze.,Schwarzenbach gründete 1971 die Republikanische Bewegung.,Schwarzenbach-Initiative,,ok
ch_geschichte,3,Rund wie viele Ausländerinnen und Ausländer hätten bei Annahme der Schwarzenbach-Initiative die Schweiz verlassen müssen?,"[""Rund 300 000"", ""Rund 30 000"", ""Rund 3 Millionen"", ""Rund 3000""]","Um die 10-Prozent-Grenze zu erreichen, hätten schätzungsweise 300 000 Menschen ausreisen müssen. Betroffen wären vor allem italienische Arbeitskräfte gewesen.",Die Initiative hätte rund 300 000 Menschen zur Ausreise gezwungen.,Schwarzenbach-Initiative,,ok
ch_geschichte,3,Warum durften Frauen 1970 nicht über die Schwarzenbach-Initiative abstimmen?,"[""Das eidgenössische Frauenstimmrecht gab es erst ab 1971"", ""Frauen waren von Ausländerfragen ausgeschlossen"", ""Die Abstimmung fand nur im Parlament statt"", ""Es war eine reine Kantonsabstimmung""]",Das Frauenstimmrecht auf Bundesebene wurde erst am 7. Februar 1971 angenommen. 1970 stimmten deshalb nur Männer ab.,Über die Schwarzenbach-Initiative entschieden 1970 nur Männer.,Schwarzenbach-Initiative,,ok
ch_geschichte,3,"Auf welchem Gesetz beruhte das Saisonnierstatut, das der Bundesrat 1934 umsetzte?","[""Bundesgesetz über Aufenthalt und Niederlassung der Ausländer (ANAG)"", ""Fabrikgesetz von 1877"", ""Arbeitsgesetz von 1964"", ""Zivilgesetzbuch von 1907""]",Das ANAG von 1931 bildete die Grundlage für befristete Aufenthaltsbewilligungen. Der Bundesrat setzte das Saisonnierstatut 1934 in Kraft.,Das Saisonnierstatut beruhte auf dem Ausländergesetz ANAG von 1931.,Saisonnierstatut,,ok
ch_geschichte,3,Was war Saisonniers in der Schweiz grundsätzlich verboten?,"[""Den Familiennachzug"", ""Eine Gewerkschaftsmitgliedschaft"", ""Das Benutzen der SBB"", ""Das Eröffnen eines Bankkontos""]",Saisonniers durften ihre Familie zunächst nicht in die Schweiz holen. Erst nach mehreren vollen Saisons wurde dies unter strengen Bedingungen möglich.,Saisonniers durften ihre Familien lange nicht mitbringen.,Saisonnierstatut,,ok
ch_geschichte,3,Welche Volksinitiative verlangte 1981 die Abschaffung des Saisonnierstatuts?,"[""Die Mitenand-Initiative"", ""Die Schwarzenbach-Initiative"", ""Die Ecopop-Initiative"", ""Die Begrenzungsinitiative""]","Die Mitenand-Initiative wollte eine neue, solidarische Ausländerpolitik. Sie wurde am 5. April 1981 mit über 80 Prozent Nein abgelehnt.",Die Mitenand-Initiative forderte vergeblich das Ende des Saisonnierstatuts.,Saisonnierstatut,,ok
ch_geschichte,3,Nach wie vielen aufeinanderfolgenden vollen Saisons konnte ein Saisonnier eine Jahresaufenthaltsbewilligung erhalten?,"[""Nach vier Saisons"", ""Nach einer Saison"", ""Nach zwei Saisons"", ""Nach zwölf Saisons""]","Wer vier Jahre hintereinander die volle Saison gearbeitet hatte, konnte eine Umwandlung in eine Jahresbewilligung beantragen. Erst damit wurde auch der Familiennachzug möglich.",Nach vier vollen Saisons konnte ein Saisonnier die Jahresbewilligung beantragen.,Saisonnierstatut,,ok
ch_geschichte,3,"Wie nennt man die Kinder von Saisonniers, die illegal und versteckt in der Schweiz lebten?","[""Versteckte Kinder"", ""Verdingkinder"", ""Heimkinder"", ""Schwabenkinder""]","Geschätzt Zehntausende Kinder lebten versteckt bei ihren Eltern, weil der Familiennachzug verboten war. Viele durften jahrelang nicht zur Schule gehen.",Wegen des Saisonnierstatuts mussten viele Kinder versteckt leben.,Saisonnierstatut,,ok
ch_geschichte,3,Welches Modell der Ausländerpolitik schloss ab 1991 Saisonniers aus Staaten wie Jugoslawien zunehmend aus?,"[""Das Drei-Kreise-Modell"", ""Das Zwei-Säulen-Modell"", ""Das Kontingent-Pyramiden-Modell"", ""Das Rotationsmodell der EFTA""]","Das Drei-Kreise-Modell bevorzugte Arbeitskräfte aus EG- und EFTA-Staaten. Personen aus dem dritten Kreis, etwa aus Jugoslawien, wurden kaum noch zugelassen.",Das Drei-Kreise-Modell teilte Herkunftsländer ab 1991 in Gruppen ein.,Saisonnierstatut,,ok
ch_geschichte,3,"Bei welchem Unglück 1965 im Wallis starben 88 Arbeiter, darunter viele italienische Saisonniers?","[""Mattmark"", ""Gondo"", ""Mitholz"", ""Elm""]",Beim Bau des Mattmark-Staudamms brach ein Gletscherstück ab und verschüttete die Baracken. 56 der 88 Toten waren Italiener.,Das Mattmark-Unglück von 1965 traf vor allem italienische Gastarbeiter.,Saisonnierstatut,,ok
ch_geschichte,3,"In welchem Kanton liegt Kaiseraugst, wo 1975 das Baugelände eines Atomkraftwerks besetzt wurde?","[""Aargau"", ""Basel-Landschaft"", ""Solothurn"", ""Bern""]","Kaiseraugst liegt im Fricktal im Kanton Aargau, nahe der Grenze zu Basel-Landschaft. Der Widerstand kam stark aus der ganzen Region Nordwestschweiz.",Kaiseraugst liegt im Kanton Aargau am Rhein.,Kernkraftwerk Kaiseraugst,,ok
ch_geschichte,3,In welchem Monat des Jahres 1975 begann die grosse Besetzung des Baugeländes in Kaiseraugst?,"[""April"", ""Januar"", ""August"", ""November""]",Am 1. April 1975 besetzten AKW-Gegner das Baugelände. Viele hielten die Nachricht zuerst für einen Aprilscherz.,Die Besetzung von Kaiseraugst begann im April 1975.,Kernkraftwerk Kaiseraugst,,ok
ch_geschichte,3,Rund wie viele Menschen beteiligten sich 1975 an der Besetzung in Kaiseraugst?,"[""Rund 15 000"", ""Rund 1500"", ""Rund 150 000"", ""Rund 150""]",Insgesamt besetzten rund 15 000 Personen das Gelände und behinderten die Aushubarbeiten. Sie stammten aus ganz unterschiedlichen politischen Lagern.,An der Besetzung von Kaiseraugst nahmen rund 15 000 Menschen teil.,Kernkraftwerk Kaiseraugst,,ok
ch_geschichte,3,Wie lange dauerte die Besetzung des Baugeländes von Kaiseraugst 1975?,"[""Elf Wochen"", ""Elf Tage"", ""Elf Monate"", ""Zwei Jahre""]",Die Besetzer harrten elf Wochen aus. Danach verschoben die Behörden den Baubeginn und verhandelten mit den Gegnern.,Die Besetzung von Kaiseraugst dauerte elf Wochen.,Kernkraftwerk Kaiseraugst,,ok
ch_geschichte,3,Wie endete das Projekt Kernkraftwerk Kaiseraugst?,"[""Es wurde 1988 politisch aufgegeben"", ""Es ging 1985 in Betrieb"", ""Es wurde 2011 nach Fukushima abgerissen"", ""Es wurde in ein Gaskraftwerk umgebaut""]","Ende der 1980er-Jahre wurde das Projekt aus politischen Gründen fallengelassen, 1988 gilt als Jahr des Verzichts. Das Werk wurde nie gebaut.",Das Kernkraftwerk Kaiseraugst wurde nie gebaut.,Kernkraftwerk Kaiseraugst,,ok
ch_geschichte,3,Wie hoch war die Entschädigung des Bundes an die Betreibergesellschaft nach dem Verzicht auf Kaiseraugst?,"[""350 Millionen Franken"", ""35 Millionen Franken"", ""3,5 Milliarden Franken"", ""Es gab keine Entschädigung""]","Die Eidgenossenschaft zahlte den beteiligten Unternehmen 350 Millionen Franken. Die bis dahin aufgelaufenen Projektkosten lagen bei rund 1,3 Milliarden Franken.",Der Bund zahlte für den Verzicht auf Kaiseraugst 350 Millionen Franken.,Kernkraftwerk Kaiseraugst,,ok
ch_geschichte,3,Welche Protestform prägte die Besetzung von Kaiseraugst vor allem?,"[""Gewaltfreier ziviler Ungehorsam"", ""Bewaffneter Widerstand"", ""Ein landesweiter Generalstreik"", ""Ein Hungerstreik im Bundeshaus""]",Die Besetzer verfolgten ein gewaltfreies Konzept und blieben friedlich auf dem Gelände. Kaiseraugst wurde so zum Symbol der Schweizer Anti-AKW-Bewegung.,Kaiseraugst gilt als Beispiel für gewaltfreien zivilen Ungehorsam.,Kernkraftwerk Kaiseraugst,,ok
ch_geschichte,3,Welcher Entscheid löste 1980 die Jugendunruhen in Zürich aus?,"[""Ein Kredit von 60 Millionen Franken für das Opernhaus"", ""Die Schliessung der Universität"", ""Ein Verbot von Rockkonzerten"", ""Die Erhöhung der Tramtarife""]","Die Stadt bewilligte 60 Millionen Franken für die Renovation des Opernhauses. Junge Leute fanden, für ihre Kultur werde dagegen nichts getan.",Der Opernhauskredit war der Auslöser der Zürcher Jugendunruhen von 1980.,Opernhauskrawall,,ok
ch_geschichte,3,Was forderten die Jugendlichen der «Bewegung» 1980 in Zürich vor allem?,"[""Ein Autonomes Jugendzentrum"", ""Das Stimmrechtsalter 16"", ""Gratis-Studium"", ""Ein neues Fussballstadion""]","Die Bewegung verlangte Raum für eine selbstverwaltete, alternative Jugendkultur. Das AJZ war die zentrale Forderung.",Die Zürcher Jugendbewegung kämpfte für ein Autonomes Jugendzentrum.,Opernhauskrawall,,ok
ch_geschichte,3,An welchem Tag begann der Opernhauskrawall in Zürich?,"[""30. Mai 1980"", ""1. Mai 1980"", ""14. Juni 1980"", ""12. Juli 1980""]",In der Nacht vom 30. auf den 31. Mai 1980 kam es vor dem Opernhaus zu Krawallen. Sie gelten als Startpunkt der Achtziger-Bewegung.,Der Opernhauskrawall begann am 30. Mai 1980.,Opernhauskrawall,,ok
ch_geschichte,3,Welches Konzert lieferte am Abend des Opernhauskrawalls zusätzliche Demonstrierende?,"[""Ein Konzert von Bob Marley"", ""Ein Konzert von Elvis Presley"", ""Ein Konzert der Beatles"", ""Ein Konzert von Michael Jackson""]",Besucher eines Bob-Marley-Konzerts im Hallenstadion stiessen zur Demonstration. Dadurch wuchs die Menge stark an.,Am Abend des Opernhauskrawalls spielte Bob Marley in Zürich.,Opernhauskrawall,,ok
ch_geschichte,3,Welcher Slogan wurde zum Markenzeichen der Zürcher Jugendbewegung?,"[""«Wir wollen alles, und zwar subito!»"", ""«Make love, not war!»"", ""«Freie Fahrt für freie Bürger!»"", ""«Keine Experimente!»""]",Der Spruch drückte die Ungeduld der Jugendlichen gegenüber Behörden und Gesellschaft aus. Er wurde zu einem der bekanntesten Slogans der Achtzigerjahre.,"Die Achtziger-Bewegung wollte «alles, und zwar subito».",Opernhauskrawall,,ok
ch_geschichte,3,Wie heisst der Dokumentarfilm des Videoladens Zürich über die Unruhen von 1980?,"[""«Züri brännt»"", ""«Die Schweizermacher»"", ""«Das Boot ist voll»"", ""«Grounding»""]",«Züri brännt» zeigt die Ereignisse aus der Sicht der Bewegung. Der Film erschien 1981.,Der Film «Züri brännt» dokumentiert die Zürcher Jugendunruhen.,Opernhauskrawall,,ok
ch_geschichte,3,Wo befand sich das erste Autonome Jugendzentrum (AJZ) in Zürich?,"[""In der Nähe des Hauptbahnhofs"", ""Im Opernhaus"", ""Auf dem Üetliberg"", ""In der ETH Zürich""]",Das AJZ wurde 1980 in einem Gebäude beim Carparkplatz in der Nähe des Hauptbahnhofs eröffnet. Es wurde mehrmals geschlossen und 1982 abgerissen.,Das erste AJZ stand beim Zürcher Hauptbahnhof.,Opernhauskrawall,,ok
ch_geschichte,3,In welchem Jahrzehnt prägte das «Waldsterben» die Umweltdebatte in der Schweiz am stärksten?,"[""In den 1980er-Jahren"", ""In den 1950er-Jahren"", ""In den 1960er-Jahren"", ""In den 2000er-Jahren""]",Anfang der 1980er-Jahre zeigten Untersuchungen geschädigte Baumkronen. Die Angst vor dem Verlust der Wälder wurde zu einem politischen Grossthema.,Das Waldsterben war das grosse Umweltthema der 1980er-Jahre.,Waldsterben,,ok
ch_geschichte,3,Welche Ursache wurde für das Waldsterben vor allem verantwortlich gemacht?,"[""Luftverschmutzung und saurer Regen"", ""Der Borkenkäfer allein"", ""Zu viele Wanderer"", ""Der Lärm von Flugzeugen""]","Schwefeldioxid und Stickoxide aus Verkehr, Industrie und Heizungen galten als Hauptursache. Sie verursachen sauren Regen und schädigen Blätter und Böden.",Man machte vor allem die Luftverschmutzung für das Waldsterben verantwortlich.,Waldsterben,,ok
ch_geschichte,3,Welche technische Massnahme gegen Autoabgase wurde in der Schweiz ab 1987 für neue Benzinautos Pflicht?,"[""Der Katalysator"", ""Der Partikelfilter"", ""Der Elektromotor"", ""Die Start-Stopp-Automatik""]",Mit strengen Abgasvorschriften wurde der Dreiwege-Katalysator für neue Benzinautos faktisch obligatorisch. Er senkt den Ausstoss von Stickoxiden stark.,Ab 1987 brauchten neue Benzinautos in der Schweiz einen Katalysator.,Waldsterben,,ok
ch_geschichte,3,Welche Verordnung erliess der Bundesrat 1985 als Reaktion auf die Luftbelastung?,"[""Die Luftreinhalte-Verordnung"", ""Die Lärmschutz-Verordnung"", ""Die Waldverordnung"", ""Die Energieverordnung""]",Die Luftreinhalte-Verordnung (LRV) legte Grenzwerte für Schadstoffe fest und trat 1986 in Kraft. Sie stützt sich auf das Umweltschutzgesetz von 1983.,Die Luftreinhalte-Verordnung setzte Grenzwerte für die Luftqualität.,Waldsterben,,ok
ch_geschichte,3,Welcher Chemieunfall bei Basel liess 1986 den Rhein auf vielen Kilometern rot färben?,"[""Der Brand von Schweizerhalle"", ""Der Unfall von Seveso"", ""Die Katastrophe von Bhopal"", ""Der Brand von Mitholz""]","Am 1. November 1986 brannte bei Schweizerhalle eine Lagerhalle von Sandoz. Mit dem Löschwasser gelangten Gifte in den Rhein, viele Fische starben.",Der Brand von Schweizerhalle 1986 vergiftete den Rhein.,Waldsterben,,ok
ch_geschichte,3,Wie beurteilt die Forschung das Waldsterben der 1980er-Jahre heute meist?,"[""Die befürchtete grossflächige Zerstörung der Wälder trat nicht ein"", ""Die Schweizer Wälder sind fast vollständig abgestorben"", ""Das Waldsterben wurde nie untersucht"", ""Es betraf nur Tropenwälder""]","Dank Massnahmen gegen die Luftverschmutzung und weil die Prognosen zu pessimistisch waren, blieb das grosse Sterben aus. Viele Fachleute betonen aber, dass die Warnungen wichtige Umweltgesetze anstiessen.",Das befürchtete grosse Waldsterben blieb in der Schweiz aus.,Waldsterben,,ok
ch_geschichte,3,Welches Programm des Bundes erfasst seit Mitte der 1980er-Jahre den Gesundheitszustand der Schweizer Wälder?,"[""Sanasilva"", ""Silvaplana"", ""Natura 2000"", ""Pro Natura""]",Die Sanasilva-Inventur erfasst seit 1985 regelmässig den Zustand der Baumkronen. Sie entstand als Reaktion auf die Waldsterbens-Debatte.,Mit dem Sanasilva-Programm beobachtete der Bund die Gesundheit des Waldes.,Waldsterben,,ok
ch_geschichte,3,In welcher Zürcher Gemeinde war Elisabeth Kopp vor ihrer Bundesratszeit Gemeindepräsidentin?,"[""Zumikon"", ""Küsnacht"", ""Meilen"", ""Zollikon""]",Kopp präsidierte von 1974 bis 1984 die Gemeinde Zumikon. Sie war eine der ersten Gemeindepräsidentinnen der Schweiz.,Elisabeth Kopp war Gemeindepräsidentin von Zumikon.,Elisabeth Kopp,,ok
ch_geschichte,3,Welcher Partei gehörte Elisabeth Kopp an?,"[""FDP"", ""SP"", ""CVP"", ""SVP""]",Kopp gehörte den Freisinnigen an. Sie sass ab 1979 für diese Partei im Nationalrat.,Elisabeth Kopp war Mitglied der FDP.,Elisabeth Kopp,,ok
ch_geschichte,3,Welches Departement leitete Elisabeth Kopp als Bundesrätin?,"[""Justiz- und Polizeidepartement"", ""Militärdepartement"", ""Finanzdepartement"", ""Departement für auswärtige Angelegenheiten""]",Kopp stand dem EJPD vor. Dort war sie unter anderem für Asylfragen zuständig.,Elisabeth Kopp führte das Eidgenössische Justiz- und Polizeidepartement.,Elisabeth Kopp,,ok
ch_geschichte,3,Weshalb trat Elisabeth Kopp am 12. Januar 1989 zurück?,"[""Wegen eines Telefonats, mit dem sie ihren Ehemann warnte"", ""Aus gesundheitlichen Gründen"", ""Weil sie in die UNO wechselte"", ""Wegen einer verlorenen Volksabstimmung""]","Kopp hatte ihrem Mann geraten, aus dem Verwaltungsrat einer Firma zurückzutreten, gegen die ermittelt wurde. Weil sie dies verschwieg, geriet sie unter Druck.",Ein Telefonat mit ihrem Ehemann führte zu Kopps Rücktritt.,Elisabeth Kopp,,ok
ch_geschichte,3,Welches Amt hätte Elisabeth Kopp ohne ihren Rücktritt im Jahr 1990 voraussichtlich übernommen?,"[""Bundespräsidentin"", ""Nationalratspräsidentin"", ""Bundeskanzlerin"", ""Generalsekretärin der UNO""]",Kopp war im Dezember 1988 zur Vizepräsidentin des Bundesrats für 1989 gewählt worden. Nach der üblichen Reihenfolge wäre sie 1990 Bundespräsidentin geworden.,Ohne ihren Rücktritt wäre Kopp 1990 die erste Bundespräsidentin geworden.,Elisabeth Kopp,,ok
ch_geschichte,3,Wer folgte 1989 auf Elisabeth Kopp im Bundesrat?,"[""Kaspar Villiger"", ""Adolf Ogi"", ""Arnold Koller"", ""Flavio Cotti""]",Die Bundesversammlung wählte den Luzerner Freisinnigen Kaspar Villiger. Er übernahm zunächst das Militärdepartement.,Kaspar Villiger wurde 1989 Nachfolger von Elisabeth Kopp.,Elisabeth Kopp,,ok
ch_geschichte,3,Wie endete das Strafverfahren gegen Elisabeth Kopp wegen Amtsgeheimnisverletzung?,"[""Mit einem Freispruch durch das Bundesgericht"", ""Mit einer Gefängnisstrafe"", ""Mit einer hohen Busse"", ""Es wurde nie eröffnet""]",Das Bundesgericht sprach Kopp 1990 frei. Politisch blieb ihr Rücktritt dennoch ein tiefer Einschnitt.,Elisabeth Kopp wurde vom Bundesgericht freigesprochen.,Elisabeth Kopp,,ok
ch_geschichte,3,Welche Organisation lancierte die Volksinitiative «Für eine Schweiz ohne Armee»?,"[""Die Gruppe für eine Schweiz ohne Armee (GSoA)"", ""Die Schweizerische Offiziersgesellschaft"", ""Der Schweizerische Gewerkschaftsbund"", ""Das Rote Kreuz""]",Die GSoA wurde 1982 gegründet und reichte die Initiative 1986 ein. Sie verlangte die Abschaffung der Armee und eine umfassende Friedenspolitik.,Die GSoA lancierte die Initiative zur Abschaffung der Armee.,Armeeabschaffungsinitiative,,ok
ch_geschichte,3,Wann stimmte die Schweiz über die Abschaffung der Armee ab?,"[""26. November 1989"", ""4. Juni 1989"", ""24. September 1989"", ""10. Dezember 1989""]",Die Abstimmung fand am 26. November 1989 statt. Die Stimmbeteiligung war mit rund 69 Prozent sehr hoch.,Am 26. November 1989 entschied das Volk über die Abschaffung der Armee.,Armeeabschaffungsinitiative,,ok
ch_geschichte,3,Wie viele Prozent Ja-Stimmen erhielt die Armeeabschaffungsinitiative 1989?,"[""Rund 36 Prozent"", ""Rund 12 Prozent"", ""Rund 51 Prozent"", ""Rund 70 Prozent""]","Die Initiative wurde abgelehnt, erreichte aber 35,6 Prozent Ja. Viele Beobachter waren von diesem hohen Anteil überrascht.",Über ein Drittel stimmte 1989 für die Abschaffung der Armee.,Armeeabschaffungsinitiative,,ok
ch_geschichte,3,Welche beiden Kantone nahmen die Armeeabschaffungsinitiative 1989 an?,"[""Jura und Genf"", ""Basel-Stadt und Zürich"", ""Tessin und Wallis"", ""Bern und Neuenburg""]",Nur in den Kantonen Jura und Genf gab es eine Ja-Mehrheit. Volk und Stände lehnten die Initiative insgesamt ab.,Jura und Genf stimmten als einzige Kantone für die Abschaffung der Armee.,Armeeabschaffungsinitiative,,ok
ch_geschichte,3,Welche Reform folgte in den 1990er-Jahren unter anderem auf die Armeeabschaffungsinitiative?,"[""Die Einführung des Zivildienstes"", ""Die Abschaffung der Wehrpflicht"", ""Der Beitritt zur NATO"", ""Die Einführung einer Berufsarmee""]","1992 nahm das Volk einen Verfassungsartikel für einen zivilen Ersatzdienst an, der Zivildienst startete 1996. Zuvor wurden Verweigerer bestraft.",Seit 1996 gibt es in der Schweiz einen Zivildienst.,Armeeabschaffungsinitiative,,ok
ch_geschichte,3,Wie schnitt die zweite Initiative der GSoA zur Abschaffung der Armee im Jahr 2001 ab?,"[""Sie erhielt nur rund 22 Prozent Ja"", ""Sie wurde angenommen"", ""Sie erhielt rund 45 Prozent Ja"", ""Sie wurde für ungültig erklärt""]","Die Initiative «Für eine glaubwürdige Sicherheitspolitik und eine Schweiz ohne Armee» erreichte am 2. Dezember 2001 nur 21,9 Prozent Ja. Das war deutlich weniger als 1989.",Die zweite Armeeabschaffungsinitiative scheiterte 2001 deutlich.,Armeeabschaffungsinitiative,,ok
ch_geschichte,3,Welches Weltereignis fand nur wenige Wochen vor der Armeeabschaffungsabstimmung statt?,"[""Der Fall der Berliner Mauer"", ""Die Mondlandung"", ""Die Kubakrise"", ""Der Golfkrieg""]",Die Berliner Mauer fiel am 9. November 1989. Das Ende des Kalten Kriegs beeinflusste die Debatte über die Armee.,Die Armeeabschaffungsabstimmung fand kurz nach dem Mauerfall statt.,Armeeabschaffungsinitiative,,ok
ch_geschichte,3,Was versteht man unter nachrichtenlosen Vermögen?,"[""Konten, deren Besitzer sich seit langem nicht gemeldet haben"", ""Gestohlene Goldbarren"", ""Steuern, die nie bezahlt wurden"", ""Geheime Staatsschulden""]","Es handelt sich um Guthaben, zu deren Inhabern die Bank keinen Kontakt mehr hat. In den 1990er-Jahren ging es vor allem um Konten von Holocaust-Opfern.",Nachrichtenlose Vermögen sind Konten ohne Kontakt zu den Berechtigten.,Nachrichtenlose Vermögen,,ok
ch_geschichte,3,Welcher Wachmann rettete 1997 Akten aus dem Schredderraum einer Grossbank?,"[""Christoph Meili"", ""Bradley Birkenfeld"", ""Hervé Falciani"", ""Rudolf Elmer""]","Christoph Meili fand bei der Schweizerischen Bankgesellschaft Dokumente aus der Zeit des Zweiten Weltkriegs, die vernichtet werden sollten. Er übergab sie einer jüdischen Organisation.",Christoph Meili rettete 1997 Bankakten vor dem Schredder.,Nachrichtenlose Vermögen,,ok
ch_geschichte,3,"Welcher Schweizer Botschafter in den USA trat 1997 zurück, nachdem ein interner Bericht von ihm mit dem Wort «Krieg» bekannt wurde?","[""Carlo Jagmetti"", ""Thomas Borer"", ""Edouard Brunner"", ""Franz Blankart""]","Carlo Jagmetti hatte die Auseinandersetzung als Krieg bezeichnet, den die Schweiz gewinnen müsse. Nach der Veröffentlichung des Papiers trat er im Januar 1997 zurück.",Botschafter Carlo Jagmetti trat 1997 wegen eines geleakten Berichts zurück.,Nachrichtenlose Vermögen,,ok
ch_geschichte,3,"Wie hoch war der Betrag des Vergleichs, den UBS und Credit Suisse 1998 mit Sammelklägern in den USA abschlossen?","[""1,25 Milliarden Dollar"", ""125 Millionen Dollar"", ""12,5 Milliarden Dollar"", ""25 Millionen Dollar""]","Im August 1998 einigten sich die Grossbanken auf eine Zahlung von 1,25 Milliarden Dollar. Damit wurden die Sammelklagen beigelegt.","Die Schweizer Grossbanken zahlten 1998 einen Vergleich von 1,25 Milliarden Dollar.",Nachrichtenlose Vermögen,,ok
ch_geschichte,3,Welche internationale Organisation trieb die Debatte um die nachrichtenlosen Vermögen in den 1990er-Jahren besonders voran?,"[""Der Jüdische Weltkongress"", ""Die Weltbank"", ""Der Internationale Währungsfonds"", ""Die OECD""]",Der Jüdische Weltkongress unter Edgar Bronfman verlangte Aufklärung und Rückgabe der Gelder. Unterstützt wurde er vom US-Senator Alfonse D'Amato.,Der Jüdische Weltkongress drängte auf die Aufklärung der nachrichtenlosen Vermögen.,Nachrichtenlose Vermögen,,ok
ch_geschichte,3,"Welcher Bundesrat löste 1996 mit der Aussage, die Forderungen seien eine Art «Erpressung», Empörung aus?","[""Jean-Pascal Delamuraz"", ""Kaspar Villiger"", ""Flavio Cotti"", ""Arnold Koller""]",Der Waadtländer Bundespräsident Delamuraz sprach Ende 1996 von Erpressung und Lösegeld. Er entschuldigte sich später für die Äusserung.,Bundesrat Delamuraz sorgte 1996 mit seinem Erpressungsvorwurf für Empörung.,Nachrichtenlose Vermögen,,ok
ch_geschichte,3,Welches Gremium unter einem früheren US-Notenbankchef durchsuchte ab 1996 die Schweizer Bankkonten?,"[""Die Volcker-Kommission"", ""Die Bergier-Kommission"", ""Die Warren-Kommission"", ""Die Brundtland-Kommission""]",Das ICEP unter Paul Volcker liess Millionen Konten prüfen. Es fand rund 54 000 Konten mit möglichem Bezug zu Holocaust-Opfern.,Die Volcker-Kommission prüfte die Konten der Schweizer Banken.,Nachrichtenlose Vermögen,,ok
ch_geschichte,3,"Wie hiess die Holdinggesellschaft, zu der die Swissair zur Zeit des Groundings gehörte?","[""SAirGroup"", ""Swiss Holding AG"", ""Helvetic Air Group"", ""Alpine Airways AG""]","Die SAirGroup umfasste neben der Fluggesellschaft auch Catering, Bodenabfertigung und Beteiligungen. Ihr Zusammenbruch riss die Swissair mit.",Die Swissair gehörte zur SAirGroup.,Swissair-Grounding,,ok
ch_geschichte,3,"Wie hiess die Expansionsstrategie, die die Swissair in die Krise führte?","[""Hunter-Strategie"", ""Alpha-Strategie"", ""Falcon-Strategie"", ""Eagle-Strategie""]",Die Swissair kaufte sich mit der Hunter-Strategie bei vielen kleineren Fluggesellschaften ein. Diese Beteiligungen verursachten enorme Verluste.,Die Hunter-Strategie ruinierte die Swissair.,Swissair-Grounding,,ok
ch_geschichte,3,An welcher belgischen Fluggesellschaft war die Swissair stark beteiligt?,"[""Sabena"", ""KLM"", ""Iberia"", ""TAP""]","Die Swissair hielt 49,5 Prozent an der Sabena. Die belgische Airline schrieb hohe Verluste und ging im November 2001 ebenfalls in Konkurs.",Die Beteiligung an der Sabena belastete die Swissair schwer.,Swissair-Grounding,,ok
ch_geschichte,3,Welcher Manager stand als Konzernchef hinter der Hunter-Strategie und wurde Anfang 2001 entlassen?,"[""Philippe Bruggisser"", ""Mario Corti"", ""Moritz Suter"", ""Carsten Spohr""]",Philippe Bruggisser hatte die Expansion vorangetrieben. Nach seiner Entlassung übernahm Mario Corti die Führung.,Philippe Bruggisser war der Architekt der Hunter-Strategie.,Swissair-Grounding,,ok
ch_geschichte,3,Welches Weltereignis im Herbst 2001 verschärfte die Finanznot der Swissair zusätzlich?,"[""Die Terroranschläge vom 11. September"", ""Der Ausbruch der Vogelgrippe"", ""Die Finanzkrise von Lehman Brothers"", ""Der Ausbruch des Irakkriegs""]",Nach den Anschlägen in den USA brach der Flugverkehr weltweit ein. Für die ohnehin überschuldete Swissair kam dies zum schlechtesten Zeitpunkt.,Die Anschläge vom 11. September 2001 verschärften die Swissair-Krise.,Swissair-Grounding,,ok
ch_geschichte,3,Wer gründete die Regionalfluggesellschaft Crossair?,"[""Moritz Suter"", ""Mario Corti"", ""Philippe Bruggisser"", ""André Dosé""]",Der Pilot und Unternehmer Moritz Suter baute die Crossair ab den späten 1970er-Jahren in Basel auf. Sie wurde zu einer erfolgreichen Regionalairline.,Moritz Suter gründete die Crossair.,Swissair-Grounding,,ok
ch_geschichte,3,Wie endete der Strafprozess gegen die ehemaligen Swissair-Verantwortlichen 2007?,"[""Mit Freisprüchen für alle Angeklagten"", ""Mit Gefängnisstrafen für alle"", ""Mit einer Verurteilung des ganzen Verwaltungsrats"", ""Er wurde wegen Verjährung nie geführt""]",Das Bezirksgericht Bülach sprach 2007 alle 19 Angeklagten frei. Viele empfanden das Urteil als unbefriedigend.,Im Swissair-Prozess wurden 2007 alle Angeklagten freigesprochen.,Swissair-Grounding,,ok
ch_geschichte,3,"Welche Abstimmung von 1992 führte dazu, dass die Schweiz den bilateralen Weg mit der EU einschlug?","[""Das Nein zum EWR-Beitritt"", ""Das Nein zum UNO-Beitritt"", ""Das Ja zur Alpen-Initiative"", ""Das Nein zum Frauenstimmrecht""]",Am 6. Dezember 1992 lehnten Volk und Stände den Beitritt zum Europäischen Wirtschaftsraum knapp ab. Danach verhandelte die Schweiz einzelne Verträge mit der EU.,Nach dem EWR-Nein von 1992 wählte die Schweiz den bilateralen Weg.,Bilaterale Verträge,,ok
ch_geschichte,3,Was nahm das Volk am 25. September 2005 mit rund 56 Prozent Ja an?,"[""Die Ausdehnung der Personenfreizügigkeit auf zehn neue EU-Staaten"", ""Den Beitritt zur UNO"", ""Das Landverkehrsabkommen"", ""Die Einführung des Euro""]",Nach der EU-Osterweiterung 2004 musste die Personenfreizügigkeit auf die neuen Mitgliedstaaten ausgedehnt werden. Das Volk stimmte mit rund 56 Prozent zu.,2005 dehnte die Schweiz die Personenfreizügigkeit auf die neuen EU-Staaten aus.,Bilaterale Verträge,,ok
ch_geschichte,3,"Wie heissen die Massnahmen, die seit 2004 Schweizer Löhne bei Personenfreizügigkeit vor Lohndumping schützen sollen?","[""Flankierende Massnahmen"", ""Bilaterale Schutzklauseln"", ""Ventilklauseln"", ""Grenzgängerregeln""]","Die flankierenden Massnahmen erlauben Kontrollen von Löhnen und Arbeitsbedingungen, auch bei entsandten Arbeitskräften. Sie traten am 1. Juni 2004 in Kraft.",Die flankierenden Massnahmen schützen die Löhne in der Schweiz.,Bilaterale Verträge,,ok
ch_geschichte,3,Mit welchem Ja-Anteil nahm das Volk die Bilateralen I am 21. Mai 2000 an?,"[""Rund 67 Prozent"", ""Rund 51 Prozent"", ""Rund 85 Prozent"", ""Rund 45 Prozent""]","Die Stimmberechtigten sagten mit 67,2 Prozent Ja. Damit war der Weg für die Abkommen frei.",Zwei Drittel stimmten 2000 für die Bilateralen I.,Bilaterale Verträge,,ok
ch_geschichte,3,Welches Abkommen der Bilateralen I regelt unter anderem den alpenquerenden Schwerverkehr und die Lastwagenabgabe?,"[""Das Landverkehrsabkommen"", ""Das Luftverkehrsabkommen"", ""Das Forschungsabkommen"", ""Das Beschaffungsabkommen""]",Das Landverkehrsabkommen erlaubt der Schweiz die leistungsabhängige Schwerverkehrsabgabe (LSVA). Im Gegenzug wurde die Gewichtslimite für Lastwagen auf 40 Tonnen erhöht.,Das Landverkehrsabkommen regelt den Lastwagenverkehr durch die Alpen.,Bilaterale Verträge,,ok
ch_geschichte,3,Welches ältere Abkommen von 1972 regelt bis heute den zollfreien Handel mit Industriegütern zwischen der Schweiz und der EU?,"[""Das Freihandelsabkommen"", ""Das Landverkehrsabkommen"", ""Das Zinsbesteuerungsabkommen"", ""Das Dublin-Abkommen""]",Das Freihandelsabkommen wurde 1972 vom Volk mit rund 72 Prozent angenommen. Es baute Zölle auf Industriegüter ab.,Das Freihandelsabkommen von 1972 ist die Grundlage des Handels mit der EU.,Bilaterale Verträge,,ok
ch_geschichte,3,Welche Volksinitiative zur Beendigung der Personenfreizügigkeit lehnte das Volk im September 2020 ab?,"[""Die Begrenzungsinitiative"", ""Die Durchsetzungsinitiative"", ""Die Selbstbestimmungsinitiative"", ""Die Ecopop-Initiative""]",Die Begrenzungsinitiative wurde am 27. September 2020 mit rund 62 Prozent Nein abgelehnt. Bei einer Annahme hätte die Kündigung der Bilateralen I gedroht.,Das Volk lehnte 2020 die Begrenzungsinitiative ab.,Bilaterale Verträge,,ok
ch_geschichte,3,"Wie wird das Vertragspaket mit der EU genannt, dessen Verhandlungen im Dezember 2024 materiell abgeschlossen wurden?","[""Bilaterale III"", ""Bilaterale IV"", ""EWR II"", ""Rahmenvertrag Plus""]","Das Paket aktualisiert bestehende Abkommen und ergänzt neue, etwa zu Strom und Gesundheit. Die Verhandlungen wurden am 20. Dezember 2024 abgeschlossen.",Das neue Paket mit der EU wird als Bilaterale III bezeichnet.,Bilaterale Verträge,,ok
ch_geschichte,3,In welchem Vertragspaket war die Schengen-Assoziierung der Schweiz enthalten?,"[""In den Bilateralen II"", ""In den Bilateralen I"", ""Im EWR-Vertrag"", ""Im Freihandelsabkommen von 1972""]","Schengen und Dublin gehörten zu den Bilateralen II, die im Oktober 2004 unterzeichnet wurden. Dazu gehörten auch Abkommen zur Betrugsbekämpfung und Zinsbesteuerung.",Die Schengen-Assoziierung war Teil der Bilateralen II.,Schengener Abkommen,,ok
ch_geschichte,3,Mit welchem Ja-Anteil stimmte das Volk am 5. Juni 2005 Schengen und Dublin zu?,"[""Rund 55 Prozent"", ""Rund 35 Prozent"", ""Rund 75 Prozent"", ""Rund 90 Prozent""]","Die Vorlage wurde mit 54,6 Prozent Ja angenommen. Das Referendum war von Gegnern einer engeren EU-Bindung ergriffen worden.",Schengen und Dublin wurden 2005 mit knapp 55 Prozent angenommen.,Schengener Abkommen,,ok
ch_geschichte,3,Welcher Nachbarstaat der Schweiz trat dem Schengen-Raum im Dezember 2011 bei?,"[""Liechtenstein"", ""Österreich"", ""Italien"", ""Frankreich""]",Liechtenstein wurde am 19. Dezember 2011 Schengen-Mitglied. Damit sind alle Nachbarstaaten der Schweiz Teil des Schengen-Raums.,Liechtenstein ist seit 2011 Teil des Schengen-Raums.,Schengener Abkommen,,ok
ch_geschichte,3,Wie lange dürfen sich Reisende mit einem Schengen-Visum für einen Kurzaufenthalt höchstens im Schengen-Raum aufhalten?,"[""90 Tage innerhalb von 180 Tagen"", ""30 Tage pro Jahr"", ""6 Monate am Stück"", ""1 Jahr""]","Ein Schengen-Visum gilt für Kurzaufenthalte bis zu 90 Tagen in einem Zeitraum von 180 Tagen. Es berechtigt zur Reise in alle Schengen-Staaten, auch in die Schweiz.",Ein Schengen-Visum erlaubt höchstens 90 Tage Aufenthalt in 180 Tagen.,Schengener Abkommen,,ok
ch_geschichte,3,"Was regelt das Dublin-Abkommen, das zusammen mit Schengen übernommen wurde?","[""Welcher Staat für ein Asylgesuch zuständig ist"", ""Den Schutz von Datenrechten im Internet"", ""Die Höhe der Mehrwertsteuer"", ""Den freien Kapitalverkehr""]",Nach Dublin ist grundsätzlich nur ein Staat für die Prüfung eines Asylgesuchs zuständig. Mehrfachgesuche sollen so verhindert werden.,Das Dublin-Abkommen bestimmt den zuständigen Staat für ein Asylgesuch.,Schengener Abkommen,,ok
ch_geschichte,3,Welche gemeinsame Fahndungsdatenbank kann die Schweizer Polizei dank Schengen nutzen?,"[""Das Schengener Informationssystem (SIS)"", ""Das Interpol-System «Red Notice»"", ""Die Datenbank «Eurodac Plus»"", ""Das System «Helvetica Search»""]",Das SIS enthält Ausschreibungen zu gesuchten Personen und gestohlenen Gegenständen. Die Schweiz nutzt es seit ihrer Assoziierung.,Dank Schengen hat die Schweiz Zugriff auf das Schengener Informationssystem.,Schengener Abkommen,,ok
ch_geschichte,3,Welche Schengen-Weiterentwicklung nahm das Schweizer Volk am 19. Mai 2019 mit rund 64 Prozent an?,"[""Die Übernahme der EU-Waffenrichtlinie"", ""Die Abschaffung des Bankgeheimnisses"", ""Die Einführung eines Grenzzauns"", ""Den Beitritt zur Eurozone""]","Die Schweiz musste das verschärfte EU-Waffenrecht übernehmen, um Schengen nicht zu gefährden. Das Volk stimmte mit 63,7 Prozent zu.",Die Schweiz übernahm 2019 die EU-Waffenrichtlinie als Teil von Schengen.,Schengener Abkommen,,ok
ch_geschichte,3,In welchem Gesetz wurde das Schweizer Bankgeheimnis 1934 strafrechtlich verankert?,"[""Im Bankengesetz"", ""Im Zivilgesetzbuch"", ""In der Bundesverfassung"", ""Im Obligationenrecht""]",Artikel 47 des Bankengesetzes von 1934 stellt die Verletzung des Bankgeheimnisses unter Strafe. Diese Strafnorm gilt im Inland bis heute.,Das Bankgeheimnis ist seit 1934 im Bankengesetz verankert.,Bankgeheimnis,,ok
ch_geschichte,3,Welche Schweizer Grossbank geriet 2008 und 2009 wegen Beihilfe zur Steuerhinterziehung in den USA unter Druck?,"[""UBS"", ""Raiffeisen"", ""Postfinance"", ""Zürcher Kantonalbank""]","Die US-Behörden warfen der UBS vor, amerikanischen Kunden beim Verstecken von Vermögen geholfen zu haben. Der Fall wurde zum Wendepunkt für das Bankgeheimnis.",Der UBS-Fall in den USA leitete das Ende des Bankgeheimnisses ein.,Bankgeheimnis,,ok
ch_geschichte,3,Wie viel Geld zahlte die betroffene Schweizer Grossbank 2009 im Vergleich mit den US-Behörden?,"[""780 Millionen Dollar"", ""78 Millionen Dollar"", ""7,8 Milliarden Dollar"", ""7,8 Millionen Dollar""]",Im Februar 2009 schloss die UBS ein Abkommen mit dem US-Justizministerium und zahlte 780 Millionen Dollar. Zudem wurden Kundendaten übergeben.,Die UBS zahlte 2009 in den USA 780 Millionen Dollar.,Bankgeheimnis,,ok
ch_geschichte,3,Welcher frühere Mitarbeiter einer Schweizer Grossbank trug als Whistleblower massgeblich zum Steuerfall in den USA bei?,"[""Bradley Birkenfeld"", ""Christoph Meili"", ""Edward Snowden"", ""Hervé Falciani""]",Bradley Birkenfeld informierte die US-Behörden über die Praktiken seiner früheren Arbeitgeberin. Er erhielt später eine Belohnung von 104 Millionen Dollar.,Bradley Birkenfeld wurde im US-Steuerstreit zum bekanntesten Whistleblower.,Bankgeheimnis,,ok
ch_geschichte,3,Welchen internationalen Standard übernahm der Bundesrat am 13. März 2009?,"[""Den OECD-Standard zur Amtshilfe in Steuersachen"", ""Den Euro als Zweitwährung"", ""Die Basel-III-Regeln"", ""Die EU-Mehrwertsteuer""]","Der Bundesrat erklärte, künftig den Standard nach Artikel 26 des OECD-Musterabkommens anzuwenden. Damit wurde Amtshilfe auch bei Steuerhinterziehung möglich.",Seit 2009 leistet die Schweiz Amtshilfe nach OECD-Standard.,Bankgeheimnis,,ok
ch_geschichte,3,Wofür steht die Abkürzung AIA im Zusammenhang mit dem Ende des Bankgeheimnisses?,"[""Automatischer Informationsaustausch"", ""Allgemeine Inlandsaufsicht"", ""Amtliche Investitionsanzeige"", ""Abkommen über internationale Anleihen""]",Beim AIA melden Banken die Kontodaten ausländischer Kunden automatisch an deren Heimatstaaten. Die Schweiz setzt ihn seit 2017 um.,Der automatische Informationsaustausch beendete das Bankgeheimnis für ausländische Kunden.,Bankgeheimnis,,ok
ch_geschichte,3,In welchem Jahr übermittelte die Schweiz erstmals Kontodaten im Rahmen des AIA an Partnerstaaten?,"[""2018"", ""2009"", ""2014"", ""2022""]","Die rechtlichen Grundlagen galten ab 1. Januar 2017, die ersten Daten wurden im Herbst 2018 ausgetauscht. Zuerst betraf dies vor allem EU-Staaten.",Die Schweiz tauschte 2018 erstmals automatisch Kontodaten aus.,Bankgeheimnis,,ok
ch_geschichte,3,"Welches US-Gesetz verpflichtet Schweizer Banken seit 2014, Konten von US-Steuerpflichtigen zu melden?","[""FATCA"", ""Patriot Act"", ""Dodd-Frank Act"", ""Sarbanes-Oxley Act""]",Der Foreign Account Tax Compliance Act verlangt von ausländischen Banken Informationen über US-Kunden. Die Schweiz schloss dazu 2013 ein Abkommen mit den USA.,Mit FATCA müssen Schweizer Banken Konten von US-Kunden melden.,Bankgeheimnis,,ok
pol_demokratie,1,Was ist ein Ämtli?,"[""Eine feste Aufgabe"", ""Ein kleines Spielzeug"", ""Ein Schulfach"", ""Ein Geschenk""]","Ein Ämtli ist eine feste Aufgabe, die jemand regelmässig übernimmt. Das Wort ist in der Schweiz zu Hause und in der Schule sehr verbreitet.","Ein Ämtli ist eine Aufgabe, die ich regelmässig erledige.",Ämtli,,ok
pol_demokratie,1,Welches Ämtli passt gut zu einem Kind mit sieben Jahren?,"[""Den Tisch decken"", ""Das Auto fahren"", ""Die Steuern bezahlen"", ""Den Herd reparieren""]",Den Tisch decken ist einfach und sicher. Auto fahren und Reparaturen sind Aufgaben für Erwachsene.,"Kinder übernehmen Ämtli, die zu ihrem Alter passen.",Ämtli,,ok
pol_demokratie,1,Warum gibt es Ämtli in einer Familie?,"[""Damit alle mithelfen"", ""Damit Kinder Geld verdienen"", ""Damit niemand spielt"", ""Damit Eltern schlafen""]","Im Haushalt gibt es viel Arbeit. Wenn alle ein Ämtli haben, muss nicht eine Person alles allein machen.","Wenn alle mithelfen, wird die Arbeit für niemanden zu viel.",Ämtli,,ok
pol_demokratie,1,Wohin gehört leeres Altglas?,"[""In die Glassammelstelle"", ""In den Kompost"", ""In den Abfluss"", ""In den Papiersack""]","Glas wird in der Schweiz an Sammelstellen gebracht und dort wiederverwertet. Oft trennt man es nach Farben: weiss, braun und grün.",Altglas bringe ich zur Sammelstelle.,Ämtli,,ok
pol_demokratie,1,Was macht man beim Ämtli «Abtrocknen»?,"[""Nasses Geschirr trocknen"", ""Wäsche aufhängen"", ""Den Boden wischen"", ""Pflanzen giessen""]",Nach dem Abwaschen ist das Geschirr nass. Beim Abtrocknen reibt man es mit einem Küchentuch trocken.,Beim Abtrocknen mache ich das saubere Geschirr trocken.,Ämtli,,ok
pol_demokratie,1,"Was kann man tun, damit niemand sein Ämtli vergisst?","[""Einen Ämtliplan aufhängen"", ""Alle Ämtli abschaffen"", ""Nur einmal im Jahr helfen"", ""Die Ämtli geheim halten""]","Auf einem Ämtliplan sieht jede und jeder, wer welche Aufgabe hat. So vergisst man sein Ämtli weniger schnell.","Ein Ämtliplan zeigt, wer wann was macht.",Ämtli,,ok
pol_demokratie,1,Warum wechseln die Ämtli in vielen Familien jede Woche?,"[""Damit es gerecht ist"", ""Damit es langweilig wird"", ""Damit niemand hilft"", ""Damit es mehr Streit gibt""]","Manche Ämtli sind beliebter als andere. Wenn man sie abwechselnd macht, kommt jede Person einmal dran.",Abwechseln bei den Ämtli ist fair für alle.,Ämtli,,ok
pol_demokratie,1,Wohin gehören Rüstabfälle wie Kartoffelschalen?,"[""In den Kompost oder Grüncontainer"", ""In die Glassammelstelle"", ""In den Altpapierstapel"", ""In die Batteriesammlung""]","Rüstabfälle sind Grünabfälle. Sie kommen in den Kompost oder in den Grüncontainer, wenn die Gemeinde einen hat.",Rüstabfälle gehören zu den Grünabfällen.,Ämtli,,ok
pol_demokratie,1,Warum brauchen Kinder genug Schlaf?,"[""Damit sie wachsen und sich erholen"", ""Damit sie weniger essen"", ""Damit sie keine Schule haben"", ""Damit sie nie träumen""]","Im Schlaf erholt sich der Körper, und das Gehirn verarbeitet das Gelernte. Auch das Wachsen geschieht zu einem grossen Teil im Schlaf.",Genug Schlaf hilft mir beim Wachsen und Lernen.,Schlafenszeit,,ok
pol_demokratie,1,Wer braucht mehr Schlaf: ein Kind oder ein Erwachsener?,"[""Ein Kind"", ""Ein Erwachsener"", ""Beide gleich viel"", ""Niemand braucht Schlaf""]",Kinder wachsen noch und lernen sehr viel. Darum brauchen sie mehr Schlaf als Erwachsene.,Kinder brauchen mehr Schlaf als Erwachsene.,Schlafenszeit,,ok
pol_demokratie,1,Wie viele Stunden Schlaf pro Nacht brauchen Kinder von 6 bis 12 Jahren etwa?,"[""9 bis 12 Stunden"", ""3 bis 4 Stunden"", ""5 bis 6 Stunden"", ""15 bis 18 Stunden""]",Fachleute für Schlaf empfehlen für Schulkinder etwa 9 bis 12 Stunden Schlaf pro Nacht. Das ist deutlich mehr als bei Erwachsenen.,Schulkinder brauchen etwa 9 bis 12 Stunden Schlaf.,Schlafenszeit,,ok
pol_demokratie,1,"Wie fühlt man sich oft am Morgen, wenn man zu spät ins Bett ging?","[""Müde"", ""Besonders frisch"", ""Sehr hungrig nach Süssem"", ""Überhaupt nicht anders""]","Wer zu wenig schläft, ist am nächsten Tag oft müde. Man kann sich dann schlechter konzentrieren.","Wer zu spät schlafen geht, ist am Morgen oft müde.",Schlafenszeit,,ok
pol_demokratie,1,Warum ist eine feste Zubettgehzeit sinnvoll?,"[""Der Körper gewöhnt sich an den Rhythmus"", ""Man darf dann länger fernsehen"", ""Man muss nie mehr aufstehen"", ""Man braucht kein Bett mehr""]","Wenn man jeden Abend etwa zur gleichen Zeit schlafen geht, gewöhnt sich der Körper daran. Dann schläft man leichter ein.",Eine feste Zubettgehzeit hilft dem Körper beim Einschlafen.,Schlafenszeit,,ok
pol_demokratie,1,Was gehört zum Ritual vor dem Schlafengehen?,"[""Zähne putzen"", ""Turnschuhe anziehen"", ""Hausaufgaben beginnen"", ""Velo putzen""]","Vor dem Schlafen putzt man die Zähne, damit sie über Nacht sauber bleiben. Das gehört in vielen Familien fest zum Abend.",Vor dem Schlafen putze ich meine Zähne.,Schlafenszeit,,ok
pol_demokratie,1,Warum soll man am Abend keine Getränke mit Koffein wie Cola trinken?,"[""Koffein macht wach"", ""Koffein macht müde"", ""Koffein macht kalt"", ""Koffein macht satt""]","Koffein ist ein Stoff, der wach macht. Darum kann man nach solchen Getränken schlechter einschlafen.",Getränke mit Koffein machen wach.,Schlafenszeit,,ok
pol_demokratie,1,Was bedeutet Bildschirmzeit?,"[""Zeit vor Handy, TV oder Computer"", ""Zeit beim Fensterputzen"", ""Zeit im Kino an der Kasse"", ""Zeit beim Malen auf Papier""]","Bildschirmzeit ist die Zeit, die man vor einem Bildschirm verbringt. Dazu gehören Fernseher, Handy, Tablet, Computer und Spielkonsole.","Bildschirmzeit ist die Zeit, die ich vor Bildschirmen verbringe.",Bildschirmzeit,,ok
pol_demokratie,1,Warum legen Eltern oft eine Bildschirmzeit fest?,"[""Damit genug Zeit für anderes bleibt"", ""Damit der Strom billiger wird"", ""Damit das Handy schneller wird"", ""Damit die Schule länger dauert""]","Zu viel Zeit am Bildschirm fehlt für Bewegung, Spielen, Freunde und Schlaf. Eine Abmachung hilft, das Gleichgewicht zu halten.",Eine Abmachung zur Bildschirmzeit lässt Platz für Bewegung und Freunde.,Bildschirmzeit,,ok
pol_demokratie,1,Was ist eine gute Abwechslung zur Bildschirmzeit?,"[""Draussen spielen"", ""Noch ein Video schauen"", ""Ein zweites Spiel starten"", ""Am Tablet chatten""]",Draussen spielen bringt Bewegung und frische Luft. Das tut Körper und Augen gut.,Draussen spielen ist eine gute Abwechslung zum Bildschirm.,Bildschirmzeit,,ok
pol_demokratie,1,Warum sollen Bildschirme vor dem Schlafen ausgeschaltet werden?,"[""Sie machen eher wach"", ""Sie gehen sonst kaputt"", ""Sie werden sonst kalt"", ""Sie verbrauchen kein Licht""]",Das helle Licht und spannende Inhalte machen das Gehirn wach. Darum schläft man schlechter ein.,Vor dem Schlafen schalte ich Bildschirme aus.,Bildschirmzeit,,ok
pol_demokratie,1,"Was tust du, wenn du im Internet etwas siehst, das dir Angst macht?","[""Einem Erwachsenen davon erzählen"", ""Es geheim halten"", ""Es allen Kindern schicken"", ""Weiter danach suchen""]","Wenn dich etwas erschreckt, ist es wichtig, mit einer vertrauten erwachsenen Person darüber zu sprechen. Sie kann helfen.","Wenn mir etwas im Internet Angst macht, erzähle ich es einem Erwachsenen.",Bildschirmzeit,,ok
pol_demokratie,1,Was ist eine sinnvolle Handyregel beim Familienessen?,"[""Handys bleiben weg"", ""Alle schauen Videos"", ""Jeder spielt ein Spiel"", ""Man telefoniert laut""]",Beim Essen will man miteinander reden. Darum legen viele Familien die Handys während der Mahlzeit weg.,Beim Familienessen bleiben die Handys weg.,Bildschirmzeit,,ok
pol_demokratie,1,"Was hilft, damit man sich an die abgemachte Bildschirmzeit hält?","[""Eine Uhr oder ein Wecker"", ""Ein grösserer Bildschirm"", ""Lautere Musik"", ""Ein zweites Tablet""]","Mit einer Uhr oder einem Wecker sieht man, wann die Zeit vorbei ist. So muss niemand raten.","Ein Wecker zeigt mir, wann meine Bildschirmzeit vorbei ist.",Bildschirmzeit,,ok
pol_demokratie,1,Was soll man im Internet nie einfach an Fremde verraten?,"[""Die eigene Adresse"", ""Die Lieblingsfarbe"", ""Das Lieblingstier"", ""Die Lieblingszahl""]","Die Adresse ist eine persönliche Angabe. Fremde im Internet sollen nicht wissen, wo du wohnst.",Meine Adresse gebe ich im Internet nicht an Fremde weiter.,Bildschirmzeit,,ok
pol_demokratie,1,Was macht man vor dem Essen mit den Händen?,"[""Waschen"", ""Eincremen"", ""Bemalen"", ""Klatschen""]",Mit sauberen Händen kommen weniger Keime ins Essen. Darum wäscht man vor dem Essen die Hände mit Seife.,Vor dem Essen wasche ich meine Hände.,Tischmanieren,,ok
pol_demokratie,1,"Was sagt man, wenn man am Tisch etwas weitergereicht haben möchte?","[""Bitte"", ""Tschüss"", ""Gute Nacht"", ""Gesundheit""]","Mit «bitte» fragt man höflich. Wenn man das Gewünschte bekommt, sagt man «danke».","Wenn ich etwas möchte, sage ich «bitte».",Tischmanieren,,ok
pol_demokratie,1,Warum spricht man nicht mit vollem Mund?,"[""Es ist unhöflich und unappetitlich"", ""Das Essen wird sonst kalt"", ""Man wird davon müde"", ""Das Besteck rostet""]","Mit vollem Mund versteht man einander schlecht, und es sieht unappetitlich aus. Ausserdem kann man sich verschlucken.","Ich spreche erst, wenn mein Mund leer ist.",Tischmanieren,,ok
pol_demokratie,1,Wo liegt die Gabel beim Tischdecken meistens?,"[""Links vom Teller"", ""Rechts vom Teller"", ""Unter dem Teller"", ""Im Glas""]",Beim Tischdecken legt man die Gabel links und das Messer rechts vom Teller. Die Schneide des Messers zeigt zum Teller.,"Die Gabel liegt links, das Messer rechts vom Teller.",Tischmanieren,,ok
pol_demokratie,1,"Was macht man, wenn man husten oder niesen muss?","[""In die Armbeuge husten"", ""Über den Teller husten"", ""Den Nachbarn anhusten"", ""Ins Glas niesen""]","Wer in die Armbeuge hustet oder niest, verteilt weniger Keime. So bleiben Essen und Mitmenschen geschützt.",Ich huste und niese in meine Armbeuge.,Tischmanieren,,ok
pol_demokratie,1,"Was ist eine übliche Regel, bevor man vom Tisch aufsteht?","[""Fragen, ob man aufstehen darf"", ""Den Stuhl umwerfen"", ""Den Teller verstecken"", ""Laut pfeifen""]","In vielen Familien fragt man, ob man aufstehen darf, oder wartet, bis alle fertig sind. Das ist höflich.","Ich frage, bevor ich vom Tisch aufstehe.",Tischmanieren,,ok
pol_demokratie,1,Was macht man nach dem Essen mit dem eigenen Teller?,"[""In die Küche bringen"", ""Unter den Tisch stellen"", ""Auf dem Stuhl liegen lassen"", ""Aus dem Fenster halten""]","Wer seinen Teller selber abräumt, hilft der Familie. Das ist ein einfaches, gutes Ämtli.",Nach dem Essen räume ich meinen Teller ab.,Tischmanieren,,ok
pol_demokratie,1,Was sagt man in der Schweiz oft vor dem gemeinsamen Essen?,"[""En Guete"", ""Gute Reise"", ""Auf Wiedersehen"", ""Herzlichen Glückwunsch""]",Vor dem Essen wünscht man sich in der Deutschschweiz «En Guete». Das bedeutet «Guten Appetit».,Vor dem Essen wünsche ich allen «En Guete».,Tischmanieren,,ok
pol_demokratie,1,Was ist ein Familienrat?,"[""Ein Treffen, um Familienfragen zu besprechen"", ""Ein Ausflug in die Berge"", ""Ein Spiel mit Würfeln"", ""Ein Arzt für Familien""]","Im Familienrat setzen sich alle zusammen und besprechen Wünsche, Probleme und Regeln. Jede Person darf ihre Meinung sagen.",Im Familienrat besprechen wir gemeinsam unsere Familienfragen.,Familienrat,,ok
pol_demokratie,1,Wer darf im Familienrat seine Meinung sagen?,"[""Alle Familienmitglieder"", ""Nur der Vater"", ""Nur die Mutter"", ""Nur das älteste Kind""]",Im Familienrat sind alle gleich wichtig. Auch Kinder dürfen ihre Meinung und Ideen sagen.,Im Familienrat dürfen alle mitreden.,Familienrat,,ok
pol_demokratie,1,"Was macht man im Familienrat, während jemand spricht?","[""Zuhören"", ""Dazwischenrufen"", ""Den Raum verlassen"", ""Fernsehen""]","Wer zuhört, zeigt Respekt. Danach kommt man selbst an die Reihe.","Wenn jemand spricht, höre ich zu.",Familienrat,,ok
pol_demokratie,1,Welches Thema passt gut in den Familienrat?,"[""Wohin der nächste Ausflug geht"", ""Wie hoch das Matterhorn ist"", ""Was im Lexikon steht"", ""Wie spät es in Japan ist""]","Im Familienrat geht es um Dinge, die die ganze Familie betreffen, zum Beispiel Ausflüge, Ämtli oder Regeln.","Im Familienrat besprechen wir Dinge, die alle betreffen.",Familienrat,,ok
pol_demokratie,1,"Wie kann eine Familie entscheiden, wenn sie verschiedener Meinung ist?","[""Abstimmen oder einen Kompromiss suchen"", ""Wer am lautesten ruft, gewinnt"", ""Gar nie entscheiden"", ""Eine Münze ins Wasser werfen""]","Man kann abstimmen oder eine Lösung suchen, mit der alle leben können. So eine Lösung nennt man Kompromiss.",Bei verschiedenen Meinungen suchen wir einen Kompromiss.,Familienrat,,ok
pol_demokratie,1,Was ist ein Kompromiss?,"[""Jede Seite gibt ein wenig nach"", ""Eine Seite bekommt alles"", ""Niemand redet mehr"", ""Man streitet weiter""]","Bei einem Kompromiss gibt jede Seite etwas nach. So findet man eine Lösung, die für alle in Ordnung ist.",Bei einem Kompromiss gibt jede Seite ein wenig nach.,Familienrat,,ok
pol_demokratie,1,Warum schreibt man die Beschlüsse des Familienrats oft auf?,"[""Damit man sie nicht vergisst"", ""Damit man sie verliert"", ""Damit man sie verbrennt"", ""Damit sie geheim bleiben""]","Was aufgeschrieben ist, kann man später nachlesen. So weiss jede Person, was abgemacht wurde.",Aufgeschriebene Abmachungen vergisst man nicht so leicht.,Familienrat,,ok
pol_demokratie,1,Was ist ein Redestein oder Redeball im Familienrat?,"[""Nur wer ihn hält, darf reden"", ""Ein Spielzeug zum Werfen"", ""Ein Stein zum Bauen"", ""Ein Ball für das Turnen""]","Mit einem Redestein ist klar, wer gerade spricht. Die anderen hören zu, bis sie den Stein bekommen.","Wer den Redestein hat, darf sprechen.",Familienrat,,ok
pol_demokratie,1,Wo kann ein Kind sein Erspartes zu Hause aufbewahren?,"[""In einem Kässeli"", ""Im Kühlschrank"", ""Im Briefkasten"", ""Im Abfalleimer""]",Ein Kässeli ist in der Schweiz eine Spardose. Darin sammelt man sein Geld.,Mein Erspartes kommt ins Kässeli.,Taschengeld,,ok
pol_demokratie,1,Lea hat 5 Franken Taschengeld und kauft ein Heft für 2 Franken. Wie viel hat sie noch?,"[""3 Franken"", ""2 Franken"", ""4 Franken"", ""7 Franken""]",Man rechnet 5 - 2 = 3. Lea hat noch 3 Franken.,"Wenn ich etwas kaufe, wird mein Geld weniger.",Taschengeld,,ok
pol_demokratie,1,Tim bekommt jede Woche 2 Franken und spart alles. Wie viel hat er nach 4 Wochen?,"[""8 Franken"", ""6 Franken"", ""4 Franken"", ""10 Franken""]",Man rechnet 4 mal 2 Franken. Das ergibt 8 Franken.,"Wer jede Woche spart, hat bald mehr Geld.",Taschengeld,,ok
pol_demokratie,1,"Was sollte man tun, bevor man sein Taschengeld ausgibt?","[""Gut überlegen, ob man es wirklich will"", ""Sofort alles ausgeben"", ""Das Geld wegwerfen"", ""Nie darüber nachdenken""]","Wer überlegt, kauft weniger Dinge, die er später bereut. So bleibt Geld für wichtige Wünsche.","Bevor ich etwas kaufe, überlege ich gut.",Taschengeld,,ok
pol_demokratie,1,Was braucht ein Haustier jeden Tag?,"[""Frisches Wasser"", ""Ein neues Spielzeug"", ""Einen Haarschnitt"", ""Ein Bad im Schaum""]",Haustiere brauchen jeden Tag frisches Wasser und das passende Futter. Das ist eine wichtige Pflicht.,Mein Haustier braucht jeden Tag frisches Wasser.,Heimtierhaltung,,ok
pol_demokratie,1,Was muss man mit einem Hund mehrmals am Tag tun?,"[""Spazieren gehen"", ""Ihn baden"", ""Ihn wiegen"", ""Ihn anmalen""]",Hunde brauchen Bewegung und müssen draussen ihr Geschäft machen. Darum geht man mehrmals täglich mit ihnen hinaus.,Ein Hund muss mehrmals am Tag nach draussen.,Heimtierhaltung,,ok
pol_demokratie,1,Warum soll ein Meerschweinchen nicht allein gehalten werden?,"[""Es lebt gerne mit Artgenossen"", ""Es frisst sonst zu viel"", ""Es wird sonst zu gross"", ""Es kann sonst fliegen""]","Meerschweinchen sind Gruppentiere. In der Schweiz verlangt die Tierschutzverordnung, dass sie mit mindestens einem Artgenossen leben.",Meerschweinchen brauchen Gesellschaft von anderen Meerschweinchen.,Heimtierhaltung,,ok
pol_demokratie,1,Was macht man mit dem Hundekot auf dem Spaziergang?,"[""Mit einem Säckli aufnehmen"", ""Liegen lassen"", ""In den Brunnen werfen"", ""Mit dem Schuh verteilen""]",Hundekot nimmt man mit einem Hundekotsäckli auf und wirft ihn in einen Abfalleimer. So bleiben Wege und Wiesen sauber.,Hundekot nehme ich mit einem Säckli auf.,Heimtierhaltung,,ok
pol_demokratie,1,Wer bringt ein krankes Haustier in Behandlung?,"[""Die Tierärztin oder der Tierarzt"", ""Die Zahnärztin"", ""Der Kaminfeger"", ""Die Coiffeuse""]",Tierärztinnen und Tierärzte kennen sich mit kranken Tieren aus. Sie untersuchen und behandeln sie.,Ein krankes Tier bringt man zum Tierarzt.,Heimtierhaltung,,ok
pol_demokratie,1,Was gehört zur Pflege eines Kaninchenstalls?,"[""Regelmässig ausmisten"", ""Ihn mit Farbe streichen"", ""Ihn täglich verschieben"", ""Ihn mit Wasser füllen""]",Beim Ausmisten entfernt man schmutzige Einstreu und legt frische hinein. So bleibt der Stall sauber und das Tier gesund.,Ein sauberer Stall hält mein Kaninchen gesund.,Heimtierhaltung,,ok
pol_demokratie,1,Was sollte eine Familie vor dem Kauf eines Haustiers überlegen?,"[""Wer sich jeden Tag darum kümmert"", ""Welche Farbe das Sofa hat"", ""Wie alt der Fernseher ist"", ""Wann Weihnachten ist""]","Ein Haustier braucht jeden Tag Pflege, oft viele Jahre lang. Darum muss vorher klar sein, wer sich kümmert.","Ein Haustier braucht jeden Tag jemanden, der sich kümmert.",Heimtierhaltung,,ok
pol_demokratie,1,Warum soll man einem Hund keine Schokolade geben?,"[""Sie ist giftig für Hunde"", ""Sie macht Hunde stärker"", ""Hunde mögen keinen Zucker"", ""Sie färbt das Fell""]","Schokolade enthält einen Stoff, der für Hunde giftig ist. Schon kleine Mengen können gefährlich sein.",Schokolade ist für Hunde giftig.,Heimtierhaltung,,ok
pol_demokratie,1,Warum räumt man sein Zimmer auf?,"[""Damit man Sachen wiederfindet"", ""Damit es dunkler wird"", ""Damit die Wände wachsen"", ""Damit Spielzeug verschwindet""]",In einem ordentlichen Zimmer findet man seine Sachen schneller. Man stolpert auch weniger.,"Wenn ich aufräume, finde ich meine Sachen schneller.",Aufräumen,,ok
pol_demokratie,1,Wohin gehören schmutzige Socken?,"[""In den Wäschekorb"", ""Unter das Bett"", ""In die Schublade"", ""Auf den Schreibtisch""]",Schmutzige Kleider kommen in den Wäschekorb. Von dort kommen sie in die Waschmaschine.,Schmutzige Kleider gehören in den Wäschekorb.,Aufräumen,,ok
pol_demokratie,1,Was hilft beim Aufräumen von kleinen Spielsachen?,"[""Kisten oder Boxen"", ""Ein offenes Fenster"", ""Ein lauter Wecker"", ""Ein leerer Teller""]",In Kisten und Boxen hat jedes Spielzeug seinen Platz. So ist das Aufräumen schnell erledigt.,Mit Boxen hat jedes Spielzeug seinen Platz.,Aufräumen,,ok
pol_demokratie,1,"Wann ist ein guter Zeitpunkt, die Spielsachen wegzuräumen?","[""Nach dem Spielen"", ""Nur einmal im Jahr"", ""Nie"", ""Mitten in der Nacht""]","Wer nach dem Spielen gleich aufräumt, hat nie einen riesigen Berg. Das spart Zeit und Ärger.",Nach dem Spielen räume ich gleich auf.,Aufräumen,,ok
pol_demokratie,1,Wohin kommt Altpapier in der Schweiz meistens?,"[""Gebündelt an die Papiersammlung"", ""In den Kompost"", ""In den Abfluss"", ""In die Glassammelstelle""]",Altpapier wird gebündelt und an die Papiersammlung gegeben. Daraus macht man neues Papier.,Altpapier wird gebündelt und gesammelt.,Aufräumen,,ok
pol_demokratie,1,"Was macht man mit Spielsachen, mit denen man nicht mehr spielt?","[""Verschenken oder spenden"", ""In den Bach werfen"", ""Im Wald liegen lassen"", ""Zerschlagen""]","Gut erhaltene Spielsachen können anderen Kindern noch Freude machen. Man kann sie verschenken, spenden oder tauschen.",Alte Spielsachen kann ich anderen Kindern schenken.,Aufräumen,,ok
pol_demokratie,1,"Wohin gehören die Schuhe, wenn man nach Hause kommt?","[""An ihren Platz beim Eingang"", ""Mitten in den Gang"", ""Auf den Esstisch"", ""Ins Bett""]",Schuhe am festen Platz stehen niemandem im Weg. Ausserdem bleibt der Schmutz beim Eingang.,Meine Schuhe stelle ich an ihren Platz beim Eingang.,Aufräumen,,ok
pol_demokratie,1,Wo werden in der Schweiz alte Batterien abgegeben?,"[""In der Batteriesammelbox im Laden"", ""Im normalen Abfallsack"", ""Im Kompost"", ""Im Altpapier""]","Batterien enthalten Stoffe, die der Umwelt schaden. Darum gibt man sie in den Sammelboxen in Läden zurück.",Alte Batterien bringe ich zurück in den Laden.,Aufräumen,,ok
pol_demokratie,1,Wo spielen Kinder in einer Wohnsiedlung am besten Ball?,"[""Auf dem Spielplatz oder der Wiese"", ""Im Treppenhaus"", ""Im Lift"", ""In der Waschküche""]",Im Haus kann ein Ball etwas kaputt machen und ist sehr laut. Draussen auf dem Spielplatz oder der Wiese stört man niemanden.,Ball spiele ich draussen und nicht im Haus.,Hausordnung,,ok
pol_demokratie,1,Wer schreibt die Hausordnung in einem Mietshaus meistens?,"[""Die Vermieterin oder die Verwaltung"", ""Die Lehrerin"", ""Der Postbote"", ""Der Bäcker""]","Die Hausordnung wird meist von der Vermieterin, dem Vermieter oder der Verwaltung festgelegt. Sie gilt für alle Mieterinnen und Mieter.",Die Hausordnung kommt meist vom Vermieter oder der Verwaltung.,Hausordnung,,ok
pol_demokratie,1,Wo darf man Velos in vielen Mehrfamilienhäusern abstellen?,"[""Im Veloraum"", ""Im Treppenhaus"", ""Vor der Wohnungstür"", ""Im Lift""]",Viele Velos im Treppenhaus wären im Weg und würden stören. Darum gibt es in vielen Häusern einen eigenen Raum für Velos.,Mein Velo stelle ich im Veloraum ab.,Hausordnung,,ok
pol_demokratie,1,Warum muss das Treppenhaus frei bleiben?,"[""Es ist ein Fluchtweg"", ""Es ist ein Spielplatz"", ""Es ist ein Lagerraum"", ""Es ist ein Garten""]",Bei einem Brand müssen alle schnell durch das Treppenhaus nach draussen. Gegenstände im Weg können gefährlich sein.,Das Treppenhaus muss als Fluchtweg frei bleiben.,Hausordnung,,ok
pol_demokratie,1,Wie verhält man sich im Treppenhaus?,"[""Ruhig und rücksichtsvoll"", ""Laut rennen und schreien"", ""Mit dem Ball spielen"", ""Die Türen zuknallen""]","Im Treppenhaus hört man jedes Geräusch. Wer leise ist, nimmt Rücksicht auf die Nachbarn.",Im Treppenhaus bin ich ruhig.,Hausordnung,,ok
pol_demokratie,1,"Was macht man, wenn man im Lift stecken bleibt?","[""Den Alarmknopf drücken"", ""Aus dem Lift klettern"", ""An der Tür reissen"", ""Im Lift herumspringen""]","Mit dem Alarmknopf ruft man Hilfe. Man bleibt ruhig im Lift und wartet, bis Hilfe kommt.",Im stecken gebliebenen Lift drücke ich den Alarmknopf.,Hausordnung,,ok
pol_demokratie,1,Welche Person kümmert sich in vielen grossen Wohnhäusern um Ordnung und Reparaturen?,"[""Der Hauswart"", ""Der Lokführer"", ""Die Pilotin"", ""Der Förster""]","Der Hauswart oder die Hauswartin schaut, dass im Haus alles funktioniert und sauber ist.",Der Hauswart sorgt für Ordnung im Wohnhaus.,Hausordnung,,ok
pol_demokratie,1,Warum grüsst man die Nachbarn im Haus?,"[""Es ist freundlich"", ""Es ist Pflicht im Gesetz"", ""Man bekommt Geld"", ""Sonst geht das Licht aus""]",Ein freundlicher Gruss zeigt Respekt. So lebt man im Haus angenehmer zusammen.,Ich grüsse meine Nachbarn freundlich.,Hausordnung,,ok
pol_demokratie,1,Was ist eine Waschküche?,"[""Ein Raum zum Waschen der Wäsche"", ""Eine Küche zum Kochen"", ""Ein Badezimmer"", ""Ein Kinderzimmer""]","In vielen Schweizer Wohnhäusern gibt es eine Waschküche. Dort stehen Maschinen, die alle Mietparteien benutzen dürfen.",In der Waschküche wäscht man die Wäsche.,Waschküche,,ok
pol_demokratie,1,Wozu dient ein Waschküchenplan?,"[""Er zeigt, wer wann waschen darf"", ""Er zeigt das Wetter"", ""Er zeigt den Busfahrplan"", ""Er zeigt die Schulferien""]","Viele Familien teilen sich eine Waschküche. Auf dem Plan steht, wer an welchem Tag waschen darf.","Der Waschküchenplan zeigt, wer wann waschen darf.",Waschküche,,ok
pol_demokratie,1,Wo befindet sich die Waschküche in einem Mehrfamilienhaus oft?,"[""Im Keller"", ""Auf dem Dach"", ""Im Lift"", ""Auf dem Balkon""]",Die Waschküche ist oft im Keller oder im Erdgeschoss. Dort hat es Platz für die grossen Maschinen.,Die Waschküche ist oft im Keller.,Waschküche,,ok
pol_demokratie,1,Was macht man nach dem Waschen in der Waschküche?,"[""Sie sauber hinterlassen"", ""Die Wäsche liegen lassen"", ""Das Licht anlassen"", ""Die Tür offen lassen""]","Wer die Waschküche sauber und aufgeräumt verlässt, nimmt Rücksicht auf die nächste Person. Dazu gehört, die eigene Wäsche mitzunehmen.",Ich verlasse die Waschküche sauber.,Waschküche,,ok
pol_demokratie,1,"Was passiert, wenn man an einem fremden Waschtag wäscht?","[""Man nimmt jemandem die Zeit weg"", ""Die Wäsche wird sauberer"", ""Man bekommt Geld"", ""Die Maschine wird grösser""]","Am Waschtag gehört die Waschküche einer bestimmten Partei. Wer dann wäscht, stört deren Plan.",Ich wasche nur an meinem eigenen Waschtag.,Waschküche,,ok
pol_demokratie,1,Welche Maschine trocknet die Wäsche in der Waschküche?,"[""Der Tumbler"", ""Der Staubsauger"", ""Der Kühlschrank"", ""Der Backofen""]",Ein Tumbler ist ein Wäschetrockner. In der Schweiz sagt man meist Tumbler.,Ein Tumbler trocknet die Wäsche.,Waschküche,,ok
pol_demokratie,1,Was muss man beim Tumbler nach jedem Gebrauch reinigen?,"[""Das Flusensieb"", ""Die Steckdose"", ""Die Lampe"", ""Den Türgriff aussen""]","Im Flusensieb sammeln sich kleine Fusseln aus der Wäsche. Wird es nicht gereinigt, trocknet der Tumbler schlechter.",Nach dem Tumbler reinige ich das Flusensieb.,Waschküche,,ok
pol_demokratie,1,Wo kann man Wäsche ohne Strom trocknen?,"[""An der Wäscheleine"", ""In der Waschmaschine"", ""Im Gefrierfach"", ""Im Backofen""]",An der Wäscheleine trocknet die Wäsche an der Luft. Das spart Strom.,An der Wäscheleine trocknet die Wäsche ohne Strom.,Waschküche,,ok
pol_demokratie,1,Was bedeutet Nachtruhe?,"[""In der Nacht leise sein"", ""In der Nacht laut feiern"", ""In der Nacht putzen"", ""In der Nacht staubsaugen""]","Während der Nachtruhe sollen alle leise sein, damit die Menschen schlafen können. Das gilt auch in Mehrfamilienhäusern.",Während der Nachtruhe bin ich leise.,Nachtruhe,,ok
pol_demokratie,1,Ab wann gilt die Nachtruhe in vielen Schweizer Gemeinden?,"[""Ab 22 Uhr"", ""Ab 15 Uhr"", ""Ab 18 Uhr"", ""Ab 2 Uhr""]",In vielen Schweizer Gemeinden und Hausordnungen beginnt die Nachtruhe um 22 Uhr. Die genaue Zeit kann je nach Gemeinde etwas anders sein.,Die Nachtruhe beginnt in vielen Gemeinden um 22 Uhr.,Nachtruhe,,ok
pol_demokratie,1,Was sollte man während der Nachtruhe nicht tun?,"[""Laut Musik hören"", ""Leise lesen"", ""Schlafen"", ""Zähne putzen""]",Laute Musik stört die Nachbarn beim Schlafen. Darum stellt man sie in der Nacht leise oder ab.,In der Nacht höre ich keine laute Musik.,Nachtruhe,,ok
pol_demokratie,1,Warum gibt es eine Nachtruhe?,"[""Damit alle gut schlafen können"", ""Damit die Läden schliessen"", ""Damit es dunkel wird"", ""Damit die Schule beginnt""]",Menschen brauchen ruhigen Schlaf. Die Nachtruhe schützt alle vor Lärm in der Nacht.,Die Nachtruhe schützt den Schlaf aller Menschen.,Nachtruhe,,ok
pol_demokratie,1,Welche Arbeit macht man besser nicht spät am Abend?,"[""Staubsaugen"", ""Ein Buch lesen"", ""Ein Bild malen"", ""Die Zähne putzen""]",Staubsauger sind laut und stören die Nachbarn. Darum saugt man besser tagsüber.,Laute Arbeiten erledige ich am Tag.,Nachtruhe,,ok
pol_demokratie,1,"Wie nennt man die ruhige Zeit am Mittag, die in vielen Hausordnungen steht?","[""Mittagsruhe"", ""Mittagsfest"", ""Mittagslärm"", ""Mittagsmarkt""]",In vielen Schweizer Hausordnungen gibt es neben der Nachtruhe auch eine Mittagsruhe. Dann soll man ebenfalls leise sein.,Während der Mittagsruhe nehme ich Rücksicht.,Nachtruhe,,ok
pol_demokratie,1,An welchem Wochentag gilt in der Schweiz oft besondere Ruhe?,"[""Am Sonntag"", ""Am Dienstag"", ""Am Mittwoch"", ""Am Donnerstag""]",Der Sonntag ist in der Schweiz ein Ruhetag. Laute Arbeiten wie Rasenmähen sind dann oft verboten.,Am Sonntag nimmt man besondere Rücksicht auf die Ruhe.,Nachtruhe,,ok
pol_demokratie,1,Wie schliesst man spät am Abend eine Tür im Mehrfamilienhaus?,"[""Leise"", ""Mit einem Knall"", ""Mit dem Fuss"", ""Mehrmals hintereinander""]","Zuschlagende Türen hört man im ganzen Haus. Wer sie leise schliesst, stört niemanden.",Spät am Abend schliesse ich Türen leise.,Nachtruhe,,ok
pol_demokratie,1,"Was sagt man, wenn Besuch an der Tür steht?","[""Herzlich willkommen"", ""Geh wieder"", ""Ich habe keine Zeit"", ""Was willst du hier""]",Mit einer freundlichen Begrüssung fühlt sich der Besuch wohl. Man bittet ihn dann herein.,Besuch begrüsse ich freundlich.,Gastfreundschaft,,ok
pol_demokratie,1,Was bietet man einem Gast oft zuerst an?,"[""Etwas zu trinken"", ""Einen Besen"", ""Eine Hausaufgabe"", ""Einen Regenschirm""]","Ein Glas Wasser, Sirup oder Tee anzubieten ist eine freundliche Geste. So fühlt sich der Gast willkommen.",Einem Gast biete ich etwas zu trinken an.,Gastfreundschaft,,ok
pol_demokratie,1,"Was macht man, wenn ein Freund zu Besuch ist und mit deinem Spielzeug spielen möchte?","[""Teilen"", ""Alles verstecken"", ""Ihn wegschicken"", ""Nur selber spielen""]","Wer teilt, ist ein guter Gastgeber. So haben beide Freude am Besuch.",Mit meinem Besuch teile ich meine Spielsachen.,Gastfreundschaft,,ok
pol_demokratie,1,"Was macht man, bevor ein Freund zum Spielen zu dir nach Hause kommt?","[""Die Eltern fragen"", ""Nichts sagen"", ""Die Tür abschliessen"", ""Den Freund heimlich einladen""]","Die Eltern müssen wissen, wer zu Besuch kommt. Sie können sagen, ob es gerade passt.","Bevor jemand zu Besuch kommt, frage ich meine Eltern.",Gastfreundschaft,,ok
pol_demokratie,1,Was zieht man in vielen Schweizer Wohnungen beim Hereinkommen aus?,"[""Die Schuhe"", ""Den Pullover"", ""Die Socken"", ""Die Mütze und die Hose""]",In der Schweiz ziehen viele Menschen in der Wohnung die Schuhe aus. So bleibt der Boden sauber.,In vielen Wohnungen zieht man die Schuhe aus.,Gastfreundschaft,,ok
pol_demokratie,1,"Was macht ein Gast, wenn er bei dir etwas zerbricht?","[""Es sagen und sich entschuldigen"", ""Es verstecken"", ""Weglaufen"", ""Lachen und nichts sagen""]","Wer ehrlich sagt, was passiert ist, und sich entschuldigt, verhält sich fair. Dann kann man gemeinsam eine Lösung finden.","Wenn ich etwas kaputt mache, sage ich es ehrlich.",Gastfreundschaft,,ok
pol_demokratie,1,"Was sagt man zum Abschied, wenn man bei jemandem eingeladen war?","[""Danke für die Einladung"", ""Endlich gehe ich"", ""Das war langweilig"", ""Nie wieder""]","Mit einem Dank zeigt man, dass man sich über die Einladung gefreut hat. Das ist höflich.",Nach einem Besuch bedanke ich mich für die Einladung.,Gastfreundschaft,,ok
pol_demokratie,1,"Was macht man mit dem Spielzeug, wenn der Besuch nach Hause geht?","[""Gemeinsam aufräumen"", ""Alles liegen lassen"", ""Es dem Besuch schenken"", ""Es aus dem Fenster werfen""]","Wenn man zusammen gespielt hat, kann man auch zusammen aufräumen. So muss nicht eine Person allein alles machen.",Mit meinem Besuch räume ich die Spielsachen gemeinsam weg.,Gastfreundschaft,,ok
pol_demokratie,1,Welches Ämtli hilft den Zimmerpflanzen?,"[""Pflanzen giessen"", ""Fenster putzen"", ""Schuhe putzen"", ""Betten machen""]",Zimmerpflanzen brauchen regelmässig Wasser. Das Giessen ist ein einfaches Ämtli für Kinder.,Zimmerpflanzen brauchen regelmässig Wasser.,Ämtli,,ok
pol_demokratie,1,Was ist das wichtigste Futter für ein Kaninchen?,"[""Heu"", ""Schokolade"", ""Wurst"", ""Butterbrot""]",Kaninchen brauchen vor allem Heu und frisches Grünfutter. Heu ist gut für die Verdauung und nutzt die Zähne ab.,Heu ist das wichtigste Futter für Kaninchen.,Heimtierhaltung,,ok
pol_demokratie,1,Welche Münze nennt man in der Schweiz Fünfliber?,"[""Die 5-Franken-Münze"", ""Die 5-Rappen-Münze"", ""Die 50-Rappen-Münze"", ""Die 1-Franken-Münze""]",Der Fünfliber ist die grösste Schweizer Münze. Sie ist 5 Franken wert.,Der Fünfliber ist die 5-Franken-Münze.,Taschengeld,,ok
pol_demokratie,1,Wo hängt man die Jacke eines Gastes auf?,"[""An der Garderobe"", ""Im Kühlschrank"", ""Auf dem Esstisch"", ""In der Badewanne""]",Die Garderobe ist beim Eingang. Dort hängt man Jacken und Mäntel auf.,Jacken hänge ich an der Garderobe auf.,Gastfreundschaft,,ok
pol_demokratie,1,"Was machst du in der Schule, wenn du etwas sagen möchtest?","[""Aufstrecken"", ""Laut rufen"", ""Aufstehen und gehen"", ""Auf den Tisch klopfen""]","In der Klasse streckt man die Hand auf und wartet, bis man drankommt. So können alle der Reihe nach reden.","Wer etwas sagen will, streckt zuerst auf.",Klassenregel,,ok
pol_demokratie,1,"Was soll man tun, wenn ein anderes Kind gerade spricht?","[""Zuhören"", ""Dazwischenreden"", ""Weglaufen"", ""Lauter sprechen""]","Wer zuhört, zeigt Respekt. Danach darf man selber etwas sagen.","Ich höre zu, wenn jemand anderes spricht.",Klassenregel,,ok
pol_demokratie,1,"Wie heissen in der Schweiz kleine Aufgaben, die Kinder für die Klasse übernehmen, zum Beispiel die Wandtafel putzen?","[""Ämtli"", ""Hobbys"", ""Spiele"", ""Ferien""]",Ein Ämtli ist eine kleine Aufgabe für die Klassengemeinschaft. Oft wechseln die Ämtli jede Woche.,Mit einem Ämtli helfe ich meiner Klasse.,Klassenregel,,ok
pol_demokratie,1,Wo bespricht eine Schulklasse gemeinsam Probleme und Wünsche?,"[""Im Klassenrat"", ""Im Turnverein"", ""Im Kino"", ""Im Zoo""]",Im Klassenrat sitzen die Kinder zusammen und reden über das Zusammenleben in der Klasse. Dort kann man auch Regeln vorschlagen.,Im Klassenrat dürfen alle Kinder mitreden.,Klassenregel,,ok
pol_demokratie,1,Wer darf in der Klasse bei neuen Klassenregeln oft mitbestimmen?,"[""Die Kinder"", ""Nur der Hauswart"", ""Nur die Eltern"", ""Niemand""]","Viele Klassen machen ihre Regeln zusammen mit der Lehrperson. Regeln, die man selber mitgemacht hat, hält man oft lieber ein.",Gemeinsam gemachte Regeln halten alle besser ein.,Klassenregel,,ok
pol_demokratie,1,"Wie sagt man es freundlich, wenn man etwas von einem anderen Kind möchte?","[""Mit «bitte»"", ""Mit Schreien"", ""Mit Wegnehmen"", ""Mit Schubsen""]","Wer höflich fragt, sagt «bitte» und nachher «danke». So geht man freundlich miteinander um.",Ich frage höflich mit «bitte» und sage «danke».,Klassenregel,,ok
pol_demokratie,1,"Was tust du, wenn du in der Klasse aus Versehen jemandem weh getan hast?","[""Mich entschuldigen"", ""Lachen"", ""So tun, als wäre nichts"", ""Weglaufen""]","Eine Entschuldigung zeigt, dass es einem leid tut. Danach kann man sich wieder vertragen.","Wenn ich einen Fehler mache, entschuldige ich mich.",Klassenregel,,ok
pol_demokratie,1,Warum braucht eine Klasse Regeln?,"[""Damit alle gut zusammen lernen"", ""Damit es langweilig wird"", ""Damit niemand spricht"", ""Damit die Pause länger ist""]","Regeln helfen, dass es ruhig und gerecht zugeht. So können alle Kinder gut lernen.",Regeln helfen allen in der Klasse.,Klassenregel,,ok
pol_demokratie,1,Was machst du auf dem Pausenplatz mit deinem Abfall?,"[""In den Abfalleimer werfen"", ""Auf den Boden werfen"", ""Ins Gebüsch legen"", ""Liegen lassen""]",Abfall gehört in den Eimer. So bleibt der Pausenplatz sauber für alle.,Abfall gehört in den Abfalleimer.,Pausenplatz,,ok
pol_demokratie,1,"Was tust du, wenn die Pausenglocke läutet und die Pause zu Ende ist?","[""Ins Schulzimmer gehen"", ""Weiterspielen"", ""Nach Hause gehen"", ""Mich verstecken""]","Die Glocke zeigt, dass der Unterricht wieder beginnt. Dann gehen alle zurück in die Klasse.","Wenn die Glocke läutet, gehe ich ins Schulzimmer.",Pausenplatz,,ok
pol_demokratie,1,"Wie heisst die kleine Zwischenmahlzeit, die viele Kinder in der Schweiz in die Morgenpause mitnehmen?","[""Znüni"", ""Zvieri"", ""Znacht"", ""Zmittag""]","Das Znüni isst man am Vormittag, ungefähr um neun Uhr. Das Zvieri gibt es am Nachmittag.",Das Znüni esse ich in der Morgenpause.,Pausenplatz,,ok
pol_demokratie,1,"An wen wendest du dich, wenn es auf dem Pausenplatz Streit gibt, den ihr nicht selber lösen könnt?","[""An die Pausenaufsicht"", ""An einen Fremden"", ""An niemanden"", ""An den Pöstler""]","Während der Pause schaut eine Lehrperson auf die Kinder. Sie hilft, wenn es Streit gibt oder jemand verletzt ist.",Bei Problemen in der Pause hilft die Aufsicht.,Pausenplatz,,ok
pol_demokratie,1,Was ist auf dem Pausenplatz eine gute Regel?,"[""Niemand wird ausgeschlossen"", ""Nur die Grossen dürfen spielen"", ""Wer zuerst kommt, darf alles"", ""Man darf schubsen""]",Auf dem Pausenplatz sollen alle mitspielen dürfen. Niemand soll allein gelassen werden.,Beim Spielen auf dem Pausenplatz darf jedes Kind mitmachen.,Pausenplatz,,ok
pol_demokratie,1,Wo dürfen die Kinder in der Pause meistens spielen?,"[""Auf dem Pausenplatz"", ""Auf der Strasse"", ""Im Lehrerzimmer"", ""Auf dem Dach""]","Der Pausenplatz ist für die Kinder gemacht. Die Strasse ist gefährlich, und das Lehrerzimmer ist für die Lehrpersonen.",In der Pause spiele ich auf dem Pausenplatz.,Pausenplatz,,ok
pol_demokratie,1,"Was ist richtig, wenn mehrere Kinder dasselbe Spielgerät wollen?","[""Abwechseln"", ""Den Stärksten fragen"", ""Streiten"", ""Das Gerät verstecken""]","Wenn man abwechselt, kommt jedes Kind einmal dran. Das ist gerecht.",Beim Spielgerät wechseln wir uns ab.,Pausenplatz,,ok
pol_demokratie,1,Welchen Spruch lernen Kinder in der Schweiz für das Überqueren der Strasse?,"[""Warte, luege, lose, laufe"", ""Renne, springe, hüpfe"", ""Schnell, schneller, am schnellsten"", ""Eins, zwei, drei, los""]","Der Spruch heisst: zuerst anhalten, gut schauen, hören und erst dann gehen. So kommt man sicher über die Strasse.","Vor der Strasse gilt immer warte, luege, lose, laufe.",Schulweg,,ok
pol_demokratie,1,Wo überquert man am sichersten die Strasse?,"[""Auf dem Fussgängerstreifen"", ""Zwischen parkierten Autos"", ""In einer Kurve"", ""Hinter dem Bus""]",Auf dem Fussgängerstreifen rechnen die Autofahrer mit Fussgängern. Zwischen parkierten Autos oder in Kurven sieht man dich schlecht.,Ich überquere die Strasse auf dem Fussgängerstreifen.,Schulweg,,ok
pol_demokratie,1,Wie heisst in der Schweiz der Gehweg neben der Strasse?,"[""Trottoir"", ""Velostreifen"", ""Autobahn"", ""Mittelinsel""]",In der Schweiz sagt man zum Gehweg meistens Trottoir. Dort gehen die Fussgänger.,Zu Fuss gehe ich auf dem Trottoir.,Schulweg,,ok
pol_demokratie,1,Was macht dich auf dem Schulweg für Autofahrer gut sichtbar?,"[""Leuchtende Kleider"", ""Dunkle Kleider"", ""Ein grauer Hut"", ""Eine schwarze Jacke""]",Helle und leuchtende Farben sieht man von weitem. Besonders im Winter und bei Nebel ist das wichtig.,Leuchtende Kleider machen mich im Verkehr sichtbar.,Schulweg,,ok
pol_demokratie,1,"In welche Richtungen schaust du, bevor du über die Strasse gehst?","[""Nach links und rechts"", ""Nur nach oben"", ""Nur nach hinten"", ""Gar nicht""]","Autos können von beiden Seiten kommen. Darum schaut man links, rechts und nochmals links.",Vor der Strasse schaue ich nach links und rechts.,Schulweg,,ok
pol_demokratie,1,Was trägst du auf dem Velo zum Schutz deines Kopfes?,"[""Einen Velohelm"", ""Eine Mütze"", ""Einen Hut"", ""Eine Kapuze""]",Ein Velohelm schützt den Kopf bei einem Sturz. Eine Mütze schützt nicht vor einem Aufprall.,Auf dem Velo trage ich einen Helm.,Schulweg,,ok
pol_demokratie,1,"Bis zu welchem Alter dürfen Kinder in der Schweiz auf dem Trottoir Velo fahren, wenn es keinen Velostreifen oder Veloweg gibt?","[""Bis 12 Jahre"", ""Bis 6 Jahre"", ""Bis 18 Jahre"", ""Gar nie""]","Seit 2021 dürfen Kinder bis zu ihrem 12. Geburtstag auf dem Trottoir fahren, wenn es keinen Veloweg oder Velostreifen gibt. Sie müssen dabei den Fussgängern den Vortritt lassen.",Kinder bis 12 Jahre dürfen ohne Veloweg auf dem Trottoir fahren.,Schulweg,,ok
pol_demokratie,1,"Was machst du, wenn ein fremder Mensch dich auf dem Schulweg ins Auto einsteigen lassen will?","[""Nein sagen und weitergehen"", ""Einsteigen"", ""Stehen bleiben und warten"", ""Mitfahren""]",Man steigt nie bei Fremden ins Auto. Am besten sagt man laut nein und erzählt es zu Hause oder in der Schule.,Ich steige nie zu Fremden ins Auto.,Schulweg,,ok
pol_demokratie,1,Wer beginnt beim Schach immer das Spiel?,"[""Weiss"", ""Schwarz"", ""Der Ältere"", ""Der Jüngere""]",Beim Schach macht immer der Spieler mit den weissen Figuren den ersten Zug. Danach wechseln sich die beiden ab.,Beim Schach beginnt Weiss.,Spielregel,,ok
pol_demokratie,1,"Was schlägt bei «Schere, Stein, Papier» die Schere?","[""Das Papier"", ""Den Stein"", ""Die Schere"", ""Nichts""]","Die Schere schneidet das Papier. Gegen den Stein verliert sie, weil er sie stumpf macht.",Die Schere gewinnt gegen das Papier.,Spielregel,,ok
pol_demokratie,1,"Was macht ein Kind beim Versteckspiel, während sich die anderen verstecken?","[""Es zählt mit geschlossenen Augen"", ""Es versteckt sich auch"", ""Es geht nach Hause"", ""Es schaut zu""]",Das suchende Kind zählt und hält dabei die Augen zu. Erst danach beginnt es zu suchen.,Beim Versteckis zählt der Sucher mit geschlossenen Augen.,Spielregel,,ok
pol_demokratie,1,Mit wie vielen Karten spielt man in der Schweiz normalerweise einen Jass?,"[""36"", ""52"", ""20"", ""100""]",Ein Schweizer Jasskartenspiel hat 36 Karten in vier Farben. Jassen ist ein sehr beliebtes Kartenspiel in der Schweiz.,Ein Jass wird mit 36 Karten gespielt.,Spielregel,,ok
pol_demokratie,1,"Welche Zahl braucht man bei «Mensch ärgere dich nicht», um eine Figur auf das Spielfeld zu bringen?","[""Eine Sechs"", ""Eine Eins"", ""Eine Drei"", ""Eine Vier""]",Erst mit einer Sechs darf eine Figur aus dem Haus auf das Feld. Danach darf man nochmals würfeln.,Mit einer Sechs kommt eine Figur ins Spiel.,Spielregel,,ok
pol_demokratie,1,Was ist beim Fangis das Ziel des Fängers?,"[""Ein anderes Kind berühren"", ""Den Ball ins Tor schiessen"", ""Sich verstecken"", ""Am schnellsten zählen""]","Der Fänger versucht, ein anderes Kind zu berühren. Dann wird dieses Kind zum neuen Fänger.",Beim Fangis muss der Fänger jemanden berühren.,Spielregel,,ok
pol_demokratie,1,"Warum ist es wichtig, die Spielregeln vor dem Spiel zu erklären?","[""Damit alle gleich spielen"", ""Damit jemand schummeln kann"", ""Damit das Spiel länger dauert"", ""Damit niemand gewinnt""]","Wenn alle die Regeln kennen, spielen alle nach denselben Regeln. So ist das Spiel gerecht.",Alle müssen die Spielregeln kennen.,Spielregel,,ok
pol_demokratie,1,Wer darf beim Fussball den Ball mit den Händen spielen?,"[""Der Torhüter"", ""Der Stürmer"", ""Jeder Spieler"", ""Niemand""]","Nur der Torhüter darf den Ball in seinem eigenen Strafraum mit den Händen fangen. Alle anderen spielen mit Füssen, Kopf und Körper.",Nur der Torhüter darf den Ball in die Hände nehmen.,Spielregel,,ok
pol_demokratie,1,Was zeigt der Schiedsrichter im Fussball mit einem Pfiff zu Beginn des Spiels an?,"[""Den Anpfiff"", ""Ein Foul"", ""Einen Penalty"", ""Das Spielende""]",Mit dem Anpfiff darf das Spiel beginnen. Vorher darf niemand den Ball spielen.,Mit dem Anpfiff beginnt das Spiel.,Schiedsrichter,,ok
pol_demokratie,1,"Was macht der Schiedsrichter im Fussball, wenn ein Spieler einen Gegner foult?","[""Er unterbricht das Spiel"", ""Er schiesst ein Tor"", ""Er verlässt den Platz"", ""Er wechselt die Mannschaft""]",Bei einem Foul hält der Schiedsrichter das Spiel an. Die gefoulte Mannschaft bekommt dann meistens einen Freistoss.,Bei einem Foul unterbricht der Schiedsrichter das Spiel.,Schiedsrichter,,ok
pol_demokratie,1,Was hat ein Schiedsrichterassistent im Fussball in der Hand?,"[""Eine Fahne"", ""Einen Ball"", ""Einen Schirm"", ""Ein Buch""]",Der Schiedsrichterassistent läuft an der Seitenlinie entlang. Mit der Fahne zeigt er zum Beispiel ein Abseits oder einen Einwurf an.,Der Assistent an der Seitenlinie zeigt mit der Fahne.,Schiedsrichter,,ok
pol_demokratie,1,Wie viele Schiedsrichterassistenten an der Seitenlinie gibt es bei einem grossen Fussballspiel?,"[""Zwei"", ""Einen"", ""Fünf"", ""Zehn""]",Je ein Assistent läuft an einer Seitenlinie entlang. Zusammen mit dem Schiedsrichter auf dem Feld sind sie zu dritt.,Bei einem grossen Spiel helfen zwei Assistenten dem Schiedsrichter.,Schiedsrichter,,ok
pol_demokratie,1,"Wie soll man sich verhalten, wenn der Schiedsrichter anders entscheidet, als man es möchte?","[""Die Entscheidung annehmen"", ""Ihn beschimpfen"", ""Das Spiel verlassen"", ""Den Ball wegwerfen""]","Auch Schiedsrichter können sich irren, aber ihre Entscheidung gilt. Wer sie respektiert, zeigt Fair Play.",Ich respektiere die Entscheidung des Schiedsrichters.,Schiedsrichter,,ok
pol_demokratie,1,Was zeigt der Schiedsrichter mit einem langen Pfiff am Ende des Spiels an?,"[""Das Spiel ist aus"", ""Ein Tor"", ""Ein Foul"", ""Den Anstoss""]",Mit dem Schlusspfiff endet das Spiel. Danach zählt das Resultat.,Der Schlusspfiff beendet das Spiel.,Schiedsrichter,,ok
pol_demokratie,1,Wo sitzt beim Tennis der Schiedsrichter?,"[""Auf einem hohen Stuhl"", ""Im Netz"", ""Hinter dem Publikum"", ""Auf dem Boden""]",Beim Tennis sitzt der Schiedsrichter auf einem hohen Stuhl neben dem Netz. Von dort sieht er den ganzen Platz.,Beim Tennis sitzt der Schiedsrichter auf einem hohen Stuhl.,Schiedsrichter,,ok
pol_demokratie,1,Was bedeutet im Fussball die Gelbe Karte?,"[""Eine Verwarnung"", ""Ein Tor"", ""Ein Lob"", ""Die Pause""]","Mit der Gelben Karte verwarnt der Schiedsrichter einen Spieler. Sie ist ein Zeichen, dass der Spieler unfair gespielt hat.",Die Gelbe Karte ist eine Verwarnung.,Gelbe Karte,,ok
pol_demokratie,1,"Was passiert im Fussball, wenn ein Spieler im selben Spiel eine zweite Gelbe Karte bekommt?","[""Er muss vom Platz"", ""Er bekommt einen Preis"", ""Er wird Captain"", ""Nichts""]",Zwei Verwarnungen im selben Spiel ergeben einen Platzverweis. Der Spieler darf nicht mehr mitspielen.,Zwei Gelbe Karten bedeuten Platzverweis.,Gelbe Karte,,ok
pol_demokratie,1,Wovon bekam der Engländer Ken Aston die Idee für die Gelbe und die Rote Karte?,"[""Von einer Verkehrsampel"", ""Von einem Regenbogen"", ""Von einer Flagge"", ""Von einem Apfel""]","Ken Aston musste beim Autofahren an Ampeln halten, die von Gelb auf Rot wechselten. So kam er auf die Idee mit den Karten.",Die Idee zu den Karten kam von der Verkehrsampel.,Gelbe Karte,,ok
pol_demokratie,1,Bei welcher Fussball-Weltmeisterschaft wurden Gelbe und Rote Karten zum ersten Mal gezeigt?,"[""1970 in Mexiko"", ""2006 in Deutschland"", ""1954 in der Schweiz"", ""2022 in Katar""]",An der Weltmeisterschaft 1970 in Mexiko gab es die Karten zum ersten Mal. Seither versteht man sie in jeder Sprache.,Die Karten gibt es seit der Weltmeisterschaft 1970.,Gelbe Karte,,ok
pol_demokratie,1,Wofür kann ein Spieler im Fussball eine Gelbe Karte bekommen?,"[""Für ein unfaires Foul"", ""Für ein schönes Tor"", ""Für einen guten Pass"", ""Für lautes Singen der Fans""]",Gefährliches oder unsportliches Verhalten wird verwarnt. Für schöne Spielzüge gibt es keine Karte.,"Wer unfair spielt, kann eine Gelbe Karte bekommen.",Gelbe Karte,,ok
pol_demokratie,1,Wer zeigt im Fussball einem Spieler die Gelbe Karte?,"[""Der Schiedsrichter"", ""Der Trainer"", ""Der Torhüter"", ""Der Captain""]",Nur der Schiedsrichter darf im Spiel Karten zeigen. Er trägt sie in seiner Tasche bei sich.,Im Fussball zeigt nur der Schiedsrichter Karten.,Gelbe Karte,,ok
pol_demokratie,1,"Wie nennt man die Karte, die ein Spieler nach zwei Gelben Karten im selben Spiel sieht?","[""Gelb-Rote Karte"", ""Blau-Weisse Karte"", ""Grüne Karte"", ""Goldene Karte""]",Nach der zweiten Verwarnung zeigt der Schiedsrichter Gelb und dann Rot. Diese Strafe heisst Gelb-Rote Karte.,Nach zwei Gelben Karten gibt es Gelb-Rot.,Gelbe Karte,,ok
pol_demokratie,1,Was bedeutet im Fussball die Rote Karte?,"[""Der Spieler muss vom Platz"", ""Der Spieler bekommt einen Penalty"", ""Das Spiel beginnt"", ""Der Spieler darf trinken""]",Mit der Roten Karte schickt der Schiedsrichter einen Spieler vom Feld. Das ist ein Platzverweis.,Die Rote Karte bedeutet Platzverweis.,Rote Karte,,ok
pol_demokratie,1,"Mit wie vielen Spielern spielt eine Fussballmannschaft weiter, wenn einer von elf die Rote Karte bekommt?","[""Mit zehn"", ""Mit elf"", ""Mit neun"", ""Mit zwölf""]",Elf weniger eins sind zehn. Die Mannschaft spielt den Rest des Spiels mit zehn Spielern.,Nach einer Roten Karte fehlt der Mannschaft ein Spieler.,Rote Karte,,ok
pol_demokratie,1,Wofür gibt es im Fussball sofort die Rote Karte?,"[""Für ein sehr grobes Foul"", ""Für einen Einwurf"", ""Für einen Eckball"", ""Für ein Tor""]","Wer einen Gegner absichtlich schwer verletzen könnte, bekommt direkt Rot. Ein Einwurf oder Eckball gehört zum normalen Spiel.",Ein sehr grobes Foul wird mit Rot bestraft.,Rote Karte,,ok
pol_demokratie,1,Darf für einen Spieler mit Roter Karte ein anderer Spieler eingewechselt werden?,"[""Nein"", ""Ja, sofort"", ""Ja, nach zehn Minuten"", ""Ja, der Torhüter""]",Die Mannschaft wird bestraft und muss mit einem Spieler weniger auskommen. Ein Ersatz ist nicht erlaubt.,Für einen Spieler mit Roter Karte gibt es keinen Ersatz.,Rote Karte,,ok
pol_demokratie,1,Was muss ein Spieler mit Roter Karte oft beim nächsten Spiel seiner Mannschaft tun?,"[""Zuschauen"", ""Im Tor stehen"", ""Der Captain sein"", ""Den Anstoss machen""]",Nach einer Roten Karte wird ein Spieler meistens für ein oder mehrere Spiele gesperrt. Er darf dann nicht mitspielen.,Nach einer Roten Karte ist man meistens gesperrt.,Rote Karte,,ok
pol_demokratie,1,"Wohin geht ein Spieler, nachdem er die Rote Karte bekommen hat?","[""In die Garderobe"", ""Ins gegnerische Tor"", ""In die Mitte des Feldes"", ""Zum Anstosspunkt""]",Ein Spieler mit Roter Karte muss das Spielfeld verlassen. Er darf nicht einmal auf der Ersatzbank bleiben.,Mit Rot muss man das Spielfeld verlassen.,Rote Karte,,ok
pol_demokratie,1,Welche Karte ist im Fussball die strengere Strafe?,"[""Die Rote Karte"", ""Die Gelbe Karte"", ""Beide gleich"", ""Keine von beiden""]","Gelb ist eine Warnung, Rot ein Platzverweis. Darum ist Rot die härtere Strafe.",Die Rote Karte ist strenger als die Gelbe.,Rote Karte,,ok
pol_demokratie,1,"Was ist fair, wenn in einem Spiel ein jüngeres Kind mitspielt?","[""Rücksicht nehmen"", ""Es absichtlich umrennen"", ""Ihm nie den Ball geben"", ""Es auslachen""]","Jüngere Kinder sind oft kleiner und langsamer. Wer Rücksicht nimmt, sorgt dafür, dass alle Spass haben.",Beim Spielen nehme ich Rücksicht auf Jüngere.,Fairplay,,ok
pol_demokratie,1,Was macht man nach einem Spiel als faire Geste mit der anderen Mannschaft?,"[""Die Hände schütteln"", ""Auslachen"", ""Weglaufen"", ""Den Ball wegnehmen""]","Nach dem Spiel gibt man sich die Hand, egal wer gewonnen hat. Das zeigt Respekt.",Nach dem Spiel gebe ich den anderen die Hand.,Fairplay,,ok
pol_demokratie,1,"Was ist fair, wenn ein Gegner im Spiel verletzt am Boden liegt?","[""Den Ball ins Aus spielen"", ""Schnell ein Tor schiessen"", ""Über ihn springen"", ""Ihn auslachen""]","Wer den Ball ins Aus spielt, stoppt das Spiel. So kann der Verletzte versorgt werden.","Wenn jemand verletzt ist, halten wir das Spiel an.",Fairplay,,ok
pol_demokratie,1,Wie verhält sich ein fairer Verlierer?,"[""Er gratuliert dem Sieger"", ""Er wirft das Spielbrett um"", ""Er weint und schimpft"", ""Er sagt, der andere hat geschummelt""]","Auch wenn man verliert, bleibt man freundlich. Man gratuliert dem Gewinner und versucht es nächstes Mal wieder.",Ein guter Verlierer gratuliert dem Sieger.,Fairplay,,ok
pol_demokratie,1,Wie verhält sich ein fairer Gewinner?,"[""Er lacht die Verlierer nicht aus"", ""Er prahlt laut"", ""Er macht sich lustig"", ""Er will nie mehr spielen""]","Ein guter Gewinner freut sich, ohne andere klein zu machen. Er bedankt sich auch für das Spiel.",Ein guter Gewinner lacht niemanden aus.,Fairplay,,ok
pol_demokratie,1,Aus welcher Sprache kommt das Wort «Fair Play»?,"[""Aus dem Englischen"", ""Aus dem Französischen"", ""Aus dem Italienischen"", ""Aus dem Romanischen""]",«Fair» heisst gerecht und «play» heisst spielen. Beide Wörter sind englisch.,Fair Play ist ein englischer Ausdruck.,Fairplay,,ok
pol_demokratie,1,Was gehört zu Fair Play?,"[""Den Gegner respektieren"", ""Den Gegner beleidigen"", ""Absichtlich foulen"", ""Die Regeln ändern""]","Zu Fair Play gehört, den Gegner als Mitspieler zu sehen. Man beleidigt ihn nicht und foult nicht absichtlich.",Zu Fair Play gehört Respekt vor dem Gegner.,Fairplay,,ok
pol_demokratie,1,"Was ist fair, wenn du merkst, dass der Ball beim Spielen klar im Aus war?","[""Es ehrlich sagen"", ""Schweigen und weiterspielen"", ""Den Schiedsrichter anlügen"", ""Schnell schiessen""]","Ehrlichkeit gehört zum fairen Spiel. Wer zugibt, dass der Ball im Aus war, verhält sich sportlich.","Ich bin ehrlich, auch wenn es mir einen Nachteil bringt.",Fairplay,,ok
pol_demokratie,1,Was bedeutet «schummeln» bei einem Spiel?,"[""Heimlich gegen die Regeln spielen"", ""Laut lachen"", ""Gut verlieren"", ""Leise spielen""]","Wer schummelt, bricht heimlich die Regeln, um zu gewinnen. Das ist unfair gegenüber den anderen.",Schummeln heisst heimlich die Regeln brechen.,Schummeln,,ok
pol_demokratie,1,"Wie nennt man es, wenn jemand bei einer Prüfung heimlich vom Nachbarn abschreibt?","[""Spicken"", ""Rechnen"", ""Turnen"", ""Basteln""]","Spicken heisst, heimlich bei anderen oder auf einem Zettel nachzuschauen. Das ist in Prüfungen verboten.",Bei einer Prüfung spickt man nicht.,Schummeln,,ok
pol_demokratie,1,Warum ist Schummeln unfair?,"[""Weil die anderen ehrlich spielen"", ""Weil es zu leicht ist"", ""Weil es Spass macht"", ""Weil es länger dauert""]",Die anderen halten sich an die Regeln und haben keine Chance gegen einen Schummler. So ist der Sieg nicht ehrlich verdient.,Ein geschummelter Sieg ist nicht ehrlich verdient.,Schummeln,,ok
pol_demokratie,1,Was ist beim Würfeln Schummeln?,"[""Die Zahl auf dem Würfel heimlich drehen"", ""Den Würfel werfen"", ""Die Augen zählen"", ""Warten, bis man dran ist""]","Der Würfel muss geworfen werden und zeigt eine zufällige Zahl. Wer ihn heimlich dreht, schummelt.",Beim Würfeln zählt nur die geworfene Zahl.,Schummeln,,ok
pol_demokratie,1,Was ist Schummeln beim Versteckspiel?,"[""Beim Zählen durch die Finger schauen"", ""Laut zählen"", ""Sich gut verstecken"", ""Leise sein""]","Der Sucher soll die Augen zu haben, während er zählt. Wer durch die Finger schaut, schummelt.",Beim Zählen halte ich die Augen wirklich zu.,Schummeln,,ok
pol_demokratie,1,"Was ist eine gute Reaktion, wenn du beim Schummeln erwischt wirst?","[""Es zugeben und mich entschuldigen"", ""Lügen"", ""Das Spiel kaputtmachen"", ""Weglaufen""]","Wer seinen Fehler zugibt, zeigt Mut. Danach kann man fair weiterspielen.","Wenn ich einen Fehler mache, gebe ich ihn zu.",Schummeln,,ok
pol_demokratie,1,Was ist beim Kartenspiel Schummeln?,"[""In die Karten der anderen schauen"", ""Die eigenen Karten halten"", ""Eine Karte ausspielen"", ""Die Karten mischen""]","Die Karten der Mitspieler sind geheim. Wer heimlich hineinschaut, verschafft sich einen unfairen Vorteil.",Die Karten der anderen schaue ich nicht an.,Schummeln,,ok
pol_demokratie,1,"Was lernt man, wenn man ohne Schummeln übt und spielt?","[""Wirklich besser zu werden"", ""Nichts"", ""Lügen"", ""Streiten""]","Wer ehrlich übt, wird selber besser. Beim Schummeln lernt man nichts Neues.",Ehrliches Üben macht mich wirklich besser.,Schummeln,,ok
pol_demokratie,1,"Was macht man, wenn viele Menschen an einem Kiosk etwas kaufen wollen?","[""Sich hinten anstellen"", ""Nach vorne drängeln"", ""Laut rufen"", ""Über die Theke klettern""]","Wer zuletzt kommt, stellt sich hinten an. So kommen alle der Reihe nach dran.",Ich stelle mich hinten an.,Warteschlange,,ok
pol_demokratie,1,"Wie nennt man eine Reihe von Menschen, die nacheinander warten?","[""Warteschlange"", ""Wasserschlange"", ""Spielplatz"", ""Zebrastreifen""]","In einer Warteschlange steht man hintereinander. Man wartet ruhig, bis man an der Reihe ist.",In der Warteschlange warten alle hintereinander.,Warteschlange,,ok
pol_demokratie,1,"Wie heisst es, wenn man sich in einer Warteschlange vorne hineinschmuggelt?","[""Vordrängeln"", ""Abwarten"", ""Anstehen"", ""Helfen""]","Vordrängeln ist unfair, weil die anderen schon länger warten. Es ärgert die Leute in der Schlange.",Vordrängeln ist unfair.,Warteschlange,,ok
pol_demokratie,1,Wer kommt in einer Warteschlange als Erster an die Reihe?,"[""Wer zuerst da war"", ""Wer am lautesten ist"", ""Wer am grössten ist"", ""Wer zuletzt kam""]",In einer Warteschlange gilt die Reihenfolge der Ankunft. So ist es für alle gerecht.,"Wer zuerst kommt, ist zuerst dran.",Warteschlange,,ok
pol_demokratie,1,"Was macht man beim Brettspiel, wenn ein anderer Spieler am Zug ist?","[""Warten, bis man dran ist"", ""Selber würfeln"", ""Seine Figuren wegnehmen"", ""Das Spiel wechseln""]","Bei einem Brettspiel ist immer nur einer am Zug. Man wartet geduldig, bis man selber dran ist.","Beim Spielen warte ich, bis ich an der Reihe bin.",Warteschlange,,ok
pol_demokratie,1,Was ist beim Rutschbahn-Fahren auf dem Spielplatz eine gute Regel?,"[""Einer nach dem anderen"", ""Alle gleichzeitig"", ""Immer nur die Grossen"", ""Von unten hinaufrennen""]","Wenn alle der Reihe nach rutschen, stösst niemand zusammen. So verletzt sich keiner.",Auf der Rutschbahn rutscht einer nach dem anderen.,Warteschlange,,ok
pol_demokratie,1,"Was braucht man, wenn man in einer langen Warteschlange steht?","[""Geduld"", ""Einen Ball"", ""Viel Kraft"", ""Einen Schirm""]","Warten kann lange dauern. Mit Geduld bleibt man ruhig, bis man dran ist.",In einer Warteschlange brauche ich Geduld.,Warteschlange,,ok
pol_demokratie,1,Wie steigt man richtig in einen Bus ein?,"[""Zuerst aussteigen lassen"", ""Sofort hineindrängeln"", ""Durch das Fenster klettern"", ""Vor die Türe legen""]","Zuerst steigen die Leute aus, die aussteigen wollen. Danach steigen die neuen Fahrgäste ein.",Beim Bus lasse ich zuerst die anderen aussteigen.,Warteschlange,,ok
pol_demokratie,1,Was ziehen viele Kinder in der Schweiz im Schulhaus an den Füssen an?,"[""Finken"", ""Skischuhe"", ""Gummistiefel"", ""Flossen""]",In vielen Schweizer Schulhäusern zieht man die Strassenschuhe aus und trägt Finken. So bleibt das Schulzimmer sauber.,Im Schulhaus trage ich Finken.,Schulordnung,,ok
pol_demokratie,1,Wer kümmert sich in vielen Schweizer Schulhäusern um das Gebäude und die Ordnung?,"[""Der Hauswart"", ""Der Bäcker"", ""Der Pilot"", ""Der Förster""]","Der Hauswart schaut, dass das Schulhaus sauber und in Ordnung ist. Er repariert auch Dinge.",Der Hauswart sorgt für Ordnung im Schulhaus.,Schulordnung,,ok
pol_demokratie,1,Wie bewegst du dich in den Gängen des Schulhauses?,"[""Langsam gehen"", ""Rennen"", ""Velo fahren"", ""Rollschuh fahren""]",In den Gängen ist es eng und man kann zusammenstossen. Darum geht man langsam und rennt nicht.,In den Gängen des Schulhauses gehe ich langsam.,Schulordnung,,ok
pol_demokratie,1,Wo stellst du dein Velo bei der Schule ab?,"[""Im Veloständer"", ""Im Schulzimmer"", ""Auf dem Trottoir vor der Türe"", ""In der Turnhalle""]",Im Veloständer stehen die Velos geordnet und stören niemanden. Vor der Türe wären sie im Weg.,Mein Velo stelle ich in den Veloständer.,Schulordnung,,ok
pol_demokratie,1,Wo suchst du in der Schule nach einer verlorenen Mütze?,"[""Bei den Fundsachen"", ""Im Abfalleimer"", ""Im Kühlschrank"", ""Auf dem Dach""]",Gefundene Dinge werden in der Schule gesammelt. Dort kann man Verlorenes wieder abholen.,Verlorene Sachen suche ich bei den Fundsachen.,Schulordnung,,ok
pol_demokratie,1,"Wie heisst die Liste mit den Regeln, die für das ganze Schulhaus gelten?","[""Schulhausordnung"", ""Speisekarte"", ""Fahrplan"", ""Einkaufsliste""]","In der Schulhausordnung stehen Regeln für alle Kinder und Erwachsenen im Schulhaus. Sie hilft, dass alle gut zusammenleben.",Die Schulhausordnung gilt für alle im Schulhaus.,Schulordnung,,ok
pol_demokratie,1,Wer leitet eine Schule und ist für die Schulhausordnung verantwortlich?,"[""Die Schulleitung"", ""Der Pausenkiosk"", ""Der Buschauffeur"", ""Der Coiffeur""]","Die Schulleitung führt die Schule. Sie sorgt dafür, dass die Regeln im Schulhaus bekannt sind.",Die Schulleitung führt die Schule.,Schulordnung,,ok
pol_demokratie,1,Wie geht man mit den Büchern und Möbeln der Schule um?,"[""Sorgfältig"", ""Grob"", ""Achtlos"", ""Wütend""]","Bücher, Tische und Stühle gehören der Schule und sollen lange halten. Darum behandelt man sie sorgfältig.",Mit den Sachen der Schule gehe ich sorgfältig um.,Schulordnung,,ok
pol_demokratie,1,Wie sagt man in der Schweiz auf Mundart oft zu den Hausaufgaben?,"[""Ufzgi"", ""Znüni"", ""Gspänli"", ""Chuchichäschtli""]",Viele Kinder in der Deutschschweiz sagen «Ufzgi» für Hausaufgaben. Das Wort kommt von «Aufgaben».,Die Hausaufgaben heissen auf Schweizerdeutsch oft Ufzgi.,Hausaufgabe,,ok
pol_demokratie,1,"Wo schreibst du auf, welche Hausaufgaben du machen musst?","[""Ins Aufgabenheft"", ""Auf die Hand"", ""An die Wand"", ""Auf den Tisch""]",Im Aufgabenheft stehen die Hausaufgaben und bis wann man sie machen muss. So vergisst man nichts.,Meine Hausaufgaben schreibe ich ins Aufgabenheft.,Hausaufgabe,,ok
pol_demokratie,1,"Was brauchst du, um gut Hausaufgaben zu machen?","[""Einen ruhigen Platz"", ""Laute Musik"", ""Den Fernseher"", ""Viele Zuschauer""]",An einem ruhigen Ort kann man sich besser konzentrieren. Laute Geräusche lenken ab.,Für die Hausaufgaben suche ich mir einen ruhigen Platz.,Hausaufgabe,,ok
pol_demokratie,1,Wozu sind Hausaufgaben vor allem da?,"[""Zum Üben"", ""Zum Spielen"", ""Zum Schlafen"", ""Zum Essen""]","Mit Hausaufgaben übt man, was man in der Schule gelernt hat. So bleibt es besser im Kopf.",Hausaufgaben helfen mir beim Üben.,Hausaufgabe,,ok
pol_demokratie,1,"Was machst du, wenn du eine Hausaufgabe nicht verstehst?","[""Nachfragen"", ""Einfach nichts machen"", ""Das Heft verstecken"", ""Abschreiben""]","Wer nachfragt, kann die Aufgabe danach lösen. Fragen ist erlaubt und gut.","Wenn ich etwas nicht verstehe, frage ich nach.",Hausaufgabe,,ok
pol_demokratie,1,Wann gibst du deine Hausaufgaben ab?,"[""Zum vereinbarten Termin"", ""Wann ich will"", ""Nie"", ""In den Ferien""]","Die Lehrperson sagt, bis wann die Hausaufgabe fertig sein muss. Diesen Termin hält man ein.",Hausaufgaben gebe ich rechtzeitig ab.,Hausaufgabe,,ok
pol_demokratie,1,In welche Tasche packst du die fertigen Hausaufgaben für die Schule?,"[""In den Schulthek"", ""In den Kühlschrank"", ""In die Abfalltasche"", ""In die Badetasche""]",Der Schulthek ist in der Schweiz die Schultasche. Dort hinein packt man Hefte und Bücher.,Meine Hefte packe ich in den Schulthek.,Hausaufgabe,,ok
pol_demokratie,1,Wer soll die Hausaufgaben eines Kindes machen?,"[""Das Kind selber"", ""Die Eltern"", ""Der grosse Bruder"", ""Der Nachbar""]","Hausaufgaben sind zum eigenen Üben da. Eltern dürfen helfen, aber das Kind macht sie selber.",Meine Hausaufgaben mache ich selber.,Hausaufgabe,,ok
pol_demokratie,1,Was bedeutet «pünktlich sein»?,"[""Zur abgemachten Zeit da sein"", ""Zu spät kommen"", ""Gar nicht kommen"", ""Immer rennen""]","Wer pünktlich ist, kommt genau dann, wenn es abgemacht ist. So muss niemand warten.",Pünktlich sein heisst rechtzeitig da sein.,Pünktlichkeit,,ok
pol_demokratie,1,"Was hilft dir, am Morgen rechtzeitig aufzuwachen?","[""Ein Wecker"", ""Ein Kissen"", ""Eine Decke"", ""Ein Teddybär""]",Ein Wecker klingelt zur eingestellten Zeit. So steht man rechtzeitig auf.,"Ein Wecker hilft mir, rechtzeitig aufzustehen.",Pünktlichkeit,,ok
pol_demokratie,1,"Warum ist es wichtig, pünktlich in die Schule zu kommen?","[""Damit man den Anfang nicht verpasst"", ""Damit man länger Pause hat"", ""Damit die Schule früher endet"", ""Damit man allein ist""]","Wer zu spät kommt, verpasst, was die Lehrperson am Anfang erklärt. Ausserdem stört man die Klasse.","Pünktlich sein heisst, nichts zu verpassen.",Pünktlichkeit,,ok
pol_demokratie,1,Welche Farbe hat der Sekundenzeiger der bekannten Schweizer Bahnhofsuhr?,"[""Rot"", ""Blau"", ""Grün"", ""Gelb""]",Die Schweizer Bahnhofsuhr hat einen roten Sekundenzeiger mit einer runden Scheibe. Er sieht aus wie die Kelle eines Bahnbeamten.,Der Sekundenzeiger der Schweizer Bahnhofsuhr ist rot.,Pünktlichkeit,,ok
pol_demokratie,1,"Was machst du am Abend, damit du am Morgen nicht zu spät kommst?","[""Den Schulthek bereitmachen"", ""Lange fernsehen"", ""Spät ins Bett gehen"", ""Den Wecker ausschalten""]","Wenn der Schulthek schon am Abend gepackt ist, spart man am Morgen Zeit. So ist man schneller bereit.",Den Schulthek packe ich schon am Abend.,Pünktlichkeit,,ok
pol_demokratie,1,"Was ist höflich, wenn du zu spät zu einer Abmachung kommst?","[""Mich entschuldigen"", ""So tun, als sei nichts"", ""Lachen"", ""Wieder gehen""]","Wer andere warten lässt, entschuldigt sich. Wenn möglich, sagt man vorher Bescheid.","Wenn ich zu spät komme, entschuldige ich mich.",Pünktlichkeit,,ok
pol_demokratie,1,Wofür ist die Schweizer Bahn bei vielen Menschen bekannt?,"[""Für Pünktlichkeit"", ""Für ihre Langsamkeit"", ""Für fliegende Züge"", ""Für Züge ohne Schienen""]",Die Züge in der Schweiz fahren meistens genau nach Fahrplan. Darum gilt die Schweizer Bahn als sehr pünktlich.,Die Schweizer Bahn ist für ihre Pünktlichkeit bekannt.,Pünktlichkeit,,ok
pol_demokratie,1,"Was zeigt dir, wann ein Zug oder Bus abfährt?","[""Der Fahrplan"", ""Das Kochbuch"", ""Die Landkarte"", ""Das Telefonbuch""]","Im Fahrplan stehen die Abfahrtszeiten. Wer ihn liest, ist pünktlich an der Haltestelle.",Im Fahrplan stehen die Abfahrtszeiten.,Pünktlichkeit,,ok
